customerID,Contract,PaperlessBilling,PaymentMethod,tenure_group,MonthlyChargeBand,TotalChargeBand,contract_key
7590-VHVEG,Month-to-month,Yes,Electronic check,0-12 Months,Low,Q1,1
5575-GNVDE,One year,No,Mailed check,25-48 Months,Medium,Q3,2
3668-QPYBK,Month-to-month,Yes,Mailed check,0-12 Months,Medium,Q1,3
7795-CFOCW,One year,No,Bank transfer (automatic),25-48 Months,Medium,Q3,4
9237-HQITU,Month-to-month,Yes,Electronic check,0-12 Months,High,Q1,5
9305-CDSKC,Month-to-month,Yes,Electronic check,0-12 Months,Premium,Q2,6
1452-KIOVK,Month-to-month,Yes,Credit card (automatic),13-24 Months,High,Q3,7
6713-OKOMC,Month-to-month,No,Mailed check,0-12 Months,Low,Q1,8
7892-POOKP,Month-to-month,Yes,Electronic check,25-48 Months,Premium,Q3,9
6388-TABGU,One year,No,Bank transfer (automatic),61-72 Months,Medium,Q3,10
9763-GRSKD,Month-to-month,Yes,Mailed check,13-24 Months,Medium,Q2,11
7469-LKBCI,Two year,No,Credit card (automatic),13-24 Months,Low,Q1,12
8091-TTVAX,One year,No,Credit card (automatic),49-60 Months,Premium,Q4,13
0280-XJGEX,Month-to-month,Yes,Bank transfer (automatic),49-60 Months,Premium,Q4,14
5129-JLPIS,Month-to-month,Yes,Electronic check,25-48 Months,Premium,Q3,15
3655-SNQYZ,Two year,No,Credit card (automatic),61-72 Months,Premium,Q4,16
8191-XWSZG,One year,No,Mailed check,49-60 Months,Low,Q2,17
9959-WOFKT,Two year,No,Bank transfer (automatic),61-72 Months,Premium,Q4,18
4190-MFLUW,Month-to-month,No,Credit card (automatic),0-12 Months,Medium,Q2,19
4183-MYFRB,Month-to-month,Yes,Electronic check,13-24 Months,Premium,Q3,20
8779-QRDMV,Month-to-month,Yes,Electronic check,0-12 Months,Medium,Q1,21
1680-VDCWW,One year,No,Bank transfer (automatic),0-12 Months,Low,Q1,22
1066-JKSGK,Month-to-month,No,Mailed check,0-12 Months,Low,Q1,23
3638-WEABW,Two year,Yes,Credit card (automatic),49-60 Months,Medium,Q3,24
6322-HRPFA,Month-to-month,No,Credit card (automatic),49-60 Months,Medium,Q3,25
6865-JZNKO,Month-to-month,Yes,Bank transfer (automatic),25-48 Months,Medium,Q3,26
6467-CHFZW,Month-to-month,Yes,Electronic check,25-48 Months,Premium,Q4,27
8665-UTDHZ,Month-to-month,No,Electronic check,0-12 Months,Low,Q1,28
5248-YGIJN,Two year,Yes,Credit card (automatic),61-72 Months,Premium,Q4,29
8773-HHUOZ,Month-to-month,Yes,Mailed check,13-24 Months,Medium,Q2,30
3841-NFECX,Two year,Yes,Credit card (automatic),61-72 Months,Premium,Q4,31
4929-XIHVW,Month-to-month,Yes,Credit card (automatic),0-12 Months,Premium,Q1,32
6827-IEAUQ,One year,No,Mailed check,25-48 Months,Medium,Q3,33
7310-EGVHZ,Month-to-month,No,Bank transfer (automatic),0-12 Months,Low,Q1,34
3413-BMNZE,Month-to-month,No,Bank transfer (automatic),0-12 Months,Medium,Q1,35
6234-RAAPL,Two year,No,Bank transfer (automatic),61-72 Months,Premium,Q4,36
6047-YHPVI,Month-to-month,Yes,Electronic check,0-12 Months,Medium,Q1,37
6572-ADKRS,Month-to-month,Yes,Credit card (automatic),25-48 Months,High,Q3,38
5380-WJKOV,Month-to-month,Yes,Electronic check,25-48 Months,Premium,Q3,39
8168-UQWWF,Month-to-month,Yes,Bank transfer (automatic),0-12 Months,Premium,Q2,40
8865-TNMNX,One year,No,Mailed check,0-12 Months,Medium,Q2,41
9489-DEDVP,Two year,Yes,Credit card (automatic),61-72 Months,Medium,Q4,42
9867-JCZSP,One year,No,Mailed check,13-24 Months,Low,Q2,43
4671-VJLCL,Two year,Yes,Credit card (automatic),61-72 Months,High,Q4,44
4080-IIARD,Month-to-month,Yes,Electronic check,13-24 Months,High,Q2,45
3714-NTNFO,Month-to-month,Yes,Electronic check,49-60 Months,High,Q4,46
5948-UJZLF,Month-to-month,No,Mailed check,0-12 Months,Medium,Q1,47
7760-OYPDY,Month-to-month,Yes,Electronic check,0-12 Months,High,Q1,48
7639-LIAYI,Two year,Yes,Credit card (automatic),49-60 Months,High,Q4,49
2954-PIBKO,Two year,Yes,Credit card (automatic),61-72 Months,Medium,Q4,50
8012-SOUDQ,Month-to-month,Yes,Electronic check,25-48 Months,Premium,Q4,51
9420-LOJKX,Month-to-month,Yes,Credit card (automatic),13-24 Months,Premium,Q3,52
6575-SUVOI,Month-to-month,Yes,Credit card (automatic),25-48 Months,Medium,Q3,53
7495-OOKFY,Month-to-month,Yes,Credit card (automatic),0-12 Months,High,Q2,54
4667-QONEA,One year,Yes,Credit card (automatic),49-60 Months,High,Q4,55
1658-BYGOY,Month-to-month,Yes,Electronic check,13-24 Months,Premium,Q3,56
8769-KKTPH,One year,Yes,Credit card (automatic),61-72 Months,Premium,Q4,57
5067-XJQFU,One year,Yes,Electronic check,61-72 Months,Premium,Q4,58
3957-SQXML,Two year,No,Credit card (automatic),25-48 Months,Low,Q2,59
5954-BDFSG,Two year,Yes,Credit card (automatic),61-72 Months,Premium,Q4,60
0434-CSFON,Month-to-month,Yes,Electronic check,25-48 Months,Premium,Q4,61
1215-FIGMP,Month-to-month,Yes,Bank transfer (automatic),49-60 Months,High,Q4,62
0526-SXDJP,Two year,No,Bank transfer (automatic),61-72 Months,Medium,Q3,63
0557-ASKVU,One year,Yes,Credit card (automatic),13-24 Months,Medium,Q2,64
5698-BQJOH,Month-to-month,No,Electronic check,0-12 Months,Premium,Q2,65
5122-CYFXA,Month-to-month,Yes,Electronic check,0-12 Months,High,Q1,66
8627-ZYGSZ,One year,Yes,Electronic check,25-48 Months,High,Q3,67
3410-YOQBQ,Two year,No,Mailed check,25-48 Months,High,Q3,68
3170-NMYVV,Two year,No,Bank transfer (automatic),49-60 Months,Low,Q2,69
7410-OIEDU,Month-to-month,Yes,Mailed check,0-12 Months,High,Q2,70
2273-QCKXA,Month-to-month,No,Mailed check,0-12 Months,Medium,Q1,71
0731-EBJQB,One year,Yes,Electronic check,49-60 Months,Low,Q2,72
1891-QRQSA,Two year,Yes,Bank transfer (automatic),61-72 Months,Premium,Q4,73
8028-PNXHQ,Two year,Yes,Bank transfer (automatic),61-72 Months,Low,Q3,74
5630-AHZIL,Month-to-month,Yes,Bank transfer (automatic),0-12 Months,Medium,Q1,75
2673-CXQEU,One year,No,Electronic check,49-60 Months,Premium,Q4,76
6416-JNVRK,One year,No,Credit card (automatic),25-48 Months,Medium,Q3,77
5590-ZSKRV,Month-to-month,No,Mailed check,0-12 Months,Medium,Q2,78
0191-ZHSKZ,Month-to-month,Yes,Electronic check,25-48 Months,High,Q3,79
3887-PBQAO,One year,Yes,Credit card (automatic),25-48 Months,Low,Q2,80
5919-TMRGD,Month-to-month,Yes,Electronic check,0-12 Months,High,Q1,81
8108-UXRQN,Month-to-month,No,Electronic check,0-12 Months,Medium,Q2,82
9191-MYQKX,Month-to-month,Yes,Bank transfer (automatic),0-12 Months,High,Q2,83
9919-YLNNG,Month-to-month,Yes,Bank transfer (automatic),25-48 Months,Premium,Q4,84
0318-ZOPWS,Two year,Yes,Bank transfer (automatic),49-60 Months,Low,Q2,85
4445-ZJNMU,Month-to-month,Yes,Credit card (automatic),0-12 Months,Premium,Q2,86
4808-YNLEU,One year,Yes,Bank transfer (automatic),25-48 Months,Medium,Q3,87
1862-QRWPE,Two year,No,Bank transfer (automatic),25-48 Months,Low,Q2,88
2796-NNUFI,Two year,Yes,Mailed check,25-48 Months,Low,Q2,89
3016-KSVCP,Month-to-month,No,Mailed check,25-48 Months,Low,Q2,90
4767-HZZHQ,Month-to-month,No,Bank transfer (automatic),25-48 Months,High,Q3,91
2424-WVHPL,Month-to-month,No,Electronic check,0-12 Months,High,Q1,92
7233-PAHHL,Two year,Yes,Mailed check,61-72 Months,High,Q4,93
6067-NGCEU,Month-to-month,Yes,Credit card (automatic),61-72 Months,Premium,Q4,94
9848-JQJTX,Two year,Yes,Bank transfer (automatic),61-72 Months,Premium,Q4,95
8637-XJIVR,Month-to-month,Yes,Electronic check,0-12 Months,High,Q2,96
9803-FTJCG,One year,Yes,Credit card (automatic),61-72 Months,Medium,Q4,97
0278-YXOOG,Month-to-month,No,Mailed check,0-12 Months,Low,Q1,98
3212-KXOCR,Two year,No,Bank transfer (automatic),49-60 Months,Low,Q2,99
4598-XLKNJ,Month-to-month,Yes,Electronic check,25-48 Months,Premium,Q3,100
6380-ARCEH,Month-to-month,No,Mailed check,0-12 Months,Low,Q1,101
3679-XASPY,Month-to-month,No,Electronic check,0-12 Months,Low,Q1,102
7123-WQUHX,One year,No,Bank transfer (automatic),25-48 Months,Premium,Q3,103
5386-THSLQ,One year,No,Bank transfer (automatic),61-72 Months,Medium,Q3,104
3192-NQECA,Two year,Yes,Bank transfer (automatic),61-72 Months,Premium,Q4,105
6180-YBIQI,Month-to-month,No,Mailed check,0-12 Months,Low,Q1,106
6728-DKUCO,One year,Yes,Electronic check,61-72 Months,Premium,Q4,107
9750-BOOHV,One year,No,Mailed check,25-48 Months,Low,Q2,108
8597-CWYHH,One year,No,Mailed check,25-48 Months,Premium,Q4,109
2848-YXSMW,Two year,No,Credit card (automatic),61-72 Months,Low,Q2,110
0486-HECZI,Month-to-month,Yes,Electronic check,49-60 Months,Premium,Q4,111
4549-ZDQYY,One year,No,Credit card (automatic),49-60 Months,Medium,Q3,112
5712-AHQNN,Month-to-month,Yes,Electronic check,25-48 Months,Premium,Q4,113
4846-WHAFZ,Month-to-month,Yes,Electronic check,25-48 Months,High,Q3,114
5256-SKJGO,Two year,Yes,Electronic check,61-72 Months,Medium,Q3,115
3071-VBYPO,Month-to-month,No,Electronic check,0-12 Months,High,Q1,116
9560-BBZXK,Two year,No,Bank transfer (automatic),25-48 Months,Low,Q2,117
5299-RULOA,Month-to-month,Yes,Electronic check,0-12 Months,Premium,Q2,118
8402-OOOHJ,Two year,No,Mailed check,25-48 Months,Low,Q2,119
9445-ZUEQE,Month-to-month,Yes,Credit card (automatic),25-48 Months,High,Q3,120
1091-SOZGA,One year,Yes,Credit card (automatic),49-60 Months,Premium,Q4,121
2928-HLDBA,Month-to-month,No,Mailed check,0-12 Months,Low,Q1,122
0404-SWRVG,Month-to-month,Yes,Electronic check,0-12 Months,High,Q1,123
6497-TILVL,Month-to-month,No,Mailed check,0-12 Months,Medium,Q1,124
7219-TLZHO,Month-to-month,No,Mailed check,0-12 Months,Low,Q1,125
4622-YNKIJ,Two year,Yes,Electronic check,25-48 Months,High,Q3,126
4412-YLTKF,Month-to-month,Yes,Electronic check,25-48 Months,High,Q3,127
6734-PSBAW,Two year,Yes,Bank transfer (automatic),61-72 Months,Low,Q3,128
3930-ZGWVE,Month-to-month,No,Mailed check,0-12 Months,Low,Q1,129
2639-UGMAZ,One year,Yes,Electronic check,61-72 Months,Medium,Q4,130
2876-GZYZC,Month-to-month,Yes,Electronic check,13-24 Months,High,Q2,131
6207-WIOLX,Month-to-month,Yes,Credit card (automatic),25-48 Months,Medium,Q3,132
8587-XYZSF,Two year,No,Bank transfer (automatic),61-72 Months,Medium,Q3,133
3091-FYHKI,Month-to-month,Yes,Electronic check,0-12 Months,Medium,Q1,134
2372-HWUHI,Month-to-month,No,Electronic check,0-12 Months,Medium,Q1,135
7799-LGRDP,Two year,Yes,Credit card (automatic),25-48 Months,Low,Q2,136
7850-VWJUU,Month-to-month,Yes,Bank transfer (automatic),13-24 Months,High,Q3,137
3774-VBNXY,Two year,No,Mailed check,61-72 Months,Low,Q2,138
6217-KDYWC,Two year,Yes,Mailed check,49-60 Months,Low,Q2,139
0390-DCFDQ,Month-to-month,Yes,Mailed check,0-12 Months,High,Q1,140
3146-MSEGF,Two year,Yes,Credit card (automatic),61-72 Months,High,Q4,141
4080-OGPJL,Month-to-month,No,Electronic check,0-12 Months,High,Q2,142
1095-WGNGG,Two year,Yes,Bank transfer (automatic),61-72 Months,Premium,Q4,143
2636-SJDOU,One year,Yes,Credit card (automatic),61-72 Months,High,Q4,144
1131-QQZEB,Two year,No,Bank transfer (automatic),61-72 Months,Low,Q3,145
5716-EZXZN,Two year,Yes,Credit card (automatic),61-72 Months,Premium,Q4,146
6837-BJYDQ,One year,No,Mailed check,0-12 Months,Low,Q1,147
2135-RXIHG,Month-to-month,Yes,Electronic check,0-12 Months,Medium,Q1,148
6440-DKQGE,One year,No,Credit card (automatic),25-48 Months,Medium,Q3,149
3466-BYAVD,Month-to-month,Yes,Mailed check,13-24 Months,Medium,Q2,150
3780-YVMFA,Month-to-month,Yes,Electronic check,0-12 Months,Medium,Q2,151
3874-EQOEP,Month-to-month,No,Mailed check,0-12 Months,Premium,Q2,152
1679-JRFBR,One year,Yes,Credit card (automatic),61-72 Months,Premium,Q4,153
9073-ZZIAY,Two year,No,Electronic check,61-72 Months,High,Q4,154
3077-RSNTJ,Month-to-month,No,Mailed check,0-12 Months,Low,Q1,155
6551-GNYDG,Month-to-month,Yes,Bank transfer (automatic),13-24 Months,High,Q2,156
9167-APMXZ,Month-to-month,Yes,Bank transfer (automatic),13-24 Months,High,Q3,157
2749-CTKAJ,One year,No,Mailed check,13-24 Months,Low,Q2,158
6371-NZYEG,Two year,No,Mailed check,13-24 Months,Medium,Q2,159
7554-NEWDD,Two year,No,Bank transfer (automatic),0-12 Months,Low,Q1,160
8992-VONJD,Month-to-month,Yes,Electronic check,13-24 Months,Medium,Q2,161
0867-MKZVY,Month-to-month,No,Electronic check,13-24 Months,High,Q3,162
4482-EWFMI,Month-to-month,Yes,Electronic check,0-12 Months,Medium,Q1,163
4648-YPBTM,Two year,Yes,Bank transfer (automatic),49-60 Months,High,Q4,164
2907-ILJBN,One year,No,Mailed check,0-12 Months,Low,Q1,165
6345-FZOQH,Two year,No,Mailed check,61-72 Months,Low,Q2,166
3376-BMGFE,Month-to-month,Yes,Bank transfer (automatic),0-12 Months,High,Q1,167
5997-OPVFA,Two year,Yes,Bank transfer (automatic),61-72 Months,High,Q4,168
3445-HXXGF,Month-to-month,Yes,Electronic check,49-60 Months,Medium,Q3,169
1159-WFSGR,Month-to-month,No,Electronic check,13-24 Months,Low,Q1,170
7654-YWJUF,One year,Yes,Bank transfer (automatic),25-48 Months,High,Q3,171
1875-QIVME,Month-to-month,Yes,Electronic check,0-12 Months,Premium,Q1,172
6727-IOTLZ,Two year,No,Mailed check,13-24 Months,High,Q2,173
0691-JVSYA,One year,Yes,Bank transfer (automatic),49-60 Months,Premium,Q4,174
5918-VUKWP,One year,No,Bank transfer (automatic),25-48 Months,Low,Q2,175
1744-JHKYS,Month-to-month,No,Electronic check,25-48 Months,Low,Q2,176
2656-FMOKZ,Month-to-month,Yes,Mailed check,13-24 Months,High,Q2,177
2070-FNEXE,Month-to-month,No,Bank transfer (automatic),0-12 Months,High,Q2,178
5947-SGKCL,Month-to-month,Yes,Bank transfer (automatic),13-24 Months,Premium,Q3,179
3712-PKXZA,One year,Yes,Credit card (automatic),61-72 Months,Low,Q2,180
6317-YPKDH,Month-to-month,No,Bank transfer (automatic),0-12 Months,Low,Q1,181
6582-OIVSP,Month-to-month,No,Mailed check,0-12 Months,Medium,Q1,182
9367-WXLCH,Month-to-month,No,Bank transfer (automatic),0-12 Months,High,Q2,183
5524-KHNJP,One year,No,Credit card (automatic),25-48 Months,High,Q3,184
1918-ZBFQJ,Month-to-month,Yes,Electronic check,13-24 Months,High,Q2,185
1024-GUALD,Month-to-month,Yes,Electronic check,0-12 Months,Low,Q1,186
4827-USJHP,Month-to-month,Yes,Mailed check,13-24 Months,Medium,Q2,187
8167-GJLRN,Month-to-month,No,Electronic check,0-12 Months,Low,Q1,188
0956-SYCWG,One year,No,Electronic check,13-24 Months,Low,Q1,189
8017-UVSZU,Month-to-month,No,Credit card (automatic),25-48 Months,Medium,Q3,190
7100-FQPRV,One year,Yes,Credit card (automatic),25-48 Months,High,Q3,191
2472-OVKUP,Month-to-month,Yes,Electronic check,0-12 Months,Premium,Q2,192
2984-RGEYA,Two year,No,Bank transfer (automatic),61-72 Months,Low,Q2,193
9680-NIAUV,Two year,No,Credit card (automatic),61-72 Months,Premium,Q4,194
2146-EGVDT,Two year,No,Credit card (automatic),49-60 Months,Low,Q2,195
2604-IJPDU,Month-to-month,Yes,Electronic check,13-24 Months,Premium,Q3,196
9178-JHUVJ,Two year,Yes,Bank transfer (automatic),13-24 Months,Low,Q2,197
6168-YBYNP,Month-to-month,Yes,Electronic check,49-60 Months,Premium,Q4,198
7255-SSFBC,Two year,Yes,Bank transfer (automatic),61-72 Months,Premium,Q4,199
3645-DEYGF,Month-to-month,No,Mailed check,0-12 Months,Low,Q1,200
9323-HGFWY,One year,Yes,Credit card (automatic),25-48 Months,Premium,Q3,201
8544-GOQSH,Month-to-month,Yes,Credit card (automatic),13-24 Months,High,Q2,202
3363-DTIVD,Two year,No,Electronic check,61-72 Months,Premium,Q4,203
7018-WBJNK,Month-to-month,Yes,Credit card (automatic),13-24 Months,High,Q2,204
9142-KZXOP,Month-to-month,No,Credit card (automatic),25-48 Months,Medium,Q3,205
7674-YTAFD,One year,Yes,Bank transfer (automatic),25-48 Months,High,Q3,206
6348-SNFUS,Two year,Yes,Credit card (automatic),61-72 Months,Medium,Q4,207
1285-OKIPP,Month-to-month,No,Electronic check,0-12 Months,High,Q1,208
7825-ECJRF,Month-to-month,Yes,Electronic check,13-24 Months,Premium,Q3,209
1347-KTTTA,One year,Yes,Credit card (automatic),61-72 Months,Premium,Q4,210
7841-TZDMQ,Month-to-month,Yes,Credit card (automatic),0-12 Months,Medium,Q1,211
4195-NZGTA,Month-to-month,No,Electronic check,0-12 Months,Low,Q1,212
7157-SMCFK,Two year,No,Mailed check,61-72 Months,Low,Q2,213
4709-LKHYG,One year,No,Electronic check,25-48 Months,Low,Q2,214
2504-DSHIH,Month-to-month,No,Electronic check,13-24 Months,High,Q3,215
0699-NDKJM,Month-to-month,Yes,Bank transfer (automatic),49-60 Months,Medium,Q3,216
9286-BHDQG,Two year,No,Credit card (automatic),61-72 Months,Medium,Q3,217
0230-WEQUW,Two year,Yes,Bank transfer (automatic),61-72 Months,Medium,Q4,218
2040-LDIWQ,Two year,Yes,Bank transfer (automatic),61-72 Months,High,Q4,219
6496-JDSSB,Month-to-month,Yes,Bank transfer (automatic),0-12 Months,High,Q2,220
9408-SSNVZ,Month-to-month,Yes,Electronic check,0-12 Months,High,Q1,221
4443-EMBNA,Two year,No,Bank transfer (automatic),61-72 Months,Low,Q3,222
6469-MRVET,One year,Yes,Electronic check,0-12 Months,Low,Q1,223
0742-MOABM,Month-to-month,No,Mailed check,0-12 Months,Medium,Q1,224
5961-VUSRV,One year,Yes,Bank transfer (automatic),0-12 Months,Low,Q1,225
6778-JFCMK,One year,Yes,Mailed check,13-24 Months,Medium,Q2,226
6341-JVQGF,One year,Yes,Mailed check,25-48 Months,High,Q3,227
2232-DMLXU,Month-to-month,No,Mailed check,0-12 Months,Medium,Q1,228
4811-JBUVU,Month-to-month,Yes,Credit card (automatic),25-48 Months,High,Q3,229
0945-TSONX,Two year,Yes,Credit card (automatic),25-48 Months,High,Q4,230
2651-ZCBXV,Two year,Yes,Credit card (automatic),49-60 Months,Premium,Q4,231
3316-UWXUY,Month-to-month,Yes,Credit card (automatic),49-60 Months,Premium,Q4,232
8937-RDTHP,Month-to-month,Yes,Mailed check,0-12 Months,High,Q1,233
7083-MIOPC,Two year,No,Credit card (automatic),61-72 Months,Low,Q3,234
1984-GPTEH,Month-to-month,No,Electronic check,25-48 Months,Low,Q2,235
1251-KRREG,Month-to-month,Yes,Mailed check,0-12 Months,Medium,Q1,236
0621-JFHOL,Two year,Yes,Mailed check,0-12 Months,Low,Q1,237
9903-LYSAB,Month-to-month,Yes,Electronic check,13-24 Months,High,Q2,238
0094-OIFMO,Month-to-month,Yes,Electronic check,0-12 Months,Premium,Q2,239
9227-UAQFT,Two year,No,Mailed check,13-24 Months,Low,Q1,240
7301-ABVAD,Two year,No,Bank transfer (automatic),61-72 Months,High,Q4,241
6614-FHDBO,Two year,No,Bank transfer (automatic),61-72 Months,Premium,Q4,242
7576-ASEJU,One year,Yes,Credit card (automatic),25-48 Months,High,Q3,243
9058-HRZSV,Month-to-month,No,Electronic check,61-72 Months,Premium,Q4,244
4522-AKYLR,Month-to-month,Yes,Electronic check,13-24 Months,Medium,Q2,245
0221-WMXNQ,Month-to-month,No,Electronic check,0-12 Months,High,Q1,246
0303-UNCIP,One year,No,Mailed check,25-48 Months,Medium,Q3,247
9947-OTFQU,Month-to-month,Yes,Electronic check,13-24 Months,High,Q2,248
0322-YINQP,Month-to-month,Yes,Mailed check,0-12 Months,Medium,Q1,249
0959-WHOKV,One year,Yes,Electronic check,25-48 Months,Premium,Q4,250
4075-JFPGR,One year,Yes,Electronic check,49-60 Months,Premium,Q4,251
4629-NRXKX,Month-to-month,No,Electronic check,0-12 Months,High,Q1,252
9514-JDSKI,Month-to-month,No,Electronic check,0-12 Months,Medium,Q1,253
3282-ZISZV,One year,No,Credit card (automatic),25-48 Months,High,Q3,254
3675-YDUPJ,Month-to-month,Yes,Mailed check,0-12 Months,Low,Q1,255
4111-BNXIF,Two year,Yes,Electronic check,61-72 Months,Medium,Q4,256
7017-VFHAY,Two year,No,Credit card (automatic),61-72 Months,Premium,Q4,257
6655-LHBYW,One year,No,Credit card (automatic),49-60 Months,Premium,Q4,258
4959-JOSRX,Month-to-month,Yes,Credit card (automatic),0-12 Months,Medium,Q1,259
5046-NUHWD,Month-to-month,Yes,Electronic check,25-48 Months,Medium,Q2,260
7273-TEFQD,Month-to-month,Yes,Electronic check,0-12 Months,Medium,Q1,261
3606-TWKGI,Month-to-month,Yes,Electronic check,13-24 Months,Premium,Q2,262
7529-ZDFXI,Month-to-month,Yes,Electronic check,49-60 Months,High,Q4,263
7605-BDWDC,Two year,Yes,Bank transfer (automatic),25-48 Months,Medium,Q3,264
1950-KSVVJ,One year,No,Mailed check,25-48 Months,Premium,Q4,265
0123-CRBRT,Two year,No,Mailed check,61-72 Months,High,Q4,266
6292-TOSSS,Two year,No,Bank transfer (automatic),49-60 Months,Low,Q2,267
3197-ARFOY,Month-to-month,Yes,Mailed check,13-24 Months,Premium,Q3,268
6323-AYBRX,Two year,No,Mailed check,49-60 Months,Low,Q2,269
7014-ZZXAW,Two year,Yes,Credit card (automatic),61-72 Months,Low,Q3,270
4385-GZQXV,Month-to-month,Yes,Electronic check,13-24 Months,Premium,Q3,271
7633-MVPUY,Two year,Yes,Electronic check,49-60 Months,Medium,Q3,272
6366-ZGQGL,Month-to-month,No,Bank transfer (automatic),0-12 Months,Low,Q1,273
4716-HHKQH,Month-to-month,No,Electronic check,13-24 Months,Premium,Q3,274
5940-AHUHD,Month-to-month,No,Mailed check,0-12 Months,High,Q1,275
6432-TWQLB,Month-to-month,Yes,Electronic check,0-12 Months,High,Q1,276
4484-GLZOU,Month-to-month,Yes,Electronic check,49-60 Months,Premium,Q4,277
3179-GBRWV,Month-to-month,Yes,Bank transfer (automatic),13-24 Months,Medium,Q2,278
8645-KWHJO,Month-to-month,Yes,Electronic check,13-24 Months,Medium,Q2,279
4130-MZLCC,Month-to-month,No,Bank transfer (automatic),0-12 Months,Medium,Q1,280
0314-TKOSI,Month-to-month,No,Mailed check,0-12 Months,Medium,Q1,281
8229-MYEJZ,Month-to-month,No,Electronic check,0-12 Months,Medium,Q2,282
2080-SRCDE,Month-to-month,No,Mailed check,0-12 Months,Low,Q1,283
9577-WJVCQ,Month-to-month,No,Mailed check,61-72 Months,Medium,Q3,284
9512-UIBFX,Month-to-month,No,Mailed check,13-24 Months,Premium,Q3,285
6202-DYYFX,One year,Yes,Credit card (automatic),13-24 Months,High,Q3,286
3808-HFKDE,Month-to-month,Yes,Electronic check,13-24 Months,Medium,Q2,287
5583-SXDAG,Month-to-month,No,Electronic check,0-12 Months,Medium,Q1,288
3488-PGMQJ,Month-to-month,Yes,Electronic check,0-12 Months,High,Q2,289
3580-REOAC,Month-to-month,Yes,Credit card (automatic),0-12 Months,Medium,Q2,290
7534-BFESC,Month-to-month,Yes,Electronic check,13-24 Months,High,Q3,291
3727-OWVYD,One year,No,Mailed check,25-48 Months,Medium,Q3,292
2294-SALNE,One year,No,Mailed check,13-24 Months,High,Q3,293
4847-TAJYI,Month-to-month,Yes,Electronic check,0-12 Months,High,Q2,294
1563-IWQEX,Month-to-month,No,Mailed check,0-12 Months,Low,Q1,295
8203-XJZRC,Month-to-month,No,Mailed check,0-12 Months,Low,Q1,296
6556-DBKZF,Two year,No,Electronic check,61-72 Months,High,Q4,297
6851-WEFYX,Month-to-month,Yes,Electronic check,25-48 Months,Premium,Q3,298
2985-JUUBZ,Month-to-month,Yes,Electronic check,25-48 Months,High,Q3,299
6390-DSAZX,Month-to-month,Yes,Mailed check,0-12 Months,High,Q1,300
0895-LMRSF,One year,Yes,Bank transfer (automatic),13-24 Months,Medium,Q3,301
8098-LLAZX,Month-to-month,Yes,Electronic check,0-12 Months,Premium,Q1,302
8266-VBFQL,Month-to-month,Yes,Electronic check,0-12 Months,Premium,Q1,303
8181-YHCMF,Two year,No,Credit card (automatic),61-72 Months,Medium,Q4,304
2240-HSJQD,Month-to-month,Yes,Mailed check,25-48 Months,High,Q3,305
1248-DYXUB,Two year,No,Mailed check,49-60 Months,Low,Q2,306
0265-EDXBD,Month-to-month,Yes,Electronic check,25-48 Months,High,Q3,307
4115-BNPJY,Two year,No,Mailed check,25-48 Months,High,Q3,308
3167-SNQPL,Month-to-month,No,Electronic check,25-48 Months,Premium,Q3,309
4091-TVOCN,One year,Yes,Credit card (automatic),25-48 Months,High,Q3,310
1098-TDVUQ,Month-to-month,Yes,Bank transfer (automatic),0-12 Months,Low,Q1,311
7277-OZCGZ,Month-to-month,Yes,Electronic check,13-24 Months,High,Q3,312
1557-EMYVT,Two year,No,Credit card (automatic),25-48 Months,Premium,Q4,313
2799-ARNLO,Month-to-month,Yes,Electronic check,0-12 Months,Medium,Q1,314
7563-BIUPC,Month-to-month,Yes,Electronic check,0-12 Months,High,Q2,315
5027-YOCXN,One year,No,Credit card (automatic),49-60 Months,Premium,Q4,316
3973-SKMLN,Two year,Yes,Credit card (automatic),61-72 Months,Low,Q2,317
2321-OMBXY,One year,No,Credit card (automatic),25-48 Months,High,Q3,318
2840-XANRC,Month-to-month,Yes,Electronic check,13-24 Months,Premium,Q3,319
6745-JEFZB,Month-to-month,Yes,Credit card (automatic),25-48 Months,Premium,Q3,320
5020-ZSTTY,One year,No,Bank transfer (automatic),49-60 Months,High,Q4,321
9880-TDQAC,Two year,Yes,Electronic check,61-72 Months,Medium,Q4,322
8705-WZCYL,Month-to-month,Yes,Electronic check,0-12 Months,Medium,Q1,323
7102-JJVTX,One year,No,Mailed check,0-12 Months,Medium,Q2,324
8626-PTQGE,Two year,Yes,Bank transfer (automatic),61-72 Months,Medium,Q4,325
4983-CLMLV,Month-to-month,Yes,Credit card (automatic),49-60 Months,Premium,Q4,326
5701-YVSVF,Month-to-month,Yes,Electronic check,0-12 Months,High,Q2,327
5804-LEPIM,Month-to-month,Yes,Electronic check,0-12 Months,High,Q1,328
5697-GOMBF,Month-to-month,Yes,Electronic check,25-48 Months,Medium,Q2,329
2739-CACDQ,Month-to-month,Yes,Credit card (automatic),13-24 Months,High,Q3,330
9385-EHGDO,Two year,Yes,Mailed check,25-48 Months,Low,Q2,331
9498-FIMXL,One year,Yes,Mailed check,0-12 Months,Low,Q1,332
2379-GYFLQ,One year,Yes,Credit card (automatic),25-48 Months,Premium,Q4,333
0122-OAHPZ,Month-to-month,Yes,Electronic check,0-12 Months,High,Q2,334
2868-SNELZ,Month-to-month,No,Mailed check,0-12 Months,High,Q1,335
4322-RCYMT,One year,Yes,Bank transfer (automatic),61-72 Months,High,Q4,336
6680-NENYN,Two year,Yes,Electronic check,25-48 Months,Premium,Q4,337
2088-IEBAU,Two year,Yes,Electronic check,61-72 Months,High,Q4,338
7982-VCELR,Month-to-month,Yes,Credit card (automatic),25-48 Months,Premium,Q3,339
1343-EHPYB,Month-to-month,Yes,Electronic check,61-72 Months,Premium,Q4,340
6035-BXTTY,Month-to-month,No,Bank transfer (automatic),25-48 Months,Medium,Q3,341
6885-PKOAM,Two year,No,Credit card (automatic),61-72 Months,High,Q4,342
7520-HQWJU,Month-to-month,Yes,Bank transfer (automatic),61-72 Months,Medium,Q4,343
9639-BUJXT,One year,No,Mailed check,61-72 Months,Low,Q2,344
5924-SNGKP,One year,Yes,Credit card (automatic),25-48 Months,Low,Q2,345
0021-IKXGC,Month-to-month,Yes,Electronic check,0-12 Months,High,Q1,346
2034-GDRCN,Month-to-month,Yes,Electronic check,0-12 Months,Premium,Q1,347
8966-SNIZF,Two year,No,Bank transfer (automatic),61-72 Months,Low,Q2,348
6243-OZGFH,Month-to-month,Yes,Electronic check,13-24 Months,Medium,Q2,349
4654-DLAMQ,One year,No,Bank transfer (automatic),61-72 Months,Premium,Q4,350
0513-RBGPE,Two year,Yes,Credit card (automatic),25-48 Months,Medium,Q3,351
5160-UXJED,One year,No,Mailed check,13-24 Months,Medium,Q2,352
4115-NZRKS,Month-to-month,Yes,Electronic check,0-12 Months,High,Q2,353
0219-YTZUE,Month-to-month,Yes,Bank transfer (automatic),0-12 Months,High,Q1,354
0623-IIHUG,Month-to-month,Yes,Electronic check,13-24 Months,Medium,Q2,355
4572-DVCGN,Month-to-month,Yes,Bank transfer (automatic),0-12 Months,High,Q2,356
3351-NGXYI,Month-to-month,Yes,Electronic check,13-24 Months,Medium,Q2,357
8984-EYLLL,Two year,Yes,Electronic check,61-72 Months,Premium,Q4,358
9057-MSWCO,Month-to-month,No,Credit card (automatic),25-48 Months,Low,Q2,359
9833-TGFHX,One year,No,Electronic check,25-48 Months,Premium,Q4,360
9294-TDIPC,Month-to-month,No,Mailed check,0-12 Months,Low,Q1,361
5229-DTFYB,Two year,Yes,Bank transfer (automatic),25-48 Months,Premium,Q4,362
0104-PPXDV,One year,No,Credit card (automatic),49-60 Months,Medium,Q3,363
5176-LMJXE,Two year,Yes,Mailed check,25-48 Months,Low,Q2,364
3583-KRKMD,Month-to-month,Yes,Bank transfer (automatic),13-24 Months,High,Q2,365
1010-DIAUQ,Month-to-month,No,Bank transfer (automatic),0-12 Months,Premium,Q2,366
9069-LGEUL,Month-to-month,Yes,Bank transfer (automatic),13-24 Months,Medium,Q3,367
7302-ZHMHP,Month-to-month,No,Mailed check,0-12 Months,Low,Q1,368
9571-EDEBV,One year,Yes,Credit card (automatic),61-72 Months,Premium,Q4,369
3520-FJGCV,Two year,Yes,Credit card (automatic),61-72 Months,Premium,Q4,370
6563-VRERX,One year,No,Mailed check,25-48 Months,Low,Q2,371
0259-GBZSH,Month-to-month,Yes,Electronic check,0-12 Months,High,Q1,372
6122-EFVKN,Two year,No,Mailed check,13-24 Months,Medium,Q2,373
2805-EDJPQ,One year,Yes,Credit card (automatic),49-60 Months,Premium,Q4,374
6862-CQUMB,Month-to-month,Yes,Credit card (automatic),25-48 Months,Premium,Q3,375
7156-MXBJE,One year,No,Credit card (automatic),25-48 Months,High,Q3,376
6158-HDPXZ,Month-to-month,No,Mailed check,0-12 Months,Low,Q1,377
9601-BRXPO,Month-to-month,Yes,Bank transfer (automatic),25-48 Months,Premium,Q3,378
2863-IMQDR,Two year,No,Electronic check,61-72 Months,High,Q4,379
5686-CMAWK,One year,No,Electronic check,13-24 Months,High,Q3,380
5651-CRHKQ,One year,Yes,Bank transfer (automatic),25-48 Months,High,Q3,381
6905-NIQIN,Month-to-month,No,Mailed check,0-12 Months,Medium,Q1,382
8204-YJCLA,Two year,Yes,Bank transfer (automatic),61-72 Months,Medium,Q4,383
5167-ZFFMM,Month-to-month,Yes,Credit card (automatic),0-12 Months,Premium,Q1,384
6583-SZVGP,Two year,Yes,Bank transfer (automatic),25-48 Months,Premium,Q4,385
4895-TMWIR,Month-to-month,No,Mailed check,0-12 Months,Low,Q1,386
0533-BNWKF,Month-to-month,Yes,Electronic check,49-60 Months,High,Q4,387
1708-PBBOA,One year,Yes,Electronic check,25-48 Months,Medium,Q3,388
8782-LKFPK,Month-to-month,Yes,Mailed check,25-48 Months,Premium,Q4,389
5522-JBWMO,Month-to-month,No,Electronic check,0-12 Months,Medium,Q1,390
3597-MVHJT,Month-to-month,Yes,Bank transfer (automatic),25-48 Months,Premium,Q3,391
9774-NRNAU,Month-to-month,Yes,Bank transfer (automatic),25-48 Months,High,Q3,392
0224-RLWWD,Month-to-month,Yes,Electronic check,0-12 Months,Medium,Q1,393
9967-ATRFS,Month-to-month,No,Mailed check,13-24 Months,Low,Q1,394
3951-NJCVI,Month-to-month,Yes,Electronic check,25-48 Months,Premium,Q4,395
2977-CEBSX,Two year,Yes,Credit card (automatic),61-72 Months,Premium,Q4,396
0177-PXBAT,Month-to-month,Yes,Bank transfer (automatic),25-48 Months,Premium,Q3,397
6599-CEBNN,Month-to-month,Yes,Credit card (automatic),25-48 Months,High,Q3,398
2519-ERQOJ,Month-to-month,Yes,Electronic check,25-48 Months,Medium,Q3,399
5876-QMYLD,One year,No,Mailed check,13-24 Months,Low,Q2,400
2277-AXSDC,One year,No,Bank transfer (automatic),25-48 Months,Low,Q2,401
9442-JTWDL,One year,No,Credit card (automatic),0-12 Months,Low,Q1,402
0979-PHULV,Month-to-month,Yes,Credit card (automatic),61-72 Months,Premium,Q4,403
3067-SVMTC,One year,No,Bank transfer (automatic),61-72 Months,Medium,Q4,404
5495-GPSRW,Two year,Yes,Mailed check,13-24 Months,Low,Q2,405
7606-BPHHN,Two year,Yes,Credit card (automatic),61-72 Months,Low,Q3,406
4742-DRORA,One year,Yes,Bank transfer (automatic),49-60 Months,Premium,Q4,407
0111-KLBQG,Month-to-month,Yes,Mailed check,25-48 Months,Premium,Q3,408
4800-VHZKI,Month-to-month,Yes,Mailed check,0-12 Months,Low,Q1,409
7989-CHGTL,Month-to-month,Yes,Mailed check,0-12 Months,Low,Q1,410
0334-GDDSO,Month-to-month,Yes,Electronic check,0-12 Months,High,Q1,411
4163-NCJAK,One year,Yes,Bank transfer (automatic),25-48 Months,Low,Q2,412
5233-AOZUF,Month-to-month,Yes,Electronic check,25-48 Months,High,Q3,413
5973-EJGDP,Month-to-month,Yes,Electronic check,49-60 Months,High,Q4,414
1996-DBMUS,Month-to-month,Yes,Bank transfer (automatic),25-48 Months,High,Q3,415
7916-VCCPB,Month-to-month,No,Bank transfer (automatic),13-24 Months,High,Q2,416
4686-GEFRM,Two year,Yes,Bank transfer (automatic),61-72 Months,Premium,Q4,417
5249-QYHEX,Two year,Yes,Mailed check,25-48 Months,Low,Q2,418
0578-SKVMF,Month-to-month,No,Electronic check,13-24 Months,High,Q3,419
5564-NEMQO,Month-to-month,Yes,Bank transfer (automatic),0-12 Months,High,Q1,420
2233-FAGXV,Month-to-month,Yes,Mailed check,0-12 Months,Low,Q1,421
5605-IYGFG,Month-to-month,Yes,Bank transfer (automatic),0-12 Months,Medium,Q2,422
7663-ZTEGJ,One year,No,Credit card (automatic),25-48 Months,Premium,Q3,423
3935-TBRZZ,One year,No,Mailed check,25-48 Months,Low,Q2,424
8111-BKVDS,Month-to-month,No,Bank transfer (automatic),0-12 Months,Medium,Q2,425
2055-SIFSS,Month-to-month,No,Bank transfer (automatic),49-60 Months,Medium,Q3,426
2806-MLNTI,One year,Yes,Bank transfer (automatic),49-60 Months,Premium,Q4,427
8734-DKSTZ,Month-to-month,No,Electronic check,0-12 Months,High,Q2,428
4360-PNRQB,Month-to-month,Yes,Bank transfer (automatic),13-24 Months,High,Q2,429
6152-ONASV,One year,No,Bank transfer (automatic),61-72 Months,Medium,Q4,430
9063-ZGTUY,Month-to-month,Yes,Mailed check,61-72 Months,Low,Q2,431
7781-HVGMK,Two year,Yes,Credit card (automatic),61-72 Months,Medium,Q4,432
2181-UAESM,Month-to-month,No,Electronic check,0-12 Months,Medium,Q1,433
2957-LOLHO,Month-to-month,Yes,Bank transfer (automatic),0-12 Months,Medium,Q2,434
6048-NJXHX,Two year,Yes,Electronic check,25-48 Months,Low,Q2,435
2320-SLKMB,Month-to-month,Yes,Credit card (automatic),25-48 Months,Medium,Q2,436
4980-URKXC,One year,No,Bank transfer (automatic),25-48 Months,Low,Q2,437
4376-KFVRS,Two year,Yes,Credit card (automatic),61-72 Months,Premium,Q4,438
5886-VLQVU,Month-to-month,Yes,Bank transfer (automatic),25-48 Months,High,Q3,439
3577-AMVUX,Month-to-month,No,Mailed check,0-12 Months,Medium,Q1,440
0771-WLCLA,Month-to-month,Yes,Electronic check,13-24 Months,Premium,Q3,441
5628-RKIFK,Month-to-month,No,Credit card (automatic),49-60 Months,Premium,Q4,442
0206-TBWLC,One year,Yes,Mailed check,49-60 Months,Premium,Q4,443
2937-FTHUR,Month-to-month,No,Electronic check,13-24 Months,Medium,Q2,444
1910-FMXJM,Month-to-month,No,Electronic check,25-48 Months,High,Q3,445
7752-XUSCI,Month-to-month,Yes,Electronic check,49-60 Months,Premium,Q4,446
4110-PFEUZ,Month-to-month,No,Mailed check,0-12 Months,Medium,Q1,447
0732-OCQOC,Two year,Yes,Bank transfer (automatic),49-60 Months,Low,Q2,448
5168-MSWXT,Month-to-month,Yes,Electronic check,0-12 Months,Premium,Q2,449
1090-ESELR,Two year,No,Bank transfer (automatic),61-72 Months,Premium,Q4,450
8592-PLTMQ,One year,No,Mailed check,61-72 Months,Low,Q3,451
5760-WRAHC,Month-to-month,Yes,Mailed check,13-24 Months,Medium,Q3,452
8847-GEOOQ,Month-to-month,Yes,Bank transfer (automatic),49-60 Months,Medium,Q3,453
0256-LTHVJ,Month-to-month,Yes,Electronic check,25-48 Months,High,Q3,454
4785-FCIFB,Two year,No,Mailed check,61-72 Months,Low,Q3,455
8313-NDOIA,Month-to-month,Yes,Electronic check,13-24 Months,Premium,Q3,456
5149-CUZUJ,One year,No,Bank transfer (automatic),25-48 Months,Premium,Q3,457
0942-KOWSM,Two year,No,Bank transfer (automatic),25-48 Months,High,Q3,458
4237-CLSMM,Month-to-month,No,Mailed check,0-12 Months,Low,Q1,459
1452-VOQCH,Month-to-month,Yes,Electronic check,0-12 Months,High,Q1,460
4719-UMSIY,Month-to-month,No,Mailed check,0-12 Months,Low,Q1,461
6614-VBEGU,Month-to-month,Yes,Bank transfer (automatic),13-24 Months,Medium,Q3,462
0880-TKATG,Month-to-month,No,Electronic check,0-12 Months,Premium,Q1,463
3811-VBYBZ,Month-to-month,Yes,Electronic check,0-12 Months,Premium,Q2,464
1480-BKXGA,Two year,Yes,Bank transfer (automatic),61-72 Months,Premium,Q4,465
2996-XAUVF,Two year,Yes,Mailed check,61-72 Months,Medium,Q3,466
9076-AXYIK,Two year,No,Electronic check,61-72 Months,Premium,Q4,467
5968-XQIVE,One year,Yes,Electronic check,61-72 Months,High,Q4,468
8896-RAZCR,Two year,No,Mailed check,25-48 Months,Low,Q2,469
4640-UHDOS,Month-to-month,No,Electronic check,13-24 Months,Medium,Q2,470
4933-IKULF,One year,No,Mailed check,13-24 Months,Low,Q1,471
3583-EKAPL,Month-to-month,Yes,Electronic check,0-12 Months,Medium,Q1,472
1304-BCCFO,Month-to-month,Yes,Mailed check,0-12 Months,High,Q2,473
4104-PVRPS,Month-to-month,No,Mailed check,13-24 Months,Medium,Q2,474
9399-APLBT,Month-to-month,Yes,Electronic check,0-12 Months,High,Q1,475
2359-KMGLI,Month-to-month,Yes,Electronic check,13-24 Months,High,Q3,476
3780-DDGSE,Month-to-month,Yes,Electronic check,25-48 Months,High,Q3,477
4431-EDMIQ,Month-to-month,Yes,Electronic check,0-12 Months,High,Q2,478
0306-JAELE,Month-to-month,Yes,Electronic check,0-12 Months,Premium,Q2,479
6227-HWPWX,Month-to-month,No,Bank transfer (automatic),13-24 Months,Medium,Q2,480
0486-LGCCH,Two year,No,Mailed check,0-12 Months,Low,Q1,481
0447-BEMNG,Month-to-month,Yes,Bank transfer (automatic),25-48 Months,Medium,Q3,482
4612-SSVHJ,Month-to-month,Yes,Electronic check,13-24 Months,High,Q3,483
5168-MQQCA,One year,Yes,Bank transfer (automatic),61-72 Months,Premium,Q4,484
5949-XIKAE,Month-to-month,Yes,Electronic check,0-12 Months,High,Q2,485
7971-HLVXI,Two year,Yes,Credit card (automatic),61-72 Months,High,Q4,486
9094-AZPHK,Month-to-month,Yes,Electronic check,13-24 Months,Premium,Q3,487
3649-JPUGY,Two year,Yes,Bank transfer (automatic),61-72 Months,High,Q4,488
4472-LVYGI,Two year,Yes,Bank transfer (automatic),0-12 Months,Medium,Q2,489
8372-JUXUI,Month-to-month,Yes,Electronic check,0-12 Months,High,Q1,490
3552-CTCYF,Two year,Yes,Bank transfer (automatic),61-72 Months,Premium,Q4,491
6778-YSNIH,Month-to-month,Yes,Electronic check,0-12 Months,Medium,Q1,492
0388-EOPEX,Month-to-month,Yes,Electronic check,0-12 Months,High,Q1,493
5756-OZRIO,One year,No,Bank transfer (automatic),61-72 Months,Medium,Q4,494
6579-JPICP,Month-to-month,No,Mailed check,0-12 Months,Low,Q1,495
8205-OTCHB,One year,Yes,Bank transfer (automatic),13-24 Months,Medium,Q2,496
4134-BSXLX,Month-to-month,No,Mailed check,25-48 Months,Medium,Q3,497
0505-SPOOW,Two year,No,Bank transfer (automatic),61-72 Months,Low,Q3,498
6235-VDHOM,Month-to-month,No,Electronic check,0-12 Months,Low,Q1,499
7783-YKGDV,Month-to-month,Yes,Bank transfer (automatic),0-12 Months,Premium,Q2,500
4374-YMUSQ,One year,No,Credit card (automatic),25-48 Months,Premium,Q4,501
4513-CXYIX,Two year,Yes,Credit card (automatic),61-72 Months,High,Q4,502
3957-HHLMR,One year,No,Bank transfer (automatic),61-72 Months,Medium,Q4,503
7803-XOCCZ,Month-to-month,Yes,Bank transfer (automatic),49-60 Months,High,Q4,504
5736-YEJAX,Two year,Yes,Credit card (automatic),61-72 Months,High,Q4,505
5609-CEBID,Month-to-month,Yes,Electronic check,13-24 Months,Premium,Q3,506
8981-FJGLA,Month-to-month,Yes,Mailed check,0-12 Months,High,Q2,507
7218-HKQFK,Month-to-month,Yes,Electronic check,0-12 Months,Premium,Q1,508
4636-QRJKY,Month-to-month,Yes,Electronic check,0-12 Months,High,Q2,509
1135-LMECX,Month-to-month,No,Mailed check,0-12 Months,Low,Q1,510
4332-MUOEZ,One year,No,Credit card (automatic),13-24 Months,Premium,Q3,511
8535-SFUTN,Month-to-month,Yes,Electronic check,61-72 Months,Premium,Q4,512
5956-VKDTT,Month-to-month,Yes,Electronic check,0-12 Months,High,Q1,513
8677-HDZEE,Month-to-month,Yes,Bank transfer (automatic),49-60 Months,Premium,Q4,514
2475-MROZF,Month-to-month,Yes,Credit card (automatic),25-48 Months,Premium,Q3,515
9412-GHEEC,Month-to-month,No,Bank transfer (automatic),25-48 Months,Premium,Q4,516
3482-ABPKK,One year,No,Mailed check,25-48 Months,Medium,Q3,517
6705-LXORM,Month-to-month,No,Electronic check,0-12 Months,High,Q1,518
0257-ZESQC,Month-to-month,Yes,Bank transfer (automatic),25-48 Months,High,Q3,519
7531-GQHME,Month-to-month,No,Credit card (automatic),0-12 Months,Low,Q1,520
5174-ITUMV,One year,Yes,Electronic check,61-72 Months,Premium,Q4,521
4109-CYRBD,Month-to-month,Yes,Electronic check,25-48 Months,Medium,Q3,522
0913-XWSCN,Month-to-month,No,Bank transfer (automatic),49-60 Months,High,Q4,523
6825-UYPFK,Month-to-month,No,Bank transfer (automatic),13-24 Months,High,Q3,524
8397-MVTAZ,Month-to-month,Yes,Electronic check,25-48 Months,Premium,Q3,525
0750-EBAIU,One year,No,Electronic check,49-60 Months,Premium,Q4,526
8606-CIQUL,Two year,Yes,Credit card (automatic),61-72 Months,Premium,Q4,527
3571-DPYUH,One year,Yes,Credit card (automatic),49-60 Months,Premium,Q4,528
7601-GNDYK,Two year,No,Mailed check,25-48 Months,Low,Q2,529
0356-OBMAC,Two year,Yes,Bank transfer (automatic),49-60 Months,Premium,Q4,530
8067-NIOYM,Two year,Yes,Credit card (automatic),13-24 Months,Low,Q2,531
1403-GYAFU,Two year,No,Credit card (automatic),61-72 Months,Low,Q2,532
4234-XTNEA,Month-to-month,Yes,Electronic check,0-12 Months,High,Q1,533
1297-VQDRP,One year,Yes,Credit card (automatic),61-72 Months,Premium,Q4,534
9282-IZGQK,Month-to-month,Yes,Electronic check,0-12 Months,High,Q1,535
5348-CAGXB,Month-to-month,Yes,Electronic check,0-12 Months,High,Q2,536
0621-HJWXJ,Month-to-month,Yes,Bank transfer (automatic),61-72 Months,High,Q4,537
5844-QVTAT,One year,Yes,Mailed check,25-48 Months,Medium,Q3,538
8905-IAZPF,One year,Yes,Credit card (automatic),61-72 Months,Premium,Q4,539
5394-MEITZ,Two year,Yes,Bank transfer (automatic),49-60 Months,High,Q4,540
6859-QNXIQ,Two year,Yes,Bank transfer (automatic),61-72 Months,Premium,Q4,541
2782-LFZVW,Month-to-month,Yes,Mailed check,0-12 Months,Medium,Q2,542
2866-IKBTM,Month-to-month,No,Mailed check,0-12 Months,Low,Q1,543
1342-JPNKI,Month-to-month,Yes,Bank transfer (automatic),0-12 Months,High,Q2,544
2817-NTQDO,Month-to-month,Yes,Credit card (automatic),13-24 Months,Medium,Q2,545
7129-AZJDE,One year,Yes,Bank transfer (automatic),25-48 Months,High,Q3,546
6986-IJDHX,Month-to-month,Yes,Mailed check,25-48 Months,High,Q3,547
2560-PPCHE,One year,Yes,Bank transfer (automatic),61-72 Months,Premium,Q4,548
4676-MQUEA,One year,Yes,Bank transfer (automatic),49-60 Months,Premium,Q4,549
8138-EALND,Month-to-month,No,Mailed check,13-24 Months,Low,Q1,550
3580-HYCSP,Two year,Yes,Bank transfer (automatic),61-72 Months,Premium,Q4,551
1352-HNSAW,Two year,Yes,Bank transfer (automatic),61-72 Months,Premium,Q4,552
2075-PUEPR,Two year,No,Bank transfer (automatic),49-60 Months,Low,Q2,553
1982-FEBTD,Two year,Yes,Credit card (automatic),13-24 Months,Low,Q2,554
5301-GAUUY,Month-to-month,Yes,Bank transfer (automatic),25-48 Months,High,Q3,555
5791-KAJFD,One year,Yes,Bank transfer (automatic),49-60 Months,Medium,Q4,556
2654-VBVPB,Month-to-month,No,Bank transfer (automatic),0-12 Months,Low,Q1,557
1154-HYWWO,One year,No,Mailed check,25-48 Months,High,Q3,558
2501-XWWTZ,Month-to-month,No,Electronic check,0-12 Months,High,Q2,559
3716-UVSPD,Month-to-month,Yes,Electronic check,0-12 Months,Medium,Q1,560
6815-ABQFQ,One year,Yes,Electronic check,49-60 Months,Premium,Q4,561
7343-EOBEU,Month-to-month,Yes,Mailed check,0-12 Months,Low,Q1,562
3701-SFMUH,Month-to-month,No,Credit card (automatic),0-12 Months,Medium,Q2,563
6103-LIANB,Two year,Yes,Credit card (automatic),49-60 Months,Premium,Q4,564
7319-VENRZ,Month-to-month,No,Bank transfer (automatic),0-12 Months,Medium,Q2,565
5846-NEQVZ,Two year,Yes,Credit card (automatic),61-72 Months,High,Q4,566
6967-QIQRV,One year,No,Electronic check,13-24 Months,Premium,Q3,567
5781-RFZRP,Two year,No,Credit card (automatic),61-72 Months,High,Q4,568
0939-YAPAF,Month-to-month,Yes,Electronic check,25-48 Months,Premium,Q3,569
0308-IVGOK,One year,Yes,Credit card (automatic),0-12 Months,Medium,Q2,570
7293-LSCDV,Two year,Yes,Credit card (automatic),49-60 Months,Low,Q2,571
7025-WCBNE,Two year,No,Bank transfer (automatic),25-48 Months,Medium,Q3,572
5756-JYOJT,One year,No,Credit card (automatic),0-12 Months,Medium,Q2,573
4710-FDUIZ,One year,No,Credit card (automatic),49-60 Months,Premium,Q4,574
6030-REHUX,Month-to-month,Yes,Electronic check,25-48 Months,Premium,Q3,575
9548-LIGTA,Two year,Yes,Mailed check,61-72 Months,High,Q4,576
5150-LJNSR,One year,No,Bank transfer (automatic),25-48 Months,Premium,Q3,577
8270-RKSAP,Month-to-month,Yes,Electronic check,0-12 Months,High,Q2,578
6522-YRBXD,Month-to-month,Yes,Electronic check,25-48 Months,Premium,Q3,579
2640-LYMOV,Month-to-month,Yes,Mailed check,0-12 Months,Low,Q1,580
1218-VKFPE,Month-to-month,No,Mailed check,0-12 Months,Low,Q1,581
3627-FHKBK,Month-to-month,No,Mailed check,0-12 Months,High,Q1,582
2865-TCHJW,Month-to-month,Yes,Electronic check,0-12 Months,High,Q1,583
1423-BMPBQ,Month-to-month,Yes,Mailed check,0-12 Months,Low,Q1,584
2393-DIVAI,Month-to-month,Yes,Mailed check,0-12 Months,Low,Q1,585
5192-EBGOV,Month-to-month,Yes,Electronic check,0-12 Months,High,Q1,586
4568-KNYWR,Two year,Yes,Credit card (automatic),49-60 Months,Medium,Q3,587
8752-IMQOS,One year,No,Mailed check,0-12 Months,Low,Q1,588
0742-LAFQK,Two year,Yes,Electronic check,61-72 Months,Premium,Q4,589
0795-LAFGP,Two year,No,Electronic check,61-72 Months,Premium,Q4,590
0619-OLYUR,Two year,Yes,Credit card (automatic),61-72 Months,Premium,Q4,591
5512-IDZEI,One year,No,Electronic check,25-48 Months,Low,Q2,592
0459-SPZHJ,Two year,No,Credit card (automatic),61-72 Months,High,Q4,593
0215-BQKGS,Month-to-month,Yes,Credit card (automatic),25-48 Months,High,Q3,594
9244-ZVAPM,Month-to-month,No,Mailed check,0-12 Months,Medium,Q1,595
0719-SYFRB,Month-to-month,Yes,Mailed check,0-12 Months,Medium,Q2,596
8208-EUMTE,Two year,No,Mailed check,13-24 Months,Medium,Q2,597
5172-MIGPM,Month-to-month,No,Mailed check,0-12 Months,Medium,Q1,598
1710-RCXUS,One year,Yes,Credit card (automatic),49-60 Months,Premium,Q4,599
0374-FIUCA,Two year,Yes,Credit card (automatic),61-72 Months,Low,Q3,600
5839-SUYVZ,Month-to-month,Yes,Credit card (automatic),13-24 Months,High,Q2,601
5173-ZXXXL,One year,No,Mailed check,0-12 Months,Low,Q1,602
1096-ADRUX,One year,Yes,Bank transfer (automatic),61-72 Months,High,Q4,603
2001-MCUUW,Two year,No,Electronic check,25-48 Months,Premium,Q4,604
2731-GJRDG,One year,Yes,Bank transfer (automatic),25-48 Months,Premium,Q3,605
4723-BEGSG,Two year,No,Credit card (automatic),61-72 Months,High,Q4,606
6516-NKQBO,Two year,No,Credit card (automatic),25-48 Months,High,Q3,607
8672-OAUPW,One year,No,Credit card (automatic),49-60 Months,Medium,Q3,608
8207-DMRVL,Two year,No,Bank transfer (automatic),61-72 Months,Premium,Q4,609
3419-SNJJD,Month-to-month,No,Bank transfer (automatic),61-72 Months,Premium,Q4,610
6543-CPZMK,Month-to-month,Yes,Electronic check,0-12 Months,Low,Q1,611
4765-OXPPD,Month-to-month,No,Mailed check,0-12 Months,Medium,Q2,612
2804-ETQDK,Two year,No,Mailed check,61-72 Months,Low,Q2,613
6689-VRRTK,One year,Yes,Credit card (automatic),25-48 Months,Premium,Q4,614
7138-GIRSH,Two year,No,Bank transfer (automatic),49-60 Months,Medium,Q3,615
9396-ZSFLL,Month-to-month,No,Mailed check,13-24 Months,Medium,Q2,616
6464-KEXXH,Month-to-month,Yes,Credit card (automatic),0-12 Months,Low,Q1,617
7134-MJPDY,One year,Yes,Credit card (automatic),61-72 Months,Premium,Q4,618
5240-CAOYT,Month-to-month,Yes,Bank transfer (automatic),49-60 Months,High,Q4,619
4059-IIEBK,Month-to-month,Yes,Bank transfer (automatic),0-12 Months,High,Q2,620
4881-JVQOD,Month-to-month,Yes,Bank transfer (automatic),0-12 Months,Low,Q1,621
0516-UXRMT,One year,Yes,Electronic check,61-72 Months,Premium,Q4,622
4851-BQDNX,One year,Yes,Electronic check,25-48 Months,High,Q3,623
5148-HKFIR,Two year,No,Mailed check,13-24 Months,Low,Q2,624
1009-IRMNA,Month-to-month,No,Bank transfer (automatic),0-12 Months,Low,Q1,625
3003-CMDUU,Month-to-month,Yes,Electronic check,25-48 Months,Premium,Q3,626
5016-IBERQ,Month-to-month,No,Electronic check,13-24 Months,High,Q3,627
6797-UCJHZ,One year,No,Credit card (automatic),61-72 Months,Premium,Q4,628
2469-DTSGX,Two year,No,Electronic check,61-72 Months,Premium,Q4,629
4554-YGZIH,Month-to-month,No,Credit card (automatic),49-60 Months,Premium,Q4,630
5099-BAILX,Month-to-month,Yes,Bank transfer (automatic),25-48 Months,Premium,Q4,631
9931-KGHOA,Month-to-month,No,Bank transfer (automatic),25-48 Months,Medium,Q3,632
1775-KWJKQ,Two year,No,Credit card (automatic),61-72 Months,High,Q4,633
7665-VIGUD,One year,No,Mailed check,0-12 Months,Low,Q1,634
9411-TPQQV,One year,Yes,Bank transfer (automatic),25-48 Months,Medium,Q3,635
7207-RMRDB,Month-to-month,Yes,Electronic check,61-72 Months,Premium,Q4,636
7954-MLBUN,Two year,No,Bank transfer (automatic),25-48 Months,Premium,Q3,637
2077-DDHJK,Two year,No,Credit card (automatic),61-72 Months,High,Q4,638
4913-EHYUI,One year,Yes,Bank transfer (automatic),49-60 Months,Premium,Q4,639
0195-IESCP,Month-to-month,Yes,Electronic check,0-12 Months,High,Q2,640
9574-BOSMD,Two year,No,Bank transfer (automatic),61-72 Months,Low,Q3,641
4580-TMHJU,Month-to-month,No,Electronic check,25-48 Months,Medium,Q3,642
0970-ETWGE,Month-to-month,Yes,Electronic check,0-12 Months,High,Q1,643
4908-XAXAY,One year,Yes,Bank transfer (automatic),49-60 Months,High,Q4,644
8404-VLQFB,Month-to-month,Yes,Electronic check,13-24 Months,Low,Q1,645
1626-ERCMM,Month-to-month,Yes,Electronic check,13-24 Months,Premium,Q3,646
0887-HJGAR,Month-to-month,Yes,Mailed check,0-12 Months,Medium,Q1,647
2391-IPLOP,One year,Yes,Electronic check,49-60 Months,Medium,Q3,648
5644-PDMZC,Month-to-month,No,Electronic check,0-12 Months,High,Q1,649
3509-GWQGF,Month-to-month,No,Credit card (automatic),13-24 Months,Medium,Q3,650
9576-ANLXO,Month-to-month,Yes,Bank transfer (automatic),0-12 Months,Medium,Q1,651
2024-BASKD,Month-to-month,Yes,Mailed check,0-12 Months,High,Q1,652
5845-BZZIB,Two year,No,Mailed check,25-48 Months,Low,Q2,653
1140-UKVZG,Month-to-month,No,Mailed check,13-24 Months,Low,Q2,654
4160-AMJTL,Month-to-month,No,Electronic check,0-12 Months,Low,Q1,655
5183-SNMJQ,Month-to-month,Yes,Credit card (automatic),0-12 Months,Premium,Q2,656
8100-PNJMH,Two year,Yes,Credit card (automatic),61-72 Months,High,Q4,657
7838-LAZFO,One year,No,Bank transfer (automatic),25-48 Months,High,Q3,658
4464-JCOLN,One year,No,Mailed check,0-12 Months,Low,Q1,659
2085-JVGAD,Month-to-month,No,Bank transfer (automatic),25-48 Months,Low,Q2,660
5650-VDUDS,Month-to-month,Yes,Mailed check,0-12 Months,Low,Q1,661
8095-WANWK,Month-to-month,No,Mailed check,0-12 Months,Medium,Q2,662
3030-ZKIWL,Month-to-month,No,Mailed check,0-12 Months,Low,Q1,663
9565-FLVCG,Two year,Yes,Mailed check,61-72 Months,Medium,Q4,664
8755-OGKNA,Two year,No,Bank transfer (automatic),49-60 Months,Low,Q2,665
2800-VEQXM,Month-to-month,Yes,Mailed check,0-12 Months,High,Q1,666
7538-GWHML,Month-to-month,No,Electronic check,0-12 Months,Medium,Q1,667
5533-RJFTJ,Month-to-month,Yes,Bank transfer (automatic),49-60 Months,Low,Q3,668
3859-CVCET,Month-to-month,No,Mailed check,0-12 Months,Medium,Q1,669
0214-JHPFW,Two year,No,Bank transfer (automatic),61-72 Months,Medium,Q4,670
5642-MHDQT,One year,Yes,Bank transfer (automatic),49-60 Months,Low,Q2,671
3088-FVYWK,Two year,No,Credit card (automatic),49-60 Months,Low,Q2,672
3276-HDUEG,Month-to-month,Yes,Mailed check,0-12 Months,High,Q1,673
9092-GDZKO,Month-to-month,Yes,Credit card (automatic),13-24 Months,Low,Q2,674
0823-HSCDJ,Month-to-month,Yes,Electronic check,49-60 Months,Medium,Q3,675
3729-OWRVL,Two year,Yes,Electronic check,61-72 Months,Premium,Q4,676
2324-AALNO,One year,No,Bank transfer (automatic),25-48 Months,Low,Q2,677
0822-GAVAP,Month-to-month,Yes,Electronic check,0-12 Months,Low,Q1,678
5760-IFJOZ,Month-to-month,No,Mailed check,0-12 Months,Premium,Q1,679
2826-UWHIS,Month-to-month,No,Bank transfer (automatic),25-48 Months,High,Q3,680
1448-PWKYE,Month-to-month,No,Electronic check,0-12 Months,High,Q1,681
7501-IWUNG,Two year,Yes,Bank transfer (automatic),61-72 Months,High,Q4,682
4957-TREIR,Month-to-month,Yes,Credit card (automatic),0-12 Months,Medium,Q1,683
7251-LJBQN,One year,Yes,Credit card (automatic),25-48 Months,Premium,Q4,684
8040-MNRTF,Month-to-month,No,Mailed check,0-12 Months,High,Q1,685
1536-HBSWP,Month-to-month,Yes,Electronic check,0-12 Months,Medium,Q1,686
5313-FPXWG,One year,Yes,Bank transfer (automatic),49-60 Months,Low,Q2,687
0067-DKWBL,Month-to-month,Yes,Electronic check,0-12 Months,Medium,Q1,688
0946-FKYTX,One year,No,Mailed check,49-60 Months,Low,Q3,689
5076-YVXCM,Month-to-month,No,Bank transfer (automatic),49-60 Months,High,Q4,690
8262-COGGB,Month-to-month,Yes,Mailed check,0-12 Months,Low,Q1,691
6663-JOCQO,One year,Yes,Bank transfer (automatic),25-48 Months,High,Q3,692
9620-QJREV,One year,No,Credit card (automatic),25-48 Months,Low,Q2,693
2276-YDAVZ,Month-to-month,Yes,Credit card (automatic),0-12 Months,High,Q1,694
2682-KEVRP,One year,Yes,Mailed check,13-24 Months,Low,Q2,695
2480-JZOSN,Month-to-month,Yes,Mailed check,0-12 Months,Low,Q1,696
0078-XZMHT,Two year,Yes,Bank transfer (automatic),61-72 Months,High,Q4,697
5896-NPFWW,Month-to-month,Yes,Electronic check,0-12 Months,Medium,Q1,698
9978-HYCIN,One year,Yes,Bank transfer (automatic),25-48 Months,High,Q4,699
8338-QIUNR,Two year,Yes,Credit card (automatic),61-72 Months,Medium,Q4,700
1525-LNLOJ,Two year,Yes,Bank transfer (automatic),61-72 Months,Medium,Q4,701
9450-TRJUU,Month-to-month,No,Electronic check,25-48 Months,High,Q3,702
1766-GKNMI,Month-to-month,Yes,Electronic check,25-48 Months,High,Q3,703
6942-LBFDP,Month-to-month,Yes,Mailed check,0-12 Months,Low,Q1,704
1456-TWCGB,Month-to-month,No,Mailed check,0-12 Months,Medium,Q1,705
7133-VBDCG,Month-to-month,Yes,Bank transfer (automatic),25-48 Months,High,Q3,706
7596-ZYWBB,Two year,Yes,Mailed check,61-72 Months,Medium,Q3,707
8329-UTMVM,One year,Yes,Bank transfer (automatic),25-48 Months,Premium,Q3,708
3014-WJKSM,Month-to-month,Yes,Credit card (automatic),25-48 Months,High,Q3,709
3347-YJZZE,Month-to-month,No,Credit card (automatic),25-48 Months,High,Q3,710
1029-QFBEN,Month-to-month,No,Mailed check,0-12 Months,Low,Q1,711
7929-DMBCV,Month-to-month,Yes,Mailed check,13-24 Months,High,Q3,712
9661-JALZV,Two year,Yes,Credit card (automatic),49-60 Months,Low,Q3,713
5433-KYGHE,Month-to-month,Yes,Mailed check,13-24 Months,High,Q2,714
4312-KFRXN,Two year,No,Mailed check,61-72 Months,Low,Q3,715
5575-TPIZQ,Month-to-month,Yes,Credit card (automatic),25-48 Months,High,Q4,716
0114-IGABW,Two year,No,Bank transfer (automatic),61-72 Months,Medium,Q4,717
9944-AEXBM,Month-to-month,Yes,Bank transfer (automatic),25-48 Months,High,Q3,718
1853-ARAAQ,Month-to-month,Yes,Credit card (automatic),25-48 Months,Medium,Q2,719
6952-OMNWB,Month-to-month,Yes,Credit card (automatic),61-72 Months,High,Q4,720
4697-LUPSU,One year,No,Mailed check,0-12 Months,Low,Q1,721
8434-VGEQQ,Two year,No,Credit card (automatic),61-72 Months,Low,Q2,722
4952-YSOGZ,Month-to-month,Yes,Electronic check,0-12 Months,High,Q1,723
1589-AGTLK,Month-to-month,Yes,Electronic check,0-12 Months,Medium,Q1,724
5244-IRFIH,Month-to-month,Yes,Electronic check,25-48 Months,Premium,Q3,725
6549-YMFAW,Month-to-month,Yes,Mailed check,0-12 Months,Low,Q1,726
4950-HKQTE,Two year,No,Mailed check,13-24 Months,Low,Q2,727
6786-OBWQR,Month-to-month,Yes,Electronic check,0-12 Months,High,Q1,728
2684-EIWEO,Month-to-month,No,Credit card (automatic),25-48 Months,Premium,Q3,729
2753-JMMCV,Two year,Yes,Credit card (automatic),61-72 Months,High,Q4,730
6439-GTPCA,Month-to-month,Yes,Electronic check,25-48 Months,High,Q4,731
6621-YOBKI,Month-to-month,No,Mailed check,0-12 Months,Low,Q1,732
1216-JWVUX,Month-to-month,Yes,Electronic check,25-48 Months,High,Q3,733
7564-GHCVB,Two year,No,Bank transfer (automatic),61-72 Months,High,Q4,734
1173-NOEYG,Month-to-month,No,Bank transfer (automatic),25-48 Months,Premium,Q3,735
7595-EHCDL,Month-to-month,No,Credit card (automatic),25-48 Months,Medium,Q3,736
6647-ZEDXT,One year,No,Credit card (automatic),25-48 Months,Premium,Q3,737
2521-NPUZR,Two year,No,Credit card (automatic),61-72 Months,Premium,Q4,738
1307-TVUFB,Month-to-month,Yes,Bank transfer (automatic),25-48 Months,High,Q3,739
7503-MIOGA,Two year,Yes,Bank transfer (automatic),61-72 Months,High,Q4,740
4381-MHQDC,Two year,Yes,Mailed check,25-48 Months,Medium,Q3,741
6923-JHPMP,Month-to-month,Yes,Electronic check,0-12 Months,High,Q1,742
5138-WVKYJ,Month-to-month,No,Electronic check,0-12 Months,Premium,Q2,743
4018-PPNDW,Two year,Yes,Mailed check,61-72 Months,Low,Q3,744
1635-FJFCC,Month-to-month,Yes,Credit card (automatic),0-12 Months,Medium,Q1,745
2499-AJYUA,Two year,Yes,Credit card (automatic),61-72 Months,Premium,Q4,746
6919-ELBGL,Two year,Yes,Bank transfer (automatic),61-72 Months,Premium,Q4,747
3966-HRMZA,Month-to-month,No,Mailed check,0-12 Months,High,Q1,748
6425-JWTDV,Two year,No,Mailed check,25-48 Months,Low,Q2,749
8405-IGQFX,One year,Yes,Credit card (automatic),61-72 Months,Premium,Q4,750
8224-IVVPA,Month-to-month,Yes,Mailed check,25-48 Months,Medium,Q3,751
9477-LGWQI,Two year,Yes,Credit card (automatic),61-72 Months,High,Q4,752
1410-RSCMR,Month-to-month,Yes,Credit card (automatic),0-12 Months,High,Q2,753
3115-CZMZD,Two year,No,Mailed check,0-12 Months,Low,Q2,754
0139-IVFJG,Month-to-month,No,Electronic check,0-12 Months,Premium,Q1,755
6683-VLCTZ,Month-to-month,Yes,Electronic check,13-24 Months,Premium,Q3,756
5730-DBDSI,Two year,No,Bank transfer (automatic),61-72 Months,Low,Q2,757
0030-FNXPP,Month-to-month,No,Mailed check,0-12 Months,Low,Q1,758
2189-WWOEW,Month-to-month,Yes,Bank transfer (automatic),13-24 Months,High,Q2,759
5684-FJVYR,Two year,Yes,Bank transfer (automatic),61-72 Months,Premium,Q4,760
4013-GUXND,Month-to-month,No,Mailed check,0-12 Months,Low,Q1,761
1894-IGFSG,Month-to-month,No,Electronic check,13-24 Months,High,Q3,762
7379-POKDZ,Month-to-month,Yes,Electronic check,0-12 Months,High,Q1,763
1266-NZYUI,Two year,No,Bank transfer (automatic),61-72 Months,Medium,Q4,764
7969-FFOWG,Two year,No,Mailed check,61-72 Months,Low,Q2,765
4718-DHSMV,Month-to-month,Yes,Mailed check,0-12 Months,Medium,Q1,766
5175-WLYXL,Month-to-month,Yes,Mailed check,13-24 Months,High,Q3,767
7817-OMJNA,One year,No,Bank transfer (automatic),13-24 Months,Low,Q1,768
8728-SKJLR,Month-to-month,Yes,Electronic check,25-48 Months,High,Q3,769
3137-NYQQI,One year,No,Mailed check,13-24 Months,Medium,Q2,770
7706-DZNKK,Month-to-month,Yes,Credit card (automatic),0-12 Months,Low,Q1,771
0236-HFWSV,Month-to-month,Yes,Electronic check,13-24 Months,Premium,Q3,772
3900-AQPHZ,Month-to-month,No,Mailed check,0-12 Months,Low,Q1,773
5842-POCOP,Month-to-month,Yes,Mailed check,0-12 Months,High,Q2,774
2037-XJFUP,One year,Yes,Electronic check,25-48 Months,Premium,Q3,775
8823-RLPWL,Two year,Yes,Credit card (automatic),61-72 Months,Premium,Q4,776
9505-SQFSW,Month-to-month,No,Mailed check,0-12 Months,Medium,Q1,777
7314-OXENN,Month-to-month,Yes,Electronic check,0-12 Months,High,Q1,778
3758-CKOQL,One year,Yes,Credit card (automatic),49-60 Months,Premium,Q4,779
0322-CHQRU,Month-to-month,No,Electronic check,0-12 Months,Medium,Q1,780
5676-CFLYY,Two year,Yes,Credit card (automatic),61-72 Months,High,Q4,781
7521-AFHAB,Month-to-month,No,Mailed check,0-12 Months,Medium,Q1,782
0285-INHLN,Month-to-month,Yes,Credit card (automatic),25-48 Months,Medium,Q3,783
4678-DVQEO,Month-to-month,Yes,Electronic check,0-12 Months,Medium,Q1,784
5125-CNDSP,One year,Yes,Bank transfer (automatic),61-72 Months,Medium,Q3,785
0691-IFBQW,One year,Yes,Electronic check,25-48 Months,Premium,Q4,786
4992-LTJNE,Two year,No,Bank transfer (automatic),61-72 Months,Medium,Q4,787
2202-OUTMO,Month-to-month,Yes,Bank transfer (automatic),25-48 Months,Medium,Q3,788
0810-BDHAW,One year,No,Electronic check,13-24 Months,High,Q3,789
0229-LFJAF,Two year,No,Bank transfer (automatic),61-72 Months,Medium,Q4,790
7131-ZQZNK,Two year,No,Credit card (automatic),49-60 Months,Medium,Q3,791
3442-ZHHCC,One year,Yes,Credit card (automatic),61-72 Months,High,Q4,792
5726-CVNYA,Two year,Yes,Mailed check,0-12 Months,Low,Q1,793
9871-ELEYA,Two year,No,Credit card (automatic),25-48 Months,Medium,Q3,794
4257-GAESD,Month-to-month,No,Credit card (automatic),0-12 Months,Medium,Q1,795
5173-WXOQV,Month-to-month,Yes,Mailed check,0-12 Months,Medium,Q1,796
2040-OBMLJ,One year,No,Credit card (automatic),25-48 Months,High,Q3,797
6286-ZHAOK,Month-to-month,Yes,Bank transfer (automatic),13-24 Months,Low,Q2,798
3807-XHCJH,Month-to-month,No,Electronic check,0-12 Months,Low,Q1,799
3009-JWMPU,One year,Yes,Electronic check,61-72 Months,Premium,Q4,800
5671-RQRLP,Two year,Yes,Credit card (automatic),61-72 Months,High,Q4,801
1450-GALXR,Month-to-month,Yes,Electronic check,0-12 Months,Premium,Q2,802
8859-AXJZP,Two year,Yes,Mailed check,25-48 Months,Low,Q2,803
3174-AKMAS,Two year,Yes,Credit card (automatic),25-48 Months,Medium,Q3,804
3138-BKYAV,Month-to-month,Yes,Electronic check,0-12 Months,High,Q2,805
9926-PJHDQ,Two year,Yes,Bank transfer (automatic),61-72 Months,High,Q4,806
7382-DFJTU,Month-to-month,No,Credit card (automatic),13-24 Months,Medium,Q2,807
2798-NYLMZ,Two year,Yes,Credit card (automatic),61-72 Months,Premium,Q4,808
4289-DTDKW,Month-to-month,Yes,Electronic check,25-48 Months,Premium,Q4,809
1820-TQVEV,Month-to-month,Yes,Electronic check,0-12 Months,Medium,Q1,810
2239-JALAW,One year,Yes,Bank transfer (automatic),49-60 Months,Premium,Q4,811
4853-RULSV,Two year,Yes,Credit card (automatic),61-72 Months,Premium,Q4,812
8098-TDCBU,Two year,No,Electronic check,25-48 Months,Low,Q2,813
3551-GAEGL,One year,No,Bank transfer (automatic),25-48 Months,Low,Q2,814
4785-NKHCX,Month-to-month,No,Bank transfer (automatic),0-12 Months,Low,Q1,815
3196-NVXLZ,Month-to-month,Yes,Mailed check,25-48 Months,High,Q3,816
6275-YDUVO,Month-to-month,Yes,Mailed check,0-12 Months,High,Q1,817
0036-IHMOT,One year,Yes,Bank transfer (automatic),49-60 Months,Premium,Q4,818
0115-TFERT,Month-to-month,Yes,Electronic check,13-24 Months,Premium,Q3,819
4178-EGMON,Two year,Yes,Credit card (automatic),61-72 Months,High,Q4,820
4220-TINQT,Month-to-month,Yes,Electronic check,61-72 Months,Premium,Q4,821
5318-YKDPV,Two year,Yes,Credit card (automatic),25-48 Months,High,Q3,822
7975-TZMLR,One year,Yes,Electronic check,25-48 Months,Premium,Q4,823
0295-QVKPB,Month-to-month,Yes,Credit card (automatic),0-12 Months,Medium,Q1,824
4335-BSMJS,Two year,Yes,Credit card (automatic),61-72 Months,Low,Q3,825
2311-QYMUQ,Month-to-month,Yes,Credit card (automatic),13-24 Months,High,Q3,826
3643-AHCFP,Month-to-month,Yes,Bank transfer (automatic),0-12 Months,Premium,Q2,827
9146-JRIOX,Month-to-month,No,Mailed check,13-24 Months,Low,Q1,828
3104-OWCGK,One year,No,Electronic check,49-60 Months,Premium,Q4,829
5337-IIWKZ,Month-to-month,Yes,Electronic check,25-48 Months,Medium,Q3,830
9101-BWFSS,One year,No,Electronic check,49-60 Months,Premium,Q4,831
9650-VBUOG,Two year,No,Credit card (automatic),25-48 Months,Low,Q2,832
3487-EARAT,One year,No,Credit card (automatic),61-72 Months,High,Q4,833
2672-TGEFF,Month-to-month,Yes,Electronic check,25-48 Months,High,Q3,834
9231-ZJYAM,Month-to-month,Yes,Electronic check,0-12 Months,High,Q1,835
4250-WAROZ,Month-to-month,Yes,Electronic check,49-60 Months,Premium,Q4,836
8184-WMOFI,One year,No,Credit card (automatic),61-72 Months,High,Q4,837
6982-SSHFK,Month-to-month,No,Mailed check,0-12 Months,Medium,Q1,838
6092-QZVPP,Month-to-month,Yes,Credit card (automatic),25-48 Months,High,Q3,839
4625-LAMOB,Two year,No,Credit card (automatic),25-48 Months,Low,Q2,840
0727-BMPLR,One year,Yes,Electronic check,49-60 Months,Premium,Q4,841
0392-BZIUW,Two year,Yes,Credit card (automatic),61-72 Months,Premium,Q4,842
1038-ZAGBI,One year,No,Bank transfer (automatic),0-12 Months,Low,Q1,843
6549-NNDYT,Month-to-month,Yes,Bank transfer (automatic),13-24 Months,Low,Q1,844
3027-ZTDHO,Month-to-month,Yes,Electronic check,0-12 Months,High,Q1,845
0422-OHQHQ,One year,No,Mailed check,13-24 Months,Low,Q1,846
6916-HIJSE,Two year,Yes,Bank transfer (automatic),61-72 Months,High,Q4,847
2316-ESMLS,One year,No,Credit card (automatic),0-12 Months,Low,Q2,848
9778-OGKQZ,Two year,Yes,Credit card (automatic),61-72 Months,Premium,Q4,849
7408-OFWXJ,Two year,No,Credit card (automatic),61-72 Months,High,Q4,850
6007-TCTST,Two year,Yes,Bank transfer (automatic),61-72 Months,Premium,Q4,851
2252-NKNSI,Two year,Yes,Mailed check,49-60 Months,High,Q4,852
8713-IGZSO,Month-to-month,No,Mailed check,0-12 Months,Low,Q1,853
7905-TVXTA,Month-to-month,Yes,Electronic check,0-12 Months,Medium,Q1,854
7695-PKLCZ,Two year,No,Credit card (automatic),61-72 Months,Low,Q3,855
2382-BCKQJ,One year,Yes,Electronic check,61-72 Months,Premium,Q4,856
8374-UULRV,Two year,No,Credit card (automatic),61-72 Months,High,Q4,857
2207-NHRJK,Month-to-month,No,Electronic check,0-12 Months,Medium,Q1,858
3224-DFQNQ,One year,No,Electronic check,61-72 Months,High,Q4,859
5275-PMFUT,Two year,Yes,Credit card (automatic),61-72 Months,Medium,Q4,860
4795-UXVCJ,One year,No,Credit card (automatic),25-48 Months,Low,Q2,861
9777-IQHWP,Two year,No,Bank transfer (automatic),61-72 Months,Premium,Q4,862
0947-MUGVO,Month-to-month,Yes,Electronic check,13-24 Months,High,Q3,863
9944-HKVVB,Month-to-month,Yes,Electronic check,0-12 Months,Premium,Q1,864
4124-MMETB,Month-to-month,Yes,Credit card (automatic),13-24 Months,Premium,Q3,865
3671-SHRSP,Month-to-month,Yes,Mailed check,0-12 Months,High,Q1,866
0979-MOZQI,Two year,Yes,Bank transfer (automatic),61-72 Months,Medium,Q3,867
2732-ISEZX,Month-to-month,Yes,Mailed check,0-12 Months,Low,Q1,868
3313-QKNKB,One year,No,Electronic check,49-60 Months,High,Q4,869
0323-XWWTN,Two year,Yes,Mailed check,0-12 Months,Low,Q1,870
1937-OTUKY,Two year,Yes,Bank transfer (automatic),61-72 Months,Premium,Q4,871
1573-LGXBA,One year,Yes,Credit card (automatic),49-60 Months,Premium,Q4,872
1764-VUUMT,Two year,No,Credit card (automatic),61-72 Months,Low,Q2,873
5073-WXOYN,Month-to-month,Yes,Electronic check,49-60 Months,Medium,Q3,874
4713-ZBURT,Two year,No,Bank transfer (automatic),25-48 Months,Premium,Q4,875
3050-GBUSH,Month-to-month,Yes,Credit card (automatic),0-12 Months,Low,Q1,876
0207-MDKNV,Month-to-month,No,Electronic check,13-24 Months,Premium,Q3,877
7876-AEHIG,One year,No,Bank transfer (automatic),49-60 Months,Medium,Q3,878
7945-HLKEA,One year,No,Electronic check,49-60 Months,Medium,Q4,879
9342-VNIMQ,Month-to-month,Yes,Bank transfer (automatic),25-48 Months,Medium,Q3,880
9851-KIELU,Month-to-month,Yes,Electronic check,0-12 Months,Premium,Q2,881
3523-BRGUW,One year,No,Credit card (automatic),25-48 Months,Low,Q2,882
3908-BLSYF,Month-to-month,No,Electronic check,0-12 Months,High,Q2,883
3199-NPKCN,One year,Yes,Electronic check,61-72 Months,Premium,Q4,884
5170-PTRKA,One year,Yes,Credit card (automatic),49-60 Months,Medium,Q3,885
4661-NJEUX,Month-to-month,Yes,Mailed check,0-12 Months,Low,Q1,886
2123-AGEEN,Month-to-month,Yes,Electronic check,0-12 Months,High,Q2,887
1258-YMZNM,One year,Yes,Bank transfer (automatic),25-48 Months,Premium,Q3,888
0048-LUMLS,One year,No,Credit card (automatic),25-48 Months,Premium,Q3,889
7549-MYGPK,Month-to-month,Yes,Electronic check,61-72 Months,Premium,Q4,890
5898-IGSLP,Month-to-month,No,Electronic check,25-48 Months,High,Q3,891
3804-RVTGV,Month-to-month,Yes,Bank transfer (automatic),49-60 Months,Premium,Q4,892
6259-WJQLC,Month-to-month,Yes,Credit card (automatic),25-48 Months,High,Q3,893
9227-LUNBG,Month-to-month,No,Electronic check,0-12 Months,Low,Q1,894
7997-EASSD,One year,Yes,Credit card (automatic),61-72 Months,High,Q4,895
0730-KOAVE,Month-to-month,Yes,Credit card (automatic),25-48 Months,Premium,Q3,896
8975-SKGRX,Two year,Yes,Bank transfer (automatic),61-72 Months,Premium,Q4,897
0678-RLHVP,Two year,No,Electronic check,49-60 Months,Premium,Q4,898
4315-MURBD,Month-to-month,Yes,Bank transfer (automatic),0-12 Months,Premium,Q2,899
2267-FPIMA,Month-to-month,Yes,Credit card (automatic),49-60 Months,Premium,Q4,900
1051-GEJLJ,Month-to-month,No,Mailed check,0-12 Months,Low,Q1,901
9734-YWGEX,Month-to-month,No,Credit card (automatic),0-12 Months,Premium,Q2,902
2719-BDAQO,Month-to-month,No,Electronic check,13-24 Months,Premium,Q3,903
5285-MVEHD,One year,Yes,Credit card (automatic),49-60 Months,Premium,Q4,904
0379-DJQHR,Two year,No,Credit card (automatic),61-72 Months,High,Q4,905
0781-LKXBR,Month-to-month,Yes,Electronic check,0-12 Months,Premium,Q2,906
5543-QDCRY,Month-to-month,Yes,Electronic check,0-12 Months,Medium,Q1,907
0297-RBCSG,One year,Yes,Bank transfer (automatic),13-24 Months,Medium,Q2,908
4694-PHWFW,Month-to-month,No,Mailed check,0-12 Months,Low,Q1,909
0835-JKADZ,Two year,Yes,Electronic check,61-72 Months,Premium,Q4,910
1907-UBQFC,Month-to-month,Yes,Electronic check,0-12 Months,High,Q2,911
7508-SMHXL,Month-to-month,No,Credit card (automatic),13-24 Months,High,Q2,912
3865-YIOTT,One year,Yes,Bank transfer (automatic),61-72 Months,Premium,Q4,913
5993-BQHEA,One year,No,Credit card (automatic),0-12 Months,Low,Q1,914
6024-RUGGH,Two year,Yes,Bank transfer (automatic),61-72 Months,Low,Q3,915
6513-EECDB,Month-to-month,Yes,Electronic check,0-12 Months,High,Q1,916
3956-CJUST,Month-to-month,Yes,Bank transfer (automatic),13-24 Months,High,Q3,917
4079-WWQQQ,Two year,Yes,Bank transfer (automatic),61-72 Months,Medium,Q4,918
6103-BOCOU,Month-to-month,Yes,Electronic check,25-48 Months,High,Q3,919
5149-TGWDZ,One year,Yes,Mailed check,13-24 Months,Premium,Q3,920
7471-WNSUF,One year,No,Bank transfer (automatic),49-60 Months,Low,Q3,921
8942-DBMHZ,Month-to-month,No,Mailed check,0-12 Months,Low,Q1,922
4301-VVZKA,Month-to-month,Yes,Electronic check,13-24 Months,High,Q2,923
9199-PWQVC,One year,Yes,Credit card (automatic),61-72 Months,High,Q4,924
4824-GUCBY,Month-to-month,No,Electronic check,13-24 Months,High,Q3,925
5393-HJZSM,Month-to-month,No,Bank transfer (automatic),25-48 Months,High,Q3,926
7074-IEVOJ,Month-to-month,Yes,Electronic check,0-12 Months,High,Q1,927
9625-QSTYE,Month-to-month,Yes,Electronic check,13-24 Months,High,Q2,928
0862-PRCBS,Two year,Yes,Credit card (automatic),61-72 Months,Premium,Q4,929
8812-ZRHFP,One year,No,Electronic check,25-48 Months,High,Q3,930
5146-CBVOE,Month-to-month,No,Bank transfer (automatic),13-24 Months,High,Q2,931
0454-OKRCT,Two year,No,Bank transfer (automatic),25-48 Months,High,Q3,932
5787-KXGIY,Two year,No,Credit card (automatic),61-72 Months,Low,Q2,933
4750-ZRXIU,Month-to-month,Yes,Electronic check,0-12 Months,High,Q1,934
4198-VFOEA,One year,Yes,Mailed check,0-12 Months,Low,Q2,935
6630-UJZMY,Month-to-month,Yes,Electronic check,0-12 Months,High,Q1,936
5709-LVOEQ,Two year,No,Mailed check,0-12 Months,High,Q2,937
6400-BWQKW,Month-to-month,Yes,Electronic check,0-12 Months,High,Q2,938
2692-AQCPF,One year,Yes,Credit card (automatic),61-72 Months,Premium,Q4,939
0347-UBKUZ,Month-to-month,No,Mailed check,13-24 Months,Low,Q1,940
0835-DUUIQ,One year,No,Bank transfer (automatic),13-24 Months,Low,Q2,941
0811-GSDTP,Month-to-month,No,Electronic check,13-24 Months,Low,Q1,942
7567-ECMCM,Month-to-month,Yes,Credit card (automatic),13-24 Months,High,Q3,943
6115-ZTBFQ,Two year,No,Bank transfer (automatic),61-72 Months,Medium,Q4,944
6353-BRMMA,Month-to-month,Yes,Bank transfer (automatic),49-60 Months,Premium,Q4,945
6680-WKXRZ,Month-to-month,No,Bank transfer (automatic),0-12 Months,High,Q1,946
6231-WFGFH,Month-to-month,Yes,Mailed check,0-12 Months,Low,Q1,947
9904-EHEVJ,Month-to-month,Yes,Mailed check,25-48 Months,Premium,Q3,948
7028-DVOIQ,Month-to-month,Yes,Electronic check,25-48 Months,Premium,Q3,949
6169-PPETC,Two year,No,Bank transfer (automatic),25-48 Months,Low,Q2,950
4208-UFFGW,Month-to-month,No,Mailed check,0-12 Months,Medium,Q1,951
8584-KMVXD,Month-to-month,No,Electronic check,0-12 Months,High,Q2,952
8467-WYNSR,Month-to-month,No,Mailed check,13-24 Months,Medium,Q2,953
0851-DFJKB,Month-to-month,No,Electronic check,13-24 Months,Medium,Q2,954
5382-SOYZL,Month-to-month,Yes,Electronic check,13-24 Months,Premium,Q3,955
9448-REEVD,Month-to-month,No,Credit card (automatic),0-12 Months,Medium,Q1,956
3261-CQXOL,Two year,No,Bank transfer (automatic),61-72 Months,Low,Q3,957
8388-FYNPZ,Month-to-month,No,Electronic check,0-12 Months,Medium,Q1,958
4002-BQWPQ,Month-to-month,No,Bank transfer (automatic),25-48 Months,High,Q3,959
5651-YLPRD,Month-to-month,Yes,Electronic check,25-48 Months,High,Q3,960
2826-DXLQO,Month-to-month,No,Bank transfer (automatic),0-12 Months,Low,Q1,961
4378-BZYFP,One year,Yes,Mailed check,13-24 Months,Low,Q1,962
9489-UTFKA,Month-to-month,No,Bank transfer (automatic),0-12 Months,Medium,Q2,963
4849-PYRLQ,Two year,No,Bank transfer (automatic),49-60 Months,High,Q4,964
9117-SHLZX,Month-to-month,Yes,Mailed check,0-12 Months,Medium,Q1,965
9889-TMAHG,Month-to-month,No,Credit card (automatic),0-12 Months,Premium,Q2,966
4541-RMRLG,Month-to-month,No,Electronic check,0-12 Months,Low,Q1,967
7764-BDPEE,Month-to-month,No,Mailed check,0-12 Months,Low,Q1,968
3429-IFLEM,Two year,No,Credit card (automatic),61-72 Months,High,Q4,969
3158-MOERK,Month-to-month,Yes,Electronic check,0-12 Months,Premium,Q1,970
7294-TMAOP,Month-to-month,No,Electronic check,0-12 Months,Premium,Q1,971
5002-GCQFH,Month-to-month,Yes,Bank transfer (automatic),49-60 Months,Premium,Q4,972
0556-FJEGU,Two year,No,Bank transfer (automatic),49-60 Months,High,Q4,973
8919-FYFQZ,Month-to-month,Yes,Electronic check,25-48 Months,Low,Q2,974
0604-THJFP,Two year,Yes,Credit card (automatic),49-60 Months,High,Q4,975
2834-JRTUA,Two year,Yes,Electronic check,61-72 Months,Premium,Q4,976
5875-YPQFJ,Month-to-month,Yes,Electronic check,0-12 Months,Medium,Q1,977
5879-SESNB,Month-to-month,No,Electronic check,0-12 Months,High,Q2,978
6646-QVXLR,One year,Yes,Electronic check,61-72 Months,Premium,Q4,979
6461-PPAXN,One year,Yes,Bank transfer (automatic),25-48 Months,Medium,Q3,980
3318-ISQFQ,Month-to-month,Yes,Bank transfer (automatic),13-24 Months,Low,Q2,981
1106-HRLKZ,Two year,No,Mailed check,25-48 Months,Low,Q2,982
2483-XSSMZ,One year,Yes,Electronic check,25-48 Months,Medium,Q3,983
8603-IJWDN,Month-to-month,Yes,Electronic check,0-12 Months,High,Q1,984
8165-ZJRNM,Two year,No,Bank transfer (automatic),61-72 Months,Low,Q3,985
9369-XFEHK,Month-to-month,Yes,Bank transfer (automatic),25-48 Months,High,Q3,986
2604-XVDAM,Month-to-month,No,Bank transfer (automatic),0-12 Months,Medium,Q2,987
3717-OFRTN,Month-to-month,No,Bank transfer (automatic),0-12 Months,Low,Q1,988
9046-JBFWA,Month-to-month,No,Mailed check,25-48 Months,Low,Q2,989
3280-NMUVX,One year,No,Credit card (automatic),25-48 Months,Low,Q2,990
1206-EHBDD,Two year,No,Bank transfer (automatic),49-60 Months,High,Q4,991
8361-LBRDI,Two year,No,Credit card (automatic),49-60 Months,Low,Q3,992
4883-KCPZJ,Two year,No,Credit card (automatic),13-24 Months,Low,Q2,993
9108-EQPNQ,Two year,No,Credit card (automatic),0-12 Months,Low,Q1,994
7277-KAMWT,Two year,No,Credit card (automatic),13-24 Months,Low,Q1,995
3842-IYKUE,Month-to-month,No,Credit card (automatic),25-48 Months,High,Q3,996
6641-XRPSU,Month-to-month,Yes,Credit card (automatic),25-48 Months,Medium,Q3,997
1374-DMZUI,Month-to-month,Yes,Electronic check,0-12 Months,Premium,Q2,998
2545-LXYVJ,Two year,No,Bank transfer (automatic),61-72 Months,Low,Q3,999
3234-VKACU,Month-to-month,No,Electronic check,0-12 Months,High,Q1,1000
8357-EQXFO,Month-to-month,Yes,Electronic check,0-12 Months,Premium,Q2,1001
1989-PRJHP,Month-to-month,Yes,Electronic check,25-48 Months,High,Q3,1002
8120-JDCAM,Month-to-month,Yes,Mailed check,0-12 Months,Medium,Q1,1003
8917-FAEMR,Two year,No,Mailed check,25-48 Months,Low,Q2,1004
7047-YXDMZ,Month-to-month,No,Mailed check,13-24 Months,Low,Q2,1005
2858-EIMXH,One year,Yes,Credit card (automatic),49-60 Months,Premium,Q4,1006
9524-EGPJC,Month-to-month,Yes,Electronic check,13-24 Months,Premium,Q3,1007
6993-OHLXR,Month-to-month,No,Electronic check,0-12 Months,Medium,Q1,1008
8818-XYFCQ,Month-to-month,Yes,Credit card (automatic),25-48 Months,Premium,Q3,1009
6419-ZTTLE,One year,Yes,Electronic check,13-24 Months,Low,Q2,1010
0929-HYQEW,Month-to-month,Yes,Mailed check,0-12 Months,Medium,Q1,1011
6614-YOLAC,Two year,No,Mailed check,61-72 Months,Medium,Q4,1012
7426-RHZGU,Month-to-month,Yes,Bank transfer (automatic),0-12 Months,Premium,Q2,1013
4065-JJAVA,Month-to-month,No,Electronic check,0-12 Months,Medium,Q1,1014
4695-VADHF,Month-to-month,No,Electronic check,13-24 Months,Medium,Q2,1015
3863-IUBJR,One year,No,Credit card (automatic),0-12 Months,Medium,Q2,1016
7649-SIJJF,Two year,Yes,Mailed check,61-72 Months,High,Q4,1017
9361-YNQWJ,One year,Yes,Bank transfer (automatic),61-72 Months,Low,Q3,1018
3748-FVMZZ,Month-to-month,Yes,Electronic check,0-12 Months,Medium,Q1,1019
9391-TTOYH,Month-to-month,Yes,Mailed check,13-24 Months,Low,Q2,1020
1452-XRSJV,Month-to-month,No,Credit card (automatic),25-48 Months,Medium,Q3,1021
3422-WJOYD,One year,No,Mailed check,25-48 Months,Medium,Q3,1022
8242-SOQUO,Month-to-month,Yes,Electronic check,0-12 Months,High,Q1,1023
7460-ITWWP,Month-to-month,Yes,Electronic check,25-48 Months,High,Q4,1024
7147-AYBAA,Month-to-month,Yes,Mailed check,25-48 Months,High,Q3,1025
7868-TMWMZ,Two year,Yes,Bank transfer (automatic),49-60 Months,Premium,Q4,1026
4822-RVYBB,Month-to-month,Yes,Electronic check,0-12 Months,Premium,Q2,1027
6732-FZUGP,One year,No,Credit card (automatic),25-48 Months,Premium,Q4,1028
8436-BJUMM,Month-to-month,Yes,Electronic check,25-48 Months,High,Q3,1029
4184-TJFAN,Month-to-month,Yes,Mailed check,0-12 Months,High,Q1,1030
8329-GWVPJ,Month-to-month,Yes,Bank transfer (automatic),49-60 Months,Medium,Q3,1031
1352-VHKAJ,Month-to-month,No,Bank transfer (automatic),25-48 Months,High,Q3,1032
4145-UQXUQ,Month-to-month,Yes,Electronic check,0-12 Months,Premium,Q2,1033
2632-TACXW,Two year,No,Bank transfer (automatic),61-72 Months,Low,Q3,1034
8146-QQKZH,Two year,No,Bank transfer (automatic),61-72 Months,High,Q4,1035
1767-CJKBA,Two year,No,Mailed check,61-72 Months,Low,Q3,1036
6445-TNRXS,Two year,Yes,Bank transfer (automatic),61-72 Months,Premium,Q4,1037
4581-LNWUM,Month-to-month,No,Electronic check,13-24 Months,Medium,Q2,1038
4869-EPIUS,One year,Yes,Electronic check,49-60 Months,High,Q4,1039
9948-YPTDG,Month-to-month,Yes,Electronic check,25-48 Months,High,Q3,1040
1236-WFCDV,Month-to-month,No,Credit card (automatic),13-24 Months,Premium,Q2,1041
1915-OAKWD,One year,Yes,Bank transfer (automatic),13-24 Months,Low,Q1,1042
7296-PIXQY,Month-to-month,No,Electronic check,13-24 Months,High,Q2,1043
4883-QICIH,Month-to-month,Yes,Bank transfer (automatic),25-48 Months,Medium,Q3,1044
3354-OADJP,One year,No,Bank transfer (automatic),0-12 Months,Medium,Q2,1045
3524-WQDSG,Month-to-month,Yes,Bank transfer (automatic),25-48 Months,Premium,Q4,1046
0810-DHDBD,One year,No,Credit card (automatic),49-60 Months,High,Q4,1047
4026-SKKHW,Month-to-month,Yes,Mailed check,0-12 Months,Medium,Q1,1048
2829-HYVZP,One year,Yes,Mailed check,25-48 Months,Low,Q2,1049
8329-IBCTI,Month-to-month,No,Mailed check,0-12 Months,Low,Q1,1050
1271-SJBGZ,Month-to-month,Yes,Electronic check,0-12 Months,Medium,Q2,1051
3845-JHAMY,Month-to-month,Yes,Credit card (automatic),13-24 Months,Medium,Q2,1052
7013-PSXHK,One year,Yes,Mailed check,25-48 Months,High,Q3,1053
5669-SRAIP,Month-to-month,No,Electronic check,0-12 Months,Medium,Q1,1054
5981-ITEMU,Month-to-month,Yes,Bank transfer (automatic),25-48 Months,Premium,Q3,1055
3486-NPGST,One year,No,Mailed check,25-48 Months,Low,Q2,1056
6941-PMGEP,Month-to-month,Yes,Electronic check,0-12 Months,High,Q2,1057
1624-WOIWJ,Month-to-month,Yes,Mailed check,0-12 Months,High,Q2,1058
2074-GKOWZ,Month-to-month,Yes,Bank transfer (automatic),0-12 Months,High,Q1,1059
0376-YMCJC,Month-to-month,Yes,Electronic check,13-24 Months,Premium,Q3,1060
6100-FJZDG,One year,Yes,Bank transfer (automatic),25-48 Months,Low,Q2,1061
4829-ZLJTK,Two year,Yes,Electronic check,61-72 Months,Premium,Q4,1062
1730-VFMWO,Month-to-month,No,Bank transfer (automatic),25-48 Months,Medium,Q3,1063
7143-BQIBA,Month-to-month,No,Bank transfer (automatic),0-12 Months,Medium,Q2,1064
3800-LYTRK,One year,No,Mailed check,13-24 Months,Medium,Q2,1065
0634-SZPQA,Month-to-month,Yes,Bank transfer (automatic),13-24 Months,Premium,Q3,1066
9646-NMHXE,Two year,No,Mailed check,25-48 Months,Low,Q2,1067
7030-NJVDP,Month-to-month,Yes,Electronic check,13-24 Months,High,Q3,1068
5536-RTPWK,Month-to-month,Yes,Bank transfer (automatic),49-60 Months,Premium,Q4,1069
8883-GRDWQ,One year,No,Mailed check,13-24 Months,Medium,Q2,1070
6166-ILMNY,Month-to-month,No,Bank transfer (automatic),0-12 Months,Medium,Q1,1071
3097-NNSPB,Month-to-month,Yes,Credit card (automatic),0-12 Months,Medium,Q1,1072
7771-ZONAT,Two year,No,Bank transfer (automatic),13-24 Months,Medium,Q2,1073
0655-RBDUG,Month-to-month,Yes,Bank transfer (automatic),0-12 Months,Premium,Q2,1074
2111-DWYHN,Month-to-month,No,Mailed check,0-12 Months,Low,Q1,1075
4194-WHFCB,Month-to-month,Yes,Bank transfer (automatic),49-60 Months,Premium,Q4,1076
4121-AGSIN,One year,Yes,Credit card (automatic),49-60 Months,Low,Q3,1077
4361-BKAXE,Month-to-month,Yes,Bank transfer (automatic),25-48 Months,Premium,Q4,1078
9845-PEEKO,Two year,Yes,Credit card (automatic),49-60 Months,High,Q4,1079
0455-XFASS,Month-to-month,Yes,Electronic check,0-12 Months,Medium,Q1,1080
0301-KOBTQ,Two year,Yes,Bank transfer (automatic),25-48 Months,Low,Q2,1081
1751-NCDLI,Month-to-month,Yes,Electronic check,25-48 Months,Premium,Q4,1082
4367-NUYAO,Two year,No,Mailed check,0-12 Months,Low,Q2,1083
9878-TNQGW,Month-to-month,Yes,Electronic check,0-12 Months,High,Q1,1084
9170-ARBTB,One year,No,Credit card (automatic),49-60 Months,Low,Q2,1085
4441-NIHPT,Month-to-month,Yes,Electronic check,13-24 Months,High,Q2,1086
8999-BOHSE,Month-to-month,No,Bank transfer (automatic),0-12 Months,High,Q2,1087
7241-AJHFS,Month-to-month,No,Bank transfer (automatic),25-48 Months,High,Q3,1088
7029-RPUAV,Month-to-month,Yes,Credit card (automatic),13-24 Months,Premium,Q3,1089
4546-FOKWR,Month-to-month,Yes,Credit card (automatic),13-24 Months,High,Q2,1090
9036-CSKBW,One year,No,Bank transfer (automatic),49-60 Months,Premium,Q4,1091
5832-TRLPB,One year,Yes,Bank transfer (automatic),25-48 Months,High,Q3,1092
8590-YFFQO,Two year,No,Credit card (automatic),61-72 Months,Medium,Q4,1093
8659-IOOPU,Two year,No,Electronic check,61-72 Months,Premium,Q4,1094
1338-CECEE,One year,No,Bank transfer (automatic),25-48 Months,Medium,Q3,1095
7439-DKZTW,Month-to-month,Yes,Electronic check,0-12 Months,High,Q1,1096
4646-QZXTF,Month-to-month,No,Bank transfer (automatic),0-12 Months,High,Q2,1097
4607-CHPCA,One year,Yes,Electronic check,25-48 Months,Premium,Q3,1098
9742-XOKTS,One year,No,Electronic check,61-72 Months,High,Q4,1099
6921-OZMFH,Month-to-month,Yes,Mailed check,0-12 Months,Medium,Q1,1100
9578-FOMUK,Month-to-month,Yes,Electronic check,13-24 Months,Low,Q1,1101
4712-UYOOI,Month-to-month,No,Electronic check,13-24 Months,Low,Q2,1102
8824-RWFXJ,Month-to-month,Yes,Mailed check,0-12 Months,Medium,Q1,1103
7722-CVFXN,One year,Yes,Electronic check,49-60 Months,Premium,Q4,1104
8717-VCTXJ,One year,Yes,Mailed check,25-48 Months,Low,Q2,1105
7363-QTBIW,Month-to-month,Yes,Electronic check,0-12 Months,High,Q2,1106
4159-NAAIX,Two year,No,Bank transfer (automatic),61-72 Months,Premium,Q4,1107
0971-QIFJK,Two year,No,Bank transfer (automatic),61-72 Months,Low,Q3,1108
9397-TZSHA,Two year,No,Credit card (automatic),61-72 Months,Low,Q3,1109
3391-JSQEW,Month-to-month,Yes,Mailed check,25-48 Months,Medium,Q3,1110
0343-QLUZP,Two year,No,Bank transfer (automatic),49-60 Months,Medium,Q3,1111
9763-PDTKK,Month-to-month,Yes,Bank transfer (automatic),0-12 Months,Premium,Q1,1112
2176-LVPNX,Two year,No,Mailed check,61-72 Months,High,Q4,1113
7627-JKIAZ,Month-to-month,Yes,Credit card (automatic),25-48 Months,High,Q3,1114
3312-UUMZW,Month-to-month,Yes,Credit card (automatic),25-48 Months,Premium,Q3,1115
1271-UODNO,Two year,Yes,Credit card (automatic),25-48 Months,Medium,Q3,1116
8461-EFQYM,One year,Yes,Electronic check,25-48 Months,Low,Q2,1117
6900-RBKER,Two year,Yes,Credit card (automatic),49-60 Months,High,Q4,1118
6891-JPYFF,Month-to-month,Yes,Credit card (automatic),25-48 Months,Premium,Q4,1119
1459-QNFQT,Two year,No,Bank transfer (automatic),61-72 Months,Medium,Q4,1120
1047-NNCBF,Month-to-month,No,Credit card (automatic),13-24 Months,High,Q3,1121
3696-XRIEN,One year,Yes,Credit card (automatic),49-60 Months,High,Q4,1122
4081-DYXAV,One year,Yes,Credit card (automatic),13-24 Months,Medium,Q2,1123
0074-HDKDG,One year,Yes,Bank transfer (automatic),25-48 Months,Medium,Q3,1124
8791-GFXLZ,Month-to-month,Yes,Bank transfer (automatic),0-12 Months,Medium,Q2,1125
8111-SLLHI,Month-to-month,Yes,Electronic check,25-48 Months,Premium,Q4,1126
0927-LCSMG,Month-to-month,No,Mailed check,0-12 Months,High,Q2,1127
9330-DHBFL,One year,Yes,Mailed check,13-24 Months,Medium,Q3,1128
0098-BOWSO,Month-to-month,Yes,Electronic check,25-48 Months,Low,Q2,1129
3452-ABWRL,Month-to-month,Yes,Credit card (automatic),25-48 Months,High,Q4,1130
5859-HZYLF,Two year,Yes,Credit card (automatic),25-48 Months,Low,Q2,1131
8257-RZAHR,Month-to-month,Yes,Bank transfer (automatic),13-24 Months,Medium,Q2,1132
5293-WXJAK,Month-to-month,Yes,Bank transfer (automatic),0-12 Months,Premium,Q2,1133
3156-QLHBO,Month-to-month,No,Mailed check,0-12 Months,Low,Q1,1134
2208-NQBCT,Month-to-month,No,Electronic check,25-48 Months,High,Q3,1135
1779-PWPMG,Two year,Yes,Bank transfer (automatic),61-72 Months,Premium,Q4,1136
6621-NRZAK,Two year,No,Credit card (automatic),61-72 Months,Low,Q2,1137
0831-JNISG,Two year,No,Mailed check,61-72 Months,Low,Q2,1138
0774-IFUVM,Month-to-month,Yes,Bank transfer (automatic),0-12 Months,Medium,Q2,1139
3082-WQRVY,One year,No,Mailed check,13-24 Months,Low,Q1,1140
9553-DLCLU,Two year,No,Credit card (automatic),13-24 Months,High,Q2,1141
1641-BYBTK,Month-to-month,Yes,Mailed check,0-12 Months,Low,Q1,1142
2460-NGXBJ,Month-to-month,Yes,Credit card (automatic),0-12 Months,High,Q2,1143
2446-ZKVAF,Month-to-month,No,Credit card (automatic),13-24 Months,Medium,Q2,1144
0841-NULXI,Month-to-month,Yes,Electronic check,0-12 Months,Medium,Q1,1145
3522-CDKHF,Month-to-month,Yes,Bank transfer (automatic),25-48 Months,High,Q3,1146
1430-SFQSA,One year,No,Mailed check,25-48 Months,Medium,Q2,1147
0411-EZJZE,Month-to-month,Yes,Electronic check,0-12 Months,Medium,Q1,1148
7851-WZEKY,Month-to-month,Yes,Electronic check,0-12 Months,Premium,Q1,1149
8844-TONUD,Month-to-month,Yes,Mailed check,13-24 Months,Premium,Q2,1150
8807-ARQET,Month-to-month,Yes,Electronic check,25-48 Months,Medium,Q3,1151
8992-CEUEN,Month-to-month,No,Electronic check,0-12 Months,Low,Q1,1152
4320-QMLLA,Month-to-month,No,Mailed check,0-12 Months,Medium,Q1,1153
8777-PVYGU,One year,Yes,Mailed check,49-60 Months,Medium,Q3,1154
8292-ITGYJ,Two year,Yes,Bank transfer (automatic),25-48 Months,Low,Q2,1155
6870-ZWMNX,Two year,No,Credit card (automatic),61-72 Months,High,Q4,1156
0621-CXBKL,Two year,No,Mailed check,49-60 Months,Low,Q2,1157
5268-DSMNQ,One year,Yes,Credit card (automatic),61-72 Months,Premium,Q4,1158
5334-JLAXU,Month-to-month,Yes,Credit card (automatic),49-60 Months,Premium,Q4,1159
4086-YQSNZ,Month-to-month,Yes,Electronic check,0-12 Months,High,Q1,1160
6242-MBHPK,Month-to-month,Yes,Electronic check,13-24 Months,Premium,Q3,1161
5868-CZJDR,Month-to-month,Yes,Mailed check,0-12 Months,Low,Q1,1162
9359-UGBTK,One year,Yes,Bank transfer (automatic),61-72 Months,High,Q4,1163
0135-NMXAP,Month-to-month,Yes,Bank transfer (automatic),0-12 Months,High,Q2,1164
4782-OSFXZ,Two year,Yes,Bank transfer (automatic),61-72 Months,High,Q4,1165
6479-OAUSD,One year,No,Credit card (automatic),25-48 Months,Low,Q2,1166
7129-ACFOG,Month-to-month,Yes,Electronic check,0-12 Months,Medium,Q1,1167
4189-NAKJS,One year,Yes,Credit card (automatic),25-48 Months,Medium,Q2,1168
5562-BETPV,One year,No,Mailed check,0-12 Months,Low,Q1,1169
1282-IHQAC,One year,Yes,Credit card (automatic),61-72 Months,Medium,Q3,1170
9127-FHJBZ,Two year,Yes,Electronic check,61-72 Months,Premium,Q4,1171
6270-OMFIW,One year,Yes,Electronic check,49-60 Months,Premium,Q4,1172
1641-RQDAY,Month-to-month,Yes,Electronic check,25-48 Months,Premium,Q3,1173
0107-WESLM,Month-to-month,Yes,Electronic check,0-12 Months,Low,Q1,1174
6994-ORCWG,One year,Yes,Mailed check,13-24 Months,Medium,Q2,1175
1346-UFHAX,Month-to-month,Yes,Credit card (automatic),13-24 Months,High,Q2,1176
3992-YWPKO,Month-to-month,Yes,Credit card (automatic),0-12 Months,Premium,Q2,1177
2933-XEUJM,Two year,No,Mailed check,25-48 Months,High,Q3,1178
0125-LZQXK,Month-to-month,Yes,Electronic check,13-24 Months,Premium,Q3,1179
5461-QKNTN,Month-to-month,Yes,Electronic check,25-48 Months,Premium,Q4,1180
4835-YSJMR,Two year,Yes,Bank transfer (automatic),25-48 Months,Medium,Q3,1181
8399-YNDCH,Month-to-month,Yes,Bank transfer (automatic),13-24 Months,Medium,Q2,1182
3164-YAXFY,Month-to-month,Yes,Electronic check,49-60 Months,Medium,Q3,1183
0887-WBJVH,One year,Yes,Electronic check,49-60 Months,Premium,Q4,1184
4660-IRIBM,Month-to-month,Yes,Mailed check,13-24 Months,High,Q3,1185
5673-FSSMF,Month-to-month,Yes,Electronic check,0-12 Months,Medium,Q1,1186
7670-ZBPOQ,One year,Yes,Bank transfer (automatic),49-60 Months,Medium,Q3,1187
8089-UZWLX,Two year,No,Bank transfer (automatic),61-72 Months,Premium,Q4,1188
0080-OROZO,One year,Yes,Electronic check,25-48 Months,Premium,Q3,1189
3916-NRPAP,Month-to-month,No,Credit card (automatic),0-12 Months,High,Q1,1190
6807-SIWJI,One year,Yes,Electronic check,25-48 Months,Premium,Q4,1191
8221-HVAYI,Two year,Yes,Credit card (automatic),25-48 Months,Medium,Q3,1192
1579-KLYDT,Month-to-month,Yes,Electronic check,0-12 Months,Premium,Q2,1193
5232-NXPAY,Two year,No,Mailed check,25-48 Months,High,Q3,1194
8967-SZQAS,Month-to-month,No,Electronic check,13-24 Months,Medium,Q2,1195
4468-KAZHE,Month-to-month,Yes,Electronic check,13-24 Months,Medium,Q2,1196
0455-ENTCR,Two year,No,Electronic check,61-72 Months,High,Q4,1197
8944-AILEF,Month-to-month,Yes,Credit card (automatic),13-24 Months,Low,Q1,1198
5542-NKVRU,Two year,Yes,Bank transfer (automatic),25-48 Months,Low,Q2,1199
7126-RBHSD,Month-to-month,No,Electronic check,13-24 Months,High,Q2,1200
5370-IIVVL,One year,Yes,Credit card (automatic),25-48 Months,Premium,Q3,1201
6789-HJBWG,Month-to-month,Yes,Electronic check,0-12 Months,Medium,Q2,1202
3927-NLNRY,One year,Yes,Bank transfer (automatic),49-60 Months,Premium,Q4,1203
9087-EYCPR,Two year,No,Mailed check,49-60 Months,Low,Q3,1204
6791-YBNAK,Month-to-month,No,Credit card (automatic),13-24 Months,Low,Q2,1205
6358-LYNGM,Month-to-month,Yes,Electronic check,0-12 Months,High,Q1,1206
6077-BDPXA,Month-to-month,Yes,Electronic check,0-12 Months,High,Q1,1207
0013-MHZWF,Month-to-month,Yes,Credit card (automatic),0-12 Months,Medium,Q2,1208
5494-HECPR,Month-to-month,Yes,Electronic check,0-12 Months,High,Q1,1209
8268-YDIXR,One year,Yes,Electronic check,49-60 Months,Premium,Q4,1210
9824-BEMCV,Month-to-month,Yes,Electronic check,13-24 Months,Medium,Q2,1211
1373-ORVIZ,Month-to-month,Yes,Electronic check,0-12 Months,Medium,Q2,1212
4291-SHSBH,Month-to-month,Yes,Electronic check,0-12 Months,Medium,Q2,1213
6980-IMXXE,Two year,No,Bank transfer (automatic),61-72 Months,Low,Q3,1214
9866-QEVEE,Month-to-month,Yes,Bank transfer (automatic),13-24 Months,High,Q3,1215
9897-KXHCM,Month-to-month,Yes,Electronic check,0-12 Months,High,Q1,1216
0040-HALCW,Two year,No,Credit card (automatic),49-60 Months,Low,Q2,1217
0784-GTUUK,One year,Yes,Credit card (automatic),61-72 Months,Low,Q3,1218
7979-CORPM,Month-to-month,Yes,Credit card (automatic),13-24 Months,Premium,Q3,1219
2294-DMMUS,Month-to-month,Yes,Credit card (automatic),61-72 Months,High,Q4,1220
0872-JCPIB,Month-to-month,No,Bank transfer (automatic),13-24 Months,Medium,Q2,1221
3055-MJDSB,Month-to-month,Yes,Mailed check,0-12 Months,Low,Q1,1222
9091-WTUUY,Two year,No,Mailed check,61-72 Months,Medium,Q4,1223
1618-CFHME,Month-to-month,Yes,Electronic check,0-12 Months,High,Q1,1224
3165-HDOEW,Month-to-month,Yes,Mailed check,0-12 Months,Medium,Q1,1225
6581-NQCBA,Month-to-month,Yes,Electronic check,13-24 Months,Medium,Q2,1226
7115-IRDHS,Two year,No,Bank transfer (automatic),61-72 Months,Low,Q3,1227
8496-DMZUK,One year,No,Bank transfer (automatic),25-48 Months,Premium,Q3,1228
2040-VZIKE,Month-to-month,Yes,Mailed check,49-60 Months,Premium,Q4,1229
9068-VPWQQ,Two year,No,Credit card (automatic),61-72 Months,High,Q4,1230
0178-SZBHO,Month-to-month,No,Electronic check,25-48 Months,High,Q4,1231
0384-RVBPI,Month-to-month,No,Credit card (automatic),13-24 Months,Medium,Q3,1232
1689-MRZQR,Month-to-month,No,Electronic check,25-48 Months,High,Q3,1233
1299-AURJA,Two year,No,Bank transfer (automatic),61-72 Months,Low,Q3,1234
4525-VZCZG,One year,Yes,Electronic check,49-60 Months,Premium,Q4,1235
1543-LLLFT,One year,Yes,Mailed check,61-72 Months,Premium,Q4,1236
5835-BEQEU,Month-to-month,Yes,Electronic check,0-12 Months,High,Q1,1237
2788-CJQAQ,One year,No,Mailed check,13-24 Months,Low,Q1,1238
5565-FILXA,Month-to-month,Yes,Electronic check,13-24 Months,Premium,Q3,1239
0319-QZTCO,Month-to-month,Yes,Credit card (automatic),0-12 Months,Medium,Q1,1240
2120-SMPEX,Month-to-month,Yes,Mailed check,25-48 Months,Low,Q2,1241
0096-FCPUF,Month-to-month,Yes,Mailed check,25-48 Months,Medium,Q3,1242
0668-OGMHD,Month-to-month,No,Electronic check,13-24 Months,Low,Q2,1243
5552-ZNFSJ,Month-to-month,No,Electronic check,0-12 Months,Medium,Q1,1244
2223-KAGMX,Month-to-month,No,Bank transfer (automatic),13-24 Months,Low,Q1,1245
6507-ZJSUR,Month-to-month,Yes,Electronic check,13-24 Months,Premium,Q3,1246
9408-HRXRK,Month-to-month,Yes,Electronic check,25-48 Months,Premium,Q4,1247
5593-SUAOO,One year,No,Bank transfer (automatic),13-24 Months,High,Q3,1248
7321-PKUYW,Month-to-month,No,Electronic check,0-12 Months,Premium,Q2,1249
2833-SLKDQ,Month-to-month,No,Mailed check,0-12 Months,Medium,Q1,1250
6766-HFKLA,Two year,No,Bank transfer (automatic),49-60 Months,Premium,Q4,1251
7595-EUIVN,Month-to-month,No,Electronic check,0-12 Months,High,Q1,1252
7617-EYGLW,Month-to-month,No,Electronic check,0-12 Months,Low,Q1,1253
2026-TGDHM,Month-to-month,Yes,Electronic check,0-12 Months,High,Q2,1254
9220-ZNKJI,Two year,No,Credit card (automatic),49-60 Months,High,Q4,1255
4030-VPZBD,Month-to-month,Yes,Electronic check,0-12 Months,Low,Q1,1256
2226-ICFDO,Two year,Yes,Credit card (automatic),61-72 Months,High,Q4,1257
0723-VSOBE,One year,No,Electronic check,25-48 Months,Low,Q3,1258
5529-GIBVH,Two year,No,Mailed check,25-48 Months,Low,Q2,1259
4187-CINZD,One year,No,Credit card (automatic),25-48 Months,Premium,Q4,1260
9992-UJOEL,Month-to-month,Yes,Mailed check,0-12 Months,Medium,Q1,1261
4741-WWJQZ,Month-to-month,Yes,Electronic check,0-12 Months,High,Q1,1262
6625-UTXEW,Month-to-month,Yes,Electronic check,0-12 Months,Medium,Q2,1263
6818-WOBHJ,Month-to-month,Yes,Bank transfer (automatic),61-72 Months,High,Q4,1264
6244-BESBM,Two year,Yes,Credit card (automatic),61-72 Months,Premium,Q4,1265
1004-NOZNR,One year,No,Credit card (automatic),49-60 Months,Premium,Q4,1266
1251-STYSZ,Month-to-month,Yes,Electronic check,0-12 Months,High,Q1,1267
2612-PHGOX,Two year,Yes,Bank transfer (automatic),61-72 Months,High,Q4,1268
2408-TZMJL,One year,Yes,Electronic check,49-60 Months,Premium,Q4,1269
8480-PPONV,Two year,No,Bank transfer (automatic),61-72 Months,Premium,Q4,1270
8780-IHCRN,Two year,No,Credit card (automatic),61-72 Months,Low,Q3,1271
4598-ZADCK,One year,Yes,Electronic check,49-60 Months,Medium,Q3,1272
1257-SXUXQ,Month-to-month,No,Mailed check,0-12 Months,Low,Q1,1273
9681-KYGYB,Month-to-month,Yes,Electronic check,49-60 Months,High,Q4,1274
7182-OVLBJ,Two year,Yes,Bank transfer (automatic),61-72 Months,Premium,Q4,1275
5095-ETBRJ,Two year,No,Mailed check,49-60 Months,Medium,Q3,1276
7005-CYUIL,Two year,Yes,Electronic check,61-72 Months,Premium,Q4,1277
4821-WQOYN,Two year,Yes,Credit card (automatic),61-72 Months,Low,Q2,1278
4730-AWNAU,One year,No,Credit card (automatic),25-48 Months,Medium,Q3,1279
3452-FLHYD,One year,Yes,Bank transfer (automatic),25-48 Months,Low,Q2,1280
2388-LAESQ,Two year,Yes,Bank transfer (automatic),61-72 Months,Premium,Q4,1281
9531-NSBMR,One year,Yes,Bank transfer (automatic),25-48 Months,Low,Q2,1282
6260-ONULR,Month-to-month,Yes,Mailed check,0-12 Months,Medium,Q1,1283
4389-UEFCZ,Two year,Yes,Electronic check,61-72 Months,Premium,Q4,1284
8711-LOBKY,Two year,No,Mailed check,49-60 Months,Low,Q2,1285
9134-CEQMF,Month-to-month,Yes,Electronic check,0-12 Months,High,Q2,1286
8985-OOPOS,One year,No,Credit card (automatic),0-12 Months,High,Q1,1287
8800-ZKRFW,Month-to-month,Yes,Electronic check,25-48 Months,Premium,Q3,1288
2616-FLVQC,Two year,No,Mailed check,61-72 Months,Low,Q2,1289
9968-FFVVH,One year,No,Bank transfer (automatic),61-72 Months,Medium,Q4,1290
3108-PCCGG,Two year,No,Credit card (automatic),61-72 Months,High,Q4,1291
7993-PYKOF,Month-to-month,No,Electronic check,0-12 Months,High,Q2,1292
8390-FESFV,Two year,No,Bank transfer (automatic),61-72 Months,High,Q4,1293
3022-BEXHZ,Two year,Yes,Bank transfer (automatic),61-72 Months,Premium,Q4,1294
5027-XWQHA,Month-to-month,No,Electronic check,0-12 Months,Medium,Q1,1295
6248-TKCQV,Two year,Yes,Bank transfer (automatic),61-72 Months,High,Q4,1296
6729-GDNGC,Month-to-month,No,Bank transfer (automatic),13-24 Months,High,Q3,1297
6198-ZFIOJ,Month-to-month,No,Electronic check,0-12 Months,High,Q2,1298
5989-OMNJE,One year,No,Electronic check,13-24 Months,Medium,Q2,1299
4566-QVRRW,Month-to-month,Yes,Electronic check,0-12 Months,Medium,Q2,1300
1291-CUOCY,Two year,Yes,Credit card (automatic),61-72 Months,Premium,Q4,1301
9795-SHUHB,Two year,Yes,Credit card (automatic),61-72 Months,Medium,Q4,1302
3230-IUALN,Two year,Yes,Mailed check,25-48 Months,High,Q3,1303
0042-RLHYP,Two year,No,Bank transfer (automatic),61-72 Months,Low,Q2,1304
8519-IMDHU,Month-to-month,Yes,Bank transfer (automatic),13-24 Months,High,Q2,1305
4945-RVMTE,Month-to-month,Yes,Bank transfer (automatic),25-48 Months,Medium,Q3,1306
0201-OAMXR,One year,No,Credit card (automatic),61-72 Months,Premium,Q4,1307
1866-NXPSP,One year,Yes,Mailed check,25-48 Months,High,Q3,1308
3372-KWFBM,Month-to-month,Yes,Electronic check,13-24 Months,High,Q2,1309
7831-QGOXH,Month-to-month,Yes,Electronic check,13-24 Months,High,Q3,1310
6393-WRYZE,Month-to-month,Yes,Electronic check,25-48 Months,Premium,Q3,1311
3941-XTSKM,One year,Yes,Credit card (automatic),25-48 Months,Medium,Q3,1312
1661-CZBAU,One year,Yes,Bank transfer (automatic),25-48 Months,High,Q3,1313
6599-RCLCJ,Month-to-month,Yes,Electronic check,25-48 Months,Premium,Q4,1314
9831-BPFRI,One year,Yes,Electronic check,25-48 Months,High,Q3,1315
5158-RIVOP,Two year,No,Credit card (automatic),0-12 Months,Low,Q1,1316
9788-YTFGE,Month-to-month,Yes,Mailed check,0-12 Months,Low,Q1,1317
9277-JOOMO,Month-to-month,No,Mailed check,0-12 Months,Low,Q1,1318
1907-YLNYW,Month-to-month,Yes,Electronic check,0-12 Months,Medium,Q2,1319
1725-MIMXW,Month-to-month,Yes,Mailed check,0-12 Months,Low,Q1,1320
8947-YRTDV,One year,No,Mailed check,25-48 Months,Premium,Q3,1321
3161-ONRWK,One year,Yes,Bank transfer (automatic),49-60 Months,Medium,Q4,1322
0114-RSRRW,Month-to-month,Yes,Bank transfer (automatic),0-12 Months,Low,Q1,1323
4565-NLZBV,Two year,Yes,Bank transfer (automatic),61-72 Months,Low,Q3,1324
0031-PVLZI,Month-to-month,No,Mailed check,0-12 Months,Low,Q1,1325
7206-GZCDC,Month-to-month,Yes,Electronic check,0-12 Months,Medium,Q1,1326
6682-VCIXC,One year,Yes,Bank transfer (automatic),25-48 Months,Medium,Q3,1327
4791-QRGMF,One year,Yes,Bank transfer (automatic),49-60 Months,Premium,Q4,1328
6475-VHUIZ,Month-to-month,No,Electronic check,13-24 Months,Medium,Q2,1329
3910-MRQOY,Two year,No,Bank transfer (automatic),61-72 Months,Low,Q3,1330
0661-WCQNQ,One year,Yes,Credit card (automatic),13-24 Months,Medium,Q2,1331
7537-RBWEA,Month-to-month,Yes,Mailed check,0-12 Months,Low,Q1,1332
4656-CAURT,Two year,No,Bank transfer (automatic),61-72 Months,Low,Q3,1333
0121-SNYRK,One year,Yes,Mailed check,49-60 Months,Medium,Q3,1334
1768-ZAIFU,Month-to-month,Yes,Electronic check,0-12 Months,Low,Q1,1335
4671-LXRDQ,Month-to-month,Yes,Mailed check,0-12 Months,Medium,Q1,1336
3733-LSYCE,Month-to-month,No,Bank transfer (automatic),13-24 Months,High,Q2,1337
6265-FRMTQ,Two year,No,Bank transfer (automatic),25-48 Months,Low,Q2,1338
1934-SJVJK,Month-to-month,No,Mailed check,0-12 Months,Low,Q1,1339
3838-OZURD,Month-to-month,Yes,Credit card (automatic),61-72 Months,Premium,Q4,1340
1371-DWPAZ,Two year,No,Credit card (automatic),0-12 Months,Medium,Q2,1341
9269-CQOOL,Month-to-month,Yes,Credit card (automatic),0-12 Months,Medium,Q1,1342
2017-CCBLH,Two year,No,Mailed check,0-12 Months,Low,Q1,1343
7690-KPNCU,One year,Yes,Credit card (automatic),61-72 Months,High,Q4,1344
0536-BGFMZ,Month-to-month,No,Mailed check,25-48 Months,Low,Q2,1345
2293-IJWPS,One year,Yes,Credit card (automatic),49-60 Months,Premium,Q4,1346
2845-HSJCY,Month-to-month,Yes,Electronic check,13-24 Months,High,Q2,1347
5469-NUJUR,Two year,Yes,Mailed check,13-24 Months,Low,Q1,1348
1184-PJVDB,Month-to-month,Yes,Electronic check,0-12 Months,High,Q2,1349
2625-TRCZQ,Month-to-month,Yes,Electronic check,49-60 Months,Medium,Q3,1350
4102-HLENU,Two year,No,Mailed check,61-72 Months,Medium,Q4,1351
7266-GSSJX,Month-to-month,Yes,Electronic check,0-12 Months,Low,Q1,1352
7722-VJRQD,Two year,No,Bank transfer (automatic),61-72 Months,Medium,Q4,1353
7073-QETQY,One year,Yes,Electronic check,61-72 Months,Low,Q2,1354
9415-DPEWS,Month-to-month,Yes,Electronic check,13-24 Months,High,Q3,1355
5624-RYAMH,Month-to-month,Yes,Electronic check,0-12 Months,Low,Q1,1356
0196-JTUQI,Month-to-month,Yes,Credit card (automatic),0-12 Months,High,Q2,1357
7130-YXBRO,Month-to-month,Yes,Bank transfer (automatic),25-48 Months,Premium,Q4,1358
9272-LSVYH,Month-to-month,No,Mailed check,0-12 Months,High,Q2,1359
7943-RQCHR,Month-to-month,Yes,Electronic check,0-12 Months,Premium,Q2,1360
3793-MMFUH,Month-to-month,Yes,Electronic check,13-24 Months,Premium,Q2,1361
3249-ZPQRG,Month-to-month,No,Electronic check,0-12 Months,High,Q1,1362
2568-BRGYX,Month-to-month,Yes,Electronic check,0-12 Months,High,Q1,1363
3084-DOWLE,Two year,No,Bank transfer (automatic),61-72 Months,Premium,Q4,1364
1084-MNSMJ,Two year,No,Credit card (automatic),49-60 Months,High,Q4,1365
7721-JXEAW,Month-to-month,Yes,Bank transfer (automatic),49-60 Months,Medium,Q3,1366
7249-WBIYX,Month-to-month,Yes,Electronic check,0-12 Months,High,Q2,1367
4238-HFHSN,Month-to-month,Yes,Electronic check,61-72 Months,High,Q4,1368
6250-CGGUN,One year,No,Electronic check,49-60 Months,High,Q4,1369
5478-JJVZK,Month-to-month,Yes,Mailed check,25-48 Months,Medium,Q3,1370
7596-IIWYC,Two year,Yes,Bank transfer (automatic),25-48 Months,Low,Q2,1371
6567-HOOPW,Month-to-month,Yes,Electronic check,0-12 Months,High,Q1,1372
9793-WECQC,Month-to-month,No,Mailed check,13-24 Months,Premium,Q3,1373
4291-HPAXL,Month-to-month,No,Mailed check,0-12 Months,Low,Q1,1374
8999-YPYBV,Two year,Yes,Mailed check,25-48 Months,High,Q4,1375
1839-FBNFR,Two year,Yes,Bank transfer (automatic),25-48 Months,Low,Q2,1376
3164-AALRN,One year,Yes,Mailed check,0-12 Months,Medium,Q1,1377
3071-MVJCD,Two year,No,Bank transfer (automatic),61-72 Months,High,Q4,1378
1697-BCSHV,Month-to-month,Yes,Bank transfer (automatic),49-60 Months,Medium,Q4,1379
0562-KBDVM,Two year,Yes,Bank transfer (automatic),61-72 Months,Medium,Q3,1380
1131-SUEKT,One year,Yes,Bank transfer (automatic),61-72 Months,Premium,Q4,1381
3717-OEAUQ,Month-to-month,No,Mailed check,0-12 Months,High,Q1,1382
4538-WNTMJ,One year,No,Mailed check,25-48 Months,Low,Q2,1383
3334-CTHOL,Month-to-month,Yes,Bank transfer (automatic),0-12 Months,Medium,Q1,1384
4704-ERYFC,Month-to-month,Yes,Electronic check,13-24 Months,Medium,Q3,1385
9432-RUVSL,Two year,Yes,Credit card (automatic),25-48 Months,Premium,Q4,1386
8060-HIWJJ,Two year,No,Credit card (automatic),61-72 Months,High,Q4,1387
7684-XSZIY,Two year,No,Bank transfer (automatic),61-72 Months,Low,Q3,1388
9089-UOWJG,Month-to-month,Yes,Credit card (automatic),0-12 Months,Medium,Q2,1389
8621-MNIHH,Month-to-month,Yes,Electronic check,25-48 Months,Premium,Q3,1390
8039-ACLPL,Two year,No,Credit card (automatic),61-72 Months,Medium,Q4,1391
9885-AIBVB,Month-to-month,Yes,Electronic check,25-48 Months,High,Q3,1392
1934-MKPXS,One year,No,Credit card (automatic),25-48 Months,Low,Q2,1393
2592-YKDIF,Month-to-month,No,Mailed check,0-12 Months,Low,Q1,1394
2272-JKMSI,One year,Yes,Electronic check,61-72 Months,Premium,Q4,1395
0471-LVHGK,One year,Yes,Electronic check,25-48 Months,High,Q3,1396
9518-RWHZL,One year,Yes,Credit card (automatic),61-72 Months,Premium,Q4,1397
8714-CTZJW,Month-to-month,Yes,Credit card (automatic),0-12 Months,High,Q1,1398
3569-EDBPQ,Month-to-month,Yes,Electronic check,13-24 Months,High,Q3,1399
3131-NWVFJ,One year,No,Mailed check,13-24 Months,Low,Q1,1400
7521-YXVZY,Month-to-month,No,Mailed check,0-12 Months,Low,Q1,1401
5419-CONWX,Month-to-month,Yes,Credit card (automatic),0-12 Months,Premium,Q2,1402
6240-EURKS,Month-to-month,Yes,Electronic check,13-24 Months,Low,Q2,1403
2373-NTKOD,Month-to-month,Yes,Electronic check,0-12 Months,Medium,Q2,1404
1970-KKFWL,Two year,No,Bank transfer (automatic),25-48 Months,Low,Q2,1405
6960-HVYXR,Month-to-month,No,Electronic check,0-12 Months,High,Q1,1406
9337-SRRNI,Two year,Yes,Credit card (automatic),61-72 Months,Low,Q3,1407
0895-UADGO,Two year,Yes,Mailed check,0-12 Months,Medium,Q1,1408
5678-VFNEQ,One year,Yes,Credit card (automatic),61-72 Months,Premium,Q4,1409
5977-CKHON,Month-to-month,Yes,Bank transfer (automatic),25-48 Months,Premium,Q4,1410
7024-OHCCK,Month-to-month,Yes,Electronic check,0-12 Months,Premium,Q1,1411
2692-BUCFV,Month-to-month,Yes,Bank transfer (automatic),25-48 Months,Premium,Q3,1412
7861-UVUFT,Month-to-month,Yes,Electronic check,13-24 Months,High,Q2,1413
1830-GGFNM,Two year,No,Credit card (automatic),61-72 Months,Premium,Q4,1414
5302-BDJNT,Month-to-month,No,Electronic check,25-48 Months,Premium,Q3,1415
5223-UZAVK,One year,Yes,Credit card (automatic),61-72 Months,Premium,Q4,1416
4859-ZSRDZ,Two year,Yes,Credit card (automatic),49-60 Months,Medium,Q3,1417
5651-WYIPH,Month-to-month,Yes,Credit card (automatic),13-24 Months,Medium,Q2,1418
9350-VLHMB,Month-to-month,Yes,Bank transfer (automatic),61-72 Months,High,Q4,1419
3498-LZGQZ,Two year,Yes,Mailed check,61-72 Months,Low,Q2,1420
8785-CJSHH,Month-to-month,Yes,Electronic check,49-60 Months,Premium,Q4,1421
5357-TZHPP,Month-to-month,Yes,Credit card (automatic),0-12 Months,High,Q2,1422
3870-SPZSI,Two year,Yes,Credit card (automatic),61-72 Months,Premium,Q4,1423
0680-DFNNY,Month-to-month,Yes,Electronic check,13-24 Months,Premium,Q3,1424
7560-QRBXH,One year,No,Mailed check,25-48 Months,Low,Q2,1425
7077-XJMET,Month-to-month,Yes,Electronic check,0-12 Months,High,Q2,1426
8752-GHJFU,One year,Yes,Electronic check,61-72 Months,Premium,Q4,1427
6896-SRVYQ,Month-to-month,No,Electronic check,25-48 Months,High,Q3,1428
7767-UXAGJ,Month-to-month,Yes,Electronic check,0-12 Months,Medium,Q1,1429
4652-ODEVH,Two year,No,Mailed check,25-48 Months,Low,Q2,1430
6510-UPNKS,One year,No,Credit card (automatic),13-24 Months,Low,Q2,1431
6718-BDGHG,One year,Yes,Bank transfer (automatic),25-48 Months,Medium,Q3,1432
9046-DQMTP,Month-to-month,No,Bank transfer (automatic),25-48 Months,Low,Q2,1433
6439-LAJXL,Month-to-month,Yes,Mailed check,0-12 Months,Medium,Q2,1434
1571-SAVHK,Month-to-month,Yes,Mailed check,0-12 Months,Premium,Q2,1435
9052-VKDUW,Month-to-month,Yes,Credit card (automatic),61-72 Months,Premium,Q4,1436
9546-CQJSU,Month-to-month,Yes,Electronic check,0-12 Months,Premium,Q1,1437
1666-JZPZT,Month-to-month,No,Mailed check,25-48 Months,Medium,Q2,1438
5777-KJIRB,One year,Yes,Mailed check,25-48 Months,Medium,Q3,1439
0506-LVNGN,Month-to-month,Yes,Credit card (automatic),0-12 Months,High,Q1,1440
7677-SJJJK,One year,No,Credit card (automatic),0-12 Months,Low,Q1,1441
2480-EJWYP,One year,Yes,Bank transfer (automatic),49-60 Months,Premium,Q4,1442
3253-HKOKL,One year,No,Electronic check,49-60 Months,Premium,Q4,1443
7055-HNEOJ,Month-to-month,Yes,Mailed check,0-12 Months,Medium,Q1,1444
5514-YQENT,Two year,Yes,Electronic check,25-48 Months,Premium,Q4,1445
3211-AAPKX,Month-to-month,Yes,Mailed check,13-24 Months,Premium,Q3,1446
8445-DNBAE,Month-to-month,Yes,Electronic check,0-12 Months,Medium,Q1,1447
2951-QOQTK,Month-to-month,No,Credit card (automatic),0-12 Months,High,Q1,1448
2958-NHPPS,Month-to-month,No,Electronic check,13-24 Months,Low,Q2,1449
6806-YDEUL,Month-to-month,No,Bank transfer (automatic),0-12 Months,Low,Q1,1450
1735-XMJVH,Month-to-month,Yes,Mailed check,0-12 Months,Low,Q1,1451
6890-PFRQX,Month-to-month,No,Mailed check,13-24 Months,Medium,Q2,1452
0222-CNVPT,Month-to-month,Yes,Credit card (automatic),49-60 Months,Medium,Q3,1453
5899-OUVKV,Month-to-month,Yes,Electronic check,25-48 Months,Premium,Q3,1454
8681-ICONS,Month-to-month,Yes,Mailed check,25-48 Months,Low,Q2,1455
1621-YNCJH,Two year,Yes,Credit card (automatic),25-48 Months,Premium,Q4,1456
3473-XIIIT,Month-to-month,Yes,Electronic check,13-24 Months,Premium,Q3,1457
6362-QHAFM,One year,Yes,Electronic check,25-48 Months,Premium,Q4,1458
7893-IXHRQ,Month-to-month,No,Electronic check,0-12 Months,Low,Q1,1459
3070-BDOQC,Two year,Yes,Electronic check,49-60 Months,Premium,Q4,1460
2952-QAYZF,Month-to-month,Yes,Electronic check,0-12 Months,High,Q2,1461
6234-PFPXL,Month-to-month,No,Credit card (automatic),13-24 Months,Premium,Q3,1462
9824-QCJPK,One year,No,Mailed check,25-48 Months,Low,Q2,1463
4763-PGDPO,Month-to-month,No,Electronic check,0-12 Months,High,Q1,1464
4283-IVYCI,Month-to-month,No,Mailed check,0-12 Months,Medium,Q2,1465
1866-OBPNR,Month-to-month,No,Credit card (automatic),0-12 Months,High,Q1,1466
8205-MQUGY,Month-to-month,Yes,Electronic check,0-12 Months,Medium,Q2,1467
8970-ANWXO,One year,Yes,Mailed check,13-24 Months,High,Q3,1468
9480-BQJEI,One year,Yes,Bank transfer (automatic),61-72 Months,Premium,Q4,1469
5394-SVGJV,Month-to-month,No,Bank transfer (automatic),25-48 Months,Premium,Q3,1470
6979-TNDEU,Month-to-month,No,Mailed check,0-12 Months,Low,Q1,1471
9777-WJJPR,Month-to-month,No,Credit card (automatic),25-48 Months,High,Q3,1472
9283-LZQOH,Month-to-month,Yes,Credit card (automatic),13-24 Months,High,Q2,1473
7079-QRCBC,Month-to-month,Yes,Electronic check,13-24 Months,Premium,Q3,1474
9495-SKLKD,Month-to-month,Yes,Bank transfer (automatic),25-48 Months,Premium,Q4,1475
6048-UWKAL,Two year,No,Credit card (automatic),61-72 Months,Premium,Q4,1476
5067-DGXLL,Month-to-month,No,Mailed check,0-12 Months,Low,Q1,1477
5469-CTCWN,One year,Yes,Electronic check,61-72 Months,Premium,Q4,1478
9851-QXEEQ,Month-to-month,Yes,Electronic check,25-48 Months,Premium,Q4,1479
6281-FKEWS,One year,Yes,Electronic check,25-48 Months,Medium,Q3,1480
8898-KASCD,One year,No,Mailed check,25-48 Months,Medium,Q2,1481
9242-TKFSV,Two year,Yes,Credit card (automatic),61-72 Months,Medium,Q4,1482
9290-SHCMB,Month-to-month,Yes,Electronic check,13-24 Months,Premium,Q2,1483
0743-HNPFG,One year,Yes,Credit card (automatic),49-60 Months,Medium,Q3,1484
2277-BKJKN,Two year,Yes,Electronic check,61-72 Months,Premium,Q4,1485
9809-IMGCQ,Month-to-month,Yes,Electronic check,13-24 Months,Premium,Q3,1486
5208-HFSBT,Month-to-month,Yes,Credit card (automatic),0-12 Months,Medium,Q1,1487
5035-PGZXH,One year,Yes,Electronic check,49-60 Months,Premium,Q4,1488
8695-WDYEA,Month-to-month,No,Mailed check,0-12 Months,Medium,Q1,1489
6543-JXSOO,One year,Yes,Mailed check,13-24 Months,Medium,Q2,1490
8016-ZMGMO,One year,Yes,Bank transfer (automatic),61-72 Months,High,Q4,1491
8605-ITULD,Month-to-month,No,Mailed check,0-12 Months,Low,Q1,1492
3254-YRILK,Month-to-month,Yes,Electronic check,13-24 Months,High,Q3,1493
6416-YJTTB,Month-to-month,Yes,Bank transfer (automatic),0-12 Months,High,Q2,1494
2667-WYLWJ,One year,Yes,Mailed check,0-12 Months,Low,Q1,1495
4472-VESGY,Month-to-month,No,Bank transfer (automatic),49-60 Months,Premium,Q4,1496
3195-TQDZX,Month-to-month,Yes,Electronic check,0-12 Months,Low,Q1,1497
3128-YOVTD,Month-to-month,Yes,Bank transfer (automatic),49-60 Months,High,Q4,1498
0529-ONKER,Month-to-month,No,Electronic check,13-24 Months,High,Q2,1499
1728-CXQBE,Month-to-month,Yes,Electronic check,61-72 Months,Premium,Q4,1500
7041-TXQJH,Month-to-month,Yes,Credit card (automatic),25-48 Months,Medium,Q3,1501
5014-GSOUQ,Two year,No,Mailed check,13-24 Months,Low,Q1,1502
5724-BIDBU,One year,Yes,Electronic check,49-60 Months,Medium,Q3,1503
0481-SUMCB,One year,Yes,Bank transfer (automatic),25-48 Months,Premium,Q4,1504
1769-GRUIK,Month-to-month,Yes,Electronic check,13-24 Months,High,Q2,1505
5240-IJOQT,Month-to-month,Yes,Electronic check,0-12 Months,High,Q1,1506
8819-WFGGJ,Two year,Yes,Bank transfer (automatic),61-72 Months,Medium,Q4,1507
7427-AUFPY,Two year,No,Credit card (automatic),49-60 Months,Low,Q2,1508
2811-POVEX,Month-to-month,Yes,Bank transfer (automatic),13-24 Months,High,Q3,1509
1092-GANHU,Month-to-month,Yes,Electronic check,13-24 Months,High,Q2,1510
7898-PDWQE,Two year,No,Credit card (automatic),61-72 Months,High,Q4,1511
9972-EWRJS,Two year,Yes,Bank transfer (automatic),61-72 Months,Low,Q2,1512
9314-IJWSQ,Month-to-month,Yes,Electronic check,13-24 Months,High,Q2,1513
0661-XEYAN,Month-to-month,Yes,Mailed check,0-12 Months,Low,Q1,1514
5799-JRCZO,Two year,No,Credit card (automatic),61-72 Months,Low,Q2,1515
1921-KYSAY,One year,Yes,Electronic check,25-48 Months,Medium,Q3,1516
6198-RTPMF,Month-to-month,No,Electronic check,13-24 Months,Premium,Q3,1517
2924-KHUVI,One year,Yes,Electronic check,49-60 Months,Premium,Q4,1518
1925-GMVBW,Month-to-month,No,Credit card (automatic),0-12 Months,Low,Q1,1519
7881-EVUAD,Month-to-month,Yes,Electronic check,0-12 Months,Medium,Q1,1520
6184-DYUOB,Month-to-month,Yes,Mailed check,0-12 Months,Low,Q1,1521
9207-ZPANB,One year,No,Electronic check,25-48 Months,Medium,Q3,1522
5766-XQXMQ,Month-to-month,Yes,Bank transfer (automatic),25-48 Months,Medium,Q3,1523
9327-QSDED,Month-to-month,No,Mailed check,0-12 Months,Medium,Q1,1524
1656-DRSMG,Month-to-month,Yes,Credit card (automatic),61-72 Months,Premium,Q4,1525
3012-VFFMN,Month-to-month,No,Mailed check,0-12 Months,Low,Q1,1526
2984-AFWNC,Month-to-month,No,Electronic check,0-12 Months,Premium,Q1,1527
0640-YJTPY,Two year,No,Bank transfer (automatic),61-72 Months,Low,Q3,1528
8096-LOIST,Month-to-month,Yes,Electronic check,13-24 Months,Medium,Q2,1529
9764-REAFF,Two year,No,Bank transfer (automatic),49-60 Months,Low,Q2,1530
3703-VAVCL,Month-to-month,No,Credit card (automatic),0-12 Months,High,Q1,1531
7107-UBYKY,Month-to-month,Yes,Electronic check,25-48 Months,Low,Q2,1532
4881-GQJTW,Month-to-month,No,Credit card (automatic),13-24 Months,Low,Q1,1533
8519-QJGJD,Month-to-month,No,Electronic check,13-24 Months,High,Q2,1534
7876-DNYAP,Two year,No,Credit card (automatic),61-72 Months,Low,Q3,1535
7905-NJMXS,Month-to-month,No,Electronic check,0-12 Months,Medium,Q2,1536
2882-WDTBA,Two year,Yes,Bank transfer (automatic),61-72 Months,High,Q4,1537
2091-GPPIQ,Two year,Yes,Electronic check,61-72 Months,High,Q4,1538
6326-MTTXK,Month-to-month,No,Electronic check,0-12 Months,Premium,Q2,1539
5071-FBJFS,Month-to-month,No,Electronic check,0-12 Months,Medium,Q1,1540
2796-UUZZO,Month-to-month,Yes,Credit card (automatic),61-72 Months,High,Q4,1541
2429-AYKKO,Two year,No,Bank transfer (automatic),61-72 Months,Low,Q3,1542
9798-OPFEM,Two year,Yes,Electronic check,25-48 Months,Low,Q2,1543
0330-IVZHA,Month-to-month,No,Electronic check,0-12 Months,Medium,Q1,1544
3794-NFNCH,Month-to-month,Yes,Mailed check,25-48 Months,Medium,Q3,1545
5193-QLVZB,Two year,Yes,Bank transfer (automatic),61-72 Months,Premium,Q4,1546
7114-AEOZE,Two year,No,Bank transfer (automatic),49-60 Months,Low,Q2,1547
2886-KEFUM,One year,Yes,Electronic check,61-72 Months,Premium,Q4,1548
5522-NYKPB,Month-to-month,No,Electronic check,25-48 Months,High,Q3,1549
4237-RLAQD,Month-to-month,Yes,Mailed check,0-12 Months,Medium,Q1,1550
9957-YODKZ,Month-to-month,Yes,Electronic check,0-12 Months,High,Q2,1551
6518-KZXCB,Two year,No,Mailed check,13-24 Months,Low,Q2,1552
2245-ADZFJ,Two year,No,Bank transfer (automatic),25-48 Months,High,Q3,1553
7776-QGYJC,Month-to-month,Yes,Bank transfer (automatic),25-48 Months,High,Q3,1554
9313-QOLTZ,Month-to-month,No,Mailed check,25-48 Months,Low,Q2,1555
9651-GTSAQ,One year,Yes,Bank transfer (automatic),49-60 Months,Premium,Q4,1556
3186-BAXNB,Month-to-month,No,Electronic check,0-12 Months,Premium,Q1,1557
4672-FOTSD,Month-to-month,Yes,Electronic check,0-12 Months,Medium,Q2,1558
0637-YLETY,Month-to-month,Yes,Credit card (automatic),13-24 Months,Premium,Q3,1559
9818-XQCUV,Month-to-month,No,Mailed check,0-12 Months,Low,Q1,1560
7338-ERIVA,One year,No,Bank transfer (automatic),25-48 Months,Medium,Q3,1561
1157-BQCUW,Month-to-month,Yes,Electronic check,0-12 Months,High,Q1,1562
8259-NFJTV,Month-to-month,No,Mailed check,0-12 Months,Low,Q1,1563
3223-DWFIO,Month-to-month,No,Electronic check,0-12 Months,Medium,Q1,1564
2660-EMUBI,Month-to-month,Yes,Electronic check,0-12 Months,Premium,Q2,1565
6968-GMKPR,Month-to-month,Yes,Electronic check,49-60 Months,High,Q4,1566
4751-ERMAN,Two year,Yes,Bank transfer (automatic),61-72 Months,High,Q4,1567
1436-ZMJAN,Month-to-month,Yes,Credit card (automatic),0-12 Months,Medium,Q2,1568
3292-PBZEJ,Month-to-month,Yes,Electronic check,0-12 Months,Premium,Q2,1569
0799-DDIHE,Month-to-month,No,Electronic check,13-24 Months,Medium,Q2,1570
3070-FNFZQ,Two year,No,Bank transfer (automatic),13-24 Months,Low,Q2,1571
2812-SFXMJ,Month-to-month,No,Mailed check,0-12 Months,Low,Q1,1572
7675-OZCZG,Month-to-month,No,Electronic check,0-12 Months,Medium,Q1,1573
5014-WUQMG,One year,Yes,Electronic check,25-48 Months,Premium,Q4,1574
5312-TSZVC,One year,No,Mailed check,13-24 Months,Low,Q1,1575
2003-CKLOR,Month-to-month,No,Electronic check,61-72 Months,Premium,Q4,1576
0993-OSGPT,One year,Yes,Bank transfer (automatic),61-72 Months,Medium,Q4,1577
9254-RBFON,One year,No,Bank transfer (automatic),13-24 Months,Premium,Q3,1578
1205-WNWPJ,Month-to-month,Yes,Mailed check,0-12 Months,Medium,Q2,1579
9391-EOYLI,Month-to-month,Yes,Electronic check,0-12 Months,High,Q2,1580
7108-DGVUU,One year,No,Bank transfer (automatic),13-24 Months,High,Q3,1581
2782-JEEBU,Month-to-month,Yes,Mailed check,13-24 Months,Medium,Q2,1582
5127-BZENZ,One year,No,Bank transfer (automatic),49-60 Months,Medium,Q3,1583
2720-FVBQP,Month-to-month,Yes,Credit card (automatic),0-12 Months,Medium,Q1,1584
9906-NHHVC,Two year,Yes,Bank transfer (automatic),61-72 Months,Medium,Q3,1585
4522-XRWWI,One year,No,Credit card (automatic),25-48 Months,High,Q3,1586
3766-EJLFL,Two year,Yes,Bank transfer (automatic),61-72 Months,Premium,Q4,1587
5939-SXWHM,Two year,No,Bank transfer (automatic),25-48 Months,Low,Q2,1588
8152-UOBNY,One year,Yes,Electronic check,49-60 Months,Premium,Q4,1589
7351-KYHQH,Month-to-month,Yes,Electronic check,0-12 Months,Medium,Q2,1590
7643-RCHXS,Two year,No,Electronic check,61-72 Months,Low,Q2,1591
8246-SHFGA,Month-to-month,No,Credit card (automatic),13-24 Months,Low,Q1,1592
8387-MOJJT,Month-to-month,Yes,Credit card (automatic),25-48 Months,High,Q3,1593
0620-XEFWH,Month-to-month,No,Mailed check,0-12 Months,Low,Q1,1594
6485-QXWWE,Two year,No,Bank transfer (automatic),61-72 Months,Low,Q3,1595
2761-OCIAX,Month-to-month,Yes,Electronic check,0-12 Months,High,Q1,1596
7321-VGNKU,Month-to-month,Yes,Electronic check,0-12 Months,High,Q1,1597
5327-CNLUQ,Two year,Yes,Bank transfer (automatic),25-48 Months,Premium,Q4,1598
7552-KEYGT,Two year,No,Bank transfer (automatic),25-48 Months,Low,Q2,1599
5816-JMLGY,Two year,Yes,Bank transfer (automatic),61-72 Months,High,Q4,1600
3068-OMWZA,Month-to-month,Yes,Electronic check,0-12 Months,High,Q1,1601
2927-QRRQV,One year,Yes,Electronic check,25-48 Months,Premium,Q4,1602
6032-KRXXO,Month-to-month,Yes,Electronic check,25-48 Months,Premium,Q3,1603
7459-RRWQZ,Month-to-month,Yes,Bank transfer (automatic),13-24 Months,Medium,Q2,1604
6265-SXWBU,One year,No,Credit card (automatic),61-72 Months,Premium,Q4,1605
7941-RCJOW,Two year,Yes,Credit card (automatic),61-72 Months,Low,Q2,1606
6374-NTQLP,Two year,Yes,Credit card (automatic),61-72 Months,Premium,Q4,1607
4154-AQUGT,Month-to-month,Yes,Bank transfer (automatic),13-24 Months,High,Q2,1608
2387-KDZQY,One year,Yes,Mailed check,13-24 Months,Low,Q1,1609
3584-WKTTW,One year,Yes,Electronic check,49-60 Months,Premium,Q4,1610
3399-BMLVW,Two year,No,Credit card (automatic),49-60 Months,Medium,Q3,1611
1971-DTCZB,Two year,Yes,Bank transfer (automatic),61-72 Months,Premium,Q4,1612
3092-IGHWF,One year,No,Electronic check,61-72 Months,High,Q4,1613
3374-PZLXD,Month-to-month,No,Mailed check,25-48 Months,Low,Q2,1614
3813-DHBBB,Two year,Yes,Bank transfer (automatic),61-72 Months,Medium,Q3,1615
2812-REYAT,One year,Yes,Bank transfer (automatic),49-60 Months,Low,Q2,1616
6518-PPLMZ,Two year,Yes,Mailed check,49-60 Months,Low,Q2,1617
4939-KYYPY,Month-to-month,No,Electronic check,25-48 Months,Medium,Q3,1618
8017-LXHFA,Month-to-month,Yes,Electronic check,13-24 Months,Premium,Q3,1619
5930-GBIWP,Two year,Yes,Credit card (automatic),61-72 Months,High,Q4,1620
6022-KOUQO,Month-to-month,No,Bank transfer (automatic),0-12 Months,Low,Q1,1621
6352-TWCAU,Month-to-month,Yes,Electronic check,25-48 Months,High,Q3,1622
2361-UPSND,One year,No,Mailed check,25-48 Months,High,Q3,1623
6035-RIIOM,Two year,Yes,Bank transfer (automatic),49-60 Months,Premium,Q4,1624
2929-QNSRW,One year,Yes,Electronic check,49-60 Months,Premium,Q4,1625
1262-OPMFY,Month-to-month,Yes,Bank transfer (automatic),0-12 Months,High,Q2,1626
9504-DSHWM,Month-to-month,No,Bank transfer (automatic),13-24 Months,Medium,Q2,1627
5035-BVCXS,Month-to-month,Yes,Mailed check,0-12 Months,High,Q2,1628
6267-DCFFZ,Month-to-month,Yes,Electronic check,25-48 Months,Premium,Q3,1629
3533-UVMOM,Two year,No,Bank transfer (automatic),61-72 Months,High,Q4,1630
2439-LYPMQ,Month-to-month,Yes,Electronic check,25-48 Months,Premium,Q4,1631
4248-QPAVC,Month-to-month,Yes,Bank transfer (automatic),13-24 Months,High,Q3,1632
1899-VXWXM,One year,Yes,Credit card (automatic),25-48 Months,Premium,Q4,1633
1478-VPOAD,Month-to-month,No,Electronic check,0-12 Months,Medium,Q1,1634
9995-HOTOH,Two year,No,Electronic check,61-72 Months,Medium,Q3,1635
2988-PLAHS,One year,Yes,Electronic check,0-12 Months,Medium,Q1,1636
1371-OJCEK,One year,No,Bank transfer (automatic),25-48 Months,Low,Q2,1637
4999-IEZLT,One year,No,Credit card (automatic),61-72 Months,Low,Q3,1638
8883-ANODQ,Two year,Yes,Credit card (automatic),61-72 Months,High,Q4,1639
4690-LLKUA,Month-to-month,Yes,Electronic check,13-24 Months,Medium,Q2,1640
2351-RRBUE,One year,No,Mailed check,0-12 Months,Low,Q1,1641
5980-BDHPY,Two year,Yes,Bank transfer (automatic),61-72 Months,High,Q4,1642
1498-DQNRX,Month-to-month,No,Mailed check,25-48 Months,Low,Q2,1643
9469-WEJBT,Month-to-month,Yes,Electronic check,25-48 Months,Premium,Q3,1644
3331-HQDTW,Month-to-month,Yes,Mailed check,25-48 Months,Premium,Q3,1645
9490-DFPMD,Month-to-month,Yes,Electronic check,25-48 Months,High,Q3,1646
2581-VKIRT,One year,No,Mailed check,49-60 Months,Medium,Q4,1647
5442-XSDCW,Month-to-month,Yes,Bank transfer (automatic),0-12 Months,High,Q2,1648
7426-WEIJX,Month-to-month,Yes,Electronic check,49-60 Months,High,Q4,1649
2851-MMUTZ,Month-to-month,Yes,Mailed check,25-48 Months,Medium,Q3,1650
3049-NDXFL,Month-to-month,No,Mailed check,0-12 Months,High,Q1,1651
8580-AECUZ,Month-to-month,Yes,Electronic check,0-12 Months,High,Q1,1652
3307-TLCUD,Month-to-month,No,Mailed check,13-24 Months,Low,Q2,1653
6625-FLENO,Two year,No,Mailed check,49-60 Months,Low,Q2,1654
2967-MXRAV,One year,No,Mailed check,0-12 Months,Low,Q1,1655
7963-GQRMY,Month-to-month,No,Mailed check,0-12 Months,Medium,Q1,1656
8189-HBVRW,Month-to-month,No,Electronic check,49-60 Months,Premium,Q4,1657
4163-KIUHY,Month-to-month,Yes,Electronic check,25-48 Months,Low,Q2,1658
1228-FZFRV,Month-to-month,No,Credit card (automatic),49-60 Months,Premium,Q4,1659
3500-NSDOA,Two year,No,Credit card (automatic),61-72 Months,High,Q4,1660
1171-TYKUR,Month-to-month,No,Electronic check,25-48 Months,Low,Q2,1661
3761-FLYZI,Month-to-month,Yes,Bank transfer (automatic),61-72 Months,Premium,Q4,1662
2058-DCJBE,Month-to-month,Yes,Electronic check,0-12 Months,Medium,Q1,1663
5364-XYIRR,Month-to-month,Yes,Electronic check,49-60 Months,Premium,Q4,1664
4829-AUOAX,Month-to-month,No,Bank transfer (automatic),25-48 Months,Premium,Q4,1665
1219-NNDDO,Month-to-month,Yes,Electronic check,0-12 Months,High,Q2,1666
8388-DMKAE,Two year,No,Mailed check,0-12 Months,Low,Q1,1667
4403-BWPAY,One year,Yes,Credit card (automatic),13-24 Months,Low,Q1,1668
9659-QEQSY,Month-to-month,Yes,Electronic check,25-48 Months,Premium,Q4,1669
5405-ZMYXQ,Month-to-month,Yes,Credit card (automatic),0-12 Months,High,Q2,1670
5047-LHVLY,Month-to-month,Yes,Mailed check,0-12 Months,Medium,Q1,1671
1442-OKRJE,One year,Yes,Bank transfer (automatic),61-72 Months,Premium,Q4,1672
4737-AQCPU,Two year,No,Credit card (automatic),61-72 Months,High,Q4,1673
9158-VCTQB,Month-to-month,Yes,Bank transfer (automatic),25-48 Months,Premium,Q4,1674
2808-CHTDM,Two year,No,Mailed check,13-24 Months,Low,Q2,1675
6311-UEUME,Month-to-month,Yes,Electronic check,25-48 Months,High,Q3,1676
0793-TWELN,Month-to-month,Yes,Electronic check,0-12 Months,High,Q1,1677
3283-WCWXT,Two year,No,Mailed check,0-12 Months,Low,Q1,1678
1060-ENTOF,One year,Yes,Credit card (automatic),61-72 Months,Premium,Q4,1679
0999-QXNSA,Month-to-month,Yes,Mailed check,0-12 Months,Medium,Q1,1680
5451-MHQOF,One year,Yes,Mailed check,49-60 Months,Low,Q3,1681
4836-WNFNO,Two year,No,Credit card (automatic),61-72 Months,Low,Q3,1682
9225-BZLNZ,Two year,Yes,Electronic check,61-72 Months,High,Q4,1683
0354-VXMJC,Two year,No,Credit card (automatic),13-24 Months,Low,Q2,1684
4422-QVIJA,Month-to-month,No,Mailed check,25-48 Months,Medium,Q3,1685
9365-SRSZE,Month-to-month,Yes,Electronic check,25-48 Months,High,Q3,1686
6839-ITVZJ,Month-to-month,Yes,Electronic check,25-48 Months,Medium,Q3,1687
8332-OSJDW,One year,No,Mailed check,0-12 Months,Low,Q1,1688
4735-BJKOU,Two year,No,Mailed check,25-48 Months,Low,Q2,1689
0274-JKUJR,Month-to-month,No,Mailed check,0-12 Months,Medium,Q2,1690
5740-YHGTW,Month-to-month,Yes,Credit card (automatic),61-72 Months,Premium,Q4,1691
8917-SZTTJ,Two year,No,Credit card (automatic),49-60 Months,Low,Q2,1692
1696-MZVAU,One year,Yes,Credit card (automatic),25-48 Months,Low,Q2,1693
7359-WWYJV,Two year,No,Credit card (automatic),61-72 Months,Premium,Q4,1694
0375-HVGXO,Month-to-month,Yes,Electronic check,0-12 Months,Low,Q1,1695
4906-ZHGPK,One year,Yes,Electronic check,49-60 Months,High,Q3,1696
8593-WHYHV,Month-to-month,Yes,Electronic check,0-12 Months,High,Q1,1697
3795-GWTRD,Two year,No,Credit card (automatic),61-72 Months,High,Q4,1698
1298-PHBTI,Two year,Yes,Electronic check,61-72 Months,High,Q4,1699
6223-DHJGV,One year,Yes,Mailed check,25-48 Months,Low,Q2,1700
6961-MJKBO,Two year,No,Bank transfer (automatic),25-48 Months,Low,Q2,1701
6097-EQISJ,One year,Yes,Credit card (automatic),61-72 Months,Premium,Q4,1702
4423-YLHDV,Month-to-month,Yes,Bank transfer (automatic),13-24 Months,Premium,Q3,1703
8158-WPEZG,Month-to-month,Yes,Electronic check,0-12 Months,Medium,Q2,1704
0107-YHINA,Month-to-month,Yes,Electronic check,0-12 Months,Premium,Q1,1705
4918-FYJNT,Month-to-month,No,Electronic check,49-60 Months,Premium,Q4,1706
0727-BNRLG,Two year,Yes,Credit card (automatic),61-72 Months,Premium,Q4,1707
4854-CIDCF,Month-to-month,No,Electronic check,0-12 Months,High,Q1,1708
8640-SDGKB,Month-to-month,Yes,Electronic check,0-12 Months,High,Q1,1709
3280-MRDOF,Two year,Yes,Credit card (automatic),25-48 Months,Medium,Q3,1710
6435-SRWBJ,Month-to-month,Yes,Electronic check,0-12 Months,High,Q2,1711
9964-WBQDJ,Two year,Yes,Credit card (automatic),61-72 Months,Low,Q3,1712
6303-KFWSL,One year,Yes,Electronic check,25-48 Months,Medium,Q3,1713
1702-CCFNJ,Month-to-month,No,Bank transfer (automatic),49-60 Months,Medium,Q3,1714
8932-CZHRQ,One year,No,Credit card (automatic),61-72 Months,High,Q4,1715
0386-CWRGM,Two year,No,Mailed check,25-48 Months,Low,Q2,1716
5515-RUGKN,Month-to-month,Yes,Credit card (automatic),0-12 Months,Medium,Q2,1717
0404-AHASP,Two year,No,Credit card (automatic),61-72 Months,Low,Q3,1718
7279-NMVJC,One year,No,Bank transfer (automatic),13-24 Months,Low,Q1,1719
2081-VEYEH,Month-to-month,Yes,Electronic check,0-12 Months,Premium,Q1,1720
6407-UTSLV,Month-to-month,Yes,Bank transfer (automatic),0-12 Months,High,Q1,1721
4116-TZAQJ,Month-to-month,Yes,Credit card (automatic),0-12 Months,High,Q2,1722
9060-HJJRW,One year,Yes,Credit card (automatic),49-60 Months,Medium,Q3,1723
2587-YNLES,Two year,No,Mailed check,0-12 Months,Low,Q1,1724
7398-SKNQZ,Month-to-month,No,Electronic check,0-12 Months,Premium,Q1,1725
5935-FCCNB,Month-to-month,Yes,Electronic check,13-24 Months,Premium,Q3,1726
1958-RNRKS,Month-to-month,No,Electronic check,25-48 Months,Medium,Q3,1727
5136-RGMZO,Month-to-month,Yes,Electronic check,25-48 Months,High,Q3,1728
8345-MVDYC,Two year,No,Bank transfer (automatic),25-48 Months,High,Q3,1729
8226-BXGES,One year,No,Bank transfer (automatic),61-72 Months,High,Q4,1730
3877-JRJIP,Month-to-month,Yes,Electronic check,0-12 Months,Medium,Q1,1731
8375-DKEBR,Month-to-month,Yes,Electronic check,0-12 Months,Medium,Q1,1732
9705-IOVQQ,One year,No,Electronic check,61-72 Months,Premium,Q4,1733
1015-OWJKI,Month-to-month,No,Mailed check,0-12 Months,Low,Q1,1734
7511-YMXVQ,Month-to-month,Yes,Electronic check,0-12 Months,Medium,Q2,1735
2040-XBAVJ,Two year,No,Bank transfer (automatic),61-72 Months,Premium,Q4,1736
7551-JOHTI,Month-to-month,No,Mailed check,0-12 Months,Low,Q1,1737
8887-IPQNC,Month-to-month,Yes,Mailed check,0-12 Months,Medium,Q1,1738
8646-JCOMS,One year,Yes,Bank transfer (automatic),61-72 Months,Premium,Q4,1739
9804-ICWBG,Month-to-month,Yes,Electronic check,0-12 Months,Medium,Q1,1740
1222-KJNZD,Month-to-month,Yes,Bank transfer (automatic),25-48 Months,Low,Q2,1741
0106-GHRQR,Month-to-month,Yes,Bank transfer (automatic),13-24 Months,High,Q2,1742
5318-IXUZF,Month-to-month,Yes,Bank transfer (automatic),0-12 Months,High,Q1,1743
3768-VHXQO,Two year,No,Credit card (automatic),61-72 Months,Low,Q3,1744
8952-WCVCD,One year,Yes,Bank transfer (automatic),25-48 Months,Premium,Q4,1745
2418-TPEUN,Two year,Yes,Credit card (automatic),49-60 Months,Low,Q2,1746
3963-RYFNS,Two year,Yes,Bank transfer (automatic),61-72 Months,Premium,Q4,1747
3198-VELRD,Month-to-month,Yes,Bank transfer (automatic),0-12 Months,High,Q1,1748
8540-ZQGEA,Two year,No,Credit card (automatic),49-60 Months,Low,Q2,1749
1320-REHCS,Month-to-month,Yes,Electronic check,49-60 Months,Premium,Q4,1750
4137-JOPHL,Two year,Yes,Bank transfer (automatic),49-60 Months,High,Q4,1751
9436-ZBZCT,Month-to-month,Yes,Electronic check,13-24 Months,High,Q2,1752
7801-CEDNV,One year,No,Credit card (automatic),25-48 Months,Medium,Q3,1753
2057-BOYKM,Two year,Yes,Bank transfer (automatic),61-72 Months,Premium,Q4,1754
3658-QQJYD,One year,Yes,Credit card (automatic),61-72 Months,High,Q4,1755
1803-BGNBD,Month-to-month,Yes,Electronic check,0-12 Months,Medium,Q2,1756
0134-XWXCE,One year,No,Bank transfer (automatic),25-48 Months,High,Q3,1757
6950-TWMYB,Two year,Yes,Bank transfer (automatic),49-60 Months,High,Q4,1758
5848-FHRFC,Two year,No,Bank transfer (automatic),61-72 Months,Low,Q2,1759
2243-FNMMI,Month-to-month,No,Mailed check,13-24 Months,Low,Q2,1760
2511-MORQY,One year,No,Bank transfer (automatic),49-60 Months,Medium,Q3,1761
5356-KZCKT,Two year,Yes,Credit card (automatic),49-60 Months,Low,Q3,1762
9470-XCCEM,Month-to-month,Yes,Bank transfer (automatic),25-48 Months,High,Q3,1763
6519-CFDBX,Month-to-month,Yes,Electronic check,0-12 Months,Medium,Q1,1764
3902-MIVLE,Two year,No,Mailed check,61-72 Months,High,Q4,1765
0409-WTMPL,One year,Yes,Credit card (automatic),49-60 Months,Premium,Q4,1766
8763-KIAFH,One year,Yes,Mailed check,25-48 Months,Low,Q2,1767
3669-WHAFY,Two year,Yes,Credit card (automatic),61-72 Months,Premium,Q4,1768
3055-VTCGS,One year,No,Credit card (automatic),61-72 Months,Medium,Q3,1769
3144-KMTWZ,Month-to-month,Yes,Bank transfer (automatic),61-72 Months,Premium,Q4,1770
7279-BUYWN,Month-to-month,Yes,Electronic check,25-48 Months,Premium,Q4,1771
7156-MHUGY,Month-to-month,Yes,Electronic check,13-24 Months,Premium,Q2,1772
7198-GLXTC,Month-to-month,No,Electronic check,0-12 Months,High,Q1,1773
2007-QVGAW,Two year,Yes,Bank transfer (automatic),61-72 Months,Low,Q2,1774
5207-PLSTK,Month-to-month,Yes,Mailed check,0-12 Months,Medium,Q1,1775
2307-FYNNL,Two year,Yes,Electronic check,61-72 Months,Premium,Q4,1776
5605-XNWEN,Two year,Yes,Bank transfer (automatic),61-72 Months,Low,Q3,1777
2155-AMQRX,Month-to-month,Yes,Credit card (automatic),25-48 Months,Medium,Q3,1778
6181-AXXYF,Two year,No,Credit card (automatic),61-72 Months,Low,Q3,1779
5091-HFAZW,Month-to-month,Yes,Electronic check,0-12 Months,Premium,Q1,1780
0516-VRYBW,One year,No,Bank transfer (automatic),13-24 Months,Low,Q1,1781
2519-LBNQL,One year,Yes,Electronic check,49-60 Months,Premium,Q4,1782
8623-ULFNQ,Month-to-month,Yes,Electronic check,25-48 Months,Medium,Q3,1783
8380-PEFPE,Month-to-month,Yes,Electronic check,0-12 Months,High,Q1,1784
5687-DKDTV,Month-to-month,No,Mailed check,0-12 Months,Low,Q1,1785
1568-LJSZU,Two year,Yes,Credit card (automatic),61-72 Months,Premium,Q4,1786
7530-HDYDS,Month-to-month,Yes,Credit card (automatic),25-48 Months,High,Q3,1787
7789-HKSBS,One year,Yes,Bank transfer (automatic),25-48 Months,Premium,Q4,1788
7416-CKTEP,Two year,Yes,Bank transfer (automatic),49-60 Months,Low,Q2,1789
2586-CWXVV,Month-to-month,No,Electronic check,49-60 Months,Low,Q3,1790
3096-IZETN,Month-to-month,No,Bank transfer (automatic),0-12 Months,High,Q2,1791
2348-KCJLT,One year,Yes,Mailed check,25-48 Months,Medium,Q3,1792
8401-EMUWF,Month-to-month,Yes,Bank transfer (automatic),25-48 Months,Medium,Q3,1793
4193-IBKSW,Two year,No,Bank transfer (automatic),61-72 Months,Low,Q3,1794
5377-NDTOU,Two year,No,Mailed check,61-72 Months,Premium,Q4,1795
5922-ABDVO,Month-to-month,No,Mailed check,13-24 Months,High,Q3,1796
2474-LCNUE,Month-to-month,Yes,Credit card (automatic),13-24 Months,High,Q3,1797
0839-QNXME,Two year,No,Credit card (automatic),25-48 Months,Low,Q2,1798
3506-OVLKD,One year,No,Bank transfer (automatic),25-48 Months,Low,Q2,1799
9172-ANCRX,Month-to-month,Yes,Electronic check,0-12 Months,Premium,Q2,1800
6650-VJONK,Month-to-month,Yes,Bank transfer (automatic),0-12 Months,Medium,Q1,1801
2178-PMGCJ,Month-to-month,Yes,Mailed check,13-24 Months,Medium,Q3,1802
7492-TAFJD,Two year,No,Mailed check,0-12 Months,Medium,Q1,1803
2773-MADBQ,Two year,Yes,Mailed check,25-48 Months,Medium,Q3,1804
6016-LVTJQ,Month-to-month,No,Mailed check,25-48 Months,Low,Q2,1805
7860-KSUGX,Two year,No,Credit card (automatic),61-72 Months,Medium,Q4,1806
8966-KZXXA,Two year,No,Credit card (automatic),25-48 Months,Low,Q2,1807
6910-HADCM,Month-to-month,No,Electronic check,0-12 Months,High,Q1,1808
4816-LXZYW,Month-to-month,Yes,Electronic check,13-24 Months,High,Q3,1809
9606-PBKBQ,Month-to-month,Yes,Electronic check,25-48 Months,High,Q3,1810
5149-QYTTU,One year,Yes,Credit card (automatic),61-72 Months,Premium,Q4,1811
2070-XYMFH,Month-to-month,Yes,Mailed check,13-24 Months,High,Q3,1812
2085-BOJKI,One year,Yes,Bank transfer (automatic),13-24 Months,Premium,Q3,1813
0817-HSUSE,Month-to-month,Yes,Electronic check,0-12 Months,High,Q1,1814
5442-PPTJY,Two year,No,Mailed check,0-12 Months,Low,Q1,1815
1927-QEWMY,Two year,No,Credit card (automatic),61-72 Months,Low,Q3,1816
1663-MHLHE,Month-to-month,No,Mailed check,0-12 Months,Low,Q1,1817
5663-QBGIS,Two year,No,Bank transfer (automatic),61-72 Months,Premium,Q4,1818
4450-MDZFX,Month-to-month,No,Bank transfer (automatic),49-60 Months,High,Q4,1819
6701-DHKWQ,Two year,No,Credit card (automatic),61-72 Months,Medium,Q3,1820
7554-AKDQF,Month-to-month,No,Mailed check,0-12 Months,Medium,Q1,1821
3536-IQCTX,Month-to-month,No,Electronic check,25-48 Months,High,Q3,1822
4911-BANWH,Month-to-month,Yes,Credit card (automatic),25-48 Months,High,Q3,1823
8496-EJAUI,Month-to-month,Yes,Credit card (automatic),13-24 Months,High,Q3,1824
0794-YVSGE,Two year,No,Bank transfer (automatic),61-72 Months,Low,Q3,1825
5423-BHIXO,Month-to-month,Yes,Electronic check,25-48 Months,Medium,Q3,1826
6908-VVYHM,Month-to-month,Yes,Electronic check,61-72 Months,Premium,Q4,1827
2959-EEXWB,Month-to-month,Yes,Bank transfer (automatic),25-48 Months,Medium,Q3,1828
1839-UMACK,One year,No,Electronic check,25-48 Months,Low,Q2,1829
3030-YDNRM,Month-to-month,Yes,Electronic check,0-12 Months,High,Q2,1830
7321-KKSDU,Two year,No,Mailed check,25-48 Months,Low,Q2,1831
3402-XRIUO,Month-to-month,Yes,Mailed check,13-24 Months,Medium,Q2,1832
3132-TVFDZ,Month-to-month,Yes,Electronic check,49-60 Months,Medium,Q3,1833
8286-AFUYI,Month-to-month,No,Electronic check,0-12 Months,Medium,Q1,1834
8080-DDEMJ,Month-to-month,No,Electronic check,0-12 Months,Medium,Q1,1835
8356-WUAOJ,Month-to-month,Yes,Electronic check,0-12 Months,Medium,Q1,1836
6365-MTGZX,Month-to-month,Yes,Electronic check,13-24 Months,Premium,Q3,1837
1349-WXNGG,Month-to-month,No,Bank transfer (automatic),0-12 Months,Low,Q1,1838
8058-DMYRU,Month-to-month,Yes,Electronic check,49-60 Months,Premium,Q4,1839
9350-ZXYJC,Two year,Yes,Credit card (automatic),0-12 Months,Low,Q1,1840
6990-YNRIO,Two year,No,Bank transfer (automatic),61-72 Months,Premium,Q4,1841
8958-JPTRR,One year,No,Electronic check,49-60 Months,Low,Q2,1842
6959-GQEGV,Month-to-month,Yes,Electronic check,25-48 Months,High,Q3,1843
3173-WSSUE,Two year,No,Credit card (automatic),61-72 Months,Low,Q3,1844
1265-HVPZB,One year,No,Credit card (automatic),49-60 Months,Medium,Q4,1845
4115-UMJFQ,One year,Yes,Bank transfer (automatic),61-72 Months,Medium,Q3,1846
7369-TRPFD,One year,No,Mailed check,13-24 Months,Low,Q1,1847
1098-KFQEC,Two year,No,Credit card (automatic),49-60 Months,Low,Q2,1848
7190-XHTWJ,One year,No,Mailed check,25-48 Months,Low,Q2,1849
0621-TWIEM,Month-to-month,Yes,Electronic check,0-12 Months,Medium,Q2,1850
3537-RYBHH,Month-to-month,Yes,Credit card (automatic),25-48 Months,Medium,Q3,1851
2485-ITVKB,Month-to-month,Yes,Electronic check,0-12 Months,Medium,Q1,1852
3669-OYSJI,Month-to-month,No,Credit card (automatic),0-12 Months,Medium,Q1,1853
1612-EOHDH,Month-to-month,No,Electronic check,0-12 Months,Medium,Q1,1854
6702-OHFWR,Month-to-month,Yes,Electronic check,0-12 Months,Medium,Q1,1855
5296-BFCYD,Two year,Yes,Mailed check,25-48 Months,Low,Q2,1856
4510-PYUSH,Month-to-month,Yes,Credit card (automatic),25-48 Months,Medium,Q3,1857
9359-JANWS,Two year,No,Credit card (automatic),61-72 Months,Medium,Q4,1858
7517-SAWMO,Month-to-month,Yes,Electronic check,13-24 Months,High,Q3,1859
4143-HHPMK,Month-to-month,Yes,Electronic check,49-60 Months,High,Q4,1860
3279-DYZQM,Two year,No,Mailed check,61-72 Months,Low,Q2,1861
7054-LGEQW,Month-to-month,No,Mailed check,0-12 Months,Medium,Q1,1862
0523-VNGTF,Month-to-month,Yes,Electronic check,49-60 Months,Medium,Q3,1863
9575-IWCAZ,One year,No,Mailed check,0-12 Months,Low,Q1,1864
7105-MXJLL,One year,No,Mailed check,25-48 Months,Medium,Q3,1865
7064-FRRSW,One year,Yes,Electronic check,25-48 Months,Premium,Q4,1866
7940-UQQUG,One year,Yes,Bank transfer (automatic),61-72 Months,Premium,Q4,1867
0923-PNFUB,Month-to-month,No,Electronic check,0-12 Months,High,Q1,1868
3961-SXAXY,Month-to-month,Yes,Bank transfer (automatic),0-12 Months,Medium,Q1,1869
7010-BRBUU,Two year,No,Credit card (automatic),61-72 Months,Low,Q3,1870
3566-HJGPK,Month-to-month,Yes,Mailed check,0-12 Months,Medium,Q1,1871
3062-ICYZQ,Month-to-month,Yes,Electronic check,49-60 Months,Premium,Q4,1872
9938-PRCVK,Two year,No,Bank transfer (automatic),25-48 Months,Low,Q2,1873
0973-KYVNF,Two year,Yes,Credit card (automatic),61-72 Months,High,Q4,1874
5129-HHMZC,Two year,No,Credit card (automatic),25-48 Months,High,Q3,1875
9637-CDTKZ,Two year,Yes,Credit card (automatic),61-72 Months,Premium,Q4,1876
3946-JEWRQ,One year,Yes,Credit card (automatic),25-48 Months,Premium,Q4,1877
7873-CVMAW,Two year,No,Credit card (automatic),61-72 Months,High,Q4,1878
0463-WZZKO,Month-to-month,Yes,Credit card (automatic),0-12 Months,Low,Q1,1879
3494-JCHRQ,Month-to-month,Yes,Electronic check,0-12 Months,High,Q1,1880
6474-FVJLC,Month-to-month,Yes,Electronic check,0-12 Months,High,Q1,1881
4524-QCSSM,Month-to-month,Yes,Bank transfer (automatic),25-48 Months,Medium,Q2,1882
5832-EXGTT,Month-to-month,Yes,Mailed check,25-48 Months,Medium,Q3,1883
8840-DQLGN,Month-to-month,Yes,Bank transfer (automatic),25-48 Months,Premium,Q3,1884
2039-JONDJ,One year,No,Bank transfer (automatic),25-48 Months,Medium,Q3,1885
7217-JYHOQ,Month-to-month,Yes,Credit card (automatic),13-24 Months,High,Q3,1886
6695-FRVEC,Two year,Yes,Bank transfer (automatic),61-72 Months,Medium,Q4,1887
4547-LYTDD,Month-to-month,No,Electronic check,13-24 Months,High,Q2,1888
9894-QMIMJ,One year,No,Bank transfer (automatic),13-24 Months,Medium,Q2,1889
8069-YQQAJ,Month-to-month,Yes,Mailed check,13-24 Months,Low,Q2,1890
6770-XUAGN,Month-to-month,Yes,Electronic check,0-12 Months,Low,Q1,1891
4193-ORFCL,Month-to-month,No,Mailed check,0-12 Months,Medium,Q1,1892
1636-NTNCO,Month-to-month,Yes,Credit card (automatic),0-12 Months,Medium,Q1,1893
3466-WAESX,Month-to-month,Yes,Electronic check,13-24 Months,Medium,Q2,1894
9281-PKKZE,Month-to-month,Yes,Electronic check,25-48 Months,Medium,Q3,1895
3638-VBZTA,Two year,Yes,Bank transfer (automatic),61-72 Months,High,Q4,1896
7459-IMVYU,Month-to-month,No,Electronic check,25-48 Months,Medium,Q3,1897
7776-QWNFX,Month-to-month,Yes,Bank transfer (automatic),25-48 Months,Medium,Q3,1898
6689-TCZHQ,Month-to-month,No,Electronic check,0-12 Months,High,Q1,1899
8563-OYMQY,Month-to-month,Yes,Credit card (automatic),13-24 Months,Premium,Q3,1900
0754-EEBDC,Two year,No,Mailed check,0-12 Months,Low,Q1,1901
5777-ZPQNC,One year,No,Electronic check,0-12 Months,Low,Q1,1902
1951-IEYXM,Two year,Yes,Credit card (automatic),61-72 Months,Premium,Q4,1903
3318-NMQXL,Month-to-month,Yes,Electronic check,0-12 Months,Premium,Q1,1904
3143-ILDAL,Month-to-month,Yes,Electronic check,49-60 Months,Premium,Q4,1905
1022-RKXDR,One year,Yes,Mailed check,25-48 Months,Low,Q2,1906
2361-FJWNO,One year,No,Credit card (automatic),25-48 Months,Medium,Q2,1907
2272-UOINI,Month-to-month,Yes,Electronic check,0-12 Months,High,Q2,1908
8232-UTFOZ,Two year,No,Credit card (automatic),61-72 Months,Low,Q3,1909
3750-YHRYO,One year,No,Mailed check,0-12 Months,Low,Q1,1910
6637-KYRCV,Month-to-month,Yes,Electronic check,0-12 Months,Low,Q1,1911
5668-MEISB,Two year,No,Credit card (automatic),61-72 Months,Premium,Q4,1912
0129-QMPDR,One year,Yes,Bank transfer (automatic),25-48 Months,Low,Q2,1913
7188-CBBBA,One year,Yes,Electronic check,61-72 Months,Premium,Q4,1914
5356-CSVSQ,Month-to-month,No,Electronic check,0-12 Months,Medium,Q1,1915
3221-CJMSG,Month-to-month,Yes,Credit card (automatic),13-24 Months,Medium,Q2,1916
4720-VSTSI,Month-to-month,Yes,Bank transfer (automatic),25-48 Months,High,Q4,1917
3219-JQRSL,Two year,No,Credit card (automatic),61-72 Months,High,Q4,1918
2801-NISEI,Month-to-month,No,Electronic check,13-24 Months,Medium,Q2,1919
3946-MHCZW,Month-to-month,No,Mailed check,0-12 Months,Medium,Q1,1920
4623-ZKHLY,Month-to-month,Yes,Bank transfer (automatic),13-24 Months,Low,Q2,1921
6732-VAILE,Two year,Yes,Credit card (automatic),61-72 Months,High,Q4,1922
8201-AAXCB,Month-to-month,No,Electronic check,25-48 Months,Medium,Q3,1923
7696-CFTAT,Two year,No,Bank transfer (automatic),25-48 Months,Low,Q2,1924
1845-CSBRZ,Month-to-month,No,Bank transfer (automatic),13-24 Months,High,Q3,1925
2123-VSCOT,Two year,Yes,Bank transfer (automatic),49-60 Months,High,Q4,1926
6651-AZVTJ,Month-to-month,Yes,Electronic check,49-60 Months,Premium,Q4,1927
4566-GOLUK,Month-to-month,Yes,Bank transfer (automatic),25-48 Months,Premium,Q4,1928
2484-DGXPZ,Month-to-month,Yes,Mailed check,25-48 Months,Low,Q2,1929
2018-QKYGT,Month-to-month,Yes,Electronic check,0-12 Months,High,Q1,1930
2792-VPPET,Month-to-month,Yes,Electronic check,0-12 Months,Low,Q1,1931
7409-JURKQ,One year,Yes,Bank transfer (automatic),49-60 Months,Premium,Q4,1932
3247-MHJKM,Month-to-month,No,Mailed check,0-12 Months,Low,Q1,1933
1964-SVLEA,One year,Yes,Mailed check,13-24 Months,Low,Q2,1934
4587-NUKOX,Month-to-month,Yes,Electronic check,0-12 Months,High,Q1,1935
7297-DVYGA,One year,Yes,Bank transfer (automatic),49-60 Months,Low,Q2,1936
2239-CGBUZ,One year,Yes,Bank transfer (automatic),49-60 Months,Medium,Q3,1937
0854-UYHZD,Two year,No,Mailed check,13-24 Months,Low,Q1,1938
7243-LCGGZ,Month-to-month,No,Mailed check,0-12 Months,Low,Q1,1939
8267-KFGYD,Month-to-month,Yes,Mailed check,0-12 Months,Low,Q1,1940
4890-VMUAV,One year,No,Electronic check,61-72 Months,High,Q4,1941
9261-WDCAF,Month-to-month,No,Mailed check,0-12 Months,Medium,Q1,1942
3764-MNMOI,Two year,No,Credit card (automatic),25-48 Months,Low,Q2,1943
7442-YGZFK,Month-to-month,Yes,Credit card (automatic),0-12 Months,Medium,Q1,1944
0420-BWTPW,Month-to-month,No,Mailed check,0-12 Months,Low,Q1,1945
8229-BUJHX,Two year,No,Bank transfer (automatic),61-72 Months,Low,Q3,1946
7449-HVPIV,Month-to-month,Yes,Credit card (automatic),49-60 Months,Premium,Q4,1947
5504-WSIUR,One year,Yes,Bank transfer (automatic),61-72 Months,Premium,Q4,1948
8183-ONMXC,Month-to-month,No,Electronic check,0-12 Months,High,Q1,1949
8466-PZBLH,Two year,No,Bank transfer (automatic),61-72 Months,Premium,Q4,1950
9614-RMGHA,Month-to-month,Yes,Bank transfer (automatic),61-72 Months,Premium,Q4,1951
8735-IJJEG,Month-to-month,No,Credit card (automatic),13-24 Months,Medium,Q2,1952
0564-MUUQK,Month-to-month,Yes,Bank transfer (automatic),13-24 Months,Premium,Q3,1953
5054-IEXZT,Month-to-month,Yes,Electronic check,0-12 Months,High,Q1,1954
5834-ASPWA,Month-to-month,Yes,Electronic check,0-12 Months,High,Q1,1955
0701-RFGFI,Month-to-month,Yes,Bank transfer (automatic),49-60 Months,Premium,Q4,1956
0019-EFAEP,Two year,Yes,Bank transfer (automatic),61-72 Months,Premium,Q4,1957
5619-PTMIK,Month-to-month,No,Electronic check,25-48 Months,Medium,Q3,1958
3737-XBQDD,Month-to-month,Yes,Bank transfer (automatic),13-24 Months,High,Q3,1959
5882-CMAZQ,Month-to-month,No,Electronic check,0-12 Months,Low,Q1,1960
5846-QFDFI,Month-to-month,No,Credit card (automatic),25-48 Months,High,Q3,1961
4445-KWOKW,One year,Yes,Bank transfer (automatic),25-48 Months,Medium,Q3,1962
3511-APPBJ,One year,Yes,Credit card (automatic),13-24 Months,Premium,Q3,1963
7967-HYCDE,Month-to-month,No,Bank transfer (automatic),0-12 Months,High,Q2,1964
2430-RRYUW,One year,Yes,Mailed check,61-72 Months,Medium,Q3,1965
3948-XHGNA,Month-to-month,Yes,Bank transfer (automatic),13-24 Months,Medium,Q2,1966
3723-BFBGR,Month-to-month,No,Credit card (automatic),13-24 Months,Medium,Q2,1967
0565-IYCGT,One year,Yes,Credit card (automatic),61-72 Months,High,Q4,1968
5447-WZAFP,One year,Yes,Mailed check,49-60 Months,Premium,Q4,1969
5110-CHOPY,Two year,No,Electronic check,49-60 Months,Medium,Q3,1970
5445-UTODQ,Month-to-month,Yes,Electronic check,0-12 Months,High,Q2,1971
4425-OWHWB,One year,Yes,Credit card (automatic),13-24 Months,Low,Q2,1972
7892-QVYKW,Month-to-month,No,Electronic check,13-24 Months,High,Q3,1973
9675-ICXCT,Two year,Yes,Electronic check,61-72 Months,High,Q4,1974
1024-VRZHF,Month-to-month,Yes,Electronic check,0-12 Months,High,Q2,1975
4703-MQYKT,Two year,No,Mailed check,13-24 Months,Low,Q1,1976
9497-QCMMS,Month-to-month,Yes,Electronic check,0-12 Months,Premium,Q1,1977
5692-ICXLW,Month-to-month,Yes,Electronic check,25-48 Months,Premium,Q3,1978
0602-DDUML,Two year,No,Mailed check,49-60 Months,Medium,Q4,1979
2208-MPXIO,Two year,Yes,Bank transfer (automatic),25-48 Months,Low,Q2,1980
1960-UYCNN,Month-to-month,Yes,Electronic check,0-12 Months,Premium,Q2,1981
0348-SDKOL,Month-to-month,Yes,Credit card (automatic),49-60 Months,Premium,Q4,1982
3190-FZATL,Month-to-month,No,Mailed check,13-24 Months,Low,Q1,1983
7336-RLLRH,One year,No,Mailed check,25-48 Months,High,Q3,1984
4373-MAVJG,Month-to-month,Yes,Bank transfer (automatic),13-24 Months,Premium,Q2,1985
8901-HJXTF,Month-to-month,No,Mailed check,0-12 Months,Low,Q1,1986
7710-JSYOA,Two year,Yes,Bank transfer (automatic),61-72 Months,Premium,Q4,1987
5419-KLXBN,Month-to-month,Yes,Bank transfer (automatic),25-48 Months,High,Q3,1988
3424-NMNBO,One year,Yes,Electronic check,49-60 Months,Premium,Q4,1989
9885-MFVSU,Two year,Yes,Credit card (automatic),25-48 Months,Medium,Q3,1990
4514-GFCFI,Month-to-month,Yes,Electronic check,13-24 Months,High,Q2,1991
0607-MVMGC,One year,No,Credit card (automatic),25-48 Months,High,Q3,1992
3365-SAIGS,Month-to-month,Yes,Electronic check,13-24 Months,High,Q2,1993
9828-AOQLM,Month-to-month,Yes,Electronic check,0-12 Months,Medium,Q1,1994
8022-BECSI,One year,No,Mailed check,13-24 Months,Low,Q2,1995
8000-REIQB,Month-to-month,Yes,Electronic check,0-12 Months,Medium,Q1,1996
9993-LHIEB,Two year,No,Mailed check,61-72 Months,Medium,Q4,1997
0266-CLZKZ,Two year,Yes,Bank transfer (automatic),61-72 Months,Premium,Q4,1998
7615-ESMYF,Month-to-month,No,Electronic check,0-12 Months,Medium,Q1,1999
3858-VOBET,Month-to-month,Yes,Electronic check,13-24 Months,High,Q3,2000
7020-OZKXZ,Month-to-month,No,Credit card (automatic),0-12 Months,High,Q2,2001
3977-QCRSL,Month-to-month,No,Mailed check,0-12 Months,Low,Q1,2002
0017-DINOC,Two year,No,Credit card (automatic),49-60 Months,Medium,Q3,2003
1447-PJGGA,Two year,Yes,Electronic check,49-60 Months,Premium,Q4,2004
8565-CLBZW,Month-to-month,Yes,Mailed check,13-24 Months,High,Q3,2005
9139-WQQDY,One year,No,Mailed check,49-60 Months,Premium,Q4,2006
0224-HJAPT,Month-to-month,No,Electronic check,0-12 Months,Medium,Q1,2007
8086-OVPWV,Month-to-month,Yes,Electronic check,0-12 Months,High,Q1,2008
9430-FRQOC,Month-to-month,Yes,Mailed check,0-12 Months,High,Q1,2009
7639-OPLNG,Two year,Yes,Bank transfer (automatic),61-72 Months,High,Q4,2010
3074-GQWYX,Month-to-month,Yes,Bank transfer (automatic),0-12 Months,High,Q1,2011
1492-QGCLU,Month-to-month,No,Electronic check,49-60 Months,High,Q4,2012
6845-RGTYS,Month-to-month,Yes,Electronic check,25-48 Months,Premium,Q4,2013
7328-OWMOM,One year,No,Credit card (automatic),25-48 Months,Low,Q2,2014
4418-LZMSV,Month-to-month,No,Bank transfer (automatic),13-24 Months,Medium,Q2,2015
5155-AZQPB,Month-to-month,No,Mailed check,25-48 Months,Medium,Q3,2016
8861-HGGKB,Month-to-month,No,Electronic check,0-12 Months,High,Q2,2017
1087-GRUYI,Two year,No,Bank transfer (automatic),25-48 Months,Low,Q2,2018
7065-YUNRY,Month-to-month,Yes,Mailed check,0-12 Months,Medium,Q1,2019
7694-VLBWQ,One year,No,Electronic check,61-72 Months,Premium,Q4,2020
2546-KZAAT,One year,Yes,Mailed check,49-60 Months,High,Q4,2021
0181-RITDD,Two year,No,Mailed check,61-72 Months,Premium,Q4,2022
5989-PGKJB,Month-to-month,Yes,Electronic check,13-24 Months,High,Q2,2023
4795-KTRTH,Month-to-month,Yes,Electronic check,0-12 Months,High,Q1,2024
8272-ONJLV,One year,No,Electronic check,0-12 Months,Premium,Q2,2025
1488-PBLJN,Two year,Yes,Bank transfer (automatic),61-72 Months,Premium,Q4,2026
0308-GIQJT,One year,No,Bank transfer (automatic),61-72 Months,Premium,Q4,2027
3778-FOAQW,One year,No,Mailed check,13-24 Months,Low,Q2,2028
4452-ROHMO,Two year,No,Mailed check,13-24 Months,Low,Q1,2029
6481-OGDOO,One year,Yes,Credit card (automatic),61-72 Months,Premium,Q4,2030
3090-LETTY,Month-to-month,No,Bank transfer (automatic),0-12 Months,Medium,Q1,2031
5349-AZPEW,Month-to-month,No,Mailed check,0-12 Months,Low,Q1,2032
3753-TSEMP,Month-to-month,No,Electronic check,13-24 Months,High,Q2,2033
8305-VHZBZ,Month-to-month,Yes,Mailed check,0-12 Months,Low,Q1,2034
9720-JJJOR,One year,Yes,Bank transfer (automatic),25-48 Months,Medium,Q3,2035
8100-HZZLJ,Month-to-month,Yes,Electronic check,25-48 Months,Medium,Q3,2036
8775-ERLNB,Month-to-month,No,Electronic check,0-12 Months,High,Q1,2037
8309-IEYJD,Month-to-month,Yes,Mailed check,0-12 Months,High,Q1,2038
9172-JITSM,Month-to-month,Yes,Electronic check,25-48 Months,Premium,Q3,2039
6298-QDFNH,Month-to-month,Yes,Electronic check,13-24 Months,High,Q3,2040
7398-HPYZQ,Two year,No,Bank transfer (automatic),61-72 Months,Premium,Q4,2041
3546-GHEAE,Two year,No,Mailed check,0-12 Months,Low,Q1,2042
7361-YPXFS,Month-to-month,No,Bank transfer (automatic),25-48 Months,Medium,Q3,2043
6557-BZXLQ,Month-to-month,No,Electronic check,13-24 Months,Medium,Q2,2044
2550-QHZGP,One year,No,Mailed check,0-12 Months,Low,Q1,2045
7519-JTWQH,Two year,Yes,Bank transfer (automatic),61-72 Months,Premium,Q4,2046
2538-OIMXF,Month-to-month,No,Mailed check,0-12 Months,Low,Q1,2047
8543-MSDMF,Month-to-month,Yes,Electronic check,0-12 Months,High,Q1,2048
9961-JBNMK,Month-to-month,Yes,Bank transfer (automatic),13-24 Months,Premium,Q3,2049
1170-SASML,Month-to-month,Yes,Bank transfer (automatic),61-72 Months,High,Q4,2050
4872-JCVCA,Two year,Yes,Bank transfer (automatic),61-72 Months,Medium,Q3,2051
5346-BZCHP,Two year,No,Mailed check,61-72 Months,Low,Q2,2052
2038-LLMLM,Month-to-month,Yes,Electronic check,25-48 Months,Premium,Q4,2053
6173-ITPWD,Month-to-month,Yes,Bank transfer (automatic),25-48 Months,High,Q4,2054
9734-UYXQI,Month-to-month,Yes,Electronic check,0-12 Months,Medium,Q1,2055
1216-BGTSP,Month-to-month,Yes,Credit card (automatic),25-48 Months,Premium,Q4,2056
4138-NAXED,Month-to-month,No,Bank transfer (automatic),49-60 Months,High,Q4,2057
2189-UXTKY,Month-to-month,Yes,Electronic check,13-24 Months,High,Q3,2058
0744-BIKKF,Two year,No,Bank transfer (automatic),61-72 Months,High,Q4,2059
7483-IQWIB,Month-to-month,Yes,Electronic check,25-48 Months,Premium,Q3,2060
5248-KWLAR,Two year,No,Electronic check,61-72 Months,Premium,Q4,2061
4958-GZWIY,Month-to-month,No,Electronic check,0-12 Months,Medium,Q1,2062
7996-MHXLW,Two year,Yes,Credit card (automatic),61-72 Months,Low,Q3,2063
7833-PKIHD,One year,Yes,Bank transfer (automatic),49-60 Months,High,Q4,2064
7061-OVMIM,One year,No,Bank transfer (automatic),25-48 Months,Low,Q2,2065
5153-RTHKF,Month-to-month,No,Electronic check,25-48 Months,High,Q3,2066
1852-QSWCD,Two year,Yes,Mailed check,61-72 Months,Low,Q3,2067
4832-VRBMR,One year,Yes,Bank transfer (automatic),61-72 Months,Premium,Q4,2068
9079-LWTFD,Month-to-month,No,Mailed check,25-48 Months,Premium,Q4,2069
6356-ELRKD,Month-to-month,Yes,Electronic check,0-12 Months,Premium,Q1,2070
8624-GIOUT,Month-to-month,Yes,Credit card (automatic),49-60 Months,Medium,Q3,2071
3392-EHMNK,Two year,No,Credit card (automatic),61-72 Months,Premium,Q4,2072
5986-WWXDV,One year,No,Bank transfer (automatic),25-48 Months,Low,Q2,2073
3061-BCKYI,Month-to-month,No,Mailed check,13-24 Months,Low,Q1,2074
6179-GJPSO,Month-to-month,Yes,Credit card (automatic),25-48 Months,Premium,Q4,2075
7901-TBKJX,Month-to-month,Yes,Electronic check,49-60 Months,Premium,Q4,2076
7228-PAQPD,One year,No,Credit card (automatic),13-24 Months,Medium,Q2,2077
3177-LASXD,Month-to-month,No,Electronic check,0-12 Months,High,Q1,2078
7746-QYVCO,One year,Yes,Mailed check,13-24 Months,Medium,Q2,2079
5804-HYIEZ,Month-to-month,Yes,Electronic check,61-72 Months,Premium,Q4,2080
9919-FZDED,Two year,Yes,Credit card (automatic),61-72 Months,High,Q4,2081
5934-TSSAU,Month-to-month,Yes,Credit card (automatic),13-24 Months,High,Q3,2082
3486-KHMLI,Month-to-month,No,Mailed check,13-24 Months,Low,Q2,2083
4897-QSUYC,Month-to-month,Yes,Mailed check,0-12 Months,Low,Q1,2084
1084-UQCHV,Month-to-month,No,Bank transfer (automatic),0-12 Months,Medium,Q1,2085
8290-YWKHZ,Month-to-month,Yes,Electronic check,25-48 Months,Premium,Q3,2086
2955-BJZHG,Month-to-month,No,Electronic check,13-24 Months,High,Q3,2087
3806-DXQOM,Month-to-month,Yes,Electronic check,0-12 Months,Low,Q1,2088
6784-XYJAE,One year,No,Electronic check,25-48 Months,Medium,Q3,2089
3933-DQPWX,Two year,No,Credit card (automatic),49-60 Months,Medium,Q3,2090
6661-EIPZC,Month-to-month,Yes,Credit card (automatic),25-48 Months,Low,Q3,2091
8957-THMOA,Two year,No,Credit card (automatic),49-60 Months,Low,Q2,2092
2251-PYLPB,Two year,No,Credit card (automatic),61-72 Months,High,Q4,2093
5555-RNPGT,Month-to-month,No,Credit card (automatic),0-12 Months,Low,Q1,2094
1057-FOGLZ,Month-to-month,No,Mailed check,13-24 Months,Low,Q1,2095
9300-RENDD,Month-to-month,Yes,Electronic check,0-12 Months,High,Q1,2096
0761-AETCS,Month-to-month,No,Electronic check,0-12 Months,Low,Q1,2097
8087-LGYHQ,Month-to-month,Yes,Electronic check,0-12 Months,Premium,Q2,2098
4137-BTIKL,Month-to-month,No,Mailed check,0-12 Months,Premium,Q1,2099
2190-BCXEC,Month-to-month,Yes,Credit card (automatic),25-48 Months,High,Q3,2100
6227-FBDXH,One year,No,Bank transfer (automatic),61-72 Months,Premium,Q4,2101
2153-MREFK,One year,Yes,Electronic check,25-48 Months,Premium,Q3,2102
2911-WDXMV,Month-to-month,Yes,Credit card (automatic),13-24 Months,High,Q3,2103
7206-PQBBZ,Month-to-month,Yes,Electronic check,0-12 Months,High,Q2,2104
3106-ULWFW,Month-to-month,Yes,Credit card (automatic),0-12 Months,High,Q2,2105
0925-VYDLG,Month-to-month,No,Electronic check,0-12 Months,High,Q1,2106
4547-FZJWE,One year,No,Credit card (automatic),49-60 Months,Medium,Q3,2107
7422-WNBTY,Month-to-month,Yes,Electronic check,25-48 Months,Premium,Q3,2108
0842-IWYCP,Month-to-month,No,Bank transfer (automatic),25-48 Months,Medium,Q3,2109
3521-HTQTV,Two year,No,Bank transfer (automatic),25-48 Months,Low,Q2,2110
3744-ZBHON,Month-to-month,No,Electronic check,0-12 Months,Low,Q1,2111
3373-DIUUN,Two year,No,Mailed check,25-48 Months,Low,Q2,2112
8383-SGHJU,One year,No,Electronic check,25-48 Months,Medium,Q3,2113
7607-QKKTJ,One year,Yes,Credit card (automatic),25-48 Months,Premium,Q4,2114
7707-PYBBH,Month-to-month,Yes,Mailed check,25-48 Months,Medium,Q3,2115
8984-HPEMB,Two year,Yes,Electronic check,61-72 Months,Premium,Q4,2116
4349-GFQHK,Month-to-month,No,Electronic check,0-12 Months,Medium,Q1,2117
4139-DETXS,Two year,No,Bank transfer (automatic),61-72 Months,Medium,Q4,2118
9779-DPNEJ,Month-to-month,Yes,Electronic check,13-24 Months,High,Q3,2119
9805-FILKB,One year,Yes,Bank transfer (automatic),25-48 Months,Low,Q2,2120
5793-YOLJN,Two year,No,Mailed check,49-60 Months,Low,Q2,2121
0673-IGUQO,Month-to-month,No,Mailed check,0-12 Months,Low,Q1,2122
4123-FCVCB,One year,Yes,Mailed check,0-12 Months,High,Q2,2123
8819-IMISP,Month-to-month,Yes,Electronic check,25-48 Months,High,Q3,2124
7802-EFKNY,Month-to-month,Yes,Electronic check,0-12 Months,Low,Q1,2125
8311-UEUAB,Two year,Yes,Electronic check,61-72 Months,High,Q4,2126
5858-EAFCZ,Month-to-month,No,Mailed check,0-12 Months,Medium,Q1,2127
8035-BUYVG,One year,Yes,Electronic check,25-48 Months,Medium,Q3,2128
1163-ONYEY,Month-to-month,Yes,Credit card (automatic),25-48 Months,High,Q3,2129
9787-XVQIU,Month-to-month,Yes,Electronic check,0-12 Months,High,Q1,2130
8945-MUQUF,One year,Yes,Electronic check,49-60 Months,Premium,Q4,2131
5656-MJEFC,Two year,No,Credit card (automatic),25-48 Months,Medium,Q3,2132
6082-OQFBA,One year,No,Mailed check,13-24 Months,Low,Q2,2133
8051-HJRLT,Month-to-month,Yes,Electronic check,0-12 Months,High,Q1,2134
8974-OVACP,Month-to-month,No,Mailed check,0-12 Months,Low,Q1,2135
4010-YLMVT,Month-to-month,Yes,Credit card (automatic),49-60 Months,Premium,Q4,2136
1379-FRVEB,Month-to-month,Yes,Electronic check,13-24 Months,Premium,Q3,2137
8612-GXIDD,Two year,Yes,Bank transfer (automatic),0-12 Months,Low,Q1,2138
6288-CHQJB,Two year,No,Bank transfer (automatic),49-60 Months,Medium,Q4,2139
8160-HOWOX,Month-to-month,Yes,Electronic check,0-12 Months,Medium,Q2,2140
3023-GFLBR,Month-to-month,No,Credit card (automatic),25-48 Months,High,Q3,2141
6648-INWPS,Month-to-month,No,Electronic check,13-24 Months,Low,Q1,2142
4223-BKEOR,One year,No,Mailed check,13-24 Months,Medium,Q2,2143
4079-VTGLK,Two year,No,Electronic check,25-48 Months,High,Q3,2144
1763-WQFUK,Month-to-month,Yes,Mailed check,0-12 Months,Medium,Q1,2145
1391-UBDAR,Month-to-month,No,Electronic check,0-12 Months,High,Q2,2146
8894-JVDCV,One year,Yes,Credit card (automatic),61-72 Months,Premium,Q4,2147
2023-VQFDL,Month-to-month,No,Electronic check,13-24 Months,Low,Q1,2148
1345-GKDZZ,Month-to-month,No,Mailed check,0-12 Months,Low,Q1,2149
2014-MKGMH,One year,Yes,Electronic check,25-48 Months,Premium,Q4,2150
5628-FCGYG,Month-to-month,Yes,Electronic check,13-24 Months,High,Q3,2151
2560-WBWXF,Two year,Yes,Bank transfer (automatic),61-72 Months,Low,Q3,2152
0248-IPDFW,Month-to-month,Yes,Electronic check,0-12 Months,Medium,Q1,2153
7978-DKUQH,Month-to-month,Yes,Electronic check,25-48 Months,High,Q3,2154
4335-UPJSI,Two year,No,Mailed check,13-24 Months,Low,Q2,2155
0524-IAVZO,Month-to-month,Yes,Electronic check,25-48 Months,High,Q3,2156
2737-YNGYW,Month-to-month,No,Electronic check,0-12 Months,High,Q1,2157
1784-EZDKJ,One year,Yes,Bank transfer (automatic),49-60 Months,Premium,Q4,2158
9297-FVVDH,Two year,Yes,Electronic check,49-60 Months,High,Q4,2159
8007-YYPWD,Two year,No,Bank transfer (automatic),13-24 Months,Low,Q1,2160
7101-HRBLJ,Two year,Yes,Bank transfer (automatic),61-72 Months,High,Q4,2161
5159-YFPKQ,Month-to-month,Yes,Electronic check,0-12 Months,High,Q1,2162
6635-CPNUN,Month-to-month,No,Credit card (automatic),25-48 Months,Premium,Q3,2163
4021-RQSNY,Month-to-month,Yes,Electronic check,25-48 Months,Premium,Q3,2164
5453-YBTWV,Two year,Yes,Credit card (automatic),61-72 Months,Premium,Q4,2165
5039-LZRQT,One year,No,Mailed check,13-24 Months,Low,Q1,2166
2931-VUVJN,One year,Yes,Electronic check,49-60 Months,Premium,Q4,2167
9061-TIHDA,Month-to-month,Yes,Electronic check,13-24 Months,Premium,Q2,2168
8699-ASUFO,Month-to-month,Yes,Mailed check,0-12 Months,High,Q2,2169
6418-PIQSP,Two year,No,Mailed check,61-72 Months,High,Q4,2170
8220-OCUFY,One year,Yes,Electronic check,13-24 Months,Medium,Q2,2171
3995-WFCSM,Month-to-month,No,Electronic check,0-12 Months,Medium,Q1,2172
1895-QTKDO,Month-to-month,No,Credit card (automatic),0-12 Months,Medium,Q1,2173
2038-OEQZH,Month-to-month,No,Electronic check,0-12 Months,High,Q1,2174
1178-PZGAB,One year,No,Credit card (automatic),13-24 Months,Low,Q1,2175
7927-AUXBZ,Month-to-month,No,Electronic check,25-48 Months,High,Q3,2176
2626-VEEWG,Two year,Yes,Credit card (automatic),61-72 Months,Low,Q2,2177
2878-RMWXY,Two year,Yes,Credit card (automatic),61-72 Months,Premium,Q4,2178
1657-DYMBM,Two year,No,Credit card (automatic),49-60 Months,Low,Q2,2179
7311-MQJCH,One year,No,Electronic check,0-12 Months,Low,Q1,2180
7375-WMVMT,Two year,Yes,Credit card (automatic),61-72 Months,Premium,Q4,2181
1136-XGEQU,One year,Yes,Credit card (automatic),49-60 Months,High,Q4,2182
2530-FMFXO,Two year,Yes,Electronic check,49-60 Months,Premium,Q4,2183
6844-DZKRF,Month-to-month,Yes,Credit card (automatic),0-12 Months,Medium,Q1,2184
4695-WJZUE,Month-to-month,Yes,Electronic check,0-12 Months,High,Q1,2185
7619-ODSGN,Month-to-month,No,Electronic check,13-24 Months,Medium,Q2,2186
5970-GHJAW,Two year,No,Credit card (automatic),25-48 Months,Low,Q2,2187
8879-XUAHX,Two year,Yes,Electronic check,61-72 Months,Premium,Q4,2188
3689-MOZGR,Month-to-month,Yes,Electronic check,25-48 Months,Low,Q2,2189
4195-PNGZS,Two year,No,Bank transfer (automatic),61-72 Months,Low,Q3,2190
5003-XZWWO,Two year,No,Credit card (automatic),61-72 Months,High,Q4,2191
3988-RQIXO,Month-to-month,Yes,Electronic check,0-12 Months,Premium,Q1,2192
7622-FWGEW,Two year,Yes,Bank transfer (automatic),49-60 Months,High,Q4,2193
6922-NCEDI,One year,Yes,Mailed check,49-60 Months,Low,Q2,2194
2514-GINMM,Month-to-month,Yes,Electronic check,0-12 Months,High,Q1,2195
9891-NQDBD,One year,No,Mailed check,25-48 Months,Low,Q2,2196
6131-IUNXN,Month-to-month,No,Mailed check,13-24 Months,Low,Q1,2197
8548-AWOFC,Month-to-month,No,Electronic check,61-72 Months,Medium,Q4,2198
9798-DRYDS,One year,Yes,Mailed check,13-24 Months,Medium,Q2,2199
8532-UEFWH,Two year,No,Mailed check,49-60 Months,Low,Q2,2200
6296-DDOOR,One year,No,Electronic check,13-24 Months,Medium,Q2,2201
7951-VRDVK,One year,No,Bank transfer (automatic),25-48 Months,High,Q3,2202
5931-FLJJF,Month-to-month,Yes,Mailed check,0-12 Months,High,Q2,2203
4815-YOSUK,One year,Yes,Credit card (automatic),61-72 Months,Premium,Q4,2204
2659-VXMWZ,One year,Yes,Electronic check,61-72 Months,Premium,Q4,2205
0380-NEAVX,One year,Yes,Electronic check,25-48 Months,Premium,Q3,2206
3207-OYBWH,Month-to-month,Yes,Bank transfer (automatic),49-60 Months,Premium,Q4,2207
4285-GYRQC,Month-to-month,Yes,Electronic check,0-12 Months,High,Q2,2208
7216-EWTRS,Month-to-month,Yes,Electronic check,0-12 Months,Premium,Q1,2209
4365-MSDYN,Month-to-month,Yes,Bank transfer (automatic),0-12 Months,Low,Q1,2210
7036-TYDEC,Two year,No,Electronic check,61-72 Months,Premium,Q4,2211
5802-ADBRC,One year,Yes,Mailed check,49-60 Months,Premium,Q4,2212
8076-FEZKJ,One year,No,Mailed check,0-12 Months,Low,Q1,2213
5197-YPYBZ,Two year,No,Credit card (automatic),0-12 Months,Low,Q1,2214
8337-MSSXB,Month-to-month,Yes,Electronic check,13-24 Months,High,Q2,2215
4312-GVYNH,Two year,Yes,Bank transfer (automatic),61-72 Months,Medium,Q3,2216
8495-LJDFO,Month-to-month,Yes,Bank transfer (automatic),61-72 Months,Premium,Q4,2217
0839-JTCUD,Two year,No,Credit card (automatic),61-72 Months,High,Q4,2218
5494-WOZRZ,Two year,Yes,Credit card (automatic),61-72 Months,High,Q4,2219
1302-UHBDD,Month-to-month,No,Electronic check,13-24 Months,High,Q3,2220
2234-EOFPT,Two year,Yes,Bank transfer (automatic),61-72 Months,High,Q4,2221
8619-IJNDK,Two year,No,Credit card (automatic),61-72 Months,Medium,Q4,2222
8378-LKJAF,Month-to-month,Yes,Credit card (automatic),25-48 Months,Premium,Q4,2223
8182-BJDSI,Month-to-month,Yes,Electronic check,25-48 Months,High,Q3,2224
2528-HFYZX,Month-to-month,Yes,Electronic check,13-24 Months,High,Q2,2225
1153-GNOLC,One year,Yes,Electronic check,25-48 Months,Medium,Q2,2226
3298-QEICA,Two year,No,Mailed check,13-24 Months,Low,Q2,2227
0788-DXBFY,One year,Yes,Electronic check,49-60 Months,Low,Q2,2228
3597-YASZG,Two year,Yes,Bank transfer (automatic),61-72 Months,Premium,Q4,2229
3496-LFSZU,Month-to-month,No,Electronic check,0-12 Months,High,Q1,2230
5242-UOWHD,Two year,No,Mailed check,25-48 Months,Low,Q2,2231
2482-CZGBB,Month-to-month,Yes,Electronic check,0-12 Months,Medium,Q2,2232
6479-SZPLM,Two year,No,Credit card (automatic),25-48 Months,Low,Q2,2233
8097-VBQTZ,Month-to-month,Yes,Mailed check,49-60 Months,Medium,Q4,2234
4500-HKANN,Two year,No,Mailed check,13-24 Months,Medium,Q3,2235
9917-KWRBE,One year,Yes,Credit card (automatic),25-48 Months,High,Q3,2236
3420-ZDBMA,Month-to-month,Yes,Mailed check,0-12 Months,High,Q1,2237
2212-LYASK,One year,Yes,Credit card (automatic),25-48 Months,Medium,Q2,2238
1393-IMKZG,Month-to-month,Yes,Electronic check,0-12 Months,Premium,Q1,2239
8069-RHUXK,Two year,No,Credit card (automatic),61-72 Months,Medium,Q3,2240
3398-GCPMU,Two year,Yes,Credit card (automatic),61-72 Months,High,Q4,2241
2908-WGAXL,Two year,Yes,Credit card (automatic),49-60 Months,Low,Q3,2242
3378-AJRAO,One year,No,Electronic check,25-48 Months,Low,Q2,2243
1013-QCWAM,Month-to-month,Yes,Electronic check,61-72 Months,Premium,Q4,2244
0866-QLSIR,One year,Yes,Mailed check,25-48 Months,Medium,Q3,2245
6050-FFXES,Two year,No,Bank transfer (automatic),61-72 Months,Premium,Q4,2246
7181-BQYBV,Month-to-month,Yes,Electronic check,0-12 Months,Premium,Q1,2247
0362-RAOQO,Two year,No,Credit card (automatic),25-48 Months,Low,Q2,2248
9554-DFKIC,Month-to-month,Yes,Bank transfer (automatic),25-48 Months,Medium,Q3,2249
5527-ACHSO,Month-to-month,No,Mailed check,0-12 Months,High,Q2,2250
0829-DDVLK,One year,No,Credit card (automatic),13-24 Months,Low,Q1,2251
1399-UBQIU,Month-to-month,Yes,Electronic check,0-12 Months,Medium,Q2,2252
1813-JLKWR,One year,No,Bank transfer (automatic),61-72 Months,Low,Q2,2253
0336-PIKEI,Two year,No,Bank transfer (automatic),61-72 Months,High,Q4,2254
7322-OCWHC,Two year,Yes,Bank transfer (automatic),61-72 Months,Premium,Q4,2255
9537-VHDTA,Month-to-month,No,Mailed check,0-12 Months,Medium,Q1,2256
4957-TIALW,One year,No,Credit card (automatic),13-24 Months,Medium,Q2,2257
2054-PJOCK,One year,No,Credit card (automatic),49-60 Months,High,Q4,2258
9150-HEPMB,One year,No,Mailed check,49-60 Months,Medium,Q3,2259
9030-QGZNL,Two year,No,Mailed check,0-12 Months,Low,Q1,2260
6204-IEUXJ,Month-to-month,No,Credit card (automatic),0-12 Months,High,Q1,2261
3126-WQMGH,Month-to-month,Yes,Credit card (automatic),49-60 Months,Medium,Q3,2262
4529-CKBCL,Month-to-month,Yes,Electronic check,0-12 Months,High,Q1,2263
2506-CLAKW,Month-to-month,Yes,Bank transfer (automatic),0-12 Months,Premium,Q2,2264
7176-WRTNX,Two year,Yes,Bank transfer (automatic),61-72 Months,Premium,Q4,2265
1583-IHQZE,Month-to-month,Yes,Mailed check,0-12 Months,Premium,Q2,2266
5732-IKGQH,One year,Yes,Bank transfer (automatic),49-60 Months,Premium,Q4,2267
9239-GZHZE,Two year,Yes,Credit card (automatic),61-72 Months,Premium,Q4,2268
7205-BAIAD,Two year,Yes,Bank transfer (automatic),25-48 Months,Low,Q2,2269
0151-ONTOV,Month-to-month,No,Mailed check,0-12 Months,High,Q1,2270
4140-MUHUG,Month-to-month,Yes,Electronic check,0-12 Months,High,Q1,2271
0093-EXYQL,Month-to-month,Yes,Electronic check,25-48 Months,Premium,Q3,2272
8064-RAVOH,Month-to-month,Yes,Electronic check,0-12 Months,Medium,Q1,2273
0219-QAERP,One year,No,Credit card (automatic),25-48 Months,Low,Q2,2274
0320-JDNQG,Month-to-month,Yes,Electronic check,13-24 Months,Premium,Q3,2275
7180-PISOG,Month-to-month,Yes,Electronic check,0-12 Months,High,Q1,2276
9168-INPSZ,Month-to-month,No,Electronic check,25-48 Months,Premium,Q4,2277
3571-RFHAR,Month-to-month,Yes,Electronic check,61-72 Months,Premium,Q4,2278
0015-UOCOJ,Month-to-month,Yes,Electronic check,0-12 Months,Medium,Q1,2279
5334-AFQJB,Two year,Yes,Credit card (automatic),61-72 Months,Low,Q3,2280
2754-SDJRD,Month-to-month,Yes,Credit card (automatic),0-12 Months,Premium,Q2,2281
9578-VRMNM,Month-to-month,Yes,Credit card (automatic),13-24 Months,Medium,Q2,2282
1587-FKLZB,Month-to-month,Yes,Credit card (automatic),61-72 Months,Premium,Q4,2283
6140-QNRQQ,Month-to-month,Yes,Mailed check,0-12 Months,High,Q1,2284
8963-JLGJT,Month-to-month,No,Mailed check,0-12 Months,Medium,Q1,2285
4307-KTUMW,Month-to-month,No,Electronic check,49-60 Months,Premium,Q4,2286
1465-LNTLJ,Month-to-month,Yes,Credit card (automatic),0-12 Months,Medium,Q2,2287
5440-FLBQG,Two year,Yes,Bank transfer (automatic),61-72 Months,Premium,Q4,2288
2135-DQWAQ,Month-to-month,Yes,Mailed check,0-12 Months,High,Q2,2289
4056-QHXHZ,Two year,No,Mailed check,61-72 Months,Premium,Q4,2290
7470-MCQTK,Month-to-month,Yes,Bank transfer (automatic),13-24 Months,Medium,Q2,2291
7488-MXJIV,Month-to-month,Yes,Electronic check,0-12 Months,High,Q1,2292
7401-JIXNM,Two year,No,Credit card (automatic),49-60 Months,Premium,Q4,2293
9339-FIIJL,Two year,No,Bank transfer (automatic),61-72 Months,High,Q4,2294
2027-FECZV,Month-to-month,Yes,Electronic check,0-12 Months,Premium,Q2,2295
2672-DZUOY,Month-to-month,Yes,Electronic check,0-12 Months,Low,Q1,2296
4706-DGAHW,Month-to-month,No,Electronic check,0-12 Months,Medium,Q1,2297
3870-MQAMG,One year,No,Electronic check,49-60 Months,Premium,Q4,2298
6670-MFRPK,Two year,Yes,Credit card (automatic),61-72 Months,High,Q4,2299
6177-PEVRA,Two year,No,Credit card (automatic),25-48 Months,Medium,Q3,2300
4800-CZMPC,One year,Yes,Credit card (automatic),25-48 Months,Premium,Q4,2301
4813-HQMGZ,Month-to-month,Yes,Electronic check,0-12 Months,Premium,Q2,2302
7579-KKLOE,Two year,Yes,Mailed check,61-72 Months,Premium,Q4,2303
7377-DMMRI,Month-to-month,Yes,Electronic check,0-12 Months,Medium,Q1,2304
8402-EIVQS,One year,Yes,Credit card (automatic),61-72 Months,Premium,Q4,2305
4947-DSMXK,Month-to-month,Yes,Bank transfer (automatic),25-48 Months,Premium,Q3,2306
7245-NIIWQ,Month-to-month,Yes,Electronic check,0-12 Months,Medium,Q1,2307
0002-ORFBO,One year,Yes,Mailed check,0-12 Months,Medium,Q2,2308
3324-OIRTO,One year,Yes,Bank transfer (automatic),61-72 Months,Premium,Q4,2309
5414-OFQCB,Two year,Yes,Credit card (automatic),49-60 Months,Premium,Q4,2310
4967-WPNCF,Two year,Yes,Bank transfer (automatic),61-72 Months,Medium,Q4,2311
8552-OBVRU,Month-to-month,Yes,Electronic check,25-48 Months,Premium,Q4,2312
8499-BRXTD,One year,No,Mailed check,13-24 Months,Low,Q1,2313
9154-QDGTH,One year,Yes,Credit card (automatic),25-48 Months,Premium,Q4,2314
8197-BFWVU,Two year,Yes,Bank transfer (automatic),61-72 Months,Premium,Q4,2315
2577-GVSIL,One year,Yes,Bank transfer (automatic),25-48 Months,High,Q3,2316
9367-OIUXP,Month-to-month,No,Mailed check,0-12 Months,Low,Q1,2317
6770-UAYGJ,Two year,No,Mailed check,49-60 Months,Low,Q2,2318
6463-HHXJR,Two year,No,Bank transfer (automatic),61-72 Months,Premium,Q4,2319
7928-VJYAB,Month-to-month,No,Electronic check,0-12 Months,Premium,Q2,2320
1187-WILMM,Two year,Yes,Credit card (automatic),61-72 Months,High,Q4,2321
9776-OJUZI,Month-to-month,Yes,Bank transfer (automatic),61-72 Months,Premium,Q4,2322
1306-RPWXZ,Two year,No,Credit card (automatic),49-60 Months,Low,Q2,2323
8949-JTMAY,Month-to-month,Yes,Credit card (automatic),25-48 Months,Premium,Q3,2324
2774-LVQUS,Month-to-month,Yes,Electronic check,13-24 Months,High,Q2,2325
3097-PYWXL,Month-to-month,Yes,Electronic check,0-12 Months,Low,Q1,2326
2266-SJNAT,One year,No,Credit card (automatic),61-72 Months,Premium,Q4,2327
0869-PAPRP,Month-to-month,Yes,Credit card (automatic),25-48 Months,High,Q3,2328
4238-JSSWH,Month-to-month,No,Bank transfer (automatic),25-48 Months,Premium,Q3,2329
2972-YDYUW,One year,No,Electronic check,49-60 Months,Premium,Q4,2330
1104-FEJAM,Month-to-month,No,Electronic check,25-48 Months,Medium,Q3,2331
2809-ILCYT,One year,Yes,Mailed check,25-48 Months,Low,Q2,2332
5499-ECUTN,One year,Yes,Credit card (automatic),25-48 Months,Medium,Q3,2333
4981-FLTMF,Month-to-month,No,Bank transfer (automatic),49-60 Months,Medium,Q3,2334
9121-PHQSR,Month-to-month,Yes,Credit card (automatic),13-24 Months,High,Q2,2335
3113-IWHLC,Month-to-month,Yes,Mailed check,0-12 Months,Medium,Q1,2336
3211-ILJTT,Month-to-month,Yes,Bank transfer (automatic),13-24 Months,High,Q2,2337
4612-THJBS,One year,Yes,Bank transfer (automatic),49-60 Months,Premium,Q4,2338
4277-BWBML,Two year,No,Bank transfer (automatic),61-72 Months,Low,Q2,2339
4094-NSEDU,Month-to-month,Yes,Electronic check,13-24 Months,Premium,Q3,2340
0234-TEVTT,One year,No,Credit card (automatic),25-48 Months,Medium,Q3,2341
4304-TSPVK,Two year,No,Bank transfer (automatic),61-72 Months,Premium,Q4,2342
1552-AAGRX,Month-to-month,No,Bank transfer (automatic),25-48 Months,Premium,Q3,2343
2637-FKFSY,Month-to-month,Yes,Mailed check,0-12 Months,Medium,Q1,2344
9796-MVYXX,Two year,No,Mailed check,13-24 Months,Medium,Q2,2345
7874-ECPQJ,Month-to-month,Yes,Bank transfer (automatic),0-12 Months,Low,Q1,2346
0020-INWCK,Two year,Yes,Credit card (automatic),61-72 Months,Premium,Q4,2347
7089-RKVSZ,One year,No,Mailed check,0-12 Months,Low,Q1,2348
2683-JXWQQ,Month-to-month,No,Bank transfer (automatic),61-72 Months,Low,Q3,2349
9548-ZMVTX,Two year,No,Bank transfer (automatic),61-72 Months,Premium,Q4,2350
8739-XNIKG,Month-to-month,Yes,Electronic check,0-12 Months,High,Q2,2351
9755-JHNMN,Two year,No,Bank transfer (automatic),49-60 Months,Medium,Q3,2352
3981-QSVQI,Month-to-month,Yes,Bank transfer (automatic),0-12 Months,Low,Q1,2353
2789-HQBOU,Month-to-month,Yes,Electronic check,0-12 Months,High,Q1,2354
9424-CMPOG,Two year,No,Mailed check,0-12 Months,Low,Q1,2355
5067-WJEUN,Two year,Yes,Bank transfer (automatic),61-72 Months,Medium,Q4,2356
3450-WXOAT,Month-to-month,Yes,Credit card (automatic),25-48 Months,Medium,Q3,2357
9251-WNSOD,One year,No,Mailed check,61-72 Months,High,Q4,2358
6974-DAFLI,One year,No,Electronic check,49-60 Months,Low,Q2,2359
2616-UUTFK,Month-to-month,Yes,Bank transfer (automatic),25-48 Months,High,Q3,2360
7064-JHXCE,Two year,No,Credit card (automatic),61-72 Months,Low,Q2,2361
5103-MHMHY,Month-to-month,No,Mailed check,0-12 Months,Medium,Q1,2362
7989-AWGEH,Month-to-month,Yes,Electronic check,49-60 Months,Medium,Q3,2363
4373-VVHQL,Month-to-month,Yes,Electronic check,0-12 Months,Medium,Q1,2364
4559-UWIHT,Month-to-month,Yes,Electronic check,13-24 Months,High,Q2,2365
7268-IGMFD,Month-to-month,No,Bank transfer (automatic),13-24 Months,Premium,Q3,2366
1846-XWOQN,Month-to-month,Yes,Electronic check,0-12 Months,High,Q1,2367
0235-KGSLC,Month-to-month,Yes,Credit card (automatic),0-12 Months,High,Q1,2368
6650-BWFRT,Two year,Yes,Credit card (automatic),61-72 Months,Premium,Q4,2369
9570-KYEUA,Two year,No,Credit card (automatic),61-72 Months,Premium,Q4,2370
6993-YGFJV,Two year,Yes,Bank transfer (automatic),61-72 Months,Premium,Q4,2371
2712-SYWAY,Month-to-month,Yes,Electronic check,0-12 Months,Low,Q1,2372
0730-BGQGF,Two year,No,Credit card (automatic),61-72 Months,Premium,Q4,2373
5498-IBWPI,One year,Yes,Credit card (automatic),61-72 Months,Medium,Q3,2374
9101-NTIXF,Month-to-month,No,Mailed check,0-12 Months,Low,Q1,2375
0013-SMEOE,Two year,Yes,Bank transfer (automatic),61-72 Months,Premium,Q4,2376
9314-QDMDW,One year,Yes,Electronic check,0-12 Months,Medium,Q2,2377
9308-ANMVE,Month-to-month,Yes,Electronic check,25-48 Months,Medium,Q3,2378
2884-GBPFB,Month-to-month,Yes,Electronic check,25-48 Months,High,Q3,2379
3757-NJYBX,Month-to-month,No,Bank transfer (automatic),25-48 Months,Premium,Q3,2380
3413-DHLPB,Month-to-month,Yes,Bank transfer (automatic),49-60 Months,Premium,Q4,2381
7649-PHJVR,One year,No,Mailed check,0-12 Months,Low,Q1,2382
6114-TCFID,One year,No,Credit card (automatic),25-48 Months,Medium,Q2,2383
3787-TRIAL,Month-to-month,Yes,Electronic check,13-24 Months,Low,Q2,2384
2573-GYRUU,Month-to-month,Yes,Credit card (automatic),25-48 Months,Premium,Q4,2385
5156-UMKOW,Month-to-month,No,Mailed check,0-12 Months,Low,Q1,2386
1247-QBVSH,Month-to-month,No,Mailed check,25-48 Months,Medium,Q3,2387
6734-GMPVK,Month-to-month,No,Electronic check,0-12 Months,Premium,Q2,2388
9822-OAOVB,Month-to-month,Yes,Electronic check,0-12 Months,Medium,Q1,2389
6161-ERDGD,One year,No,Electronic check,61-72 Months,High,Q4,2390
1226-JZNKR,One year,No,Electronic check,0-12 Months,Low,Q1,2391
7318-EIVKO,Month-to-month,Yes,Electronic check,0-12 Months,Medium,Q2,2392
3771-PZOBW,Month-to-month,Yes,Credit card (automatic),13-24 Months,Premium,Q3,2393
5136-KCKGI,One year,Yes,Mailed check,25-48 Months,Premium,Q3,2394
8231-BSWXX,One year,Yes,Credit card (automatic),61-72 Months,High,Q4,2395
6486-LHTMA,One year,Yes,Electronic check,25-48 Months,Premium,Q3,2396
4083-BFNYK,One year,No,Credit card (automatic),25-48 Months,Premium,Q3,2397
3722-WPXTK,Month-to-month,Yes,Electronic check,0-12 Months,High,Q1,2398
7389-KBFIT,Month-to-month,Yes,Mailed check,0-12 Months,Low,Q1,2399
7176-WIONM,Month-to-month,Yes,Bank transfer (automatic),0-12 Months,Medium,Q2,2400
5141-ZUVBH,Month-to-month,No,Bank transfer (automatic),0-12 Months,Premium,Q2,2401
1089-HDMKP,Month-to-month,Yes,Electronic check,0-12 Months,Medium,Q2,2402
7623-HKYRK,Month-to-month,No,Mailed check,0-12 Months,Low,Q1,2403
0310-SUCIN,One year,Yes,Bank transfer (automatic),61-72 Months,High,Q4,2404
5197-PYEPU,One year,Yes,Credit card (automatic),25-48 Months,Premium,Q4,2405
2929-ERCFZ,Month-to-month,Yes,Electronic check,0-12 Months,Premium,Q2,2406
7548-SEPYI,Month-to-month,Yes,Electronic check,0-12 Months,Premium,Q2,2407
8835-VSDSE,Month-to-month,Yes,Electronic check,0-12 Months,High,Q1,2408
6619-RPLQZ,Two year,No,Mailed check,25-48 Months,Low,Q2,2409
3275-RHRNE,One year,Yes,Credit card (automatic),25-48 Months,Medium,Q3,2410
3503-TYDAY,Month-to-month,No,Electronic check,25-48 Months,High,Q3,2411
6901-GOGZG,Two year,Yes,Electronic check,49-60 Months,High,Q4,2412
1623-NLDOT,One year,No,Mailed check,25-48 Months,Low,Q3,2413
7021-XSNYE,Two year,No,Credit card (automatic),0-12 Months,Medium,Q1,2414
9621-OUPYD,One year,Yes,Bank transfer (automatic),25-48 Months,Low,Q2,2415
9898-KZQDZ,Month-to-month,Yes,Credit card (automatic),25-48 Months,Premium,Q3,2416
8982-NHAVY,One year,Yes,Bank transfer (automatic),25-48 Months,Premium,Q3,2417
4307-KWMXE,Month-to-month,No,Electronic check,0-12 Months,Medium,Q1,2418
0141-YEAYS,Month-to-month,Yes,Bank transfer (automatic),25-48 Months,High,Q3,2419
2450-ZKEED,One year,No,Bank transfer (automatic),0-12 Months,Medium,Q2,2420
3694-DELSO,Month-to-month,No,Credit card (automatic),0-12 Months,Medium,Q1,2421
3893-JRNFS,Month-to-month,Yes,Bank transfer (automatic),61-72 Months,Medium,Q3,2422
9603-OAIHC,Month-to-month,Yes,Electronic check,0-12 Months,High,Q1,2423
1133-KXCGE,One year,No,Mailed check,13-24 Months,Low,Q2,2424
5236-PERKL,Two year,Yes,Bank transfer (automatic),49-60 Months,Premium,Q4,2425
0142-GVYSN,Month-to-month,Yes,Electronic check,25-48 Months,Low,Q2,2426
1049-FYSYG,Month-to-month,Yes,Credit card (automatic),13-24 Months,Medium,Q2,2427
7854-FOKSF,Month-to-month,No,Electronic check,0-12 Months,Medium,Q1,2428
2519-FAKOD,Month-to-month,Yes,Bank transfer (automatic),25-48 Months,Premium,Q3,2429
8406-LNMHF,One year,Yes,Credit card (automatic),49-60 Months,High,Q4,2430
1821-BUCWY,Two year,Yes,Mailed check,25-48 Months,Medium,Q3,2431
8263-JQAIK,Month-to-month,Yes,Mailed check,0-12 Months,Low,Q1,2432
0023-UYUPN,One year,No,Electronic check,49-60 Months,Low,Q2,2433
8314-DPQHL,One year,No,Mailed check,0-12 Months,Medium,Q2,2434
1465-WCZVT,Month-to-month,No,Mailed check,0-12 Months,Low,Q1,2435
9481-SFCQY,Month-to-month,Yes,Credit card (automatic),13-24 Months,Medium,Q2,2436
6360-SVNWV,Month-to-month,Yes,Credit card (automatic),25-48 Months,High,Q3,2437
0567-GGCAC,Month-to-month,No,Electronic check,0-12 Months,Medium,Q2,2438
7089-IVVAZ,Month-to-month,Yes,Bank transfer (automatic),0-12 Months,Premium,Q2,2439
8884-MRNSU,One year,No,Bank transfer (automatic),13-24 Months,Low,Q1,2440
2171-UDMFD,Month-to-month,Yes,Credit card (automatic),25-48 Months,Low,Q2,2441
9050-IKDZA,Month-to-month,No,Mailed check,0-12 Months,High,Q1,2442
2205-YMZZJ,Month-to-month,Yes,Electronic check,0-12 Months,High,Q2,2443
9802-CAQUT,Two year,No,Credit card (automatic),61-72 Months,Premium,Q4,2444
1254-IZEYF,Month-to-month,Yes,Electronic check,25-48 Months,Premium,Q3,2445
0187-WZNAB,Month-to-month,No,Mailed check,25-48 Months,High,Q3,2446
9492-TOKRI,Month-to-month,Yes,Credit card (automatic),13-24 Months,High,Q3,2447
1475-VWVDO,Month-to-month,Yes,Electronic check,0-12 Months,High,Q2,2448
9221-OTIVJ,Month-to-month,Yes,Electronic check,13-24 Months,Premium,Q3,2449
1357-MVDOZ,Month-to-month,Yes,Bank transfer (automatic),0-12 Months,Medium,Q2,2450
7602-MVRMB,Two year,Yes,Bank transfer (automatic),61-72 Months,Premium,Q4,2451
3325-FUYCG,One year,No,Electronic check,25-48 Months,Premium,Q3,2452
5908-QMGOE,Month-to-month,Yes,Credit card (automatic),13-24 Months,High,Q2,2453
1197-BVMVG,Month-to-month,Yes,Electronic check,0-12 Months,High,Q1,2454
5406-KGRMX,Two year,No,Electronic check,61-72 Months,Low,Q3,2455
8481-YYXWG,Month-to-month,Yes,Electronic check,0-12 Months,High,Q2,2456
5968-HYJRZ,Two year,No,Mailed check,25-48 Months,Low,Q2,2457
5198-EFNBM,One year,Yes,Electronic check,49-60 Months,Premium,Q4,2458
7516-GMHUV,Two year,Yes,Credit card (automatic),49-60 Months,Premium,Q4,2459
7140-ADSMJ,Month-to-month,Yes,Credit card (automatic),0-12 Months,Low,Q1,2460
2230-XTUWL,Two year,No,Mailed check,25-48 Months,Low,Q2,2461
7706-YLMQA,One year,No,Bank transfer (automatic),61-72 Months,Low,Q2,2462
2585-KTFRE,Month-to-month,Yes,Bank transfer (automatic),0-12 Months,High,Q1,2463
7994-UYIVZ,Month-to-month,Yes,Bank transfer (automatic),0-12 Months,High,Q2,2464
2609-IAICY,Month-to-month,Yes,Electronic check,0-12 Months,High,Q1,2465
1740-CSDJP,Month-to-month,Yes,Bank transfer (automatic),0-12 Months,Medium,Q1,2466
7717-BICXI,Two year,No,Mailed check,49-60 Months,Low,Q2,2467
6559-RAKOZ,One year,Yes,Electronic check,49-60 Months,Premium,Q4,2468
2636-OHFMN,Month-to-month,Yes,Electronic check,0-12 Months,Medium,Q1,2469
4716-MRVEN,One year,No,Mailed check,25-48 Months,Low,Q2,2470
2143-LJULT,Two year,Yes,Credit card (automatic),61-72 Months,Low,Q3,2471
1323-OOEPC,Month-to-month,Yes,Credit card (automatic),49-60 Months,Premium,Q4,2472
3200-MNQTF,Two year,No,Credit card (automatic),61-72 Months,High,Q4,2473
6164-HXUGH,Month-to-month,No,Mailed check,0-12 Months,Low,Q1,2474
5630-IXDXV,Month-to-month,Yes,Electronic check,25-48 Months,Premium,Q4,2475
0320-DWVTU,Two year,No,Mailed check,49-60 Months,Premium,Q4,2476
9135-MGVPY,Two year,Yes,Mailed check,61-72 Months,High,Q4,2477
1212-GLHMD,Month-to-month,Yes,Mailed check,0-12 Months,High,Q1,2478
7878-JGDKK,Month-to-month,No,Mailed check,0-12 Months,Medium,Q1,2479
1088-AUUZZ,Two year,Yes,Credit card (automatic),49-60 Months,High,Q4,2480
0397-GZBBC,Month-to-month,Yes,Bank transfer (automatic),49-60 Months,Premium,Q4,2481
6614-YWYSC,Two year,No,Bank transfer (automatic),61-72 Months,Low,Q3,2482
9588-OZDMQ,Month-to-month,Yes,Electronic check,0-12 Months,Medium,Q1,2483
7641-EUYET,Month-to-month,Yes,Electronic check,25-48 Months,Premium,Q4,2484
6476-EPYZR,Month-to-month,No,Mailed check,0-12 Months,Low,Q1,2485
9921-ZVRHG,Month-to-month,Yes,Electronic check,13-24 Months,High,Q2,2486
1174-FGIFN,One year,Yes,Electronic check,25-48 Months,Premium,Q3,2487
6620-HVDUJ,Month-to-month,No,Bank transfer (automatic),13-24 Months,Medium,Q3,2488
4701-MLJPN,Month-to-month,Yes,Electronic check,25-48 Months,Medium,Q3,2489
1032-MAELW,One year,Yes,Electronic check,61-72 Months,High,Q4,2490
7641-TQFHN,Two year,No,Mailed check,25-48 Months,Premium,Q4,2491
1552-TKMXS,Month-to-month,No,Credit card (automatic),25-48 Months,Low,Q2,2492
9206-GVPEQ,Month-to-month,Yes,Electronic check,13-24 Months,Medium,Q2,2493
8622-ZLFKO,Month-to-month,Yes,Electronic check,0-12 Months,Premium,Q2,2494
1596-BBVTG,Month-to-month,No,Credit card (automatic),25-48 Months,High,Q3,2495
6188-UXBBR,One year,Yes,Credit card (automatic),25-48 Months,Low,Q2,2496
2333-KWEWW,Two year,No,Credit card (automatic),13-24 Months,Low,Q1,2497
5702-SKUOB,Month-to-month,No,Mailed check,0-12 Months,Low,Q1,2498
1134-YWTYF,Month-to-month,Yes,Electronic check,25-48 Months,Medium,Q2,2499
6061-GWWAV,One year,No,Mailed check,25-48 Months,High,Q3,2500
0679-TDGAK,One year,No,Electronic check,49-60 Months,High,Q4,2501
6585-WCEWR,Two year,No,Electronic check,61-72 Months,Low,Q2,2502
9067-YGSCA,One year,No,Credit card (automatic),61-72 Months,Low,Q3,2503
9067-SQTNS,One year,No,Bank transfer (automatic),25-48 Months,Low,Q2,2504
8433-WXGNA,Month-to-month,Yes,Electronic check,0-12 Months,High,Q1,2505
1776-SPBWV,One year,Yes,Bank transfer (automatic),25-48 Months,Low,Q2,2506
8735-SDUFN,Two year,No,Bank transfer (automatic),61-72 Months,Low,Q3,2507
9668-PUGNU,Two year,Yes,Electronic check,61-72 Months,Low,Q3,2508
9405-GPBBG,Two year,Yes,Credit card (automatic),61-72 Months,Premium,Q4,2509
1926-QUZNN,Two year,Yes,Bank transfer (automatic),61-72 Months,Low,Q3,2510
3707-GNWHM,Month-to-month,Yes,Mailed check,0-12 Months,High,Q1,2511
7016-NVRIC,One year,No,Bank transfer (automatic),25-48 Months,Premium,Q3,2512
5829-NVSQN,One year,Yes,Bank transfer (automatic),13-24 Months,Medium,Q3,2513
9565-AXSMR,Two year,No,Mailed check,49-60 Months,Low,Q2,2514
8922-LIEGH,Month-to-month,Yes,Electronic check,25-48 Months,High,Q3,2515
8869-LIHMK,Two year,Yes,Bank transfer (automatic),61-72 Months,Premium,Q4,2516
8245-UMPYT,Month-to-month,Yes,Electronic check,13-24 Months,Premium,Q3,2517
5186-SAMNZ,Month-to-month,Yes,Bank transfer (automatic),0-12 Months,Medium,Q1,2518
0447-RXSGD,Month-to-month,Yes,Bank transfer (automatic),13-24 Months,Premium,Q3,2519
4927-WWOOZ,Month-to-month,Yes,Electronic check,0-12 Months,Premium,Q1,2520
5788-YPOEG,Two year,No,Mailed check,25-48 Months,High,Q3,2521
5373-SFODM,Month-to-month,Yes,Credit card (automatic),25-48 Months,High,Q3,2522
0661-KBKPA,One year,Yes,Mailed check,49-60 Months,High,Q4,2523
9081-WWXKP,Two year,No,Credit card (automatic),25-48 Months,Low,Q2,2524
0784-ZQJZX,Two year,No,Credit card (automatic),61-72 Months,Low,Q3,2525
3133-PZNSR,Two year,Yes,Credit card (automatic),61-72 Months,Premium,Q4,2526
5766-ZJYBB,Month-to-month,No,Mailed check,0-12 Months,Low,Q1,2527
8931-GJJIQ,Month-to-month,Yes,Electronic check,0-12 Months,High,Q2,2528
4277-PVRAN,Month-to-month,Yes,Bank transfer (automatic),0-12 Months,High,Q2,2529
0022-TCJCI,One year,No,Credit card (automatic),25-48 Months,Medium,Q3,2530
0722-SVSFK,Month-to-month,Yes,Electronic check,0-12 Months,Premium,Q2,2531
3612-YVGSJ,Two year,Yes,Credit card (automatic),61-72 Months,Low,Q3,2532
9825-YCXWZ,One year,Yes,Bank transfer (automatic),25-48 Months,Premium,Q4,2533
5397-NSKQG,Two year,No,Credit card (automatic),61-72 Months,Medium,Q3,2534
8565-HBFNN,One year,Yes,Credit card (automatic),61-72 Months,Premium,Q4,2535
2000-DHJUY,Two year,Yes,Bank transfer (automatic),61-72 Months,Premium,Q4,2536
0203-HHYIJ,One year,No,Bank transfer (automatic),25-48 Months,Low,Q2,2537
8670-ERCJH,Two year,No,Bank transfer (automatic),61-72 Months,Premium,Q4,2538
7758-UJWYS,Two year,Yes,Electronic check,25-48 Months,Medium,Q2,2539
2050-ONYDQ,Two year,No,Credit card (automatic),61-72 Months,Low,Q3,2540
7055-JCGNI,Two year,Yes,Credit card (automatic),61-72 Months,Premium,Q4,2541
0739-UUAJR,Two year,Yes,Credit card (automatic),61-72 Months,Medium,Q4,2542
4826-DXMUP,One year,Yes,Mailed check,25-48 Months,High,Q3,2543
0952-KMEEH,Month-to-month,No,Mailed check,13-24 Months,Premium,Q2,2544
7285-KLOTR,One year,No,Electronic check,0-12 Months,High,Q2,2545
0654-PQKDW,One year,Yes,Bank transfer (automatic),61-72 Months,High,Q4,2546
7175-NTIXE,Month-to-month,Yes,Credit card (automatic),25-48 Months,High,Q3,2547
7963-SHNDT,Two year,No,Mailed check,49-60 Months,Medium,Q3,2548
9796-BPKIW,Month-to-month,Yes,Credit card (automatic),0-12 Months,Medium,Q2,2549
0188-GWFLE,Month-to-month,No,Mailed check,0-12 Months,Low,Q1,2550
8129-GMVGI,Two year,No,Mailed check,49-60 Months,Low,Q2,2551
2882-DDZPG,Month-to-month,No,Bank transfer (automatic),0-12 Months,Low,Q1,2552
3547-LQRIK,One year,No,Electronic check,25-48 Months,Low,Q2,2553
9137-NOQKA,Month-to-month,No,Electronic check,0-12 Months,Low,Q1,2554
5843-TTHGI,Month-to-month,Yes,Mailed check,13-24 Months,Medium,Q2,2555
1849-RJYIG,Month-to-month,Yes,Electronic check,0-12 Months,Medium,Q2,2556
8868-GAGIO,Month-to-month,Yes,Mailed check,25-48 Months,High,Q3,2557
4061-UKJWL,Month-to-month,No,Mailed check,0-12 Months,Medium,Q1,2558
5380-XPJNZ,One year,No,Mailed check,25-48 Months,Low,Q2,2559
8263-QMNTJ,Two year,Yes,Electronic check,61-72 Months,Premium,Q4,2560
8178-EYZUO,Month-to-month,Yes,Electronic check,25-48 Months,Premium,Q4,2561
3230-JCNZS,Two year,Yes,Credit card (automatic),61-72 Months,Premium,Q4,2562
0277-ORXQS,Two year,No,Bank transfer (automatic),61-72 Months,Medium,Q3,2563
5130-IEKQT,Month-to-month,No,Mailed check,25-48 Months,Premium,Q3,2564
3230-WYKIR,One year,Yes,Credit card (automatic),13-24 Months,High,Q3,2565
7996-BPXHY,Two year,Yes,Bank transfer (automatic),13-24 Months,Low,Q1,2566
3227-WLKLI,Two year,No,Bank transfer (automatic),61-72 Months,Premium,Q4,2567
0407-BDJKB,Month-to-month,Yes,Electronic check,49-60 Months,Premium,Q4,2568
2266-FUBDZ,Two year,No,Mailed check,13-24 Months,Low,Q1,2569
8237-ULIXL,Two year,No,Credit card (automatic),61-72 Months,Low,Q3,2570
9600-UDOPK,Month-to-month,Yes,Credit card (automatic),25-48 Months,Premium,Q3,2571
8216-AZUUZ,Two year,Yes,Electronic check,25-48 Months,Premium,Q4,2572
9153-BTBVV,Two year,No,Bank transfer (automatic),61-72 Months,Low,Q3,2573
4074-SJFFA,Month-to-month,Yes,Mailed check,0-12 Months,Medium,Q1,2574
3269-ATYWD,Month-to-month,Yes,Bank transfer (automatic),25-48 Months,Premium,Q3,2575
5186-PEIZU,Month-to-month,No,Bank transfer (automatic),25-48 Months,Low,Q2,2576
1074-AMIOH,Month-to-month,Yes,Bank transfer (automatic),49-60 Months,Premium,Q4,2577
4910-GMJOT,Month-to-month,Yes,Electronic check,0-12 Months,Premium,Q1,2578
0354-WYROK,Month-to-month,Yes,Electronic check,25-48 Months,Premium,Q3,2579
4361-FEBGN,Two year,No,Credit card (automatic),25-48 Months,Low,Q2,2580
7748-UMTRK,Month-to-month,Yes,Electronic check,25-48 Months,Premium,Q3,2581
0380-ZCSBI,Month-to-month,No,Credit card (automatic),0-12 Months,Low,Q1,2582
7145-FEJWU,Month-to-month,Yes,Electronic check,0-12 Months,Premium,Q2,2583
6463-MVYRY,Two year,No,Bank transfer (automatic),49-60 Months,Medium,Q4,2584
3969-JQABI,Month-to-month,Yes,Credit card (automatic),49-60 Months,Medium,Q4,2585
9624-EGDEQ,Two year,No,Mailed check,25-48 Months,Low,Q2,2586
1051-EQPZR,Month-to-month,No,Mailed check,25-48 Months,Low,Q2,2587
5849-ASHZJ,One year,No,Credit card (automatic),25-48 Months,Low,Q2,2588
5780-INQIK,Month-to-month,No,Electronic check,0-12 Months,Medium,Q2,2589
7576-OYWBN,Month-to-month,Yes,Electronic check,0-12 Months,High,Q1,2590
4526-ZJJTM,Month-to-month,No,Bank transfer (automatic),25-48 Months,High,Q3,2591
8384-FZBJK,Month-to-month,Yes,Electronic check,49-60 Months,Premium,Q4,2592
3750-RNQKR,Month-to-month,No,Mailed check,0-12 Months,Low,Q1,2593
0962-CQPWQ,Two year,No,Bank transfer (automatic),61-72 Months,Low,Q2,2594
3096-YXENJ,Two year,Yes,Bank transfer (automatic),61-72 Months,Premium,Q4,2595
1265-BCFEO,Two year,Yes,Bank transfer (automatic),61-72 Months,High,Q4,2596
5837-LXSDN,One year,Yes,Credit card (automatic),13-24 Months,Medium,Q2,2597
5945-AZYHT,One year,Yes,Electronic check,61-72 Months,Premium,Q4,2598
8325-QRPZR,Month-to-month,Yes,Electronic check,0-12 Months,High,Q2,2599
6384-VMJHP,Two year,Yes,Credit card (automatic),61-72 Months,High,Q4,2600
2262-SLNVK,Month-to-month,No,Electronic check,0-12 Months,High,Q1,2601
7730-CLDSV,Two year,Yes,Bank transfer (automatic),61-72 Months,Premium,Q4,2602
1135-HIORI,One year,Yes,Electronic check,61-72 Months,Premium,Q4,2603
0164-APGRB,Two year,Yes,Electronic check,61-72 Months,Premium,Q4,2604
6481-ESCNL,Month-to-month,No,Bank transfer (automatic),25-48 Months,Premium,Q3,2605
1790-NESIO,Two year,Yes,Mailed check,13-24 Months,Low,Q1,2606
1550-EENBN,Month-to-month,No,Electronic check,25-48 Months,Premium,Q3,2607
5539-TMZLF,Month-to-month,Yes,Electronic check,0-12 Months,Medium,Q1,2608
4323-SADQS,Month-to-month,Yes,Electronic check,0-12 Months,Low,Q1,2609
4446-BZKHU,Month-to-month,Yes,Electronic check,61-72 Months,Premium,Q4,2610
5202-IVJNU,Month-to-month,No,Credit card (automatic),25-48 Months,Low,Q2,2611
5976-JCJRH,Month-to-month,Yes,Electronic check,0-12 Months,High,Q2,2612
8198-RKSZG,Month-to-month,No,Credit card (automatic),13-24 Months,High,Q2,2613
0137-OCGAB,Month-to-month,Yes,Mailed check,0-12 Months,High,Q1,2614
3351-NQLDI,One year,Yes,Credit card (automatic),61-72 Months,Premium,Q4,2615
9297-EONCV,Two year,Yes,Bank transfer (automatic),61-72 Months,Premium,Q4,2616
7593-JNWRU,Month-to-month,Yes,Bank transfer (automatic),0-12 Months,Medium,Q1,2617
4588-YBNIB,Month-to-month,Yes,Mailed check,0-12 Months,Low,Q1,2618
1069-QJOEE,One year,No,Electronic check,25-48 Months,Low,Q2,2619
3336-JORSO,Month-to-month,Yes,Electronic check,25-48 Months,Premium,Q3,2620
7799-DSEWS,Month-to-month,Yes,Electronic check,13-24 Months,Medium,Q2,2621
8766-PAFNE,Two year,Yes,Credit card (automatic),61-72 Months,High,Q4,2622
5315-CKEQK,One year,Yes,Electronic check,25-48 Months,Medium,Q2,2623
3130-ICDUP,Month-to-month,No,Credit card (automatic),0-12 Months,High,Q1,2624
0820-FNRNX,Month-to-month,Yes,Mailed check,13-24 Months,Medium,Q2,2625
0880-FVFWF,Month-to-month,Yes,Electronic check,49-60 Months,High,Q4,2626
4611-ANLQC,One year,No,Electronic check,49-60 Months,Medium,Q3,2627
4213-HKBJO,Two year,No,Credit card (automatic),25-48 Months,Low,Q2,2628
2792-LSHWX,Month-to-month,Yes,Mailed check,0-12 Months,High,Q1,2629
5028-GZLDO,Month-to-month,No,Credit card (automatic),0-12 Months,High,Q1,2630
0014-BMAQU,Two year,Yes,Credit card (automatic),61-72 Months,High,Q4,2631
6861-XWTWQ,Month-to-month,Yes,Electronic check,0-12 Months,Premium,Q2,2632
9018-PCIOK,Two year,Yes,Mailed check,49-60 Months,Medium,Q3,2633
4837-QUSFT,One year,Yes,Bank transfer (automatic),61-72 Months,Premium,Q4,2634
6877-TJMBR,Month-to-month,Yes,Electronic check,0-12 Months,High,Q1,2635
9953-ZMKSM,Two year,No,Mailed check,61-72 Months,Low,Q3,2636
0907-HQNTS,Two year,Yes,Credit card (automatic),61-72 Months,Premium,Q4,2637
7665-NKLAV,Two year,No,Credit card (automatic),25-48 Months,Medium,Q3,2638
6769-DCQLI,One year,Yes,Bank transfer (automatic),49-60 Months,Premium,Q4,2639
2433-KMEAS,Month-to-month,Yes,Electronic check,13-24 Months,Medium,Q2,2640
4391-LNRXK,Month-to-month,Yes,Bank transfer (automatic),13-24 Months,Premium,Q3,2641
8250-ZNGGW,Month-to-month,No,Credit card (automatic),0-12 Months,Medium,Q1,2642
2195-ZRVAX,Month-to-month,Yes,Electronic check,25-48 Months,High,Q4,2643
3550-SAHFP,Month-to-month,Yes,Electronic check,25-48 Months,High,Q3,2644
2011-TRQYE,Month-to-month,Yes,Credit card (automatic),13-24 Months,Low,Q2,2645
8562-GHPPI,Month-to-month,No,Credit card (automatic),0-12 Months,Low,Q1,2646
5893-PYOLZ,Two year,Yes,Credit card (automatic),49-60 Months,High,Q4,2647
4986-MXSFP,Month-to-month,Yes,Mailed check,0-12 Months,Low,Q1,2648
6131-FOYAS,Month-to-month,Yes,Electronic check,25-48 Months,Medium,Q3,2649
3027-YNWZU,Two year,No,Credit card (automatic),61-72 Months,Low,Q3,2650
5609-IMCGG,Month-to-month,Yes,Credit card (automatic),13-24 Months,High,Q2,2651
4873-ILOLJ,Month-to-month,Yes,Electronic check,13-24 Months,Premium,Q3,2652
4727-MCYZG,Month-to-month,No,Mailed check,0-12 Months,Medium,Q1,2653
9481-WHGWY,Two year,No,Credit card (automatic),61-72 Months,High,Q4,2654
2725-KXXWT,Month-to-month,Yes,Electronic check,0-12 Months,Premium,Q1,2655
9565-DJPIB,Month-to-month,No,Mailed check,0-12 Months,High,Q1,2656
4328-VUFWD,One year,No,Electronic check,25-48 Months,Medium,Q3,2657
3301-LSLWQ,Month-to-month,Yes,Electronic check,25-48 Months,Medium,Q3,2658
7473-ZBDSN,Two year,No,Mailed check,13-24 Months,Low,Q1,2659
3166-PNEOF,Two year,No,Credit card (automatic),61-72 Months,High,Q4,2660
5639-NTUPK,Month-to-month,Yes,Credit card (automatic),13-24 Months,Medium,Q2,2661
8780-YRMTT,Two year,Yes,Mailed check,61-72 Months,Medium,Q3,2662
8348-HFYIV,Month-to-month,Yes,Electronic check,0-12 Months,Medium,Q1,2663
5140-FOMCQ,One year,Yes,Credit card (automatic),49-60 Months,Premium,Q4,2664
6242-SGYTS,One year,Yes,Credit card (automatic),61-72 Months,Premium,Q4,2665
8166-ORCHU,One year,Yes,Electronic check,25-48 Months,Premium,Q3,2666
8414-OOEEL,Two year,Yes,Credit card (automatic),61-72 Months,High,Q4,2667
8454-AATJP,Two year,No,Credit card (automatic),61-72 Months,Premium,Q4,2668
6849-WLEYG,Month-to-month,No,Mailed check,0-12 Months,Low,Q1,2669
4659-NZRUF,Month-to-month,Yes,Electronic check,13-24 Months,Premium,Q3,2670
4531-AUZNK,One year,Yes,Mailed check,49-60 Months,Premium,Q4,2671
4191-XOVOM,Month-to-month,No,Electronic check,61-72 Months,Premium,Q4,2672
2150-OEGBV,One year,No,Bank transfer (automatic),25-48 Months,Low,Q2,2673
8429-XIBUM,Month-to-month,Yes,Bank transfer (automatic),13-24 Months,Premium,Q3,2674
1855-CFULU,Month-to-month,No,Mailed check,0-12 Months,Low,Q1,2675
4878-BUNFV,Two year,No,Mailed check,25-48 Months,Low,Q2,2676
1872-EBWSC,One year,No,Mailed check,25-48 Months,Low,Q2,2677
2608-BHKFN,Month-to-month,Yes,Credit card (automatic),0-12 Months,High,Q1,2678
7026-YMSBE,One year,No,Mailed check,25-48 Months,Low,Q2,2679
7341-LXCAF,Month-to-month,Yes,Electronic check,0-12 Months,High,Q1,2680
6997-UVGOX,Two year,No,Bank transfer (automatic),61-72 Months,High,Q4,2681
9674-EHPPG,Two year,No,Credit card (automatic),25-48 Months,Medium,Q3,2682
9462-MJUAW,Month-to-month,No,Mailed check,0-12 Months,Medium,Q1,2683
8128-YVJRG,Month-to-month,Yes,Mailed check,0-12 Months,High,Q2,2684
5440-VHLUL,One year,Yes,Bank transfer (automatic),61-72 Months,Premium,Q4,2685
5781-BKHOP,Two year,No,Bank transfer (automatic),61-72 Months,Premium,Q4,2686
4283-FUTGF,Month-to-month,Yes,Electronic check,13-24 Months,High,Q3,2687
5213-TWWJU,Month-to-month,No,Electronic check,25-48 Months,Premium,Q3,2688
1569-TTNYJ,Month-to-month,Yes,Electronic check,0-12 Months,High,Q2,2689
8628-MFKAX,Two year,Yes,Credit card (automatic),61-72 Months,Premium,Q4,2690
2397-BRLOM,Month-to-month,Yes,Credit card (automatic),0-12 Months,High,Q2,2691
7629-WIXZF,One year,Yes,Electronic check,0-12 Months,Medium,Q1,2692
5445-GLVOT,Month-to-month,Yes,Electronic check,13-24 Months,Medium,Q2,2693
3976-HXHCE,Two year,No,Bank transfer (automatic),61-72 Months,Low,Q3,2694
2466-NEJOJ,Month-to-month,No,Credit card (automatic),0-12 Months,Low,Q1,2695
0254-KCJGT,One year,Yes,Credit card (automatic),49-60 Months,High,Q4,2696
5472-CVMDX,Two year,No,Mailed check,61-72 Months,Medium,Q3,2697
6461-SZMCV,Two year,No,Bank transfer (automatic),61-72 Months,High,Q4,2698
8150-QUDFX,Month-to-month,No,Mailed check,0-12 Months,Low,Q1,2699
9508-ILZDG,Month-to-month,Yes,Electronic check,25-48 Months,Premium,Q3,2700
2346-DJQTB,Month-to-month,No,Electronic check,25-48 Months,Low,Q2,2701
1697-LYYYX,One year,No,Credit card (automatic),61-72 Months,Low,Q2,2702
1942-OQFRW,Month-to-month,No,Electronic check,0-12 Months,Medium,Q1,2703
4749-VFKVB,Month-to-month,Yes,Mailed check,0-12 Months,Medium,Q1,2704
9640-ZSLDC,One year,No,Credit card (automatic),49-60 Months,Medium,Q3,2705
4231-LZUYM,Two year,No,Bank transfer (automatic),61-72 Months,Low,Q3,2706
7598-UAASY,Month-to-month,No,Electronic check,0-12 Months,High,Q1,2707
7938-OUHIO,Month-to-month,Yes,Electronic check,0-12 Months,Premium,Q1,2708
8510-AWCXC,Month-to-month,Yes,Electronic check,13-24 Months,Premium,Q2,2709
6128-AQBMT,Month-to-month,Yes,Electronic check,25-48 Months,Medium,Q3,2710
3594-BDSOA,One year,No,Credit card (automatic),13-24 Months,Low,Q2,2711
0431-APWVY,One year,Yes,Bank transfer (automatic),25-48 Months,Premium,Q3,2712
5133-VRSAB,Month-to-month,No,Mailed check,0-12 Months,Low,Q1,2713
5996-DAOQL,Month-to-month,Yes,Mailed check,0-12 Months,Low,Q1,2714
6838-YAUVY,Two year,Yes,Bank transfer (automatic),49-60 Months,Premium,Q4,2715
0484-JPBRU,Month-to-month,Yes,Bank transfer (automatic),25-48 Months,Low,Q2,2716
7883-ROJOC,Month-to-month,No,Mailed check,13-24 Months,Medium,Q2,2717
0244-LGNFY,Two year,No,Bank transfer (automatic),61-72 Months,Premium,Q4,2718
7274-CGTOD,Two year,Yes,Bank transfer (automatic),61-72 Months,Medium,Q3,2719
4295-YURET,Two year,Yes,Credit card (automatic),49-60 Months,High,Q4,2720
3426-NIYYL,Month-to-month,No,Electronic check,13-24 Months,Medium,Q2,2721
8225-BTJAU,Month-to-month,Yes,Electronic check,0-12 Months,High,Q2,2722
4635-EJYPD,Two year,No,Mailed check,25-48 Months,Low,Q2,2723
1866-ZSLJM,Month-to-month,No,Credit card (automatic),13-24 Months,Low,Q2,2724
4636-TVXVG,One year,No,Bank transfer (automatic),61-72 Months,Low,Q2,2725
4236-UJPWO,Month-to-month,No,Electronic check,0-12 Months,Low,Q1,2726
9392-XBGTD,Two year,No,Mailed check,25-48 Months,Low,Q2,2727
3387-VATUS,Month-to-month,Yes,Bank transfer (automatic),0-12 Months,Premium,Q2,2728
6402-SSEJG,One year,No,Electronic check,25-48 Months,Medium,Q3,2729
1143-NMNQJ,Month-to-month,Yes,Electronic check,0-12 Months,High,Q1,2730
1169-SAOCL,One year,Yes,Bank transfer (automatic),49-60 Months,Premium,Q4,2731
1110-KYLGQ,Month-to-month,No,Credit card (automatic),61-72 Months,Premium,Q4,2732
9929-PLVPA,Month-to-month,No,Credit card (automatic),0-12 Months,Low,Q1,2733
3518-PZXZQ,Month-to-month,Yes,Mailed check,0-12 Months,Medium,Q1,2734
2371-JUNGC,Month-to-month,No,Mailed check,0-12 Months,Low,Q1,2735
7693-QPEFS,Month-to-month,Yes,Bank transfer (automatic),49-60 Months,High,Q4,2736
0924-BJCRC,Month-to-month,No,Electronic check,49-60 Months,High,Q4,2737
5074-FBGHB,One year,Yes,Credit card (automatic),61-72 Months,Premium,Q4,2738
2351-BKRZW,Two year,No,Bank transfer (automatic),25-48 Months,High,Q3,2739
4455-BFSPD,One year,No,Bank transfer (automatic),61-72 Months,Premium,Q4,2740
0415-MOSGF,Month-to-month,No,Mailed check,0-12 Months,Medium,Q1,2741
1724-BQUHA,Month-to-month,Yes,Electronic check,0-12 Months,High,Q2,2742
3948-KXDUF,Two year,No,Bank transfer (automatic),61-72 Months,Medium,Q4,2743
2323-ARSVR,Two year,Yes,Electronic check,61-72 Months,Premium,Q4,2744
0815-MFZGM,Two year,Yes,Credit card (automatic),25-48 Months,Premium,Q4,2745
4826-XTSOH,Month-to-month,Yes,Electronic check,0-12 Months,High,Q1,2746
5480-XTFFL,Two year,No,Mailed check,25-48 Months,Low,Q2,2747
8295-FHIVV,Month-to-month,Yes,Mailed check,0-12 Months,Low,Q1,2748
2495-INZWQ,Month-to-month,Yes,Electronic check,0-12 Months,Medium,Q1,2749
9086-YJYXS,One year,No,Bank transfer (automatic),25-48 Months,High,Q3,2750
1179-INLAT,One year,Yes,Mailed check,0-12 Months,Low,Q1,2751
7909-FIOIY,Month-to-month,Yes,Mailed check,13-24 Months,Low,Q2,2752
4139-SUGLD,Month-to-month,No,Bank transfer (automatic),25-48 Months,Medium,Q2,2753
6857-VWJDT,Month-to-month,No,Mailed check,0-12 Months,Premium,Q1,2754
6351-SCJKT,Month-to-month,No,Mailed check,0-12 Months,Medium,Q1,2755
5468-BPMMO,Month-to-month,No,Electronic check,25-48 Months,Low,Q2,2756
5624-BQSSA,Month-to-month,No,Mailed check,0-12 Months,Low,Q1,2757
0197-PNKNK,One year,No,Bank transfer (automatic),61-72 Months,High,Q4,2758
2439-QKJUL,Month-to-month,No,Mailed check,0-12 Months,Low,Q1,2759
1194-SPVSP,Month-to-month,No,Bank transfer (automatic),0-12 Months,Low,Q1,2760
9534-NSXEM,One year,Yes,Credit card (automatic),25-48 Months,Low,Q2,2761
2408-WITXK,Month-to-month,Yes,Electronic check,0-12 Months,Low,Q1,2762
8929-KSWIH,Two year,No,Bank transfer (automatic),25-48 Months,Premium,Q3,2763
2250-IVBWA,Month-to-month,No,Electronic check,61-72 Months,High,Q4,2764
1810-MVMAI,Month-to-month,No,Electronic check,25-48 Months,Medium,Q3,2765
9506-UXUSK,Month-to-month,Yes,Electronic check,13-24 Months,High,Q2,2766
1229-RCALF,One year,Yes,Electronic check,61-72 Months,Premium,Q4,2767
3572-UOLYZ,Month-to-month,Yes,Bank transfer (automatic),25-48 Months,High,Q4,2768
1429-UYJSV,One year,No,Mailed check,0-12 Months,Low,Q1,2769
5577-OTWWW,Month-to-month,No,Bank transfer (automatic),13-24 Months,Low,Q1,2770
6100-QQHEB,Month-to-month,Yes,Electronic check,13-24 Months,Premium,Q3,2771
6366-XIVKZ,Month-to-month,Yes,Mailed check,13-24 Months,Medium,Q2,2772
3470-OBUET,Two year,No,Credit card (automatic),61-72 Months,High,Q4,2773
2770-NSVDG,Month-to-month,No,Electronic check,13-24 Months,Low,Q2,2774
9375-MHRRS,Month-to-month,No,Mailed check,0-12 Months,Medium,Q1,2775
2634-HCZGT,One year,Yes,Electronic check,49-60 Months,Medium,Q3,2776
7503-QQRVF,Month-to-month,Yes,Credit card (automatic),13-24 Months,High,Q2,2777
4860-YZGZM,Month-to-month,No,Electronic check,0-12 Months,Low,Q1,2778
6599-GZWCM,One year,Yes,Mailed check,13-24 Months,High,Q2,2779
2691-NZETQ,Month-to-month,Yes,Electronic check,0-12 Months,High,Q2,2780
4404-HIBDJ,One year,No,Mailed check,25-48 Months,High,Q3,2781
5533-NHFRF,Month-to-month,Yes,Electronic check,0-12 Months,Medium,Q1,2782
7037-MTYVW,Two year,Yes,Bank transfer (automatic),25-48 Months,High,Q3,2783
4760-THGOT,Month-to-month,Yes,Electronic check,25-48 Months,Premium,Q4,2784
7295-JOMMD,Month-to-month,Yes,Bank transfer (automatic),0-12 Months,Premium,Q1,2785
4016-BJKTZ,Two year,No,Electronic check,25-48 Months,Premium,Q3,2786
6584-VQMYT,One year,No,Mailed check,25-48 Months,Medium,Q3,2787
9838-BFCQT,Two year,No,Mailed check,61-72 Months,Low,Q3,2788
2790-XUYMV,One year,Yes,Credit card (automatic),61-72 Months,High,Q4,2789
0581-MDMPW,Month-to-month,Yes,Credit card (automatic),13-24 Months,High,Q3,2790
5013-SBUIH,Two year,Yes,Electronic check,49-60 Months,Premium,Q4,2791
1023-BQXZE,Two year,Yes,Bank transfer (automatic),49-60 Months,High,Q4,2792
9163-GHAYE,Month-to-month,No,Electronic check,13-24 Months,Medium,Q2,2793
3904-UKFRE,Month-to-month,Yes,Electronic check,0-12 Months,High,Q1,2794
5353-WILCI,Month-to-month,No,Electronic check,25-48 Months,Medium,Q3,2795
0709-TVGUR,Month-to-month,Yes,Electronic check,0-12 Months,High,Q2,2796
0058-EVZWM,Month-to-month,Yes,Bank transfer (automatic),49-60 Months,High,Q4,2797
6023-YEBUP,Month-to-month,Yes,Electronic check,0-12 Months,Premium,Q1,2798
7209-JCUDS,Month-to-month,Yes,Electronic check,0-12 Months,Premium,Q2,2799
7009-PCARS,One year,No,Bank transfer (automatic),49-60 Months,Low,Q2,2800
0519-DRGTI,Month-to-month,No,Mailed check,13-24 Months,Low,Q2,2801
1017-FBQMM,One year,Yes,Credit card (automatic),61-72 Months,Premium,Q4,2802
3001-CBHLQ,Month-to-month,Yes,Electronic check,25-48 Months,Premium,Q3,2803
1985-MBRYP,Two year,Yes,Bank transfer (automatic),25-48 Months,Low,Q2,2804
6158-DWPZT,One year,No,Bank transfer (automatic),0-12 Months,Low,Q1,2805
9372-TXXPS,Two year,No,Bank transfer (automatic),49-60 Months,Medium,Q3,2806
3259-QMXUN,Two year,Yes,Electronic check,49-60 Months,High,Q4,2807
1015-JPFYW,One year,No,Mailed check,0-12 Months,Low,Q1,2808
6645-MXQJT,Month-to-month,No,Electronic check,0-12 Months,Premium,Q1,2809
4360-QRAVE,Month-to-month,No,Electronic check,25-48 Months,Medium,Q2,2810
8433-WPJTV,One year,Yes,Bank transfer (automatic),61-72 Months,Premium,Q4,2811
5804-JMYIO,Two year,No,Mailed check,25-48 Months,Low,Q2,2812
3763-GCZHZ,One year,Yes,Electronic check,61-72 Months,Premium,Q4,2813
6484-LATFU,Two year,No,Mailed check,61-72 Months,Low,Q3,2814
7599-NTMDP,Two year,No,Bank transfer (automatic),61-72 Months,Medium,Q3,2815
0772-GYEQQ,Month-to-month,Yes,Mailed check,0-12 Months,High,Q1,2816
0536-ACXIP,Two year,Yes,Electronic check,61-72 Months,Premium,Q4,2817
0936-NQLJU,Two year,No,Credit card (automatic),25-48 Months,Low,Q2,2818
4831-EOBFE,Month-to-month,No,Credit card (automatic),25-48 Months,Premium,Q3,2819
1575-KRZZE,Month-to-month,No,Electronic check,0-12 Months,Medium,Q1,2820
3251-YMVWZ,One year,No,Bank transfer (automatic),49-60 Months,Low,Q2,2821
4102-OQUPX,Month-to-month,Yes,Electronic check,0-12 Months,High,Q1,2822
9170-GYZJC,Month-to-month,No,Credit card (automatic),25-48 Months,High,Q3,2823
4884-LEVMQ,Two year,Yes,Bank transfer (automatic),25-48 Months,Low,Q2,2824
8857-CUPFQ,Two year,No,Mailed check,61-72 Months,Low,Q2,2825
7610-TVOPG,Month-to-month,Yes,Electronic check,13-24 Months,Low,Q1,2826
3638-DIMPH,One year,No,Electronic check,13-24 Months,Medium,Q2,2827
1845-ZLLIG,Month-to-month,Yes,Mailed check,0-12 Months,Medium,Q1,2828
8559-WNQZS,Two year,No,Mailed check,0-12 Months,Low,Q1,2829
3999-QGRJH,Month-to-month,Yes,Electronic check,0-12 Months,Medium,Q2,2830
1699-UOTXU,Two year,No,Electronic check,49-60 Months,Medium,Q3,2831
2454-RPBRZ,Month-to-month,Yes,Electronic check,0-12 Months,Premium,Q2,2832
0635-WKOLD,One year,No,Credit card (automatic),25-48 Months,High,Q3,2833
5993-JSUWV,Two year,Yes,Bank transfer (automatic),61-72 Months,Medium,Q4,2834
4518-FZBSX,One year,No,Mailed check,25-48 Months,Low,Q2,2835
5387-ASZNZ,One year,Yes,Credit card (automatic),61-72 Months,Medium,Q4,2836
6988-CJEYV,Month-to-month,No,Electronic check,49-60 Months,Premium,Q4,2837
2002-MZHWP,Month-to-month,No,Mailed check,0-12 Months,Low,Q1,2838
3097-FQTVJ,Two year,No,Mailed check,25-48 Months,Low,Q2,2839
5465-BUBFA,Two year,No,Bank transfer (automatic),25-48 Months,Low,Q2,2840
7299-GNVPL,Month-to-month,No,Mailed check,13-24 Months,High,Q3,2841
9743-DQKQW,Month-to-month,No,Electronic check,0-12 Months,Low,Q1,2842
1215-VFYVK,Month-to-month,No,Mailed check,0-12 Months,Medium,Q1,2843
9371-BITHB,Two year,No,Mailed check,49-60 Months,Low,Q2,2844
2265-CYWIV,Month-to-month,Yes,Electronic check,0-12 Months,Premium,Q1,2845
9093-FPDLG,Month-to-month,Yes,Electronic check,0-12 Months,Premium,Q2,2846
0541-FITGH,Month-to-month,Yes,Mailed check,0-12 Months,Medium,Q1,2847
6985-HAYWX,Month-to-month,No,Bank transfer (automatic),25-48 Months,High,Q3,2848
7508-KBIMB,One year,Yes,Credit card (automatic),13-24 Months,Medium,Q3,2849
6838-HVLXG,Month-to-month,No,Mailed check,0-12 Months,Low,Q1,2850
2277-DJJDL,Month-to-month,Yes,Electronic check,49-60 Months,Premium,Q4,2851
1897-OKVMW,Two year,Yes,Mailed check,61-72 Months,Premium,Q4,2852
5485-ITNPC,Two year,Yes,Bank transfer (automatic),61-72 Months,High,Q4,2853
0233-FTHAV,One year,Yes,Bank transfer (automatic),49-60 Months,High,Q4,2854
4644-PIZRT,One year,Yes,Bank transfer (automatic),13-24 Months,High,Q2,2855
8922-NPKBJ,Two year,No,Mailed check,25-48 Months,Low,Q2,2856
2740-TVLFN,Month-to-month,Yes,Electronic check,0-12 Months,Medium,Q1,2857
7771-CFQRQ,Two year,No,Bank transfer (automatic),25-48 Months,Medium,Q3,2858
9512-PHSMG,Month-to-month,Yes,Mailed check,0-12 Months,Low,Q1,2859
6963-EZQEE,Two year,Yes,Credit card (automatic),61-72 Months,High,Q4,2860
2452-KDRRH,Month-to-month,Yes,Credit card (automatic),61-72 Months,Premium,Q4,2861
2004-OCQXK,Month-to-month,Yes,Electronic check,0-12 Months,High,Q1,2862
5027-QPKTE,Month-to-month,Yes,Electronic check,0-12 Months,Medium,Q2,2863
4146-SVFUD,Month-to-month,No,Mailed check,0-12 Months,Medium,Q1,2864
1564-HJUVY,Month-to-month,Yes,Bank transfer (automatic),0-12 Months,Medium,Q1,2865
3617-XLSGQ,Two year,No,Bank transfer (automatic),61-72 Months,Premium,Q4,2866
7517-LDMPS,Month-to-month,Yes,Electronic check,0-12 Months,High,Q2,2867
7244-KXYZN,One year,No,Credit card (automatic),13-24 Months,Low,Q2,2868
5226-NOZFC,Month-to-month,Yes,Electronic check,25-48 Months,High,Q3,2869
2672-HUYVI,Month-to-month,Yes,Electronic check,0-12 Months,Premium,Q2,2870
1400-WIVLL,Two year,No,Electronic check,49-60 Months,Premium,Q4,2871
7508-MYBOG,Month-to-month,Yes,Electronic check,13-24 Months,High,Q2,2872
8148-NLEGT,Two year,No,Electronic check,25-48 Months,Low,Q2,2873
0148-DCDOS,Month-to-month,Yes,Bank transfer (automatic),25-48 Months,Premium,Q3,2874
8347-GDTMP,Two year,No,Credit card (automatic),61-72 Months,Low,Q2,2875
9992-RRAMN,Month-to-month,Yes,Electronic check,13-24 Months,High,Q3,2876
6746-WAUWT,One year,Yes,Credit card (automatic),13-24 Months,Low,Q1,2877
0310-MVLET,Month-to-month,Yes,Electronic check,61-72 Months,Premium,Q4,2878
0428-IKYCP,Month-to-month,Yes,Bank transfer (automatic),13-24 Months,High,Q3,2879
4550-VBOFE,Month-to-month,Yes,Electronic check,61-72 Months,Premium,Q4,2880
2187-PKZAY,Month-to-month,Yes,Bank transfer (automatic),0-12 Months,High,Q2,2881
4003-OCTMP,One year,Yes,Electronic check,25-48 Months,Medium,Q3,2882
6652-YFFJO,Month-to-month,Yes,Electronic check,0-12 Months,Medium,Q2,2883
7225-IILWY,Two year,No,Mailed check,61-72 Months,Low,Q3,2884
5248-RPYWW,Two year,Yes,Bank transfer (automatic),61-72 Months,Premium,Q4,2885
7923-IYJWY,Two year,Yes,Credit card (automatic),61-72 Months,Premium,Q4,2886
3170-GWYKC,Month-to-month,Yes,Bank transfer (automatic),49-60 Months,Premium,Q4,2887
5696-QURRL,Month-to-month,Yes,Mailed check,0-12 Months,Medium,Q1,2888
7409-KIUTL,Month-to-month,Yes,Electronic check,0-12 Months,High,Q1,2889
9830-ECLEN,One year,No,Mailed check,49-60 Months,Medium,Q3,2890
1732-VHUBQ,Month-to-month,No,Bank transfer (automatic),25-48 Months,High,Q3,2891
0495-RVCBF,Month-to-month,Yes,Electronic check,0-12 Months,High,Q1,2892
2668-TZSPS,Month-to-month,No,Mailed check,0-12 Months,Low,Q1,2893
7854-EDSSA,Month-to-month,No,Electronic check,13-24 Months,Medium,Q2,2894
8869-TORSS,One year,Yes,Credit card (automatic),25-48 Months,Medium,Q3,2895
7446-SFAOA,One year,Yes,Bank transfer (automatic),25-48 Months,Low,Q2,2896
9522-ZSINC,One year,Yes,Electronic check,13-24 Months,Low,Q1,2897
8234-GSZYK,Two year,No,Bank transfer (automatic),25-48 Months,Low,Q2,2898
6505-OZNPG,Two year,Yes,Mailed check,0-12 Months,Medium,Q1,2899
6164-HAQTX,Two year,No,Bank transfer (automatic),61-72 Months,Medium,Q4,2900
0679-IDSTG,Month-to-month,Yes,Electronic check,0-12 Months,Medium,Q1,2901
7765-LWVVH,Two year,Yes,Electronic check,61-72 Months,Premium,Q4,2902
1658-TJVOA,Month-to-month,Yes,Electronic check,0-12 Months,High,Q2,2903
0953-LGOVU,Month-to-month,No,Mailed check,0-12 Months,Medium,Q2,2904
2115-BFTIW,Month-to-month,No,Mailed check,25-48 Months,High,Q3,2905
4692-NNQRU,One year,No,Electronic check,13-24 Months,High,Q3,2906
7742-MYPGI,Month-to-month,Yes,Mailed check,0-12 Months,Medium,Q1,2907
0611-DFXKO,Month-to-month,Yes,Mailed check,13-24 Months,High,Q3,2908
7780-OTDSO,Month-to-month,Yes,Electronic check,13-24 Months,Premium,Q3,2909
9619-GSATL,One year,No,Electronic check,25-48 Months,Medium,Q3,2910
5622-UEJFI,Two year,Yes,Credit card (automatic),25-48 Months,Low,Q2,2911
9747-DDZOS,Month-to-month,No,Bank transfer (automatic),0-12 Months,High,Q1,2912
0674-DGMAQ,Month-to-month,Yes,Electronic check,25-48 Months,Premium,Q3,2913
6203-HBZPA,Two year,No,Credit card (automatic),49-60 Months,Medium,Q3,2914
0484-FFVBJ,One year,Yes,Bank transfer (automatic),25-48 Months,Medium,Q3,2915
0301-FIDRB,Two year,Yes,Bank transfer (automatic),61-72 Months,Medium,Q4,2916
4139-JPIAM,Month-to-month,Yes,Credit card (automatic),49-60 Months,Medium,Q3,2917
2181-TIDSV,Two year,Yes,Bank transfer (automatic),61-72 Months,Low,Q2,2918
2761-XECQW,Month-to-month,Yes,Mailed check,0-12 Months,Medium,Q1,2919
1936-CZAKF,Two year,No,Credit card (automatic),49-60 Months,Medium,Q3,2920
9453-PATOS,Two year,No,Mailed check,61-72 Months,High,Q4,2921
0564-JJHGS,Month-to-month,Yes,Electronic check,0-12 Months,Premium,Q2,2922
3348-CFRNX,Month-to-month,Yes,Mailed check,25-48 Months,Premium,Q3,2923
4402-FTBXC,Month-to-month,No,Mailed check,49-60 Months,High,Q4,2924
1428-GTBJJ,Month-to-month,Yes,Electronic check,0-12 Months,High,Q2,2925
2931-XIQBR,One year,No,Mailed check,49-60 Months,Premium,Q4,2926
0106-UGRDO,Two year,Yes,Electronic check,61-72 Months,Premium,Q4,2927
5542-TBBWB,Month-to-month,Yes,Electronic check,0-12 Months,Medium,Q1,2928
1930-QPBVZ,Two year,No,Bank transfer (automatic),61-72 Months,Premium,Q4,2929
2606-PKWJB,One year,No,Mailed check,25-48 Months,Medium,Q3,2930
5322-ZSMZY,Two year,No,Mailed check,25-48 Months,Low,Q2,2931
8059-UDZFY,Month-to-month,Yes,Bank transfer (automatic),25-48 Months,Premium,Q3,2932
7740-BTPUX,Two year,Yes,Electronic check,49-60 Months,Premium,Q4,2933
5220-AGAAX,Two year,Yes,Bank transfer (automatic),61-72 Months,Low,Q3,2934
0208-BPQEJ,Month-to-month,No,Bank transfer (automatic),0-12 Months,Low,Q1,2935
9435-JMLSX,Two year,Yes,Bank transfer (automatic),61-72 Months,High,Q4,2936
3352-ALMCK,Month-to-month,Yes,Mailed check,25-48 Months,Premium,Q4,2937
5312-IRCFR,One year,Yes,Electronic check,61-72 Months,Premium,Q4,2938
5294-IMHHT,One year,No,Bank transfer (automatic),49-60 Months,Premium,Q4,2939
8802-UNOJF,Month-to-month,Yes,Mailed check,0-12 Months,High,Q2,2940
6313-GIDIT,Month-to-month,Yes,Electronic check,49-60 Months,Medium,Q3,2941
6176-YJWAS,Two year,Yes,Credit card (automatic),61-72 Months,Premium,Q4,2942
5310-NOOVA,Two year,No,Electronic check,25-48 Months,Low,Q2,2943
4526-EXKKN,Two year,Yes,Mailed check,25-48 Months,Low,Q2,2944
5311-IHLEI,Month-to-month,Yes,Bank transfer (automatic),0-12 Months,Medium,Q2,2945
3987-KQDDU,Month-to-month,No,Electronic check,0-12 Months,High,Q2,2946
3404-JNXAX,Month-to-month,Yes,Electronic check,49-60 Months,High,Q4,2947
5131-PONJI,Month-to-month,Yes,Credit card (automatic),49-60 Months,Premium,Q4,2948
2845-AFFTX,Month-to-month,Yes,Electronic check,25-48 Months,Premium,Q4,2949
3489-VSFRD,One year,Yes,Credit card (automatic),49-60 Months,Medium,Q3,2950
3345-JHUEO,Month-to-month,Yes,Electronic check,0-12 Months,Low,Q1,2951
5815-HGGHV,One year,Yes,Mailed check,13-24 Months,Medium,Q2,2952
5260-UMPWX,Month-to-month,Yes,Credit card (automatic),25-48 Months,Low,Q2,2953
2249-YPRNG,Month-to-month,Yes,Bank transfer (automatic),13-24 Months,Premium,Q3,2954
7410-YTJIK,Month-to-month,No,Mailed check,0-12 Months,High,Q2,2955
4626-GYCZP,Month-to-month,Yes,Electronic check,0-12 Months,Premium,Q2,2956
5649-RXQTV,Month-to-month,Yes,Electronic check,49-60 Months,Premium,Q4,2957
2674-MIAHT,Month-to-month,Yes,Mailed check,0-12 Months,High,Q1,2958
2576-HXMPA,Month-to-month,No,Credit card (automatic),0-12 Months,Low,Q1,2959
7587-AOVVU,Month-to-month,No,Electronic check,25-48 Months,Premium,Q3,2960
5590-BYNII,Month-to-month,Yes,Electronic check,13-24 Months,Premium,Q3,2961
6898-MDLZW,Month-to-month,Yes,Mailed check,0-12 Months,Medium,Q2,2962
3237-AJGEH,Month-to-month,Yes,Mailed check,0-12 Months,Low,Q1,2963
4707-YNOQA,One year,Yes,Credit card (automatic),25-48 Months,Low,Q2,2964
9357-UJRUN,One year,Yes,Electronic check,13-24 Months,Medium,Q2,2965
1591-NFNLQ,Month-to-month,No,Credit card (automatic),49-60 Months,High,Q4,2966
8648-PFRMP,Month-to-month,Yes,Electronic check,13-24 Months,Medium,Q2,2967
7663-CUXZB,Two year,No,Electronic check,49-60 Months,Premium,Q4,2968
0258-NOKBL,Month-to-month,No,Electronic check,0-12 Months,Premium,Q1,2969
1163-VIPRI,Two year,No,Electronic check,61-72 Months,Premium,Q4,2970
2815-CPTUL,Month-to-month,Yes,Mailed check,0-12 Months,High,Q1,2971
9348-ROUAI,Two year,No,Credit card (automatic),49-60 Months,Premium,Q4,2972
9443-JUBUO,Two year,Yes,Credit card (automatic),61-72 Months,Medium,Q4,2973
0596-BQCEQ,Month-to-month,Yes,Electronic check,61-72 Months,Premium,Q4,2974
1481-ZUWZA,Month-to-month,Yes,Credit card (automatic),25-48 Months,Premium,Q3,2975
3043-TYBNO,Month-to-month,No,Mailed check,0-12 Months,Medium,Q1,2976
4830-FAXFM,Month-to-month,Yes,Credit card (automatic),13-24 Months,Low,Q2,2977
5906-BFOZT,Month-to-month,Yes,Mailed check,0-12 Months,Low,Q1,2978
2960-NKRSO,Month-to-month,Yes,Electronic check,13-24 Months,High,Q3,2979
8996-ZROXE,One year,Yes,Electronic check,49-60 Months,Medium,Q3,2980
5598-IKHQQ,Two year,No,Credit card (automatic),61-72 Months,Low,Q3,2981
0397-ZXWQF,Two year,No,Bank transfer (automatic),61-72 Months,Low,Q3,2982
5266-PFRQK,One year,Yes,Credit card (automatic),49-60 Months,Low,Q2,2983
4674-HGNUA,Two year,No,Credit card (automatic),61-72 Months,High,Q4,2984
6765-MBQNU,One year,No,Mailed check,25-48 Months,Low,Q2,2985
9786-IJYDL,Two year,Yes,Mailed check,25-48 Months,Premium,Q4,2986
1303-SRDOK,Two year,Yes,Credit card (automatic),49-60 Months,Medium,Q4,2987
3769-MHZNV,Two year,No,Mailed check,25-48 Months,Low,Q2,2988
6295-OSINB,Two year,Yes,Electronic check,61-72 Months,Premium,Q4,2989
3308-MHOOC,Month-to-month,Yes,Mailed check,0-12 Months,Low,Q1,2990
2309-OSFEU,Month-to-month,Yes,Mailed check,0-12 Months,Low,Q1,2991
2207-QPJED,Month-to-month,No,Electronic check,25-48 Months,High,Q3,2992
4177-JPDFU,Month-to-month,No,Mailed check,0-12 Months,Low,Q2,2993
2239-CFOUJ,One year,No,Mailed check,0-12 Months,Low,Q1,2994
8046-DNVTL,Two year,Yes,Credit card (automatic),61-72 Months,Medium,Q3,2995
2209-XADXF,Month-to-month,No,Bank transfer (automatic),0-12 Months,Low,Q1,2996
6620-JDYNW,Month-to-month,Yes,Mailed check,13-24 Months,Medium,Q2,2997
1891-FZYSA,Month-to-month,Yes,Electronic check,61-72 Months,High,Q4,2998
4770-UEZOX,Month-to-month,Yes,Electronic check,0-12 Months,High,Q1,2999
1038-RQOST,Month-to-month,No,Mailed check,13-24 Months,Low,Q2,3000
7613-LLQFO,Month-to-month,Yes,Electronic check,0-12 Months,High,Q2,3001
4568-TTZRT,Month-to-month,No,Mailed check,0-12 Months,Low,Q1,3002
9513-DXHDA,One year,No,Electronic check,25-48 Months,High,Q3,3003
2640-PMGFL,Month-to-month,Yes,Electronic check,25-48 Months,High,Q3,3004
3801-HMYNL,Month-to-month,No,Mailed check,0-12 Months,High,Q1,3005
0516-QREYC,Month-to-month,Yes,Mailed check,13-24 Months,Low,Q2,3006
9685-WKZGT,Month-to-month,Yes,Electronic check,13-24 Months,High,Q2,3007
6022-UGGSO,Month-to-month,Yes,Electronic check,25-48 Months,High,Q3,3008
8084-OIVBS,One year,No,Mailed check,0-12 Months,Low,Q1,3009
8896-BQTTI,Month-to-month,Yes,Mailed check,0-12 Months,Low,Q1,3010
3865-QBWSJ,Month-to-month,Yes,Mailed check,25-48 Months,High,Q3,3011
3352-RICWQ,Two year,No,Mailed check,0-12 Months,Low,Q1,3012
2160-GPFXD,Two year,Yes,Credit card (automatic),49-60 Months,Medium,Q3,3013
2065-MMKGR,One year,Yes,Credit card (automatic),25-48 Months,High,Q3,3014
5857-TYBCJ,Month-to-month,Yes,Electronic check,25-48 Months,High,Q4,3015
1498-NHTLT,Two year,Yes,Electronic check,49-60 Months,High,Q4,3016
4484-CGXFK,Month-to-month,Yes,Electronic check,0-12 Months,Medium,Q1,3017
1402-PTHGN,One year,Yes,Mailed check,13-24 Months,Medium,Q2,3018
4176-RELJR,Two year,No,Credit card (automatic),61-72 Months,Low,Q3,3019
6214-EDAKZ,Month-to-month,No,Electronic check,13-24 Months,Medium,Q2,3020
5199-FPUSP,One year,No,Credit card (automatic),25-48 Months,Low,Q2,3021
6377-KSLXC,Month-to-month,No,Mailed check,0-12 Months,Low,Q1,3022
1796-JANOW,Month-to-month,No,Mailed check,0-12 Months,Low,Q1,3023
0238-WHBIQ,Two year,No,Credit card (automatic),61-72 Months,High,Q4,3024
8735-NBLWT,Month-to-month,No,Mailed check,0-12 Months,Low,Q1,3025
6651-RLGGM,Two year,No,Mailed check,61-72 Months,Low,Q3,3026
6127-ISGTU,Month-to-month,Yes,Electronic check,13-24 Months,High,Q2,3027
1614-JBEBI,Month-to-month,Yes,Mailed check,0-12 Months,Low,Q1,3028
8740-XLHDR,Month-to-month,Yes,Mailed check,0-12 Months,Medium,Q1,3029
1208-DNHLN,One year,Yes,Credit card (automatic),13-24 Months,Medium,Q2,3030
1761-AEZZR,Month-to-month,Yes,Electronic check,0-12 Months,High,Q1,3031
3923-CSIHK,Month-to-month,Yes,Electronic check,49-60 Months,High,Q3,3032
5696-EXCYS,Two year,No,Credit card (automatic),13-24 Months,Low,Q1,3033
5795-KTGUD,Two year,Yes,Bank transfer (automatic),61-72 Months,Premium,Q4,3034
7120-RFMVS,Month-to-month,No,Electronic check,0-12 Months,High,Q1,3035
7924-GJZFI,Month-to-month,Yes,Electronic check,25-48 Months,Medium,Q3,3036
4702-HDRKD,One year,Yes,Bank transfer (automatic),61-72 Months,Medium,Q3,3037
8512-WIWYV,One year,No,Credit card (automatic),25-48 Months,Low,Q2,3038
5897-ZYEKH,One year,Yes,Electronic check,61-72 Months,Premium,Q4,3039
5456-ITGIC,Two year,Yes,Credit card (automatic),61-72 Months,Medium,Q4,3040
7317-GGVPB,Two year,Yes,Credit card (automatic),61-72 Months,Premium,Q4,3041
1406-PUQVY,Month-to-month,Yes,Electronic check,0-12 Months,Medium,Q1,3042
1322-AGOQM,Month-to-month,No,Bank transfer (automatic),25-48 Months,Low,Q2,3043
3677-IYRBF,Month-to-month,Yes,Electronic check,0-12 Months,Low,Q1,3044
5692-FPTAH,Month-to-month,Yes,Mailed check,0-12 Months,Medium,Q1,3045
9114-AAFQH,One year,Yes,Electronic check,25-48 Months,Medium,Q3,3046
8715-KKTFG,One year,Yes,Bank transfer (automatic),61-72 Months,Premium,Q4,3047
1550-LOAHA,Month-to-month,No,Bank transfer (automatic),25-48 Months,High,Q3,3048
1728-BQDMA,Month-to-month,No,Electronic check,0-12 Months,Medium,Q1,3049
0268-QKIWO,Month-to-month,No,Electronic check,0-12 Months,Low,Q1,3050
0876-WDUUZ,Month-to-month,Yes,Credit card (automatic),0-12 Months,High,Q2,3051
5117-ZSMHQ,Two year,No,Bank transfer (automatic),61-72 Months,High,Q4,3052
5151-HQRDG,Month-to-month,Yes,Mailed check,25-48 Months,Medium,Q3,3053
0960-HUWBM,Two year,Yes,Bank transfer (automatic),61-72 Months,Premium,Q4,3054
6465-GSRCL,One year,Yes,Bank transfer (automatic),61-72 Months,Premium,Q4,3055
0617-FHSGK,Month-to-month,No,Credit card (automatic),49-60 Months,High,Q3,3056
0263-FJTQO,Two year,Yes,Credit card (automatic),49-60 Months,High,Q3,3057
7319-ZNRTR,One year,No,Electronic check,25-48 Months,Low,Q2,3058
2858-MOFSQ,One year,Yes,Mailed check,13-24 Months,Medium,Q2,3059
7503-EPSZW,Two year,Yes,Mailed check,61-72 Months,Low,Q3,3060
7089-XXAYG,One year,Yes,Credit card (automatic),25-48 Months,Medium,Q2,3061
8118-LSUEL,Month-to-month,Yes,Electronic check,13-24 Months,Premium,Q3,3062
8070-AAWZP,Month-to-month,No,Mailed check,13-24 Months,Low,Q2,3063
1666-JXLKU,Month-to-month,Yes,Electronic check,25-48 Months,Premium,Q4,3064
7855-DIWPO,Month-to-month,Yes,Electronic check,13-24 Months,Medium,Q3,3065
5133-POWUA,Month-to-month,Yes,Mailed check,0-12 Months,Medium,Q1,3066
5652-MSDEY,Month-to-month,Yes,Mailed check,0-12 Months,High,Q2,3067
7005-CCBKV,Month-to-month,Yes,Electronic check,0-12 Months,High,Q2,3068
1810-BOHSY,One year,Yes,Credit card (automatic),49-60 Months,Premium,Q4,3069
1784-BXEFA,Month-to-month,Yes,Mailed check,0-12 Months,Low,Q1,3070
7351-MHQVU,Month-to-month,No,Credit card (automatic),0-12 Months,Medium,Q1,3071
9224-VTYID,Two year,Yes,Mailed check,25-48 Months,Premium,Q4,3072
9500-IWPXQ,One year,Yes,Electronic check,61-72 Months,High,Q4,3073
5762-TJXGK,Two year,Yes,Bank transfer (automatic),49-60 Months,Medium,Q3,3074
4504-YOULA,Month-to-month,Yes,Credit card (automatic),25-48 Months,Medium,Q3,3075
5569-IDSEY,One year,Yes,Bank transfer (automatic),61-72 Months,Premium,Q4,3076
4250-FDVOU,Month-to-month,No,Electronic check,0-12 Months,Medium,Q1,3077
7284-ZZLOH,Two year,No,Credit card (automatic),25-48 Months,Medium,Q3,3078
5277-ZLOOR,Month-to-month,Yes,Electronic check,0-12 Months,High,Q1,3079
2141-RRYGO,Month-to-month,Yes,Bank transfer (automatic),0-12 Months,Medium,Q1,3080
1777-JYQPJ,Month-to-month,No,Mailed check,0-12 Months,Low,Q1,3081
6376-GAHQE,Month-to-month,No,Electronic check,0-12 Months,High,Q1,3082
3401-URHDA,One year,No,Credit card (automatic),49-60 Months,Medium,Q3,3083
1599-EAHXY,One year,No,Credit card (automatic),49-60 Months,Low,Q3,3084
8631-XVRZL,One year,Yes,Mailed check,0-12 Months,Low,Q1,3085
5052-PNLOS,Month-to-month,Yes,Bank transfer (automatic),0-12 Months,Premium,Q1,3086
3853-LYGAM,Month-to-month,Yes,Bank transfer (automatic),13-24 Months,Premium,Q3,3087
6979-ZNSFF,Month-to-month,Yes,Electronic check,0-12 Months,High,Q2,3088
5751-USDBL,Two year,No,Mailed check,25-48 Months,High,Q4,3089
5680-LQOGP,Two year,Yes,Credit card (automatic),61-72 Months,High,Q4,3090
2386-LAHRK,Month-to-month,Yes,Mailed check,0-12 Months,Medium,Q1,3091
8189-DUKMV,One year,No,Bank transfer (automatic),0-12 Months,Low,Q1,3092
6032-IGALN,Month-to-month,Yes,Mailed check,0-12 Months,Low,Q1,3093
9931-DCEZH,One year,Yes,Credit card (automatic),25-48 Months,Medium,Q3,3094
1898-JSNDC,One year,Yes,Credit card (automatic),25-48 Months,Medium,Q3,3095
0315-LVCRK,Month-to-month,No,Electronic check,0-12 Months,High,Q2,3096
3911-RSNHI,Two year,Yes,Credit card (automatic),61-72 Months,Medium,Q4,3097
2410-CIYFZ,Month-to-month,No,Mailed check,0-12 Months,Low,Q1,3098
4248-HCETZ,Month-to-month,Yes,Mailed check,25-48 Months,High,Q3,3099
5505-OVWQW,One year,No,Mailed check,13-24 Months,Low,Q1,3100
7271-AJDTL,Month-to-month,Yes,Credit card (automatic),49-60 Months,Premium,Q4,3101
1867-TJHTS,Month-to-month,Yes,Bank transfer (automatic),49-60 Months,High,Q4,3102
0516-WJVXC,Month-to-month,No,Electronic check,0-12 Months,Medium,Q1,3103
9174-FKWZE,Month-to-month,Yes,Electronic check,0-12 Months,Low,Q1,3104
6860-YRJZP,Month-to-month,Yes,Electronic check,0-12 Months,High,Q2,3105
4429-WYGFR,Month-to-month,No,Bank transfer (automatic),25-48 Months,Medium,Q2,3106
2817-LVCPP,Two year,No,Credit card (automatic),49-60 Months,Low,Q2,3107
5038-ETMLM,Two year,Yes,Bank transfer (automatic),61-72 Months,Premium,Q4,3108
5056-FIMPT,One year,Yes,Credit card (automatic),25-48 Months,Premium,Q4,3109
4521-WFJAI,Two year,Yes,Bank transfer (automatic),49-60 Months,Low,Q3,3110
6569-KTMDU,Month-to-month,No,Mailed check,0-12 Months,Low,Q1,3111
8809-RIHDD,Two year,Yes,Electronic check,61-72 Months,Premium,Q4,3112
8809-XKHMD,Two year,Yes,Bank transfer (automatic),61-72 Months,Premium,Q4,3113
0396-YCHWO,Month-to-month,Yes,Electronic check,25-48 Months,Premium,Q3,3114
0867-LDTTC,Month-to-month,No,Bank transfer (automatic),0-12 Months,High,Q1,3115
4822-NGOCH,Month-to-month,Yes,Electronic check,13-24 Months,High,Q2,3116
9391-DXGGG,One year,No,Credit card (automatic),25-48 Months,High,Q4,3117
9844-FELAJ,One year,Yes,Electronic check,61-72 Months,Premium,Q4,3118
2122-SZZZD,One year,No,Credit card (automatic),25-48 Months,Low,Q2,3119
5307-DZCVC,Month-to-month,Yes,Credit card (automatic),25-48 Months,High,Q3,3120
3148-AOIQT,Two year,Yes,Credit card (automatic),61-72 Months,Low,Q3,3121
8679-JOEVF,Month-to-month,No,Electronic check,13-24 Months,Medium,Q2,3122
8395-ETZKQ,One year,No,Bank transfer (automatic),61-72 Months,Low,Q2,3123
6692-YQHXC,Month-to-month,Yes,Credit card (automatic),13-24 Months,Medium,Q2,3124
3889-VWBID,Two year,No,Bank transfer (automatic),61-72 Months,High,Q4,3125
5222-JCXZT,Month-to-month,No,Mailed check,0-12 Months,Low,Q1,3126
9754-CLVZW,Month-to-month,No,Credit card (automatic),25-48 Months,Medium,Q2,3127
1432-FPAXX,Month-to-month,Yes,Electronic check,25-48 Months,Low,Q2,3128
2739-CCZMB,Month-to-month,No,Credit card (automatic),0-12 Months,Low,Q1,3129
7080-TNUWP,One year,Yes,Bank transfer (automatic),61-72 Months,Premium,Q4,3130
0496-AHOOK,One year,No,Bank transfer (automatic),13-24 Months,High,Q3,3131
8336-TAVKX,Two year,No,Bank transfer (automatic),61-72 Months,High,Q4,3132
2468-SJFLM,Month-to-month,Yes,Mailed check,0-12 Months,High,Q1,3133
3181-VTHOE,One year,Yes,Bank transfer (automatic),61-72 Months,Medium,Q3,3134
7168-HDQHG,Month-to-month,No,Bank transfer (automatic),25-48 Months,Low,Q2,3135
4803-AXVYP,Month-to-month,Yes,Electronic check,25-48 Months,Premium,Q3,3136
3884-HCSWG,Month-to-month,Yes,Electronic check,13-24 Months,Medium,Q2,3137
4567-AKPIA,One year,Yes,Bank transfer (automatic),25-48 Months,Premium,Q4,3138
5077-DXTCG,Month-to-month,Yes,Electronic check,0-12 Months,Medium,Q1,3139
1142-WACZW,Month-to-month,No,Bank transfer (automatic),0-12 Months,Low,Q1,3140
7901-HXJVA,Month-to-month,No,Electronic check,13-24 Months,High,Q2,3141
5649-ANRML,Month-to-month,Yes,Credit card (automatic),0-12 Months,Premium,Q1,3142
4892-VLANZ,Month-to-month,No,Mailed check,0-12 Months,Low,Q1,3143
5924-IFQTT,Month-to-month,Yes,Electronic check,13-24 Months,High,Q2,3144
7968-QUXNS,Month-to-month,No,Mailed check,0-12 Months,Low,Q1,3145
2919-HBCJO,Month-to-month,Yes,Bank transfer (automatic),0-12 Months,High,Q1,3146
4236-XPXAV,Month-to-month,Yes,Mailed check,0-12 Months,Premium,Q2,3147
8903-WMRNW,Month-to-month,No,Electronic check,13-24 Months,Premium,Q3,3148
2452-SNHFZ,Month-to-month,No,Credit card (automatic),25-48 Months,High,Q3,3149
3629-WEAAM,Month-to-month,No,Mailed check,0-12 Months,Medium,Q2,3150
6029-CSMJE,Month-to-month,Yes,Mailed check,13-24 Months,Low,Q2,3151
7993-NQLJE,Month-to-month,No,Mailed check,13-24 Months,High,Q2,3152
9909-DFRJA,One year,Yes,Bank transfer (automatic),25-48 Months,Premium,Q3,3153
9099-FTUHS,Month-to-month,No,Electronic check,13-24 Months,Medium,Q2,3154
0581-BXBUB,Month-to-month,No,Electronic check,0-12 Months,High,Q1,3155
4962-CHQPW,One year,No,Mailed check,25-48 Months,Low,Q2,3156
9467-ROOLM,Month-to-month,No,Mailed check,25-48 Months,Low,Q2,3157
3030-YZADT,Month-to-month,No,Mailed check,0-12 Months,Medium,Q2,3158
7410-KTVFV,Month-to-month,Yes,Mailed check,13-24 Months,Medium,Q2,3159
5150-ITWWB,Month-to-month,Yes,Electronic check,0-12 Months,Premium,Q1,3160
2253-KPMNB,Two year,No,Bank transfer (automatic),61-72 Months,Medium,Q3,3161
1345-ZUKID,One year,No,Mailed check,13-24 Months,Low,Q1,3162
6429-SHBCB,Month-to-month,No,Mailed check,13-24 Months,Medium,Q2,3163
9281-OFDMF,Month-to-month,No,Electronic check,25-48 Months,Premium,Q3,3164
2603-HVKCG,Month-to-month,Yes,Electronic check,25-48 Months,Premium,Q3,3165
1834-WULEG,One year,No,Mailed check,13-24 Months,Low,Q2,3166
9097-ZUBYC,Month-to-month,No,Bank transfer (automatic),13-24 Months,Medium,Q2,3167
5148-ORICT,Two year,Yes,Mailed check,61-72 Months,High,Q4,3168
4893-GYUJU,One year,Yes,Mailed check,49-60 Months,Low,Q2,3169
4578-PHJYZ,One year,Yes,Electronic check,49-60 Months,Medium,Q3,3170
7272-QDCKA,One year,No,Electronic check,25-48 Months,Premium,Q3,3171
8908-SLFCJ,Two year,Yes,Credit card (automatic),13-24 Months,Low,Q2,3172
8393-DLHGA,Month-to-month,Yes,Electronic check,25-48 Months,Premium,Q3,3173
9766-HGEDE,One year,No,Mailed check,13-24 Months,Low,Q1,3174
6968-MHOMU,One year,Yes,Credit card (automatic),49-60 Months,Medium,Q3,3175
7395-IGJOS,Month-to-month,No,Bank transfer (automatic),13-24 Months,High,Q2,3176
5044-XDPYX,Two year,No,Mailed check,49-60 Months,Low,Q2,3177
1814-WFGVS,Two year,No,Mailed check,61-72 Months,Medium,Q3,3178
2834-SPCJV,Month-to-month,No,Electronic check,49-60 Months,High,Q4,3179
3721-WKIIL,Two year,Yes,Mailed check,25-48 Months,Low,Q2,3180
6734-CKRSM,Month-to-month,No,Mailed check,0-12 Months,Low,Q1,3181
1265-ZFOSD,Two year,Yes,Mailed check,61-72 Months,High,Q4,3182
6568-POCUI,Two year,Yes,Credit card (automatic),25-48 Months,Premium,Q4,3183
7890-VYYWG,Month-to-month,Yes,Mailed check,0-12 Months,Medium,Q1,3184
5197-LQXXH,Two year,Yes,Credit card (automatic),61-72 Months,High,Q4,3185
9907-SWKKF,Month-to-month,No,Mailed check,0-12 Months,Low,Q1,3186
3457-PQBYH,Two year,No,Credit card (automatic),49-60 Months,Low,Q2,3187
7682-AZNDK,Month-to-month,Yes,Electronic check,25-48 Months,High,Q3,3188
0587-DMGBH,Month-to-month,Yes,Electronic check,0-12 Months,Medium,Q1,3189
5384-ZTTWP,Month-to-month,No,Mailed check,13-24 Months,Low,Q1,3190
3745-HRPHI,Two year,No,Bank transfer (automatic),61-72 Months,Medium,Q3,3191
7636-OWBPG,Month-to-month,Yes,Credit card (automatic),0-12 Months,Low,Q1,3192
1231-YNDEK,Two year,Yes,Bank transfer (automatic),49-60 Months,Low,Q2,3193
1407-DIGZV,Two year,No,Mailed check,0-12 Months,Low,Q1,3194
6397-JNZZG,Month-to-month,No,Credit card (automatic),25-48 Months,Medium,Q3,3195
0570-BFQHT,Month-to-month,No,Electronic check,0-12 Months,High,Q2,3196
4393-OBCRR,One year,No,Mailed check,0-12 Months,Low,Q1,3197
3523-QRQLL,One year,Yes,Bank transfer (automatic),13-24 Months,Medium,Q3,3198
8564-LDKFL,One year,Yes,Bank transfer (automatic),25-48 Months,Premium,Q4,3199
3696-DFHHB,Two year,No,Bank transfer (automatic),61-72 Months,Low,Q3,3200
0895-DQHEW,Month-to-month,Yes,Electronic check,49-60 Months,Premium,Q4,3201
4717-GHADL,Two year,Yes,Mailed check,49-60 Months,High,Q4,3202
5501-TVMGM,Month-to-month,Yes,Electronic check,0-12 Months,Medium,Q1,3203
5879-HMFFH,Two year,No,Bank transfer (automatic),61-72 Months,High,Q4,3204
6772-WFQRD,One year,Yes,Bank transfer (automatic),25-48 Months,Low,Q2,3205
3810-DVDQQ,Two year,Yes,Bank transfer (automatic),61-72 Months,Premium,Q4,3206
6972-SNKKW,Month-to-month,No,Mailed check,0-12 Months,Low,Q1,3207
3694-GLTJM,Month-to-month,Yes,Credit card (automatic),0-12 Months,Low,Q1,3208
8550-XSXUQ,One year,Yes,Credit card (automatic),25-48 Months,High,Q3,3209
8149-RSOUN,Month-to-month,Yes,Electronic check,0-12 Months,Premium,Q1,3210
9055-MOJJJ,One year,No,Mailed check,61-72 Months,Medium,Q4,3211
4359-INNWN,One year,No,Credit card (automatic),13-24 Months,Low,Q1,3212
0585-EGDDA,Month-to-month,Yes,Electronic check,25-48 Months,High,Q3,3213
4032-RMHCI,One year,No,Credit card (automatic),25-48 Months,Medium,Q3,3214
0549-CYCQN,One year,Yes,Bank transfer (automatic),49-60 Months,High,Q4,3215
3481-JHUZH,Month-to-month,Yes,Electronic check,25-48 Months,High,Q3,3216
7250-EQKIY,Month-to-month,No,Mailed check,0-12 Months,Medium,Q1,3217
3594-IVHJZ,Month-to-month,Yes,Mailed check,0-12 Months,Low,Q1,3218
6869-FGJJC,One year,No,Credit card (automatic),61-72 Months,High,Q4,3219
3896-ZVNET,Two year,No,Mailed check,13-24 Months,Low,Q2,3220
8205-VSLRB,Two year,No,Credit card (automatic),61-72 Months,High,Q4,3221
5960-MVTUK,Month-to-month,Yes,Electronic check,0-12 Months,Low,Q1,3222
6817-WTYHE,Month-to-month,No,Bank transfer (automatic),0-12 Months,Medium,Q1,3223
3082-VQXNH,Month-to-month,No,Credit card (automatic),0-12 Months,Low,Q1,3224
4013-UBXWQ,Month-to-month,Yes,Electronic check,0-12 Months,High,Q2,3225
4931-TRZWN,Month-to-month,Yes,Electronic check,13-24 Months,High,Q2,3226
0750-EKNGL,Month-to-month,No,Mailed check,0-12 Months,Low,Q1,3227
7669-LCRSD,Month-to-month,Yes,Mailed check,0-12 Months,Medium,Q2,3228
3567-PQTSO,One year,Yes,Electronic check,49-60 Months,Premium,Q4,3229
5519-NPHVG,Month-to-month,Yes,Electronic check,0-12 Months,Premium,Q2,3230
8043-PNYSD,Two year,No,Mailed check,61-72 Months,Low,Q2,3231
9938-EKRGF,Month-to-month,No,Mailed check,13-24 Months,High,Q2,3232
2703-AMTUL,One year,No,Mailed check,25-48 Months,Medium,Q3,3233
0928-JMXNP,Month-to-month,Yes,Electronic check,0-12 Months,Low,Q1,3234
8173-RXAYP,Two year,No,Mailed check,13-24 Months,Low,Q2,3235
4825-XJGDM,One year,No,Credit card (automatic),61-72 Months,Medium,Q3,3236
5402-HTOTQ,Month-to-month,No,Electronic check,13-24 Months,Medium,Q2,3237
6734-JDTTV,Two year,Yes,Credit card (automatic),61-72 Months,Low,Q2,3238
7850-THJMU,Two year,No,Credit card (automatic),25-48 Months,Low,Q2,3239
3890-RTCMS,Month-to-month,Yes,Mailed check,13-24 Months,Medium,Q2,3240
8849-GYOKR,One year,No,Bank transfer (automatic),49-60 Months,Premium,Q4,3241
3148-BLQJT,Month-to-month,No,Mailed check,0-12 Months,Low,Q1,3242
3717-FDJFU,Two year,No,Mailed check,0-12 Months,Low,Q1,3243
3665-JATSN,Month-to-month,Yes,Electronic check,13-24 Months,Medium,Q2,3244
7966-YOTQW,Month-to-month,Yes,Credit card (automatic),0-12 Months,Medium,Q2,3245
0461-CVKMU,Month-to-month,No,Electronic check,13-24 Months,High,Q3,3246
8806-EAGWC,Month-to-month,No,Mailed check,0-12 Months,Medium,Q1,3247
8853-TZDGH,Two year,Yes,Bank transfer (automatic),61-72 Months,Premium,Q4,3248
7779-LGOVN,Month-to-month,Yes,Electronic check,0-12 Months,High,Q2,3249
4324-BZCKL,Month-to-month,Yes,Mailed check,0-12 Months,Medium,Q2,3250
6924-TDGMT,One year,Yes,Mailed check,0-12 Months,Low,Q1,3251
9710-ZUSHQ,Month-to-month,Yes,Bank transfer (automatic),25-48 Months,Premium,Q4,3252
1536-YHDOE,One year,Yes,Mailed check,13-24 Months,Medium,Q2,3253
8123-QBNAZ,Month-to-month,Yes,Credit card (automatic),25-48 Months,Premium,Q3,3254
3629-ZNKXA,Month-to-month,Yes,Electronic check,13-24 Months,Premium,Q3,3255
4827-LTQRJ,One year,Yes,Credit card (automatic),61-72 Months,Premium,Q4,3256
7711-YIJWC,One year,No,Bank transfer (automatic),61-72 Months,High,Q4,3257
5482-VXSXJ,Month-to-month,Yes,Mailed check,13-24 Months,Premium,Q3,3258
7365-BVCJH,Month-to-month,Yes,Electronic check,0-12 Months,Low,Q1,3259
9620-ENEJV,Month-to-month,No,Credit card (automatic),0-12 Months,High,Q2,3260
4183-WCSEP,Month-to-month,Yes,Electronic check,25-48 Months,High,Q3,3261
2378-YIZKA,Two year,Yes,Credit card (automatic),61-72 Months,High,Q4,3262
5498-TXHLF,Month-to-month,No,Electronic check,25-48 Months,High,Q3,3263
0689-DSXGL,Month-to-month,No,Bank transfer (automatic),49-60 Months,High,Q4,3264
6818-DJXAA,Month-to-month,Yes,Electronic check,0-12 Months,Premium,Q2,3265
9722-UJOJR,Month-to-month,Yes,Electronic check,25-48 Months,High,Q3,3266
0464-WJTKO,Two year,No,Bank transfer (automatic),61-72 Months,Low,Q3,3267
8902-ZEOVF,One year,No,Mailed check,25-48 Months,Low,Q2,3268
6778-EICRF,One year,No,Mailed check,13-24 Months,High,Q3,3269
2662-NNTDK,One year,No,Credit card (automatic),61-72 Months,Low,Q3,3270
4132-KALRO,Month-to-month,Yes,Mailed check,0-12 Months,Premium,Q1,3271
3902-FOIGH,Month-to-month,Yes,Electronic check,0-12 Months,Premium,Q2,3272
6772-KSATR,Month-to-month,Yes,Electronic check,0-12 Months,High,Q1,3273
7112-OPOTK,Month-to-month,No,Electronic check,25-48 Months,Medium,Q3,3274
2874-YXVVA,Month-to-month,Yes,Electronic check,25-48 Months,Premium,Q3,3275
1245-HARPS,Two year,No,Mailed check,13-24 Months,Low,Q1,3276
4210-QFJMF,Month-to-month,Yes,Electronic check,0-12 Months,High,Q1,3277
4323-ELYYB,One year,No,Mailed check,13-24 Months,Low,Q1,3278
4293-ETKAP,Two year,Yes,Bank transfer (automatic),61-72 Months,High,Q4,3279
6064-PUPMC,One year,No,Credit card (automatic),13-24 Months,Medium,Q3,3280
6504-VBLFL,Two year,No,Electronic check,49-60 Months,Medium,Q3,3281
6322-PJJDJ,Two year,Yes,Electronic check,49-60 Months,Premium,Q4,3282
0330-BGYZE,One year,No,Bank transfer (automatic),49-60 Months,Premium,Q4,3283
1085-LDWAM,One year,Yes,Credit card (automatic),61-72 Months,Low,Q3,3284
7586-ZATGZ,Month-to-month,Yes,Electronic check,25-48 Months,High,Q3,3285
7197-VOJMM,Two year,Yes,Credit card (automatic),61-72 Months,Medium,Q4,3286
3318-OSATS,Month-to-month,Yes,Electronic check,25-48 Months,Premium,Q3,3287
5828-AVIPD,One year,Yes,Electronic check,13-24 Months,Premium,Q3,3288
1843-TLSGD,Two year,No,Mailed check,13-24 Months,Low,Q1,3289
9626-VFRGG,Month-to-month,Yes,Bank transfer (automatic),25-48 Months,High,Q3,3290
7075-BNDVQ,Month-to-month,No,Mailed check,0-12 Months,Low,Q1,3291
9143-CANJF,Month-to-month,No,Electronic check,13-24 Months,Medium,Q2,3292
7284-BUYEC,Month-to-month,Yes,Credit card (automatic),0-12 Months,Medium,Q1,3293
2041-JIJCI,Month-to-month,Yes,Electronic check,0-12 Months,Medium,Q1,3294
1086-LXKFY,Month-to-month,Yes,Mailed check,0-12 Months,Medium,Q1,3295
4900-MSOMT,Two year,No,Bank transfer (automatic),61-72 Months,High,Q4,3296
2229-VWQJH,Month-to-month,Yes,Credit card (automatic),13-24 Months,Medium,Q2,3297
9194-GFVOI,Two year,No,Credit card (automatic),25-48 Months,High,Q3,3298
1336-EZFZY,Month-to-month,No,Mailed check,0-12 Months,Low,Q1,3299
4282-MSACW,One year,Yes,Credit card (automatic),61-72 Months,Premium,Q4,3300
1403-LKLIK,One year,No,Mailed check,25-48 Months,Low,Q2,3301
2636-ALXXZ,Month-to-month,Yes,Electronic check,0-12 Months,Medium,Q1,3302
7774-OJSXI,One year,Yes,Electronic check,25-48 Months,Premium,Q3,3303
7786-WBJYI,Month-to-month,No,Bank transfer (automatic),0-12 Months,High,Q1,3304
0136-IFMYD,Two year,Yes,Electronic check,61-72 Months,Premium,Q4,3305
5144-TVGLP,Month-to-month,No,Electronic check,25-48 Months,Premium,Q3,3306
9643-AVVWI,Month-to-month,Yes,Electronic check,0-12 Months,High,Q1,3307
0253-ZTEOB,Two year,No,Electronic check,25-48 Months,High,Q4,3308
2706-QZIHY,Two year,No,Mailed check,13-24 Months,Low,Q1,3309
6061-PQHMK,One year,No,Credit card (automatic),25-48 Months,Low,Q2,3310
9885-CSMWE,Month-to-month,No,Electronic check,0-12 Months,High,Q1,3311
6137-MFAJN,Month-to-month,Yes,Electronic check,25-48 Months,Medium,Q3,3312
9122-UMROB,Month-to-month,No,Mailed check,0-12 Months,Low,Q1,3313
4232-JGKIY,Month-to-month,No,Electronic check,0-12 Months,Low,Q1,3314
2402-TAIRZ,One year,No,Electronic check,25-48 Months,High,Q3,3315
9659-ZTWSM,One year,Yes,Bank transfer (automatic),61-72 Months,Premium,Q4,3316
9139-TWBAS,One year,No,Bank transfer (automatic),25-48 Months,Medium,Q2,3317
6685-GBWJZ,One year,No,Credit card (automatic),61-72 Months,High,Q4,3318
5016-ETTFF,Month-to-month,No,Mailed check,0-12 Months,Low,Q1,3319
3866-MDTUB,Month-to-month,Yes,Electronic check,0-12 Months,High,Q1,3320
2195-VVRJF,Month-to-month,Yes,Credit card (automatic),13-24 Months,Medium,Q2,3321
3913-RDSJZ,Two year,No,Mailed check,61-72 Months,Low,Q3,3322
8058-JMEQO,Month-to-month,Yes,Electronic check,0-12 Months,High,Q2,3323
4203-QGNZA,Month-to-month,No,Mailed check,25-48 Months,Low,Q2,3324
5043-TRZWM,Month-to-month,No,Electronic check,0-12 Months,High,Q1,3325
0697-ZMSWS,Month-to-month,Yes,Electronic check,0-12 Months,High,Q1,3326
7657-DYEPJ,One year,Yes,Credit card (automatic),25-48 Months,High,Q3,3327
9494-BDNNC,One year,No,Electronic check,61-72 Months,Premium,Q4,3328
1640-PLFMP,Month-to-month,Yes,Electronic check,0-12 Months,High,Q1,3329
5366-OBVMR,Month-to-month,Yes,Mailed check,13-24 Months,Medium,Q2,3330
8276-MQBYC,Month-to-month,Yes,Electronic check,49-60 Months,Premium,Q4,3331
7644-OMVMY,Two year,No,Mailed check,0-12 Months,Low,Q2,3332
7593-XFKDI,Month-to-month,No,Mailed check,0-12 Months,Medium,Q1,3333
4573-JKNAE,Two year,No,Bank transfer (automatic),0-12 Months,Low,Q1,3334
0337-CNPZE,Month-to-month,Yes,Electronic check,25-48 Months,Premium,Q4,3335
9817-APLHW,Month-to-month,No,Electronic check,0-12 Months,Low,Q1,3336
8380-MQINP,Two year,No,Mailed check,49-60 Months,Low,Q2,3337
0840-DFEZH,Month-to-month,Yes,Electronic check,0-12 Months,High,Q2,3338
1513-XNPPH,Month-to-month,Yes,Electronic check,0-12 Months,High,Q2,3339
8690-ZVLCL,Two year,No,Credit card (automatic),61-72 Months,High,Q4,3340
6015-VVHHE,Month-to-month,Yes,Credit card (automatic),0-12 Months,High,Q2,3341
1125-SNVCK,Month-to-month,No,Mailed check,49-60 Months,Medium,Q3,3342
0384-LPITE,One year,No,Credit card (automatic),25-48 Months,Medium,Q3,3343
4616-EWBNJ,One year,No,Bank transfer (automatic),13-24 Months,Low,Q1,3344
6347-DCUIK,Month-to-month,Yes,Mailed check,0-12 Months,High,Q2,3345
1335-HQMKX,One year,Yes,Electronic check,61-72 Months,Premium,Q4,3346
2545-EBUPK,Month-to-month,Yes,Electronic check,0-12 Months,High,Q1,3347
6923-AQONU,Two year,No,Mailed check,13-24 Months,Low,Q2,3348
2172-EJXVF,One year,Yes,Electronic check,61-72 Months,Premium,Q4,3349
0897-FEGMU,Month-to-month,Yes,Electronic check,0-12 Months,Premium,Q2,3350
7663-RGWBC,Month-to-month,Yes,Mailed check,0-12 Months,Medium,Q1,3351
1120-BMWUB,Month-to-month,Yes,Mailed check,13-24 Months,Medium,Q2,3352
9124-LHCJQ,Month-to-month,Yes,Mailed check,0-12 Months,High,Q1,3353
4536-PLEQY,Month-to-month,Yes,Credit card (automatic),0-12 Months,High,Q2,3354
7029-IJEJK,One year,No,Bank transfer (automatic),49-60 Months,Medium,Q3,3355
8871-JLMHM,Two year,No,Credit card (automatic),61-72 Months,Premium,Q4,3356
2235-ZGKPT,Month-to-month,No,Mailed check,0-12 Months,Medium,Q1,3357
3891-PUQOD,Month-to-month,No,Electronic check,0-12 Months,Medium,Q1,3358
5447-VYTKW,Month-to-month,No,Mailed check,25-48 Months,Medium,Q3,3359
3623-FQBOX,Month-to-month,Yes,Mailed check,13-24 Months,Low,Q2,3360
0689-NKYLF,Month-to-month,Yes,Electronic check,13-24 Months,High,Q2,3361
8659-HDIYE,Month-to-month,No,Credit card (automatic),61-72 Months,High,Q4,3362
3658-KIBGF,Month-to-month,Yes,Electronic check,0-12 Months,Medium,Q1,3363
3474-BAFSJ,Two year,Yes,Bank transfer (automatic),49-60 Months,Medium,Q3,3364
5519-YLDGW,Month-to-month,Yes,Electronic check,13-24 Months,Premium,Q3,3365
3865-ZFZIB,Two year,No,Mailed check,13-24 Months,Low,Q1,3366
1855-AGAWH,One year,Yes,Electronic check,25-48 Months,Premium,Q3,3367
7109-CQYUZ,Two year,Yes,Mailed check,49-60 Months,High,Q4,3368
1370-GGAWX,One year,Yes,Electronic check,25-48 Months,Premium,Q4,3369
4680-KUTAJ,Month-to-month,Yes,Electronic check,0-12 Months,Medium,Q2,3370
5307-UVGNB,Month-to-month,Yes,Bank transfer (automatic),49-60 Months,Medium,Q3,3371
4946-EDSEW,Month-to-month,Yes,Mailed check,0-12 Months,Low,Q1,3372
2883-ILGWO,Month-to-month,Yes,Bank transfer (automatic),49-60 Months,Premium,Q4,3373
2516-VQRRV,Month-to-month,Yes,Mailed check,0-12 Months,High,Q1,3374
7580-UGXNC,Month-to-month,No,Mailed check,0-12 Months,Medium,Q1,3375
3642-BYHDO,Two year,No,Bank transfer (automatic),61-72 Months,Low,Q2,3376
9629-NHXFW,Month-to-month,Yes,Mailed check,0-12 Months,Low,Q1,3377
2696-RZVZW,Two year,No,Credit card (automatic),61-72 Months,Low,Q3,3378
5766-FTRTS,Two year,No,Mailed check,61-72 Months,High,Q4,3379
0396-HUJBP,Month-to-month,No,Mailed check,0-12 Months,Low,Q1,3380
5178-LMXOP,Month-to-month,Yes,Electronic check,0-12 Months,Premium,Q1,3381
8879-ZKJOF,One year,Yes,Bank transfer (automatic),25-48 Months,High,Q3,3382
6285-FTQBF,Two year,No,Credit card (automatic),61-72 Months,Low,Q3,3383
8185-UPYBR,Month-to-month,Yes,Electronic check,0-12 Months,High,Q2,3384
4585-HETAI,Month-to-month,Yes,Electronic check,0-12 Months,High,Q1,3385
7526-BEZQB,Month-to-month,Yes,Electronic check,0-12 Months,Premium,Q2,3386
1474-JUWSM,One year,Yes,Electronic check,49-60 Months,Medium,Q4,3387
3530-CRZSB,Month-to-month,No,Mailed check,0-12 Months,Low,Q1,3388
8498-XXGWA,Month-to-month,Yes,Mailed check,61-72 Months,Medium,Q3,3389
9617-INGJY,Month-to-month,Yes,Mailed check,0-12 Months,High,Q1,3390
0621-TSSMU,One year,No,Credit card (automatic),49-60 Months,Low,Q2,3391
7234-KMNRQ,Month-to-month,No,Mailed check,0-12 Months,Low,Q1,3392
7636-PEPNS,One year,Yes,Mailed check,49-60 Months,Medium,Q3,3393
4683-WYDOU,Two year,Yes,Bank transfer (automatic),61-72 Months,Premium,Q4,3394
9052-DHNKM,One year,No,Electronic check,25-48 Months,Medium,Q3,3395
6794-HKIAJ,Month-to-month,No,Bank transfer (automatic),61-72 Months,Premium,Q4,3396
5578-NKCXI,One year,No,Credit card (automatic),49-60 Months,Premium,Q4,3397
1642-HMARX,Two year,Yes,Electronic check,61-72 Months,Premium,Q4,3398
3096-WPXBT,One year,Yes,Credit card (automatic),61-72 Months,Premium,Q4,3399
8434-PNQZX,Two year,Yes,Credit card (automatic),25-48 Months,High,Q3,3400
5950-AAAGJ,Month-to-month,No,Bank transfer (automatic),13-24 Months,High,Q3,3401
4299-OPXEJ,Two year,Yes,Bank transfer (automatic),49-60 Months,Low,Q2,3402
4951-UKAAQ,Month-to-month,Yes,Electronic check,0-12 Months,High,Q1,3403
9618-LFJRU,Month-to-month,No,Credit card (automatic),0-12 Months,Low,Q1,3404
6693-DJWTY,One year,No,Credit card (automatic),25-48 Months,Medium,Q3,3405
0744-GKNGE,Month-to-month,Yes,Bank transfer (automatic),61-72 Months,High,Q4,3406
6447-EGDIV,One year,No,Mailed check,25-48 Months,Low,Q2,3407
1167-OYZJF,Two year,Yes,Bank transfer (automatic),61-72 Months,Low,Q2,3408
2108-YKQTY,Month-to-month,No,Credit card (automatic),0-12 Months,Medium,Q1,3409
4806-DXQCE,Two year,Yes,Electronic check,61-72 Months,Premium,Q4,3410
4918-QLLIW,Month-to-month,No,Credit card (automatic),0-12 Months,Medium,Q1,3411
7056-IMHCC,Month-to-month,Yes,Electronic check,49-60 Months,Premium,Q4,3412
4854-SSLTN,Two year,No,Mailed check,0-12 Months,Medium,Q1,3413
5294-DMSFH,Month-to-month,Yes,Credit card (automatic),25-48 Months,High,Q3,3414
4837-PZTIC,Two year,No,Mailed check,25-48 Months,Medium,Q3,3415
1625-JAIIY,One year,Yes,Electronic check,61-72 Months,High,Q4,3416
0603-OLQDC,Month-to-month,Yes,Mailed check,0-12 Months,Medium,Q2,3417
3272-VUHPV,Month-to-month,No,Bank transfer (automatic),0-12 Months,Medium,Q1,3418
4176-FXYBO,Month-to-month,No,Electronic check,49-60 Months,Premium,Q4,3419
1063-DHQJF,Two year,Yes,Mailed check,61-72 Months,Premium,Q4,3420
8663-UPDGF,Month-to-month,Yes,Bank transfer (automatic),25-48 Months,Medium,Q3,3421
6719-FGEDO,Two year,Yes,Bank transfer (automatic),61-72 Months,Premium,Q4,3422
1837-YQUCE,Two year,Yes,Bank transfer (automatic),61-72 Months,Medium,Q4,3423
2947-DOMLJ,Month-to-month,No,Mailed check,0-12 Months,Medium,Q1,3424
4112-LUEIZ,Month-to-month,Yes,Electronic check,0-12 Months,High,Q2,3425
0369-ZGOVK,One year,Yes,Bank transfer (automatic),25-48 Months,High,Q3,3426
4510-HIMLV,Month-to-month,Yes,Electronic check,0-12 Months,Medium,Q1,3427
9919-KNPOO,Month-to-month,Yes,Electronic check,13-24 Months,Premium,Q3,3428
8749-JMNKX,Month-to-month,Yes,Bank transfer (automatic),49-60 Months,Premium,Q4,3429
7872-BAAZR,One year,No,Bank transfer (automatic),49-60 Months,Low,Q2,3430
9391-LMANN,One year,No,Electronic check,49-60 Months,Premium,Q4,3431
2430-USGXP,Month-to-month,Yes,Electronic check,13-24 Months,Premium,Q3,3432
8174-TBVCF,Two year,Yes,Credit card (automatic),61-72 Months,Premium,Q4,3433
1698-XFZCI,One year,Yes,Electronic check,61-72 Months,Premium,Q4,3434
1877-HKBQX,One year,Yes,Mailed check,0-12 Months,Medium,Q2,3435
4450-DLLMH,Month-to-month,Yes,Credit card (automatic),0-12 Months,High,Q1,3436
0428-AXXLJ,One year,Yes,Bank transfer (automatic),25-48 Months,Low,Q2,3437
2746-DIJLO,One year,Yes,Credit card (automatic),25-48 Months,Medium,Q3,3438
5955-ERIHD,Month-to-month,Yes,Electronic check,13-24 Months,Premium,Q3,3439
0917-EZOLA,Two year,Yes,Bank transfer (automatic),61-72 Months,Premium,Q4,3440
3508-VLHCZ,Two year,Yes,Credit card (automatic),61-72 Months,Premium,Q4,3441
4086-ATNFV,One year,Yes,Mailed check,25-48 Months,Medium,Q3,3442
0468-YRPXN,Month-to-month,Yes,Credit card (automatic),25-48 Months,Premium,Q3,3443
5996-NRVXR,One year,Yes,Credit card (automatic),25-48 Months,Premium,Q4,3444
3739-YBWAB,One year,No,Mailed check,25-48 Months,Medium,Q2,3445
7047-FWEYA,One year,Yes,Electronic check,25-48 Months,Premium,Q4,3446
2000-MPKCA,One year,Yes,Electronic check,49-60 Months,Premium,Q4,3447
9762-YAQAA,One year,No,Credit card (automatic),25-48 Months,High,Q3,3448
5949-EBSQK,Month-to-month,No,Credit card (automatic),0-12 Months,Medium,Q1,3449
5473-KHBPS,One year,Yes,Credit card (automatic),49-60 Months,Premium,Q4,3450
0100-DUVFC,One year,Yes,Electronic check,61-72 Months,Premium,Q4,3451
5397-TUPSH,One year,Yes,Bank transfer (automatic),61-72 Months,High,Q4,3452
8950-MTZNV,Month-to-month,Yes,Mailed check,0-12 Months,Medium,Q1,3453
0326-VDYXE,One year,Yes,Electronic check,61-72 Months,Premium,Q4,3454
6773-LQTVT,Month-to-month,Yes,Mailed check,25-48 Months,Medium,Q2,3455
7274-RTAPZ,Month-to-month,Yes,Electronic check,0-12 Months,Premium,Q1,3456
0436-TWFFZ,Two year,Yes,Mailed check,61-72 Months,High,Q4,3457
8566-YPRGL,Month-to-month,Yes,Mailed check,0-12 Months,Low,Q1,3458
0311-UNPFF,Month-to-month,Yes,Bank transfer (automatic),25-48 Months,High,Q3,3459
6609-MXJHJ,Two year,Yes,Mailed check,25-48 Months,Low,Q2,3460
2669-OIDSD,Month-to-month,Yes,Credit card (automatic),25-48 Months,Premium,Q4,3461
8400-WZICQ,Month-to-month,No,Electronic check,49-60 Months,Medium,Q3,3462
3834-XUIFC,Month-to-month,Yes,Mailed check,0-12 Months,High,Q2,3463
9576-SYUHJ,Month-to-month,Yes,Electronic check,25-48 Months,Premium,Q3,3464
0410-IPFTY,Month-to-month,Yes,Bank transfer (automatic),25-48 Months,High,Q3,3465
2831-EBWRN,Month-to-month,Yes,Electronic check,0-12 Months,Medium,Q1,3466
9430-NKQLY,Two year,Yes,Credit card (automatic),61-72 Months,Low,Q3,3467
8414-MYSHR,Month-to-month,Yes,Electronic check,0-12 Months,Premium,Q2,3468
0247-SLUJI,Month-to-month,No,Mailed check,0-12 Months,Low,Q1,3469
9402-ORRAH,Month-to-month,Yes,Electronic check,13-24 Months,Premium,Q3,3470
6483-OATDN,Month-to-month,Yes,Credit card (automatic),0-12 Months,Medium,Q2,3471
1293-HHSHJ,One year,No,Mailed check,25-48 Months,Low,Q2,3472
4840-ORQXB,Month-to-month,No,Electronic check,49-60 Months,Premium,Q4,3473
7599-FKVXZ,Month-to-month,Yes,Bank transfer (automatic),25-48 Months,Premium,Q4,3474
3982-DQLUS,Month-to-month,Yes,Electronic check,61-72 Months,High,Q4,3475
8610-ZIKJJ,One year,No,Mailed check,0-12 Months,Low,Q1,3476
3756-VNWDH,One year,Yes,Electronic check,61-72 Months,Premium,Q4,3477
7801-KICAO,Month-to-month,Yes,Electronic check,13-24 Months,High,Q2,3478
7673-LPRNY,One year,Yes,Electronic check,13-24 Months,High,Q3,3479
8229-TNIQA,Month-to-month,Yes,Mailed check,0-12 Months,Medium,Q1,3480
6060-QBMGV,Two year,No,Credit card (automatic),61-72 Months,Low,Q3,3481
7339-POGZN,Month-to-month,No,Electronic check,0-12 Months,Medium,Q1,3482
2828-SLQPF,Month-to-month,Yes,Bank transfer (automatic),13-24 Months,Medium,Q2,3483
4465-VDKIQ,Month-to-month,No,Electronic check,13-24 Months,High,Q2,3484
2921-XWDJH,Month-to-month,Yes,Electronic check,25-48 Months,High,Q3,3485
6221-AVQYL,Month-to-month,Yes,Credit card (automatic),0-12 Months,High,Q1,3486
2558-BUOZZ,One year,No,Bank transfer (automatic),25-48 Months,Premium,Q4,3487
9257-AZMTZ,Two year,No,Bank transfer (automatic),49-60 Months,Low,Q2,3488
0003-MKNFE,Month-to-month,No,Mailed check,0-12 Months,Medium,Q2,3489
0975-UYDTX,One year,Yes,Credit card (automatic),25-48 Months,Premium,Q3,3490
7743-EXURX,Month-to-month,Yes,Electronic check,0-12 Months,Medium,Q2,3491
4682-BLBUC,One year,Yes,Electronic check,25-48 Months,High,Q3,3492
0975-VOOVL,Month-to-month,No,Mailed check,0-12 Months,Low,Q1,3493
5968-VXZLG,Month-to-month,Yes,Bank transfer (automatic),0-12 Months,Medium,Q1,3494
5569-KGJHX,Month-to-month,Yes,Bank transfer (automatic),0-12 Months,High,Q2,3495
4988-IQIGL,Month-to-month,Yes,Electronic check,0-12 Months,High,Q1,3496
5201-FRKKS,Month-to-month,No,Bank transfer (automatic),25-48 Months,High,Q3,3497
9799-CAYJJ,Month-to-month,Yes,Electronic check,0-12 Months,Medium,Q1,3498
7730-IUTDZ,Month-to-month,Yes,Electronic check,25-48 Months,High,Q3,3499
0426-TIRNE,Month-to-month,No,Mailed check,0-12 Months,Low,Q1,3500
5443-SCMKX,One year,Yes,Electronic check,49-60 Months,Premium,Q4,3501
8295-KMENE,Two year,Yes,Mailed check,49-60 Months,High,Q4,3502
6738-ISCBM,One year,Yes,Electronic check,25-48 Months,Medium,Q3,3503
9821-BESNZ,One year,Yes,Electronic check,61-72 Months,Premium,Q4,3504
3678-MNGZX,Two year,No,Bank transfer (automatic),61-72 Months,Low,Q2,3505
1335-NTIUC,Month-to-month,Yes,Electronic check,0-12 Months,Low,Q1,3506
2916-BQZLN,Month-to-month,Yes,Electronic check,13-24 Months,High,Q3,3507
4558-CGYCZ,Month-to-month,No,Mailed check,0-12 Months,Low,Q1,3508
2368-GAKKQ,Two year,Yes,Bank transfer (automatic),61-72 Months,Premium,Q4,3509
8710-YGLWG,Month-to-month,Yes,Mailed check,0-12 Months,Medium,Q1,3510
3199-XGZCY,Month-to-month,Yes,Electronic check,0-12 Months,High,Q2,3511
3785-KTYSH,Two year,No,Mailed check,49-60 Months,Low,Q2,3512
6814-ZPWFQ,One year,No,Bank transfer (automatic),49-60 Months,Low,Q2,3513
4063-EIKNQ,Month-to-month,No,Bank transfer (automatic),0-12 Months,Low,Q1,3514
6993-YCOBK,Two year,Yes,Electronic check,49-60 Months,Premium,Q4,3515
5206-HPJKM,Month-to-month,Yes,Credit card (automatic),13-24 Months,Medium,Q2,3516
7587-RZNME,Month-to-month,Yes,Electronic check,0-12 Months,Medium,Q1,3517
0748-RDGGM,One year,Yes,Bank transfer (automatic),61-72 Months,Premium,Q4,3518
8393-JMVMB,Month-to-month,No,Mailed check,0-12 Months,Low,Q1,3519
5019-GQVCR,Month-to-month,Yes,Electronic check,25-48 Months,High,Q3,3520
6036-TTFYU,Month-to-month,No,Mailed check,13-24 Months,Low,Q1,3521
2550-AEVRU,One year,No,Electronic check,49-60 Months,Medium,Q3,3522
0969-RGKCU,One year,No,Credit card (automatic),25-48 Months,Low,Q2,3523
0378-CJKPV,Two year,No,Credit card (automatic),61-72 Months,Premium,Q4,3524
4706-AXVKM,Month-to-month,Yes,Credit card (automatic),0-12 Months,High,Q2,3525
5889-JTMUL,Month-to-month,Yes,Electronic check,49-60 Months,Premium,Q4,3526
9026-RNUJS,Month-to-month,No,Electronic check,0-12 Months,Medium,Q1,3527
3746-EUBYR,Month-to-month,Yes,Bank transfer (automatic),0-12 Months,High,Q1,3528
2332-EFBJY,Month-to-month,Yes,Mailed check,13-24 Months,Low,Q1,3529
2880-FPNAE,Month-to-month,Yes,Electronic check,0-12 Months,High,Q1,3530
1703-MGIAB,Month-to-month,Yes,Mailed check,13-24 Months,Medium,Q2,3531
4311-QTTAI,One year,No,Credit card (automatic),13-24 Months,Low,Q1,3532
9474-PHLYD,Month-to-month,Yes,Electronic check,13-24 Months,Medium,Q2,3533
4318-RAJVY,One year,Yes,Mailed check,0-12 Months,Low,Q1,3534
2165-VOEGB,One year,Yes,Bank transfer (automatic),25-48 Months,Premium,Q4,3535
3612-YUNGG,Two year,Yes,Credit card (automatic),61-72 Months,Premium,Q4,3536
2254-DLXRI,Month-to-month,Yes,Mailed check,0-12 Months,High,Q1,3537
5062-CJJKH,One year,No,Mailed check,25-48 Months,Medium,Q2,3538
9028-LIHRP,Two year,No,Credit card (automatic),61-72 Months,Premium,Q4,3539
2219-MVUSO,Month-to-month,Yes,Mailed check,0-12 Months,Medium,Q2,3540
1053-MXTTK,Two year,Yes,Bank transfer (automatic),61-72 Months,Premium,Q4,3541
1530-ZTDOZ,Month-to-month,No,Bank transfer (automatic),49-60 Months,Medium,Q3,3542
1301-LOPVR,One year,Yes,Credit card (automatic),25-48 Months,Medium,Q3,3543
0853-TWRVK,Two year,No,Bank transfer (automatic),61-72 Months,Premium,Q4,3544
8914-RBTSB,Month-to-month,No,Electronic check,25-48 Months,Premium,Q3,3545
6212-ATMLK,Month-to-month,Yes,Electronic check,49-60 Months,Premium,Q4,3546
8200-LGKSR,Two year,No,Electronic check,61-72 Months,High,Q4,3547
1568-BEKZM,Two year,No,Credit card (automatic),61-72 Months,Premium,Q4,3548
0670-ANMUU,One year,No,Credit card (automatic),61-72 Months,Premium,Q4,3549
6897-RWMUB,Two year,Yes,Bank transfer (automatic),61-72 Months,Medium,Q4,3550
0963-ZBDRN,Month-to-month,Yes,Electronic check,25-48 Months,Premium,Q3,3551
7594-RQHXR,Month-to-month,Yes,Electronic check,0-12 Months,High,Q1,3552
6999-CHVCF,Two year,Yes,Bank transfer (automatic),61-72 Months,Premium,Q4,3553
6134-KWTBV,Two year,No,Bank transfer (automatic),61-72 Months,Low,Q3,3554
1077-HUUJM,Month-to-month,Yes,Electronic check,0-12 Months,High,Q2,3555
6331-EWIEB,Month-to-month,Yes,Electronic check,13-24 Months,High,Q3,3556
0895-LNKRC,One year,No,Mailed check,0-12 Months,Low,Q1,3557
2045-BMBTJ,Month-to-month,Yes,Bank transfer (automatic),25-48 Months,Medium,Q3,3558
8417-GSODA,One year,No,Bank transfer (automatic),25-48 Months,Premium,Q3,3559
5171-EPLKN,Two year,No,Credit card (automatic),25-48 Months,Low,Q2,3560
4452-QIIEB,Month-to-month,No,Mailed check,0-12 Months,Medium,Q1,3561
5998-VVEJY,Month-to-month,Yes,Electronic check,25-48 Months,High,Q3,3562
1624-NALOJ,Month-to-month,Yes,Electronic check,0-12 Months,High,Q2,3563
6741-EGCBI,Month-to-month,Yes,Credit card (automatic),25-48 Months,Premium,Q3,3564
7820-ZYGNY,One year,No,Credit card (automatic),61-72 Months,Premium,Q4,3565
4317-VTEOA,Month-to-month,Yes,Electronic check,0-12 Months,Medium,Q1,3566
9677-AVKED,One year,Yes,Electronic check,49-60 Months,High,Q4,3567
1670-SVOWZ,Month-to-month,Yes,Credit card (automatic),13-24 Months,High,Q2,3568
2227-JRSJX,Month-to-month,Yes,Bank transfer (automatic),13-24 Months,Premium,Q3,3569
9847-HNVGP,One year,No,Mailed check,13-24 Months,Low,Q1,3570
6696-YDAYZ,Two year,No,Mailed check,13-24 Months,Low,Q1,3571
8980-WQFWL,Month-to-month,Yes,Electronic check,25-48 Months,Medium,Q3,3572
1730-ZMAME,Month-to-month,Yes,Electronic check,25-48 Months,High,Q3,3573
6506-EYCNH,Month-to-month,Yes,Bank transfer (automatic),25-48 Months,Low,Q2,3574
4634-JLRJT,Month-to-month,Yes,Mailed check,0-12 Months,Low,Q1,3575
9501-UKKNL,Month-to-month,Yes,Electronic check,49-60 Months,Medium,Q3,3576
2560-QTSBS,One year,Yes,Bank transfer (automatic),61-72 Months,Low,Q3,3577
7541-YLXCL,One year,Yes,Mailed check,25-48 Months,Medium,Q3,3578
4795-WRNVT,Month-to-month,No,Mailed check,25-48 Months,Medium,Q3,3579
6080-TCMYC,Month-to-month,Yes,Electronic check,25-48 Months,High,Q3,3580
0260-ZDLGK,Month-to-month,Yes,Mailed check,0-12 Months,High,Q2,3581
7860-UXCRM,Two year,No,Credit card (automatic),61-72 Months,High,Q4,3582
6357-JJPQT,Month-to-month,Yes,Electronic check,0-12 Months,High,Q1,3583
2292-XQWSV,One year,No,Mailed check,25-48 Months,Medium,Q3,3584
9552-TGUZV,Month-to-month,Yes,Mailed check,0-12 Months,High,Q2,3585
5913-INRQV,One year,No,Mailed check,25-48 Months,Premium,Q3,3586
8722-NGNBH,Month-to-month,No,Mailed check,0-12 Months,Medium,Q1,3587
6210-KBBPI,Month-to-month,Yes,Credit card (automatic),0-12 Months,Premium,Q2,3588
9643-YBLUR,Month-to-month,Yes,Credit card (automatic),0-12 Months,Medium,Q2,3589
8734-FNWVH,Month-to-month,No,Bank transfer (automatic),25-48 Months,Medium,Q3,3590
9447-YPTBX,One year,Yes,Bank transfer (automatic),49-60 Months,Low,Q2,3591
0133-BMFZO,Month-to-month,Yes,Electronic check,0-12 Months,High,Q1,3592
6128-CZOMY,Month-to-month,Yes,Electronic check,0-12 Months,Medium,Q1,3593
9540-JYROE,Month-to-month,Yes,Mailed check,0-12 Months,High,Q2,3594
9026-LHEVG,Month-to-month,No,Electronic check,0-12 Months,Medium,Q1,3595
2260-USTRB,Month-to-month,Yes,Bank transfer (automatic),0-12 Months,High,Q1,3596
3656-TKRVZ,Month-to-month,No,Electronic check,0-12 Months,Medium,Q1,3597
7011-CVEUC,Month-to-month,Yes,Credit card (automatic),25-48 Months,Premium,Q3,3598
6185-TASNN,Month-to-month,No,Electronic check,0-12 Months,Medium,Q1,3599
7925-PNRGI,Month-to-month,No,Mailed check,25-48 Months,High,Q3,3600
8623-TMRBY,Month-to-month,Yes,Electronic check,49-60 Months,High,Q4,3601
1552-CZCLL,Month-to-month,No,Credit card (automatic),49-60 Months,Low,Q2,3602
3038-PQIUY,Month-to-month,Yes,Bank transfer (automatic),25-48 Months,Medium,Q3,3603
1501-SGHBW,Month-to-month,No,Mailed check,0-12 Months,Medium,Q1,3604
9313-CDOGY,Month-to-month,No,Electronic check,25-48 Months,Low,Q2,3605
8148-BPLZQ,Month-to-month,Yes,Electronic check,25-48 Months,Medium,Q3,3606
2623-DRYAM,One year,Yes,Electronic check,61-72 Months,Premium,Q4,3607
9987-LUTYD,One year,No,Mailed check,13-24 Months,Medium,Q2,3608
3208-YPIOE,Month-to-month,No,Electronic check,25-48 Months,High,Q3,3609
4488-KQFDT,One year,Yes,Electronic check,61-72 Months,Premium,Q4,3610
2612-RANWT,Month-to-month,Yes,Bank transfer (automatic),0-12 Months,Premium,Q2,3611
5693-PIPCS,Two year,Yes,Credit card (automatic),25-48 Months,Premium,Q4,3612
0491-KAPQG,Month-to-month,Yes,Electronic check,13-24 Months,High,Q3,3613
1925-LFCZZ,One year,Yes,Bank transfer (automatic),49-60 Months,Medium,Q3,3614
8039-EQPIM,Two year,No,Bank transfer (automatic),61-72 Months,Medium,Q4,3615
6900-PXRMS,Month-to-month,No,Electronic check,25-48 Months,Premium,Q3,3616
8707-RMEZH,One year,No,Credit card (automatic),61-72 Months,High,Q4,3617
3346-BRMIS,Month-to-month,Yes,Electronic check,13-24 Months,Medium,Q2,3618
3209-ZPKFI,Month-to-month,No,Electronic check,25-48 Months,Medium,Q3,3619
6479-VDGRK,Two year,No,Bank transfer (automatic),61-72 Months,High,Q4,3620
9373-WSLOY,Month-to-month,Yes,Electronic check,25-48 Months,Medium,Q3,3621
2933-FILNV,Month-to-month,Yes,Mailed check,0-12 Months,Low,Q1,3622
3569-JFODW,Two year,No,Credit card (automatic),61-72 Months,Premium,Q4,3623
9819-FBNSV,Month-to-month,Yes,Bank transfer (automatic),25-48 Months,High,Q3,3624
9544-PYPSJ,Month-to-month,Yes,Credit card (automatic),61-72 Months,Premium,Q4,3625
1591-XWLGB,Two year,No,Credit card (automatic),61-72 Months,Low,Q2,3626
0396-UKGAI,Month-to-month,Yes,Bank transfer (automatic),13-24 Months,Medium,Q2,3627
3243-ZHOHY,One year,No,Mailed check,13-24 Months,Low,Q1,3628
5186-EJEGL,Month-to-month,Yes,Mailed check,0-12 Months,Medium,Q2,3629
7527-QNRUS,Two year,Yes,Mailed check,13-24 Months,Low,Q2,3630
9986-BONCE,Month-to-month,No,Bank transfer (automatic),0-12 Months,Low,Q1,3631
2722-JMONI,Month-to-month,Yes,Electronic check,0-12 Months,Medium,Q1,3632
2203-GHNWN,Month-to-month,Yes,Mailed check,13-24 Months,High,Q3,3633
3878-AVSOQ,Month-to-month,Yes,Electronic check,0-12 Months,High,Q1,3634
3258-SYSWS,Two year,No,Bank transfer (automatic),61-72 Months,Premium,Q4,3635
5296-PSYVW,Two year,No,Electronic check,61-72 Months,Low,Q3,3636
6319-QSUSR,Month-to-month,No,Credit card (automatic),0-12 Months,Low,Q1,3637
4083-EUGRJ,Month-to-month,No,Mailed check,0-12 Months,Low,Q1,3638
7579-OOPEC,Month-to-month,No,Credit card (automatic),0-12 Months,Medium,Q1,3639
0512-FLFDW,One year,Yes,Credit card (automatic),49-60 Months,Premium,Q4,3640
1771-OADNZ,Month-to-month,Yes,Electronic check,25-48 Months,Premium,Q3,3641
0487-CRLZF,Two year,Yes,Bank transfer (automatic),49-60 Months,High,Q3,3642
2107-FBPTK,Month-to-month,Yes,Electronic check,25-48 Months,Premium,Q3,3643
9451-WLYRI,One year,No,Credit card (automatic),49-60 Months,Low,Q2,3644
8219-VYBVI,Two year,No,Mailed check,25-48 Months,Low,Q2,3645
1991-VOPLL,Month-to-month,No,Mailed check,0-12 Months,Low,Q1,3646
9738-QLWTP,One year,No,Electronic check,25-48 Months,High,Q3,3647
1016-DJTSV,Month-to-month,Yes,Electronic check,0-12 Months,Medium,Q2,3648
9419-IPPBE,One year,Yes,Electronic check,49-60 Months,Premium,Q4,3649
0174-QRVVY,Two year,No,Credit card (automatic),61-72 Months,Low,Q3,3650
5699-BNCAS,Two year,Yes,Mailed check,61-72 Months,Low,Q3,3651
2900-PHPLN,Two year,Yes,Credit card (automatic),61-72 Months,Low,Q3,3652
0612-RTZZA,Month-to-month,No,Electronic check,0-12 Months,Low,Q1,3653
8106-GWQOK,Two year,Yes,Bank transfer (automatic),25-48 Months,Medium,Q3,3654
8751-EDEKA,Month-to-month,No,Credit card (automatic),25-48 Months,High,Q3,3655
6878-GGDWG,Month-to-month,No,Bank transfer (automatic),25-48 Months,Low,Q2,3656
4039-PIMHX,Two year,No,Mailed check,49-60 Months,Medium,Q3,3657
8450-LUGUK,Two year,Yes,Bank transfer (automatic),25-48 Months,Low,Q2,3658
3604-WLABM,Month-to-month,No,Electronic check,0-12 Months,Medium,Q2,3659
0795-GMVQO,One year,No,Credit card (automatic),61-72 Months,Premium,Q4,3660
2259-OUUSZ,One year,Yes,Credit card (automatic),0-12 Months,Medium,Q1,3661
1142-IHLOO,One year,No,Credit card (automatic),49-60 Months,High,Q4,3662
6410-LEFEN,Month-to-month,No,Electronic check,0-12 Months,Medium,Q2,3663
4633-MKHYU,Month-to-month,Yes,Mailed check,0-12 Months,High,Q2,3664
6257-RJOHI,Month-to-month,Yes,Mailed check,0-12 Months,Medium,Q1,3665
1545-JFUML,Two year,Yes,Electronic check,61-72 Months,Premium,Q4,3666
3194-ORPIK,Month-to-month,Yes,Bank transfer (automatic),49-60 Months,High,Q4,3667
7826-VVKWT,Two year,Yes,Electronic check,13-24 Months,Premium,Q3,3668
1353-GHZOS,One year,Yes,Bank transfer (automatic),13-24 Months,Medium,Q2,3669
2587-EKXTS,Month-to-month,Yes,Electronic check,25-48 Months,Premium,Q4,3670
5442-BXVND,Month-to-month,No,Bank transfer (automatic),25-48 Months,Low,Q2,3671
8816-VXNZD,Month-to-month,Yes,Electronic check,0-12 Months,High,Q1,3672
9378-FXTIZ,One year,Yes,Credit card (automatic),49-60 Months,High,Q3,3673
1723-HKXJQ,Month-to-month,Yes,Electronic check,25-48 Months,Premium,Q4,3674
7825-GKXMW,Month-to-month,No,Electronic check,0-12 Months,Medium,Q1,3675
9753-OYLBX,Month-to-month,No,Mailed check,0-12 Months,Low,Q1,3676
2364-UFROM,One year,No,Electronic check,25-48 Months,High,Q3,3677
6656-JWRQX,Month-to-month,No,Mailed check,0-12 Months,Low,Q1,3678
6473-ULUHT,Month-to-month,No,Electronic check,13-24 Months,High,Q3,3679
1240-KNSEZ,Month-to-month,Yes,Mailed check,0-12 Months,Low,Q1,3680
0836-SEYLU,Month-to-month,No,Mailed check,0-12 Months,Medium,Q1,3681
4433-JCGCG,Month-to-month,Yes,Electronic check,25-48 Months,Premium,Q4,3682
3716-BDVDB,Month-to-month,Yes,Electronic check,0-12 Months,Medium,Q1,3683
7688-AWMDX,Two year,No,Bank transfer (automatic),61-72 Months,Medium,Q3,3684
2842-BCQGE,Month-to-month,Yes,Credit card (automatic),25-48 Months,High,Q3,3685
7244-QWYHG,One year,Yes,Bank transfer (automatic),49-60 Months,Medium,Q3,3686
5899-MQZZL,Month-to-month,Yes,Mailed check,13-24 Months,High,Q2,3687
6849-OYAMU,One year,No,Bank transfer (automatic),13-24 Months,Premium,Q3,3688
5312-UXESG,Month-to-month,No,Bank transfer (automatic),25-48 Months,Premium,Q4,3689
9488-HGMJH,Month-to-month,Yes,Electronic check,0-12 Months,High,Q1,3690
6038-GCYEC,Month-to-month,Yes,Credit card (automatic),13-24 Months,Medium,Q2,3691
2150-WLKUW,One year,No,Bank transfer (automatic),25-48 Months,Medium,Q3,3692
7159-FVYPK,Month-to-month,Yes,Bank transfer (automatic),0-12 Months,Medium,Q1,3693
7032-LMBHI,One year,No,Bank transfer (automatic),25-48 Months,Medium,Q3,3694
1150-WFARN,Two year,Yes,Credit card (automatic),61-72 Months,Premium,Q4,3695
6088-BXMRG,Month-to-month,Yes,Electronic check,25-48 Months,Premium,Q3,3696
3144-AUDBS,Month-to-month,Yes,Electronic check,0-12 Months,Medium,Q1,3697
4821-SJHJV,Month-to-month,No,Electronic check,25-48 Months,High,Q3,3698
7346-MEDWM,Month-to-month,Yes,Electronic check,49-60 Months,High,Q4,3699
1137-DGOWI,One year,No,Bank transfer (automatic),25-48 Months,High,Q3,3700
5616-PRTNT,Month-to-month,Yes,Electronic check,13-24 Months,Low,Q1,3701
3812-LRZIR,Two year,No,Electronic check,25-48 Months,Low,Q2,3702
4818-QIUFN,Month-to-month,Yes,Electronic check,13-24 Months,High,Q3,3703
9483-GCPWE,One year,No,Mailed check,0-12 Months,Low,Q1,3704
4227-OJHAL,One year,Yes,Credit card (automatic),61-72 Months,High,Q4,3705
9220-CXRSC,Two year,No,Credit card (automatic),61-72 Months,Medium,Q4,3706
4993-JCRGJ,Month-to-month,Yes,Mailed check,25-48 Months,High,Q3,3707
9537-JALFH,Two year,No,Bank transfer (automatic),61-72 Months,Low,Q2,3708
6698-OXETB,Two year,No,Mailed check,0-12 Months,Low,Q1,3709
2103-ZRXFN,Month-to-month,No,Mailed check,0-12 Months,Medium,Q1,3710
3724-BSCVH,One year,No,Mailed check,0-12 Months,Low,Q1,3711
4877-TSOFF,One year,Yes,Bank transfer (automatic),49-60 Months,High,Q4,3712
9209-NWPGU,One year,No,Electronic check,25-48 Months,Medium,Q3,3713
6961-VCPMC,Month-to-month,Yes,Electronic check,25-48 Months,High,Q3,3714
7306-YDSOI,Two year,Yes,Bank transfer (automatic),61-72 Months,Medium,Q4,3715
5288-AHOUP,Month-to-month,Yes,Electronic check,0-12 Months,High,Q2,3716
6688-UZPWD,Month-to-month,Yes,Electronic check,0-12 Months,Premium,Q2,3717
0655-YDGFJ,Month-to-month,No,Bank transfer (automatic),25-48 Months,Medium,Q2,3718
8468-EHYJA,Month-to-month,Yes,Electronic check,49-60 Months,Premium,Q4,3719
6823-SIDFQ,One year,No,Credit card (automatic),25-48 Months,Low,Q2,3720
1097-FSPVW,Month-to-month,No,Credit card (automatic),25-48 Months,Medium,Q3,3721
2839-RFSQE,Month-to-month,No,Mailed check,0-12 Months,Low,Q1,3722
8328-SKJNO,One year,No,Bank transfer (automatic),13-24 Months,Medium,Q2,3723
7010-ZMVBF,Month-to-month,No,Mailed check,13-24 Months,Low,Q1,3724
5201-CBWYG,One year,No,Bank transfer (automatic),61-72 Months,Low,Q3,3725
0968-GSIKN,Month-to-month,Yes,Mailed check,0-12 Months,High,Q1,3726
1965-DDBWU,Month-to-month,Yes,Credit card (automatic),13-24 Months,High,Q3,3727
9057-SIHCH,Month-to-month,Yes,Electronic check,0-12 Months,Premium,Q1,3728
6352-GIGGQ,One year,Yes,Bank transfer (automatic),61-72 Months,High,Q4,3729
3635-QQRQD,Two year,Yes,Credit card (automatic),61-72 Months,Low,Q2,3730
6771-XWBDM,Month-to-month,Yes,Credit card (automatic),49-60 Months,Premium,Q4,3731
2897-DOVND,Month-to-month,Yes,Electronic check,0-12 Months,Medium,Q1,3732
3082-YVEKW,Two year,Yes,Bank transfer (automatic),13-24 Months,High,Q3,3733
0191-EQUUH,Two year,No,Bank transfer (automatic),25-48 Months,Medium,Q2,3734
7134-HBPBS,Two year,Yes,Bank transfer (automatic),61-72 Months,Premium,Q4,3735
3489-HHPFY,Month-to-month,Yes,Electronic check,0-12 Months,High,Q1,3736
2926-JEJJC,One year,Yes,Bank transfer (automatic),0-12 Months,Low,Q1,3737
8601-QACRS,Month-to-month,Yes,Mailed check,0-12 Months,Medium,Q1,3738
4950-BDEUX,Month-to-month,No,Electronic check,25-48 Months,Medium,Q3,3739
5789-LDFXO,One year,No,Electronic check,13-24 Months,Low,Q2,3740
0508-OOLTO,Month-to-month,Yes,Electronic check,0-12 Months,High,Q1,3741
2984-TBYKU,Two year,Yes,Credit card (automatic),61-72 Months,Premium,Q4,3742
9822-WMWVG,Month-to-month,Yes,Electronic check,25-48 Months,Premium,Q4,3743
2391-SOORI,Month-to-month,No,Electronic check,0-12 Months,Medium,Q1,3744
9040-KZVWO,One year,No,Bank transfer (automatic),25-48 Months,High,Q3,3745
2645-QTLMB,Month-to-month,Yes,Electronic check,0-12 Months,Premium,Q2,3746
4806-HIPDW,Month-to-month,Yes,Electronic check,0-12 Months,Medium,Q1,3747
1548-ARAGG,Month-to-month,Yes,Mailed check,0-12 Months,Medium,Q1,3748
6339-RZCBJ,Two year,No,Credit card (automatic),25-48 Months,High,Q3,3749
4424-TKOPW,Month-to-month,Yes,Electronic check,0-12 Months,Premium,Q1,3750
4415-WNGVR,One year,Yes,Electronic check,0-12 Months,High,Q2,3751
2522-AHJXR,Month-to-month,Yes,Bank transfer (automatic),49-60 Months,Premium,Q4,3752
0412-UCCNP,Two year,Yes,Electronic check,49-60 Months,Medium,Q3,3753
1816-FLZDK,Month-to-month,No,Mailed check,0-12 Months,Low,Q1,3754
7096-UCLNH,Month-to-month,No,Mailed check,0-12 Months,Low,Q1,3755
8443-ZRDBZ,Month-to-month,Yes,Electronic check,0-12 Months,High,Q1,3756
9136-ALYBR,Month-to-month,Yes,Mailed check,0-12 Months,Low,Q1,3757
4615-PIVVU,Two year,No,Credit card (automatic),25-48 Months,Medium,Q3,3758
8885-QSQBX,Month-to-month,No,Bank transfer (automatic),0-12 Months,Medium,Q1,3759
7479-NITWS,Month-to-month,Yes,Credit card (automatic),0-12 Months,High,Q2,3760
8617-ENBDS,Month-to-month,Yes,Credit card (automatic),0-12 Months,High,Q1,3761
9385-NXKDA,Two year,Yes,Credit card (automatic),61-72 Months,High,Q4,3762
0430-IHCDJ,Month-to-month,Yes,Electronic check,13-24 Months,Medium,Q2,3763
2959-MJHIC,Month-to-month,Yes,Electronic check,0-12 Months,High,Q1,3764
6674-KVJHG,One year,No,Electronic check,0-12 Months,Low,Q1,3765
1814-DKOLC,Month-to-month,No,Mailed check,0-12 Months,Low,Q1,3766
4201-JMNGR,Month-to-month,Yes,Electronic check,0-12 Months,Medium,Q1,3767
9351-HXDMR,Two year,Yes,Credit card (automatic),61-72 Months,Premium,Q4,3768
3537-HPKQT,Month-to-month,Yes,Credit card (automatic),49-60 Months,High,Q4,3769
2129-ALKBS,Month-to-month,Yes,Electronic check,25-48 Months,Low,Q2,3770
5821-MMEIL,Two year,No,Bank transfer (automatic),49-60 Months,Low,Q2,3771
5960-WPXQM,Month-to-month,Yes,Electronic check,0-12 Months,High,Q1,3772
0684-AOSIH,Month-to-month,Yes,Electronic check,0-12 Months,Premium,Q1,3773
8260-NGFNY,Month-to-month,No,Mailed check,0-12 Months,Low,Q1,3774
1309-XGFSN,One year,Yes,Electronic check,49-60 Months,High,Q4,3775
1866-RZZQS,Month-to-month,Yes,Electronic check,25-48 Months,Premium,Q4,3776
6968-URWQU,One year,Yes,Mailed check,25-48 Months,Medium,Q3,3777
4742-TXUEX,Two year,No,Bank transfer (automatic),25-48 Months,Low,Q2,3778
9631-XEYKE,Month-to-month,No,Bank transfer (automatic),0-12 Months,Medium,Q1,3779
8631-NBHFZ,Two year,No,Credit card (automatic),61-72 Months,High,Q4,3780
1335-MXCSE,Two year,Yes,Credit card (automatic),49-60 Months,Medium,Q3,3781
8873-TMKGR,One year,No,Mailed check,25-48 Months,Low,Q2,3782
8800-JOOCF,Month-to-month,Yes,Electronic check,0-12 Months,High,Q2,3783
1469-LBJQJ,Month-to-month,Yes,Electronic check,61-72 Months,Premium,Q4,3784
4958-XCBDQ,Month-to-month,Yes,Electronic check,25-48 Months,Premium,Q3,3785
8337-UPOAQ,Month-to-month,Yes,Electronic check,0-12 Months,High,Q2,3786
0064-YIJGF,Month-to-month,Yes,Bank transfer (automatic),25-48 Months,High,Q3,3787
2386-OWURY,Month-to-month,Yes,Electronic check,49-60 Months,Premium,Q4,3788
1725-IQNIY,Two year,No,Bank transfer (automatic),49-60 Months,Premium,Q4,3789
0310-VQXAM,Month-to-month,No,Mailed check,0-12 Months,Low,Q1,3790
6598-RFFVI,One year,No,Credit card (automatic),0-12 Months,Low,Q1,3791
3453-RTHJQ,Month-to-month,Yes,Electronic check,0-12 Months,Medium,Q2,3792
6712-OAWRH,Month-to-month,Yes,Electronic check,25-48 Months,Premium,Q3,3793
6278-FEPBZ,Month-to-month,No,Mailed check,0-12 Months,Low,Q1,3794
4280-DLSHD,Month-to-month,Yes,Mailed check,0-12 Months,Medium,Q2,3795
1508-DFXCU,Month-to-month,Yes,Electronic check,0-12 Months,High,Q2,3796
8614-VGMMV,Month-to-month,Yes,Electronic check,13-24 Months,Medium,Q2,3797
7868-BGSZA,One year,Yes,Electronic check,25-48 Months,High,Q3,3798
2800-QQUSO,Month-to-month,Yes,Electronic check,25-48 Months,Premium,Q4,3799
2930-UOTMB,Month-to-month,No,Credit card (automatic),25-48 Months,Medium,Q3,3800
7973-DZRKH,Two year,Yes,Credit card (automatic),61-72 Months,Premium,Q4,3801
5914-DVBWJ,Month-to-month,Yes,Electronic check,13-24 Months,High,Q3,3802
7698-YFGEZ,Month-to-month,No,Mailed check,0-12 Months,Low,Q1,3803
2533-QVMSK,Two year,Yes,Electronic check,61-72 Months,Premium,Q4,3804
9773-PEQBZ,Month-to-month,No,Electronic check,0-12 Months,High,Q2,3805
8644-XLFBW,Month-to-month,Yes,Electronic check,0-12 Months,High,Q1,3806
0650-BWOZN,Month-to-month,Yes,Electronic check,13-24 Months,High,Q2,3807
8625-AZYZY,Month-to-month,Yes,Electronic check,13-24 Months,Premium,Q3,3808
7785-RDVIG,Month-to-month,No,Mailed check,0-12 Months,Low,Q1,3809
9602-WCXPI,One year,No,Credit card (automatic),49-60 Months,Low,Q2,3810
2903-YYTBW,Month-to-month,No,Electronic check,0-12 Months,Medium,Q1,3811
3620-MWJNE,Month-to-month,Yes,Mailed check,0-12 Months,Medium,Q1,3812
8573-JGCZW,One year,Yes,Bank transfer (automatic),13-24 Months,Low,Q1,3813
6837-HAEVO,Two year,Yes,Electronic check,61-72 Months,Premium,Q4,3814
6701-YVNQG,Two year,Yes,Credit card (automatic),61-72 Months,High,Q4,3815
9306-CPCBC,Month-to-month,Yes,Electronic check,0-12 Months,High,Q1,3816
4304-XUMGI,Two year,Yes,Bank transfer (automatic),49-60 Months,High,Q4,3817
9504-YAZWB,Two year,No,Mailed check,49-60 Months,Low,Q2,3818
8819-ZBYNA,Two year,Yes,Credit card (automatic),49-60 Months,Premium,Q4,3819
6174-NRBTZ,One year,Yes,Bank transfer (automatic),25-48 Months,Low,Q3,3820
9481-IEBZY,Month-to-month,Yes,Credit card (automatic),61-72 Months,Premium,Q4,3821
1833-VGRUM,Month-to-month,Yes,Electronic check,0-12 Months,High,Q1,3822
6137-NICCO,Month-to-month,Yes,Mailed check,0-12 Months,Premium,Q2,3823
9065-ZCPQX,Two year,No,Bank transfer (automatic),61-72 Months,High,Q4,3824
6402-EJMWF,Month-to-month,Yes,Mailed check,0-12 Months,Medium,Q1,3825
3620-EHIMZ,Two year,No,Mailed check,49-60 Months,Low,Q2,3826
3213-VVOLG,Two year,No,Mailed check,0-12 Months,Low,Q2,3827
6870-ECSHE,One year,No,Mailed check,0-12 Months,Low,Q1,3828
8747-UDCOI,Two year,No,Bank transfer (automatic),61-72 Months,Low,Q2,3829
8374-XGEJJ,Month-to-month,Yes,Electronic check,25-48 Months,Premium,Q4,3830
2656-TABEH,Month-to-month,Yes,Electronic check,0-12 Months,Premium,Q2,3831
6946-LMSQS,One year,Yes,Electronic check,25-48 Months,High,Q3,3832
4626-OZDTJ,One year,Yes,Credit card (automatic),49-60 Months,High,Q4,3833
9169-BSVIN,Month-to-month,No,Bank transfer (automatic),0-12 Months,High,Q2,3834
2325-ZUSFD,One year,Yes,Bank transfer (automatic),49-60 Months,High,Q4,3835
8194-PEEBY,One year,No,Mailed check,13-24 Months,Low,Q2,3836
6872-HXFNF,One year,No,Bank transfer (automatic),61-72 Months,Medium,Q3,3837
3932-CMDTD,One year,Yes,Electronic check,0-12 Months,Premium,Q2,3838
7714-YXSMB,Month-to-month,Yes,Bank transfer (automatic),25-48 Months,Premium,Q3,3839
8387-UGUSU,Month-to-month,No,Mailed check,13-24 Months,Low,Q1,3840
1080-BWSYE,Two year,No,Credit card (automatic),61-72 Months,Low,Q3,3841
4039-HEUNW,Month-to-month,Yes,Electronic check,25-48 Months,Premium,Q3,3842
1194-HVAIF,Month-to-month,No,Credit card (automatic),25-48 Months,Premium,Q3,3843
0812-WUPTB,Month-to-month,No,Mailed check,0-12 Months,High,Q1,3844
3594-UVONA,One year,Yes,Credit card (automatic),25-48 Months,High,Q3,3845
0004-TLHLJ,Month-to-month,Yes,Electronic check,0-12 Months,High,Q1,3846
1767-TGTKO,Month-to-month,Yes,Electronic check,0-12 Months,Medium,Q2,3847
8439-LTUGF,Month-to-month,Yes,Credit card (automatic),0-12 Months,Low,Q1,3848
8805-JNRAZ,Month-to-month,No,Mailed check,0-12 Months,Medium,Q1,3849
5089-IFSDP,Two year,Yes,Bank transfer (automatic),49-60 Months,Premium,Q4,3850
6418-HNFED,Two year,Yes,Credit card (automatic),49-60 Months,High,Q4,3851
0206-OYVOC,Two year,Yes,Mailed check,25-48 Months,Low,Q2,3852
7291-CDTMJ,Month-to-month,Yes,Bank transfer (automatic),0-12 Months,Low,Q1,3853
7128-GGCNO,Month-to-month,No,Bank transfer (automatic),25-48 Months,High,Q3,3854
0237-YFUTL,Month-to-month,Yes,Bank transfer (automatic),49-60 Months,Premium,Q4,3855
7691-KGKGP,Month-to-month,No,Credit card (automatic),49-60 Months,Medium,Q3,3856
6710-HSJRD,Month-to-month,Yes,Electronic check,61-72 Months,Premium,Q4,3857
3675-EQOZA,Month-to-month,No,Bank transfer (automatic),0-12 Months,Low,Q1,3858
0840-DCNZE,One year,Yes,Bank transfer (automatic),25-48 Months,High,Q4,3859
1732-FEKLD,One year,Yes,Bank transfer (automatic),49-60 Months,Premium,Q4,3860
9862-KJTYK,Month-to-month,Yes,Credit card (automatic),13-24 Months,Low,Q2,3861
0479-HMSWA,Two year,Yes,Electronic check,25-48 Months,Premium,Q3,3862
5854-KSRBJ,Two year,No,Mailed check,61-72 Months,Low,Q3,3863
0365-BZUWY,Month-to-month,Yes,Electronic check,13-24 Months,Premium,Q3,3864
4817-VYYWS,Month-to-month,Yes,Electronic check,25-48 Months,Premium,Q3,3865
5701-SVCWR,Month-to-month,No,Mailed check,0-12 Months,Low,Q1,3866
3129-AAQOU,Two year,No,Mailed check,13-24 Months,Low,Q2,3867
4922-CVPDX,Two year,Yes,Credit card (automatic),25-48 Months,High,Q3,3868
1396-QWFBJ,Month-to-month,Yes,Bank transfer (automatic),13-24 Months,High,Q3,3869
1357-BIJKI,One year,Yes,Electronic check,49-60 Months,Premium,Q4,3870
1099-BTKWT,One year,Yes,Electronic check,61-72 Months,Medium,Q3,3871
5299-SJCZT,Month-to-month,Yes,Bank transfer (automatic),0-12 Months,Premium,Q1,3872
2018-PZKMU,Month-to-month,No,Electronic check,0-12 Months,Premium,Q2,3873
7340-KEFQE,Two year,No,Bank transfer (automatic),49-60 Months,Low,Q3,3874
4570-QHXHL,Month-to-month,Yes,Electronic check,0-12 Months,Medium,Q2,3875
2403-BCASL,One year,Yes,Electronic check,25-48 Months,Premium,Q4,3876
7392-YYPYJ,Month-to-month,Yes,Electronic check,13-24 Months,Premium,Q3,3877
2898-LSJGD,One year,Yes,Electronic check,13-24 Months,Medium,Q2,3878
2223-GDSHL,Two year,Yes,Bank transfer (automatic),61-72 Months,Premium,Q4,3879
7359-PTSXY,Month-to-month,No,Electronic check,0-12 Months,Medium,Q1,3880
9470-RTWDV,One year,Yes,Credit card (automatic),25-48 Months,High,Q3,3881
2176-OSJUV,Two year,No,Bank transfer (automatic),61-72 Months,Medium,Q4,3882
9348-YVOMK,Month-to-month,Yes,Credit card (automatic),0-12 Months,Medium,Q1,3883
8104-OSKWT,Month-to-month,Yes,Electronic check,0-12 Months,High,Q2,3884
4521-YEEHE,Month-to-month,Yes,Electronic check,13-24 Months,High,Q3,3885
4090-KPJIP,Month-to-month,Yes,Electronic check,0-12 Months,High,Q1,3886
3786-WOVKF,One year,Yes,Bank transfer (automatic),61-72 Months,Premium,Q4,3887
4503-BDXBD,Month-to-month,No,Electronic check,0-12 Months,High,Q2,3888
6086-ESGRL,Month-to-month,No,Credit card (automatic),0-12 Months,High,Q1,3889
2592-HODOV,One year,No,Credit card (automatic),13-24 Months,Low,Q1,3890
3886-CERTZ,One year,Yes,Electronic check,61-72 Months,Premium,Q4,3891
7995-ZHHNZ,One year,No,Credit card (automatic),25-48 Months,Medium,Q3,3892
3824-RHKVR,Month-to-month,No,Credit card (automatic),13-24 Months,Low,Q1,3893
5816-SCGFC,Month-to-month,Yes,Mailed check,0-12 Months,Medium,Q2,3894
5989-AXPUC,Two year,No,Mailed check,61-72 Months,Premium,Q4,3895
4979-HPRFL,Two year,No,Bank transfer (automatic),49-60 Months,Low,Q3,3896
8590-OHDIW,One year,No,Mailed check,25-48 Months,Low,Q2,3897
8015-IHCGW,Two year,Yes,Electronic check,61-72 Months,Premium,Q4,3898
2332-TODQS,One year,No,Credit card (automatic),25-48 Months,Low,Q2,3899
9278-VZKCD,Month-to-month,Yes,Electronic check,49-60 Months,Premium,Q4,3900
8008-OTEZX,One year,No,Mailed check,25-48 Months,Low,Q2,3901
2773-OVBPK,Two year,Yes,Bank transfer (automatic),61-72 Months,Premium,Q4,3902
5999-LCXAO,Month-to-month,No,Mailed check,0-12 Months,Low,Q1,3903
5206-XZZQI,Month-to-month,Yes,Mailed check,49-60 Months,High,Q4,3904
4803-LBYPN,Month-to-month,No,Mailed check,25-48 Months,Low,Q2,3905
5759-RCVCB,Month-to-month,No,Credit card (automatic),0-12 Months,Medium,Q1,3906
6372-RFVNS,Month-to-month,No,Electronic check,0-12 Months,High,Q1,3907
2139-FQHLM,Month-to-month,No,Mailed check,13-24 Months,High,Q3,3908
8261-GWDBQ,Two year,Yes,Bank transfer (automatic),49-60 Months,Premium,Q4,3909
1093-YSWCA,Two year,No,Credit card (automatic),0-12 Months,Low,Q1,3910
8938-UMKPI,Month-to-month,Yes,Electronic check,25-48 Months,Premium,Q4,3911
0991-BRRFB,Month-to-month,No,Electronic check,13-24 Months,Medium,Q2,3912
3882-IYOIJ,Two year,No,Credit card (automatic),49-60 Months,Premium,Q4,3913
8749-TZYEC,Two year,No,Credit card (automatic),61-72 Months,Low,Q3,3914
1755-FZQEC,One year,No,Mailed check,25-48 Months,Low,Q2,3915
3115-JPJDD,One year,Yes,Credit card (automatic),49-60 Months,High,Q4,3916
5600-KTXFM,Month-to-month,No,Mailed check,0-12 Months,Medium,Q1,3917
3871-IKPYH,Month-to-month,No,Electronic check,0-12 Months,Medium,Q1,3918
6319-IEJWJ,Month-to-month,Yes,Electronic check,13-24 Months,Premium,Q3,3919
9025-AOMKI,Month-to-month,Yes,Bank transfer (automatic),0-12 Months,Premium,Q2,3920
6339-TBELP,Two year,Yes,Credit card (automatic),61-72 Months,High,Q4,3921
7964-YESJC,Month-to-month,No,Mailed check,13-24 Months,Medium,Q3,3922
6173-GOLSU,Month-to-month,Yes,Credit card (automatic),61-72 Months,Premium,Q4,3923
5275-SQEIZ,Month-to-month,Yes,Mailed check,0-12 Months,High,Q1,3924
7716-YTYHG,One year,Yes,Mailed check,25-48 Months,High,Q4,3925
9938-ZREHM,One year,No,Mailed check,25-48 Months,High,Q3,3926
7950-XWOVN,Month-to-month,No,Mailed check,0-12 Months,Low,Q1,3927
4390-KYULV,Month-to-month,Yes,Credit card (automatic),0-12 Months,Low,Q1,3928
4647-MUZON,Month-to-month,Yes,Credit card (automatic),13-24 Months,Premium,Q3,3929
9702-AIUJO,One year,Yes,Bank transfer (automatic),49-60 Months,Medium,Q3,3930
8849-PRIQJ,One year,Yes,Electronic check,61-72 Months,Premium,Q4,3931
8851-RAGOV,Month-to-month,Yes,Mailed check,25-48 Months,High,Q3,3932
1304-NECVQ,Month-to-month,Yes,Electronic check,0-12 Months,High,Q1,3933
5396-IZEPB,Month-to-month,No,Credit card (automatic),0-12 Months,Low,Q1,3934
1729-VLAZJ,One year,No,Mailed check,0-12 Months,Medium,Q2,3935
8285-ABVLB,Two year,No,Credit card (automatic),61-72 Months,Low,Q2,3936
0701-TJSEF,Month-to-month,Yes,Bank transfer (automatic),0-12 Months,Medium,Q2,3937
5712-VBOXD,Month-to-month,Yes,Credit card (automatic),0-12 Months,Low,Q1,3938
6629-LADHQ,Month-to-month,No,Mailed check,0-12 Months,Medium,Q1,3939
8945-GRKHX,Month-to-month,No,Electronic check,0-12 Months,High,Q1,3940
1559-DTODC,Month-to-month,Yes,Bank transfer (automatic),13-24 Months,Low,Q2,3941
4797-MIWUM,Month-to-month,Yes,Bank transfer (automatic),0-12 Months,Low,Q1,3942
6959-UWKHF,Month-to-month,Yes,Electronic check,0-12 Months,Medium,Q1,3943
8720-RQSBJ,Month-to-month,No,Electronic check,0-12 Months,Medium,Q1,3944
4537-CIBHB,One year,No,Mailed check,0-12 Months,Low,Q1,3945
3815-SLMEF,Month-to-month,No,Mailed check,0-12 Months,Low,Q1,3946
5154-VEKBL,Month-to-month,No,Mailed check,0-12 Months,Medium,Q2,3947
4324-AHJKS,Month-to-month,No,Credit card (automatic),0-12 Months,Medium,Q1,3948
4355-CVPVS,One year,No,Bank transfer (automatic),49-60 Months,High,Q4,3949
4495-LHSSK,Month-to-month,No,Mailed check,13-24 Months,Medium,Q2,3950
5655-JSMZM,Month-to-month,Yes,Electronic check,49-60 Months,Premium,Q4,3951
5915-ANOEI,Two year,No,Mailed check,61-72 Months,High,Q4,3952
9861-PDSZP,Two year,Yes,Credit card (automatic),61-72 Months,Premium,Q4,3953
4505-EXZHB,Month-to-month,No,Electronic check,0-12 Months,High,Q2,3954
7225-CBZPL,Month-to-month,Yes,Electronic check,13-24 Months,Premium,Q3,3955
6704-UTUKK,Month-to-month,Yes,Electronic check,25-48 Months,Medium,Q2,3956
4587-VVTOX,Month-to-month,Yes,Electronic check,0-12 Months,Premium,Q2,3957
2019-HDCZY,Two year,No,Electronic check,61-72 Months,Premium,Q4,3958
4652-NNHNY,Month-to-month,Yes,Bank transfer (automatic),13-24 Months,High,Q2,3959
8788-DOXSU,One year,Yes,Bank transfer (automatic),49-60 Months,Medium,Q3,3960
7404-JLKQG,Month-to-month,No,Electronic check,0-12 Months,Medium,Q1,3961
7421-ZLUPA,Month-to-month,Yes,Mailed check,0-12 Months,Low,Q1,3962
8972-HJWNV,Month-to-month,Yes,Electronic check,0-12 Months,High,Q2,3963
3274-NSDWE,Two year,No,Credit card (automatic),61-72 Months,Low,Q3,3964
2632-IVXVF,Two year,No,Credit card (automatic),61-72 Months,Premium,Q4,3965
3692-JHONH,One year,Yes,Electronic check,49-60 Months,Premium,Q4,3966
8915-NNTRC,Two year,Yes,Credit card (automatic),61-72 Months,Premium,Q4,3967
5914-GXMDA,One year,No,Mailed check,25-48 Months,Low,Q2,3968
7463-IFMQU,Two year,No,Bank transfer (automatic),61-72 Months,Low,Q3,3969
2920-RNCEZ,Month-to-month,Yes,Credit card (automatic),0-12 Months,Medium,Q1,3970
2541-YGPKE,One year,No,Credit card (automatic),25-48 Months,Medium,Q3,3971
8515-OCTJS,Two year,No,Credit card (automatic),25-48 Months,Low,Q2,3972
5382-TEMLV,Month-to-month,Yes,Bank transfer (automatic),25-48 Months,Medium,Q3,3973
3441-CGZJH,One year,Yes,Credit card (automatic),25-48 Months,Medium,Q3,3974
9592-ERDKV,One year,No,Mailed check,25-48 Months,High,Q3,3975
2860-RANUS,Month-to-month,Yes,Credit card (automatic),13-24 Months,High,Q3,3976
5261-QSHQM,Month-to-month,Yes,Electronic check,0-12 Months,Low,Q1,3977
4778-IZARL,Two year,Yes,Credit card (automatic),61-72 Months,Premium,Q4,3978
0432-CAJZV,Month-to-month,No,Mailed check,0-12 Months,Premium,Q1,3979
7008-LZVOZ,Two year,Yes,Credit card (automatic),61-72 Months,Low,Q3,3980
8868-WOZGU,Month-to-month,Yes,Electronic check,25-48 Months,Premium,Q3,3981
1200-TUZHR,Month-to-month,No,Electronic check,0-12 Months,High,Q2,3982
9365-CSLBQ,Two year,No,Mailed check,61-72 Months,Low,Q3,3983
1334-FJSVR,Month-to-month,Yes,Electronic check,0-12 Months,Low,Q1,3984
5884-FBCTL,Two year,No,Bank transfer (automatic),61-72 Months,Low,Q3,3985
7130-CTCUS,Month-to-month,Yes,Bank transfer (automatic),13-24 Months,Medium,Q2,3986
6242-FEGFD,Two year,No,Mailed check,61-72 Months,Premium,Q4,3987
7625-XCQRH,Month-to-month,Yes,Electronic check,0-12 Months,High,Q2,3988
6194-HBGQN,One year,Yes,Credit card (automatic),49-60 Months,High,Q4,3989
7634-WSWDB,Month-to-month,Yes,Electronic check,0-12 Months,Medium,Q1,3990
6986-IXNDM,Month-to-month,Yes,Electronic check,13-24 Months,Premium,Q2,3991
1731-TVIUK,Month-to-month,Yes,Electronic check,0-12 Months,Premium,Q1,3992
2987-BJXIK,Two year,No,Mailed check,61-72 Months,High,Q4,3993
9769-TSBZE,Two year,No,Electronic check,61-72 Months,Medium,Q4,3994
0406-BPDVR,One year,Yes,Credit card (automatic),49-60 Months,Premium,Q4,3995
0618-XWMSS,Month-to-month,Yes,Bank transfer (automatic),25-48 Months,High,Q3,3996
1395-WSWXR,Two year,No,Mailed check,13-24 Months,Low,Q2,3997
6023-GSSXW,Two year,Yes,Credit card (automatic),61-72 Months,Medium,Q4,3998
6752-APNJL,Month-to-month,No,Mailed check,25-48 Months,Medium,Q3,3999
5276-KQWHG,Month-to-month,Yes,Electronic check,0-12 Months,Medium,Q1,4000
0420-HLGXF,Month-to-month,Yes,Electronic check,25-48 Months,Premium,Q4,4001
7446-KQISO,Two year,Yes,Bank transfer (automatic),25-48 Months,Premium,Q4,4002
9823-EALYC,Two year,Yes,Bank transfer (automatic),61-72 Months,High,Q4,4003
0582-AVCLN,Two year,No,Mailed check,25-48 Months,Low,Q2,4004
5803-NQJZO,Two year,Yes,Bank transfer (automatic),61-72 Months,Medium,Q4,4005
2565-JSLRY,Month-to-month,Yes,Mailed check,0-12 Months,Low,Q1,4006
2607-DHDAK,Two year,Yes,Credit card (automatic),61-72 Months,Low,Q3,4007
1073-XXCZD,Two year,No,Bank transfer (automatic),49-60 Months,Low,Q3,4008
0743-HRVFF,One year,Yes,Electronic check,49-60 Months,Medium,Q3,4009
4006-HKYHO,Two year,Yes,Bank transfer (automatic),61-72 Months,High,Q4,4010
3727-JEZTU,Month-to-month,No,Mailed check,0-12 Months,Low,Q1,4011
8143-ETQTI,Two year,Yes,Mailed check,13-24 Months,Low,Q2,4012
6689-KXGBO,Month-to-month,No,Electronic check,0-12 Months,Medium,Q1,4013
9667-TKTVZ,Month-to-month,Yes,Mailed check,0-12 Months,Medium,Q1,4014
3657-COGMW,Month-to-month,No,Credit card (automatic),49-60 Months,Premium,Q4,4015
8570-KLJYJ,One year,No,Mailed check,25-48 Months,Medium,Q3,4016
7754-IXRMC,Month-to-month,No,Mailed check,0-12 Months,Medium,Q1,4017
9473-CBZOP,One year,No,Mailed check,25-48 Months,Medium,Q3,4018
2969-WGHQO,One year,No,Electronic check,0-12 Months,Medium,Q2,4019
6615-NGGZJ,Month-to-month,Yes,Electronic check,13-24 Months,Premium,Q3,4020
4334-HOWRP,Two year,Yes,Credit card (automatic),61-72 Months,Medium,Q4,4021
4255-DDUOU,Month-to-month,Yes,Mailed check,0-12 Months,Low,Q1,4022
5863-OOKCL,Month-to-month,No,Mailed check,0-12 Months,Low,Q1,4023
1686-STUHN,One year,No,Bank transfer (automatic),25-48 Months,Low,Q2,4024
1329-VHWNP,Month-to-month,No,Bank transfer (automatic),0-12 Months,Low,Q1,4025
2984-MIIZL,Month-to-month,Yes,Bank transfer (automatic),0-12 Months,High,Q1,4026
0266-GMEAO,Two year,Yes,Credit card (automatic),61-72 Months,Premium,Q4,4027
5590-YRFJT,Month-to-month,Yes,Electronic check,13-24 Months,Low,Q2,4028
5574-NXZIU,Two year,No,Credit card (automatic),61-72 Months,Premium,Q4,4029
0019-GFNTW,Two year,No,Bank transfer (automatic),49-60 Months,Medium,Q3,4030
4256-ZWTZI,Month-to-month,Yes,Mailed check,0-12 Months,Medium,Q1,4031
8309-PPCED,Two year,Yes,Bank transfer (automatic),61-72 Months,Premium,Q4,4032
4098-NAUKP,Month-to-month,Yes,Electronic check,61-72 Months,High,Q4,4033
5196-WPYOW,One year,No,Mailed check,61-72 Months,Medium,Q4,4034
4608-LCIMN,Month-to-month,No,Bank transfer (automatic),0-12 Months,Medium,Q1,4035
1485-YDHMM,Month-to-month,Yes,Bank transfer (automatic),49-60 Months,Premium,Q4,4036
4054-CUMIA,Month-to-month,Yes,Mailed check,13-24 Months,Low,Q1,4037
0603-TPMIB,Two year,No,Mailed check,49-60 Months,Low,Q3,4038
2525-GVKQU,Two year,No,Mailed check,49-60 Months,Low,Q2,4039
8161-QYMTT,Month-to-month,Yes,Electronic check,0-12 Months,Premium,Q2,4040
9581-GVBXT,One year,No,Mailed check,49-60 Months,Low,Q3,4041
5862-BRIXZ,Two year,Yes,Bank transfer (automatic),25-48 Months,Medium,Q3,4042
5404-GGUKR,Month-to-month,Yes,Electronic check,0-12 Months,Medium,Q1,4043
3308-JSGML,Two year,Yes,Credit card (automatic),49-60 Months,Medium,Q4,4044
2126-GSEGL,Two year,Yes,Bank transfer (automatic),61-72 Months,High,Q4,4045
3677-TNKIO,Month-to-month,Yes,Credit card (automatic),13-24 Months,High,Q2,4046
0440-QEXBZ,Month-to-month,Yes,Mailed check,25-48 Months,Medium,Q3,4047
2434-EEVDB,Two year,Yes,Credit card (automatic),61-72 Months,Premium,Q4,4048
6762-QVYJO,Two year,No,Mailed check,49-60 Months,Medium,Q3,4049
6199-IWKGC,One year,No,Electronic check,25-48 Months,Premium,Q4,4050
2675-DHUTR,Month-to-month,Yes,Electronic check,49-60 Months,Premium,Q4,4051
8152-VETUR,Two year,Yes,Credit card (automatic),61-72 Months,Premium,Q4,4052
9667-EQRXU,Month-to-month,Yes,Electronic check,25-48 Months,Medium,Q2,4053
7446-YPODE,Month-to-month,No,Bank transfer (automatic),0-12 Months,Medium,Q2,4054
9522-BNTHX,Month-to-month,Yes,Electronic check,25-48 Months,Medium,Q3,4055
4676-WLUHT,Two year,No,Bank transfer (automatic),49-60 Months,Medium,Q3,4056
3329-WDIOK,Month-to-month,Yes,Electronic check,0-12 Months,Medium,Q1,4057
7980-MHFLQ,Two year,No,Mailed check,61-72 Months,Low,Q3,4058
2873-ZLIWT,Month-to-month,Yes,Electronic check,25-48 Months,High,Q3,4059
3415-TAILE,Month-to-month,No,Mailed check,0-12 Months,Medium,Q1,4060
0757-WCUUZ,Two year,No,Credit card (automatic),49-60 Months,Medium,Q3,4061
1629-DQQVB,Month-to-month,No,Bank transfer (automatic),13-24 Months,Medium,Q2,4062
1915-IOFGU,Month-to-month,No,Electronic check,0-12 Months,High,Q1,4063
3045-XETSH,Month-to-month,Yes,Electronic check,0-12 Months,Premium,Q2,4064
0374-AACSZ,Month-to-month,No,Electronic check,0-12 Months,Medium,Q1,4065
7239-HZZCX,Month-to-month,No,Mailed check,0-12 Months,Low,Q1,4066
4872-VXRIL,One year,Yes,Bank transfer (automatic),49-60 Months,Medium,Q3,4067
9140-CZQZZ,Two year,Yes,Bank transfer (automatic),61-72 Months,High,Q4,4068
3423-HHXAO,One year,Yes,Mailed check,13-24 Months,Low,Q1,4069
9938-TKDGL,Two year,Yes,Electronic check,61-72 Months,Premium,Q4,4070
0531-ZZJWQ,Month-to-month,Yes,Electronic check,49-60 Months,High,Q4,4071
6537-QLGEX,Month-to-month,Yes,Electronic check,13-24 Months,Medium,Q2,4072
2688-BHGOG,Month-to-month,Yes,Electronic check,0-12 Months,High,Q2,4073
7683-CBDKJ,Month-to-month,Yes,Electronic check,13-24 Months,Medium,Q2,4074
0946-CLJTI,Month-to-month,Yes,Electronic check,49-60 Months,Premium,Q4,4075
3160-TYXLT,Month-to-month,Yes,Bank transfer (automatic),49-60 Months,Medium,Q3,4076
1325-USMEC,Two year,Yes,Credit card (automatic),61-72 Months,Premium,Q4,4077
0916-QOFDP,Month-to-month,Yes,Electronic check,13-24 Months,Premium,Q2,4078
0628-CNQRM,One year,Yes,Bank transfer (automatic),13-24 Months,Medium,Q3,4079
5606-AMZBO,Month-to-month,Yes,Credit card (automatic),0-12 Months,High,Q2,4080
6199-IPCAO,Two year,No,Mailed check,25-48 Months,Low,Q2,4081
7665-TOALD,Month-to-month,Yes,Electronic check,0-12 Months,Medium,Q1,4082
0112-QWPNC,One year,No,Electronic check,49-60 Months,High,Q4,4083
0324-BRPCJ,Month-to-month,Yes,Electronic check,61-72 Months,Premium,Q4,4084
2777-PHDEI,Month-to-month,No,Electronic check,0-12 Months,High,Q1,4085
5640-CAXOA,One year,Yes,Credit card (automatic),25-48 Months,Medium,Q2,4086
2235-EZAIK,Two year,No,Credit card (automatic),61-72 Months,High,Q4,4087
3847-BAERP,Month-to-month,Yes,Mailed check,0-12 Months,Low,Q1,4088
1196-AMORA,Month-to-month,No,Electronic check,0-12 Months,High,Q2,4089
4282-YMKNA,Month-to-month,Yes,Electronic check,0-12 Months,High,Q2,4090
1453-RZFON,Month-to-month,No,Mailed check,0-12 Months,Medium,Q1,4091
8263-OKETD,Month-to-month,Yes,Credit card (automatic),13-24 Months,Medium,Q2,4092
0670-KDOMA,Month-to-month,Yes,Mailed check,0-12 Months,Low,Q1,4093
2476-YGEFM,Month-to-month,Yes,Credit card (automatic),25-48 Months,High,Q3,4094
8687-BAFGU,Month-to-month,No,Electronic check,0-12 Months,High,Q1,4095
0641-EVBOJ,Month-to-month,Yes,Mailed check,0-12 Months,High,Q1,4096
0829-XXPLX,Month-to-month,Yes,Bank transfer (automatic),13-24 Months,High,Q3,4097
9974-JFBHQ,Month-to-month,Yes,Credit card (automatic),61-72 Months,Premium,Q4,4098
5356-RHIPP,Month-to-month,Yes,Mailed check,0-12 Months,Low,Q1,4099
6624-JDRDS,Month-to-month,No,Bank transfer (automatic),0-12 Months,Low,Q1,4100
0608-JDVEC,Two year,No,Electronic check,49-60 Months,Low,Q2,4101
9780-FKVVF,Month-to-month,Yes,Bank transfer (automatic),0-12 Months,Medium,Q1,4102
1919-RTPQD,Month-to-month,No,Electronic check,0-12 Months,Medium,Q1,4103
5214-NLTIT,Two year,Yes,Credit card (automatic),61-72 Months,Premium,Q4,4104
3345-PBBFH,Month-to-month,Yes,Bank transfer (automatic),0-12 Months,Medium,Q1,4105
5055-BRMNE,Two year,No,Credit card (automatic),61-72 Months,Premium,Q4,4106
9189-JWSHV,Month-to-month,Yes,Electronic check,13-24 Months,Premium,Q3,4107
2190-PHBHR,Two year,Yes,Credit card (automatic),61-72 Months,Premium,Q4,4108
2650-GYRYL,One year,Yes,Bank transfer (automatic),25-48 Months,Low,Q2,4109
0746-JTRFU,Month-to-month,Yes,Electronic check,0-12 Months,Low,Q1,4110
5208-FVQKB,Two year,No,Mailed check,61-72 Months,Medium,Q4,4111
7184-LRUUR,One year,No,Bank transfer (automatic),13-24 Months,Medium,Q3,4112
6627-CFOSN,Month-to-month,Yes,Bank transfer (automatic),49-60 Months,Premium,Q4,4113
3982-JGSFD,One year,Yes,Credit card (automatic),25-48 Months,Low,Q2,4114
1574-DYCWE,Two year,No,Mailed check,49-60 Months,Low,Q2,4115
7247-XOZPB,One year,No,Bank transfer (automatic),49-60 Months,High,Q4,4116
2466-FCCPT,One year,No,Bank transfer (automatic),13-24 Months,Low,Q1,4117
6211-WWLTF,Two year,No,Credit card (automatic),61-72 Months,Premium,Q4,4118
4826-TZEVA,Month-to-month,No,Credit card (automatic),25-48 Months,High,Q3,4119
6016-NXBNJ,One year,Yes,Mailed check,25-48 Months,Low,Q2,4120
9138-EFSMO,One year,No,Bank transfer (automatic),25-48 Months,High,Q3,4121
0576-WNXXC,Month-to-month,Yes,Electronic check,25-48 Months,Premium,Q3,4122
4632-XJMEX,One year,No,Credit card (automatic),49-60 Months,Medium,Q3,4123
8910-LEDAG,Month-to-month,No,Credit card (automatic),25-48 Months,High,Q3,4124
3452-GWUIN,Month-to-month,Yes,Electronic check,13-24 Months,Premium,Q3,4125
2716-GFZOR,Month-to-month,Yes,Credit card (automatic),25-48 Months,High,Q3,4126
3724-UCSHY,Month-to-month,No,Mailed check,0-12 Months,Low,Q1,4127
8626-XHBIE,Two year,Yes,Mailed check,49-60 Months,Low,Q3,4128
4628-CTTLA,Month-to-month,Yes,Electronic check,49-60 Months,Medium,Q3,4129
3192-LNKRK,Month-to-month,Yes,Mailed check,25-48 Months,High,Q3,4130
4439-YRNVD,Month-to-month,No,Electronic check,0-12 Months,Medium,Q1,4131
2876-VBBBL,Month-to-month,Yes,Mailed check,0-12 Months,Low,Q1,4132
6834-NXDCA,Month-to-month,Yes,Electronic check,13-24 Months,Low,Q1,4133
2208-UGTGR,Month-to-month,No,Electronic check,49-60 Months,Premium,Q4,4134
3005-TYFRD,Month-to-month,Yes,Credit card (automatic),49-60 Months,Premium,Q4,4135
8670-MEFCP,Two year,Yes,Credit card (automatic),25-48 Months,Premium,Q3,4136
3079-BCHLN,One year,No,Bank transfer (automatic),25-48 Months,Low,Q2,4137
7777-UNYHB,Month-to-month,Yes,Credit card (automatic),0-12 Months,Low,Q1,4138
5597-GLBUC,Month-to-month,Yes,Electronic check,0-12 Months,High,Q1,4139
7278-CKDNC,Month-to-month,Yes,Electronic check,13-24 Months,High,Q3,4140
2748-MYRVK,One year,No,Bank transfer (automatic),61-72 Months,Premium,Q4,4141
8450-UYIBU,Month-to-month,Yes,Electronic check,25-48 Months,Medium,Q3,4142
2969-VAPYH,One year,No,Credit card (automatic),61-72 Months,Medium,Q4,4143
4822-YCXMX,Month-to-month,Yes,Electronic check,25-48 Months,High,Q3,4144
7181-OQCUT,Month-to-month,No,Mailed check,13-24 Months,Premium,Q3,4145
8474-UMLNT,Month-to-month,No,Bank transfer (automatic),13-24 Months,Medium,Q2,4146
9821-POOTN,Month-to-month,Yes,Electronic check,25-48 Months,High,Q3,4147
3836-FZSDJ,Two year,No,Bank transfer (automatic),61-72 Months,Low,Q3,4148
9142-XMYJH,Month-to-month,No,Credit card (automatic),25-48 Months,Low,Q2,4149
6559-ILWKJ,Two year,No,Electronic check,61-72 Months,Medium,Q3,4150
0187-QSXOE,Month-to-month,Yes,Electronic check,0-12 Months,High,Q2,4151
7733-UDMTP,Month-to-month,Yes,Electronic check,49-60 Months,Medium,Q3,4152
2649-HWLYB,Two year,No,Bank transfer (automatic),61-72 Months,High,Q4,4153
5214-CHIWJ,One year,No,Mailed check,25-48 Months,Low,Q2,4154
4229-CZMLL,Month-to-month,Yes,Electronic check,0-12 Months,High,Q2,4155
6904-JLBGY,Two year,Yes,Credit card (automatic),61-72 Months,Premium,Q4,4156
2465-BLLEU,Month-to-month,Yes,Mailed check,0-12 Months,Low,Q1,4157
1685-VAYJF,Month-to-month,No,Credit card (automatic),0-12 Months,Medium,Q2,4158
8874-EJNSR,Two year,No,Mailed check,25-48 Months,Low,Q2,4159
6917-YACBP,Month-to-month,Yes,Electronic check,49-60 Months,High,Q4,4160
5049-MUBWG,One year,No,Bank transfer (automatic),25-48 Months,High,Q3,4161
4223-WOZCM,Month-to-month,No,Mailed check,0-12 Months,Medium,Q1,4162
0769-MURVM,Two year,No,Bank transfer (automatic),61-72 Months,Medium,Q4,4163
9253-VIFJQ,One year,No,Credit card (automatic),61-72 Months,Medium,Q4,4164
7030-FZTFM,Two year,No,Credit card (automatic),61-72 Months,Premium,Q4,4165
9741-YLNTD,Month-to-month,Yes,Bank transfer (automatic),0-12 Months,High,Q2,4166
5917-RYRMG,One year,No,Credit card (automatic),25-48 Months,Low,Q2,4167
5120-ZBLAI,One year,No,Bank transfer (automatic),49-60 Months,High,Q4,4168
1194-BHJYC,Two year,Yes,Mailed check,61-72 Months,Medium,Q3,4169
3663-MITLP,Month-to-month,Yes,Electronic check,13-24 Months,Premium,Q3,4170
0906-QVPMS,Two year,No,Bank transfer (automatic),61-72 Months,Premium,Q4,4171
9025-ZRPVR,Month-to-month,Yes,Mailed check,0-12 Months,Low,Q1,4172
1905-OEILC,Month-to-month,No,Mailed check,0-12 Months,Low,Q1,4173
7858-GTZSP,Month-to-month,Yes,Electronic check,0-12 Months,High,Q2,4174
3285-UCQVC,Month-to-month,No,Credit card (automatic),25-48 Months,Low,Q2,4175
6248-BSHKG,One year,No,Mailed check,61-72 Months,Low,Q2,4176
4685-TFLLS,One year,No,Bank transfer (automatic),13-24 Months,Low,Q1,4177
3470-BTGQO,Month-to-month,No,Mailed check,13-24 Months,Medium,Q2,4178
1209-VFFOC,Two year,Yes,Mailed check,61-72 Months,Medium,Q4,4179
8224-DWCKX,Month-to-month,Yes,Credit card (automatic),0-12 Months,High,Q2,4180
5482-PLVPE,Month-to-month,No,Electronic check,0-12 Months,Low,Q1,4181
4553-DVPZG,Month-to-month,Yes,Electronic check,61-72 Months,Premium,Q4,4182
4902-OHLSK,Month-to-month,No,Electronic check,25-48 Months,Premium,Q3,4183
6917-IAYHD,Month-to-month,No,Mailed check,0-12 Months,Low,Q1,4184
0495-ZBNGW,Month-to-month,Yes,Bank transfer (automatic),0-12 Months,High,Q1,4185
8620-RJPZN,Month-to-month,No,Electronic check,0-12 Months,Low,Q1,4186
7572-KPVKK,Two year,Yes,Electronic check,61-72 Months,Premium,Q4,4187
2642-MAWLJ,Two year,No,Bank transfer (automatic),25-48 Months,Low,Q2,4188
2357-COQEK,Month-to-month,Yes,Electronic check,25-48 Months,Premium,Q3,4189
7103-ZGVNT,One year,No,Credit card (automatic),61-72 Months,High,Q4,4190
3737-GCSPV,Month-to-month,Yes,Credit card (automatic),0-12 Months,Premium,Q2,4191
2027-WKXMW,Month-to-month,Yes,Electronic check,61-72 Months,Premium,Q4,4192
7137-NAXML,One year,No,Bank transfer (automatic),13-24 Months,Low,Q2,4193
2428-ZMCTB,Month-to-month,No,Credit card (automatic),0-12 Months,Low,Q1,4194
2961-VNFKL,Two year,Yes,Credit card (automatic),61-72 Months,Low,Q3,4195
1768-HNVGJ,Month-to-month,Yes,Electronic check,25-48 Months,High,Q3,4196
6963-KQYQB,Two year,No,Mailed check,61-72 Months,Low,Q3,4197
5934-RMPOV,Month-to-month,Yes,Electronic check,13-24 Months,High,Q3,4198
1207-BLKSA,Two year,No,Mailed check,49-60 Months,Low,Q2,4199
4088-YLDSU,One year,Yes,Electronic check,49-60 Months,Premium,Q4,4200
8316-BBQAY,Two year,No,Credit card (automatic),61-72 Months,Medium,Q4,4201
1166-PQLGG,Two year,No,Bank transfer (automatic),61-72 Months,Low,Q3,4202
3146-JTQHR,One year,No,Bank transfer (automatic),0-12 Months,Low,Q1,4203
4291-YZODP,One year,No,Mailed check,0-12 Months,Low,Q1,4204
4395-PZMSN,Month-to-month,Yes,Electronic check,0-12 Months,High,Q2,4205
6427-FEFIG,Two year,No,Credit card (automatic),13-24 Months,High,Q3,4206
0017-IUDMW,Two year,Yes,Credit card (automatic),61-72 Months,Premium,Q4,4207
8706-HRADD,Month-to-month,Yes,Mailed check,13-24 Months,Medium,Q2,4208
9955-QOPOY,One year,Yes,Credit card (automatic),61-72 Months,Medium,Q4,4209
4385-ZKVNW,Month-to-month,Yes,Bank transfer (automatic),25-48 Months,Medium,Q3,4210
5446-DKWYW,One year,Yes,Electronic check,61-72 Months,Medium,Q4,4211
2034-CGRHZ,Month-to-month,Yes,Credit card (automatic),13-24 Months,Premium,Q3,4212
5797-APWZC,Month-to-month,No,Electronic check,0-12 Months,Premium,Q1,4213
3683-QKIUE,Month-to-month,Yes,Bank transfer (automatic),0-12 Months,Medium,Q1,4214
4228-ZGYUW,Month-to-month,Yes,Electronic check,0-12 Months,Premium,Q1,4215
9031-ZVQPT,Two year,Yes,Electronic check,61-72 Months,Premium,Q4,4216
2990-IAJSV,Two year,No,Bank transfer (automatic),61-72 Months,Premium,Q4,4217
8107-KNCIM,Month-to-month,Yes,Electronic check,13-24 Months,High,Q2,4218
9027-YFHQJ,Month-to-month,Yes,Bank transfer (automatic),0-12 Months,Low,Q1,4219
5176-LDKUH,One year,No,Electronic check,25-48 Months,High,Q3,4220
4644-OBGFZ,One year,No,Mailed check,49-60 Months,Low,Q2,4221
7926-IJOOU,Month-to-month,No,Credit card (automatic),0-12 Months,Low,Q1,4222
6480-YAGIY,One year,No,Credit card (automatic),25-48 Months,Premium,Q4,4223
4029-HPFVY,Month-to-month,Yes,Mailed check,0-12 Months,High,Q1,4224
7602-DBTOU,Two year,No,Mailed check,61-72 Months,Low,Q3,4225
5345-BMKWB,Month-to-month,No,Mailed check,0-12 Months,Low,Q1,4226
3519-ZKXGG,Month-to-month,Yes,Electronic check,0-12 Months,High,Q1,4227
5457-COLHT,Two year,No,Bank transfer (automatic),61-72 Months,High,Q4,4228
6416-TVAIH,Month-to-month,Yes,Electronic check,0-12 Months,Medium,Q1,4229
5451-YHYPW,Two year,Yes,Credit card (automatic),61-72 Months,Premium,Q4,4230
5108-ADXWO,Month-to-month,Yes,Electronic check,0-12 Months,High,Q2,4231
7998-WNZEM,Two year,No,Bank transfer (automatic),61-72 Months,High,Q4,4232
3066-RRJIO,Month-to-month,Yes,Mailed check,0-12 Months,Medium,Q1,4233
4664-NJCMS,Two year,No,Bank transfer (automatic),25-48 Months,Medium,Q3,4234
0307-BCOPK,One year,No,Mailed check,13-24 Months,Low,Q1,4235
7629-WFGLW,One year,No,Electronic check,49-60 Months,Premium,Q4,4236
2542-HYGIQ,Month-to-month,No,Credit card (automatic),0-12 Months,Low,Q1,4237
6715-OFDBP,Month-to-month,Yes,Electronic check,0-12 Months,High,Q1,4238
5016-LIPDW,One year,No,Mailed check,49-60 Months,Low,Q2,4239
6481-LXPWL,One year,Yes,Credit card (automatic),49-60 Months,Medium,Q3,4240
1567-DSCIC,Month-to-month,Yes,Electronic check,0-12 Months,Premium,Q2,4241
2150-UWTFY,Month-to-month,No,Mailed check,13-24 Months,Medium,Q3,4242
6124-ACRHJ,Month-to-month,No,Mailed check,0-12 Months,Low,Q1,4243
9362-MWODR,Month-to-month,Yes,Credit card (automatic),25-48 Months,Medium,Q3,4244
9975-GPKZU,Two year,No,Credit card (automatic),25-48 Months,Low,Q2,4245
9625-RZFUK,Two year,No,Mailed check,61-72 Months,Low,Q2,4246
5153-LXKDT,Two year,Yes,Electronic check,61-72 Months,Premium,Q4,4247
5161-UBZXI,Two year,Yes,Credit card (automatic),61-72 Months,Premium,Q4,4248
1020-JPQOW,Month-to-month,No,Electronic check,49-60 Months,Premium,Q4,4249
7919-ZODZZ,One year,Yes,Mailed check,0-12 Months,Medium,Q2,4250
0565-JUPYD,One year,No,Credit card (automatic),61-72 Months,Premium,Q4,4251
6867-ACCZI,Two year,Yes,Mailed check,13-24 Months,Medium,Q2,4252
5939-XAIXZ,Month-to-month,Yes,Mailed check,13-24 Months,Medium,Q2,4253
9054-FOWNV,Month-to-month,Yes,Electronic check,13-24 Months,High,Q3,4254
2683-BPJSO,Month-to-month,Yes,Electronic check,25-48 Months,High,Q3,4255
2157-MXBJS,One year,Yes,Mailed check,13-24 Months,High,Q2,4256
8207-VVMYB,Two year,Yes,Bank transfer (automatic),61-72 Months,Low,Q3,4257
9732-EQMWY,Month-to-month,No,Electronic check,49-60 Months,Premium,Q4,4258
9360-AHGNL,One year,Yes,Mailed check,25-48 Months,Premium,Q4,4259
1087-UDSIH,Month-to-month,Yes,Mailed check,0-12 Months,Low,Q1,4260
5269-NRGDP,One year,No,Electronic check,25-48 Months,High,Q3,4261
6195-MELTI,One year,Yes,Mailed check,49-60 Months,Medium,Q3,4262
5485-WUYWF,Month-to-month,No,Bank transfer (automatic),0-12 Months,Medium,Q1,4263
2121-JAFOM,Two year,Yes,Credit card (automatic),61-72 Months,Premium,Q4,4264
8818-DOPVL,Month-to-month,Yes,Electronic check,25-48 Months,Premium,Q4,4265
2632-UCGVD,Month-to-month,Yes,Credit card (automatic),61-72 Months,Premium,Q4,4266
5445-PZWGX,One year,No,Electronic check,61-72 Months,Premium,Q4,4267
1227-UDMZR,Two year,Yes,Bank transfer (automatic),61-72 Months,Premium,Q4,4268
5198-HQAEN,One year,Yes,Electronic check,25-48 Months,High,Q3,4269
9170-CCKOU,Month-to-month,No,Credit card (automatic),13-24 Months,Premium,Q3,4270
2167-FQSTQ,Two year,Yes,Electronic check,61-72 Months,Premium,Q4,4271
2819-GWENI,One year,No,Mailed check,25-48 Months,Low,Q2,4272
1043-YCUTE,Two year,Yes,Credit card (automatic),49-60 Months,Low,Q2,4273
3814-MLAXC,Month-to-month,Yes,Credit card (automatic),25-48 Months,High,Q3,4274
3572-UUHRS,One year,No,Bank transfer (automatic),25-48 Months,Low,Q2,4275
2692-PFYTJ,Month-to-month,Yes,Mailed check,0-12 Months,Low,Q1,4276
1226-UDFZR,Month-to-month,Yes,Mailed check,0-12 Months,Medium,Q1,4277
5955-EPOAZ,Month-to-month,Yes,Mailed check,0-12 Months,Low,Q1,4278
6821-JPCDC,One year,Yes,Electronic check,25-48 Months,Premium,Q4,4279
8815-LMFLX,Month-to-month,Yes,Bank transfer (automatic),25-48 Months,Low,Q2,4280
9135-HSWOC,Two year,Yes,Bank transfer (automatic),61-72 Months,Low,Q2,4281
8582-KRHPJ,Month-to-month,Yes,Mailed check,49-60 Months,Low,Q3,4282
5811-IWXYM,One year,No,Bank transfer (automatic),49-60 Months,Premium,Q4,4283
7044-YAACC,Month-to-month,Yes,Electronic check,0-12 Months,High,Q1,4284
8189-XRIKE,Month-to-month,No,Electronic check,25-48 Months,Premium,Q3,4285
1506-YJTYT,Two year,No,Credit card (automatic),25-48 Months,High,Q3,4286
4123-DVHPH,Month-to-month,Yes,Electronic check,0-12 Months,High,Q2,4287
6425-YQLLO,One year,Yes,Credit card (automatic),61-72 Months,Premium,Q4,4288
5442-UTCVD,Month-to-month,No,Electronic check,0-12 Months,Premium,Q1,4289
2228-BZDEE,Two year,No,Mailed check,49-60 Months,Low,Q2,4290
7734-DBOAI,Month-to-month,No,Electronic check,0-12 Months,Medium,Q1,4291
2789-CZANW,Two year,No,Bank transfer (automatic),61-72 Months,Premium,Q4,4292
2091-RFFBA,Month-to-month,Yes,Electronic check,25-48 Months,High,Q3,4293
2114-MGINA,Month-to-month,Yes,Mailed check,13-24 Months,High,Q2,4294
7596-LDUXP,One year,Yes,Credit card (automatic),0-12 Months,High,Q2,4295
3740-RLMVT,One year,Yes,Bank transfer (automatic),61-72 Months,Medium,Q4,4296
4489-SNOJF,Month-to-month,No,Electronic check,25-48 Months,High,Q3,4297
2192-OZITF,Two year,No,Mailed check,25-48 Months,High,Q3,4298
5651-CPDND,Month-to-month,No,Mailed check,0-12 Months,Medium,Q2,4299
2186-QZEYA,Month-to-month,Yes,Bank transfer (automatic),25-48 Months,Medium,Q3,4300
1131-ALZWV,One year,No,Bank transfer (automatic),13-24 Months,Low,Q2,4301
7729-XBTWX,Two year,Yes,Mailed check,61-72 Months,Low,Q2,4302
9134-WYRVP,One year,No,Mailed check,49-60 Months,High,Q4,4303
3284-SVCRO,Two year,No,Mailed check,25-48 Months,Low,Q2,4304
9732-OUYRN,One year,No,Credit card (automatic),49-60 Months,Low,Q2,4305
0559-CKHUS,Two year,Yes,Mailed check,25-48 Months,Low,Q2,4306
2931-SVLTV,Month-to-month,Yes,Credit card (automatic),25-48 Months,Premium,Q4,4307
6899-PPEEA,Month-to-month,Yes,Electronic check,25-48 Months,Premium,Q3,4308
7504-UWHNB,Month-to-month,No,Electronic check,25-48 Months,Medium,Q3,4309
2582-FFFZR,Month-to-month,Yes,Electronic check,13-24 Months,Medium,Q2,4310
8908-NMQTX,Two year,Yes,Bank transfer (automatic),61-72 Months,Medium,Q4,4311
2187-LZGPL,Month-to-month,Yes,Credit card (automatic),0-12 Months,Medium,Q1,4312
1431-AIDJQ,Two year,No,Credit card (automatic),25-48 Months,High,Q3,4313
6288-LBEAR,Month-to-month,Yes,Mailed check,13-24 Months,High,Q3,4314
4597-NUCQV,Month-to-month,Yes,Electronic check,13-24 Months,Premium,Q3,4315
9019-QVLZD,Month-to-month,No,Electronic check,0-12 Months,High,Q1,4316
8413-YNHNV,Two year,No,Mailed check,61-72 Months,Premium,Q4,4317
5808-TOTXO,One year,Yes,Credit card (automatic),0-12 Months,Low,Q1,4318
4369-NYSCF,One year,Yes,Bank transfer (automatic),49-60 Months,High,Q4,4319
6333-YDVLT,One year,Yes,Credit card (automatic),61-72 Months,Premium,Q4,4320
5324-KTGCG,One year,No,Electronic check,61-72 Months,Low,Q3,4321
5599-HVLTW,Month-to-month,Yes,Bank transfer (automatic),13-24 Months,High,Q2,4322
7394-LWLYN,Month-to-month,Yes,Electronic check,0-12 Months,High,Q1,4323
3707-LRWZD,One year,No,Electronic check,25-48 Months,High,Q3,4324
6873-UDNLD,Month-to-month,No,Electronic check,25-48 Months,Medium,Q3,4325
2700-LUEVA,Month-to-month,No,Credit card (automatic),0-12 Months,Low,Q1,4326
1455-ESIQH,Month-to-month,Yes,Electronic check,0-12 Months,High,Q1,4327
0958-YHXGP,Month-to-month,Yes,Mailed check,0-12 Months,Medium,Q2,4328
1101-SSWAG,Month-to-month,Yes,Electronic check,13-24 Months,Medium,Q2,4329
2979-SXESE,Month-to-month,No,Electronic check,13-24 Months,Premium,Q3,4330
4013-TLDHQ,Month-to-month,Yes,Electronic check,13-24 Months,High,Q3,4331
5743-KHMNA,Two year,No,Bank transfer (automatic),61-72 Months,Low,Q3,4332
4194-FJARJ,Two year,No,Bank transfer (automatic),49-60 Months,Medium,Q3,4333
5325-UWTWJ,Month-to-month,Yes,Credit card (automatic),25-48 Months,Premium,Q3,4334
3969-GYXEL,Month-to-month,No,Electronic check,0-12 Months,High,Q2,4335
9208-OLGAQ,Month-to-month,Yes,Electronic check,13-24 Months,High,Q3,4336
3244-CQPHU,Two year,Yes,Bank transfer (automatic),61-72 Months,Premium,Q4,4337
2674-MLXMN,Month-to-month,Yes,Credit card (automatic),61-72 Months,Premium,Q4,4338
9708-HPXWZ,Month-to-month,No,Credit card (automatic),0-12 Months,Medium,Q1,4339
6992-TKNYO,One year,No,Credit card (automatic),25-48 Months,Medium,Q3,4340
4468-YDOVK,Month-to-month,Yes,Bank transfer (automatic),0-12 Months,Medium,Q1,4341
3754-DXMRT,Month-to-month,Yes,Electronic check,0-12 Months,Medium,Q1,4342
5792-JALQC,Two year,No,Bank transfer (automatic),49-60 Months,Medium,Q3,4343
7130-VTEWQ,Month-to-month,Yes,Electronic check,0-12 Months,High,Q2,4344
2200-DSAAL,Two year,Yes,Electronic check,61-72 Months,High,Q4,4345
4302-ZYFEL,One year,Yes,Credit card (automatic),61-72 Months,Low,Q3,4346
9351-LZYGF,Month-to-month,Yes,Credit card (automatic),25-48 Months,Medium,Q3,4347
4366-CTOUZ,Two year,Yes,Mailed check,49-60 Months,Premium,Q4,4348
6121-VZNQB,Month-to-month,Yes,Mailed check,0-12 Months,Low,Q1,4349
7903-CMPEY,Month-to-month,Yes,Electronic check,0-12 Months,High,Q1,4350
1518-OMDIK,Month-to-month,Yes,Credit card (automatic),25-48 Months,Medium,Q3,4351
6671-NGWON,Month-to-month,No,Mailed check,0-12 Months,Low,Q1,4352
0595-ITUDF,Month-to-month,Yes,Electronic check,61-72 Months,Premium,Q4,4353
6996-KNSML,Month-to-month,Yes,Electronic check,0-12 Months,High,Q1,4354
1955-IBMMB,Two year,Yes,Bank transfer (automatic),49-60 Months,Low,Q2,4355
0096-BXERS,Month-to-month,No,Electronic check,0-12 Months,Medium,Q1,4356
3806-YAZOV,Month-to-month,No,Mailed check,0-12 Months,Low,Q1,4357
7998-ZLXWN,Month-to-month,No,Credit card (automatic),13-24 Months,Low,Q1,4358
6253-WRFHY,One year,Yes,Electronic check,13-24 Months,Medium,Q2,4359
9133-AYJZG,Month-to-month,Yes,Credit card (automatic),13-24 Months,Premium,Q3,4360
2675-OTVVJ,Month-to-month,No,Electronic check,25-48 Months,High,Q3,4361
8680-CGLTP,One year,Yes,Electronic check,25-48 Months,Medium,Q3,4362
8430-TWCBX,One year,No,Credit card (automatic),49-60 Months,Low,Q2,4363
5018-GWURO,Month-to-month,Yes,Bank transfer (automatic),49-60 Months,High,Q4,4364
6741-QRLUP,Two year,Yes,Credit card (automatic),61-72 Months,High,Q4,4365
4737-HOBAX,Two year,No,Credit card (automatic),61-72 Months,High,Q4,4366
0537-QYZZN,Month-to-month,Yes,Electronic check,13-24 Months,High,Q3,4367
3340-QBBFM,One year,No,Credit card (automatic),25-48 Months,Medium,Q3,4368
1704-NRWYE,Month-to-month,Yes,Electronic check,0-12 Months,High,Q2,4369
2592-SEIFQ,Month-to-month,No,Electronic check,0-12 Months,Low,Q1,4370
8200-KLNYW,One year,No,Mailed check,13-24 Months,High,Q3,4371
3372-CDXFJ,One year,No,Bank transfer (automatic),13-24 Months,Low,Q1,4372
4781-ZXYGU,Month-to-month,Yes,Bank transfer (automatic),0-12 Months,Low,Q1,4373
7632-YUTXB,One year,No,Mailed check,25-48 Months,Low,Q2,4374
2718-YSKCS,Two year,Yes,Bank transfer (automatic),61-72 Months,Low,Q2,4375
9896-UYMIE,One year,Yes,Bank transfer (automatic),61-72 Months,Premium,Q4,4376
0853-NWIFK,One year,Yes,Electronic check,25-48 Months,Premium,Q4,4377
8212-CRQXP,Month-to-month,Yes,Credit card (automatic),13-24 Months,High,Q3,4378
6980-CDGFC,One year,Yes,Bank transfer (automatic),61-72 Months,Low,Q2,4379
7691-XVTZH,Two year,Yes,Bank transfer (automatic),61-72 Months,High,Q4,4380
2520-SGTTA,Two year,No,Mailed check,0-12 Months,Low,Q2,4381
7481-ATQQS,Month-to-month,Yes,Credit card (automatic),49-60 Months,Premium,Q4,4382
2277-VWCNI,Month-to-month,No,Mailed check,0-12 Months,Medium,Q1,4383
1088-CNNKB,One year,No,Credit card (automatic),61-72 Months,High,Q4,4384
8642-GVWRF,Month-to-month,No,Bank transfer (automatic),0-12 Months,High,Q1,4385
1930-BZLHI,One year,Yes,Mailed check,13-24 Months,Low,Q2,4386
3400-ESFUW,Two year,No,Bank transfer (automatic),49-60 Months,Medium,Q3,4387
5868-YTYKS,Month-to-month,Yes,Mailed check,0-12 Months,Low,Q1,4388
3525-DVKFN,Two year,No,Mailed check,13-24 Months,Low,Q1,4389
1482-OXZSY,Month-to-month,Yes,Bank transfer (automatic),25-48 Months,Premium,Q3,4390
0377-JBKKT,Month-to-month,Yes,Mailed check,13-24 Months,Medium,Q2,4391
5778-BVOFB,Month-to-month,Yes,Bank transfer (automatic),0-12 Months,Medium,Q2,4392
3373-YZZYM,Month-to-month,No,Mailed check,0-12 Months,Low,Q1,4393
2057-ZBLPD,Month-to-month,Yes,Electronic check,13-24 Months,High,Q3,4394
0228-MAUWC,Month-to-month,No,Electronic check,13-24 Months,Medium,Q2,4395
5502-RLUYV,Month-to-month,Yes,Electronic check,61-72 Months,Premium,Q4,4396
0023-HGHWL,Month-to-month,Yes,Electronic check,0-12 Months,Low,Q1,4397
7663-YJHSN,Two year,Yes,Bank transfer (automatic),61-72 Months,Premium,Q4,4398
4915-BFSXL,Two year,No,Credit card (automatic),61-72 Months,Medium,Q4,4399
3086-RUCRN,Month-to-month,Yes,Bank transfer (automatic),61-72 Months,Premium,Q4,4400
5215-LNLDJ,Month-to-month,Yes,Electronic check,0-12 Months,Low,Q1,4401
7576-JMYWV,Month-to-month,Yes,Electronic check,25-48 Months,Premium,Q4,4402
9039-RBEEE,Month-to-month,Yes,Credit card (automatic),25-48 Months,Medium,Q3,4403
0257-KXZGU,Month-to-month,No,Bank transfer (automatic),25-48 Months,Medium,Q3,4404
1307-ATKGB,Month-to-month,Yes,Electronic check,13-24 Months,High,Q3,4405
8417-FMLZI,Month-to-month,Yes,Credit card (automatic),0-12 Months,High,Q2,4406
3714-XPXBW,Month-to-month,Yes,Credit card (automatic),25-48 Months,High,Q3,4407
1850-AKQEP,Month-to-month,No,Mailed check,0-12 Months,Low,Q1,4408
2824-DXNKN,Two year,Yes,Bank transfer (automatic),61-72 Months,High,Q4,4409
5227-JSCFE,Two year,No,Credit card (automatic),61-72 Months,Medium,Q3,4410
0848-ZGQIJ,Month-to-month,Yes,Bank transfer (automatic),13-24 Months,Premium,Q3,4411
3621-CHYVB,Month-to-month,Yes,Bank transfer (automatic),49-60 Months,Medium,Q3,4412
8042-RNLKO,One year,No,Bank transfer (automatic),61-72 Months,Low,Q3,4413
1792-UXAFY,Month-to-month,Yes,Electronic check,13-24 Months,High,Q3,4414
5372-FBKBN,Month-to-month,No,Mailed check,13-24 Months,Low,Q2,4415
0420-TXVSG,Two year,Yes,Credit card (automatic),61-72 Months,Medium,Q4,4416
6217-TOWGS,Month-to-month,Yes,Bank transfer (automatic),13-24 Months,High,Q2,4417
0515-YPMCW,Month-to-month,Yes,Mailed check,0-12 Months,High,Q1,4418
0378-XSZPU,One year,No,Credit card (automatic),49-60 Months,Medium,Q3,4419
1045-LTCYT,Month-to-month,No,Credit card (automatic),0-12 Months,Low,Q1,4420
1544-JJMYL,One year,No,Credit card (automatic),25-48 Months,Medium,Q3,4421
4636-JGAAI,Month-to-month,No,Mailed check,25-48 Months,High,Q3,4422
6874-SGLHU,One year,Yes,Bank transfer (automatic),25-48 Months,Premium,Q3,4423
5951-AOFIH,Month-to-month,Yes,Credit card (automatic),25-48 Months,Medium,Q3,4424
4729-XKASR,Month-to-month,No,Electronic check,0-12 Months,Low,Q1,4425
3059-NGMXB,Month-to-month,No,Mailed check,13-24 Months,Medium,Q2,4426
8652-YHIYU,One year,Yes,Credit card (automatic),13-24 Months,High,Q2,4427
5278-PNYOX,Two year,No,Credit card (automatic),49-60 Months,Premium,Q4,4428
5449-FIBXJ,Month-to-month,No,Electronic check,13-24 Months,Premium,Q3,4429
3486-HOOGQ,Two year,No,Bank transfer (automatic),61-72 Months,High,Q4,4430
5061-PBXFW,Month-to-month,No,Bank transfer (automatic),25-48 Months,Medium,Q3,4431
8630-FJLIB,Month-to-month,Yes,Electronic check,13-24 Months,Medium,Q2,4432
3891-NLXJB,Two year,Yes,Mailed check,25-48 Months,Medium,Q2,4433
4749-OJKQU,Month-to-month,Yes,Electronic check,0-12 Months,High,Q1,4434
0577-WHMEV,Month-to-month,No,Electronic check,13-24 Months,Premium,Q2,4435
5453-AXEPF,Month-to-month,Yes,Bank transfer (automatic),13-24 Months,High,Q2,4436
3639-XJHKQ,Month-to-month,Yes,Electronic check,13-24 Months,Medium,Q2,4437
3716-LRGXK,Two year,No,Credit card (automatic),49-60 Months,Premium,Q4,4438
2263-SFSQZ,Two year,Yes,Mailed check,49-60 Months,Low,Q2,4439
9950-MTGYX,Two year,Yes,Credit card (automatic),25-48 Months,Low,Q2,4440
3397-AVTKU,Two year,Yes,Electronic check,25-48 Months,Medium,Q3,4441
4825-FUREZ,Two year,No,Electronic check,25-48 Months,Low,Q2,4442
9837-BMCLM,Month-to-month,Yes,Electronic check,0-12 Months,High,Q1,4443
2672-OJQZP,Month-to-month,No,Mailed check,0-12 Months,Medium,Q1,4444
0137-UDEUO,Month-to-month,No,Mailed check,0-12 Months,Low,Q1,4445
3134-DSHVC,Two year,No,Credit card (automatic),61-72 Months,Premium,Q4,4446
6161-UUUTA,Month-to-month,Yes,Electronic check,0-12 Months,High,Q1,4447
7821-DPRQE,Month-to-month,Yes,Electronic check,61-72 Months,Premium,Q4,4448
6543-XRMYR,Month-to-month,Yes,Electronic check,25-48 Months,Premium,Q3,4449
2001-EWBQU,Two year,No,Electronic check,49-60 Months,Premium,Q4,4450
4925-LMHOK,Month-to-month,Yes,Credit card (automatic),13-24 Months,Medium,Q2,4451
1608-GMEWB,Month-to-month,Yes,Bank transfer (automatic),25-48 Months,Premium,Q4,4452
6695-AMZUF,Two year,No,Credit card (automatic),61-72 Months,High,Q4,4453
1455-UGQVH,Month-to-month,Yes,Electronic check,0-12 Months,Premium,Q2,4454
8410-BGQXN,Month-to-month,No,Mailed check,0-12 Months,Low,Q1,4455
8280-MQRQN,Month-to-month,Yes,Mailed check,0-12 Months,Medium,Q1,4456
1619-YWUBB,Two year,Yes,Credit card (automatic),61-72 Months,Low,Q3,4457
7611-YKYTC,Month-to-month,No,Bank transfer (automatic),13-24 Months,High,Q3,4458
2037-SGXHH,Month-to-month,Yes,Electronic check,25-48 Months,Premium,Q3,4459
3178-FESZO,Month-to-month,Yes,Credit card (automatic),0-12 Months,Premium,Q1,4460
0365-GXEZS,Month-to-month,No,Electronic check,13-24 Months,High,Q3,4461
0082-OQIQY,Month-to-month,Yes,Electronic check,25-48 Months,Premium,Q3,4462
6087-MVHJH,Month-to-month,Yes,Electronic check,13-24 Months,High,Q3,4463
4603-JANFB,Month-to-month,Yes,Electronic check,0-12 Months,Medium,Q1,4464
3018-TFTSU,Month-to-month,No,Bank transfer (automatic),0-12 Months,High,Q2,4465
3606-SBKRY,One year,Yes,Electronic check,25-48 Months,Medium,Q3,4466
4806-KEXQR,Month-to-month,Yes,Electronic check,0-12 Months,High,Q1,4467
0667-NSRGI,One year,Yes,Mailed check,25-48 Months,Medium,Q3,4468
7083-YNSKY,Month-to-month,Yes,Credit card (automatic),13-24 Months,Low,Q1,4469
6893-ODYYE,One year,Yes,Credit card (automatic),49-60 Months,Premium,Q4,4470
8242-JSVBO,Month-to-month,Yes,Bank transfer (automatic),0-12 Months,Medium,Q1,4471
2479-BRAMR,Month-to-month,Yes,Bank transfer (automatic),25-48 Months,High,Q3,4472
9541-ZPSEA,Two year,No,Credit card (automatic),61-72 Months,High,Q4,4473
2665-NPTGL,Month-to-month,Yes,Bank transfer (automatic),25-48 Months,Premium,Q3,4474
1139-WUOAH,Two year,No,Credit card (automatic),49-60 Months,Medium,Q3,4475
4693-VWVBO,Month-to-month,No,Electronic check,0-12 Months,Low,Q1,4476
7434-SHXLS,Month-to-month,No,Mailed check,0-12 Months,Low,Q1,4477
6937-GCDGQ,One year,Yes,Bank transfer (automatic),13-24 Months,Medium,Q2,4478
0988-JRWWP,Month-to-month,Yes,Electronic check,0-12 Months,Medium,Q1,4479
5075-JSDKI,Two year,No,Electronic check,49-60 Months,Low,Q3,4480
7908-QCBCA,Month-to-month,Yes,Mailed check,0-12 Months,Medium,Q1,4481
8644-XYTSV,Month-to-month,Yes,Bank transfer (automatic),25-48 Months,Medium,Q3,4482
6711-FLDFB,Month-to-month,Yes,Electronic check,0-12 Months,High,Q2,4483
3873-WOSBC,Two year,No,Credit card (automatic),61-72 Months,Low,Q3,4484
7465-ZZRVX,Month-to-month,Yes,Electronic check,0-12 Months,High,Q1,4485
7975-JMZNT,Two year,No,Bank transfer (automatic),61-72 Months,Premium,Q4,4486
7251-XFOIL,Month-to-month,No,Mailed check,61-72 Months,High,Q4,4487
4116-IQRFR,One year,No,Credit card (automatic),0-12 Months,Low,Q1,4488
3714-JTVOV,Month-to-month,Yes,Credit card (automatic),25-48 Months,High,Q3,4489
8259-DZLIZ,One year,Yes,Bank transfer (automatic),61-72 Months,Medium,Q3,4490
0442-ZXKVS,One year,Yes,Bank transfer (automatic),49-60 Months,Premium,Q4,4491
7853-WNZSY,Month-to-month,Yes,Credit card (automatic),0-12 Months,Low,Q1,4492
3120-FAZKD,Two year,Yes,Bank transfer (automatic),49-60 Months,Low,Q2,4493
8606-OEGQZ,Two year,No,Credit card (automatic),13-24 Months,Low,Q2,4494
0225-ZORZP,Month-to-month,No,Electronic check,0-12 Months,High,Q1,4495
4702-IOQDC,Month-to-month,Yes,Electronic check,0-12 Months,High,Q1,4496
9489-JMTTN,Two year,No,Credit card (automatic),61-72 Months,High,Q4,4497
0575-CUQOV,One year,Yes,Electronic check,49-60 Months,Premium,Q4,4498
0967-BMLBD,One year,Yes,Mailed check,0-12 Months,Low,Q1,4499
6178-KFNHS,Month-to-month,Yes,Electronic check,0-12 Months,High,Q2,4500
2830-LEWOA,One year,No,Credit card (automatic),61-72 Months,Premium,Q4,4501
5006-MXVRN,Two year,No,Credit card (automatic),25-48 Months,Low,Q2,4502
1264-BYWMS,Month-to-month,Yes,Electronic check,49-60 Months,Premium,Q4,4503
9658-WYUFB,Month-to-month,Yes,Electronic check,13-24 Months,Premium,Q3,4504
8327-WKMIE,One year,No,Credit card (automatic),25-48 Months,Low,Q2,4505
6917-FIJHC,Two year,Yes,Mailed check,61-72 Months,Low,Q3,4506
5329-KRDTM,Two year,No,Credit card (automatic),61-72 Months,High,Q4,4507
7797-EJMDP,Month-to-month,No,Bank transfer (automatic),0-12 Months,Medium,Q2,4508
3530-VWVGU,Month-to-month,No,Mailed check,13-24 Months,Low,Q1,4509
2013-SGDXK,Month-to-month,No,Electronic check,0-12 Months,High,Q1,4510
6368-NWMCE,Month-to-month,No,Credit card (automatic),25-48 Months,Medium,Q3,4511
3633-CDBUW,One year,No,Electronic check,13-24 Months,High,Q3,4512
0707-HOVVN,Two year,Yes,Bank transfer (automatic),61-72 Months,High,Q4,4513
8580-QVLOC,Two year,No,Credit card (automatic),61-72 Months,Premium,Q4,4514
3956-MGXOG,Month-to-month,Yes,Electronic check,25-48 Months,High,Q3,4515
9274-UARKJ,Month-to-month,Yes,Bank transfer (automatic),13-24 Months,High,Q2,4516
4077-HWUYD,Two year,Yes,Bank transfer (automatic),61-72 Months,High,Q4,4517
2012-NWRPA,Month-to-month,Yes,Electronic check,0-12 Months,Premium,Q2,4518
8808-ELEHO,Month-to-month,Yes,Electronic check,0-12 Months,High,Q2,4519
0103-CSITQ,One year,Yes,Bank transfer (automatic),49-60 Months,Premium,Q4,4520
3506-LCJDC,Month-to-month,No,Bank transfer (automatic),0-12 Months,Low,Q1,4521
8671-KKKOS,Month-to-month,No,Electronic check,25-48 Months,Medium,Q3,4522
7305-ZWMAJ,One year,No,Credit card (automatic),25-48 Months,Low,Q2,4523
9518-XXBXE,Month-to-month,No,Electronic check,0-12 Months,High,Q2,4524
3934-HXCFZ,Month-to-month,Yes,Electronic check,13-24 Months,Premium,Q3,4525
6578-KRMAW,Month-to-month,Yes,Credit card (automatic),25-48 Months,Premium,Q3,4526
4860-IJUDE,Month-to-month,Yes,Credit card (automatic),13-24 Months,High,Q2,4527
7666-WKRON,Two year,Yes,Electronic check,25-48 Months,High,Q3,4528
9688-YGXVR,Month-to-month,Yes,Credit card (automatic),25-48 Months,High,Q4,4529
0423-UDIJQ,Month-to-month,No,Mailed check,0-12 Months,Medium,Q2,4530
1945-XISKS,Two year,No,Mailed check,61-72 Months,Low,Q2,4531
4910-AQFFX,Month-to-month,Yes,Bank transfer (automatic),0-12 Months,High,Q2,4532
2154-KVJFF,Month-to-month,Yes,Electronic check,13-24 Months,High,Q2,4533
5360-LJCNJ,Two year,Yes,Bank transfer (automatic),61-72 Months,Premium,Q4,4534
2607-FBDFF,Month-to-month,No,Credit card (automatic),0-12 Months,Medium,Q1,4535
9647-ERGBE,Month-to-month,Yes,Electronic check,25-48 Months,Premium,Q3,4536
3428-XZMAZ,Month-to-month,Yes,Electronic check,0-12 Months,Medium,Q1,4537
1100-DDVRV,Month-to-month,Yes,Mailed check,13-24 Months,Medium,Q2,4538
0378-TOVMS,Month-to-month,No,Electronic check,0-12 Months,High,Q1,4539
4355-HBJHH,Two year,Yes,Electronic check,61-72 Months,High,Q4,4540
6728-WYQBC,Month-to-month,No,Bank transfer (automatic),0-12 Months,Low,Q1,4541
9058-CBREO,Month-to-month,No,Mailed check,0-12 Months,Medium,Q1,4542
9029-FEGVJ,Month-to-month,No,Mailed check,25-48 Months,High,Q3,4543
7216-KAOID,One year,No,Bank transfer (automatic),25-48 Months,Low,Q2,4544
0318-QUUOB,Month-to-month,Yes,Electronic check,0-12 Months,High,Q1,4545
6145-NNPNO,Month-to-month,No,Bank transfer (automatic),0-12 Months,Medium,Q1,4546
5520-FVEWJ,Month-to-month,Yes,Electronic check,0-12 Months,High,Q2,4547
5339-TJFEK,Month-to-month,Yes,Electronic check,61-72 Months,Premium,Q4,4548
5572-ZDXHY,Month-to-month,Yes,Mailed check,13-24 Months,High,Q3,4549
2074-GUHPQ,Month-to-month,Yes,Credit card (automatic),13-24 Months,Premium,Q3,4550
4625-XMOYM,Two year,Yes,Bank transfer (automatic),61-72 Months,Low,Q3,4551
5827-MWCZK,Month-to-month,Yes,Credit card (automatic),49-60 Months,Premium,Q4,4552
1385-TQOZW,Month-to-month,Yes,Credit card (automatic),0-12 Months,Low,Q1,4553
5914-XRFQB,Two year,Yes,Bank transfer (automatic),61-72 Months,Premium,Q4,4554
4329-YPDDQ,Month-to-month,Yes,Bank transfer (automatic),13-24 Months,Premium,Q3,4555
4804-NCPET,Two year,No,Mailed check,13-24 Months,Low,Q1,4556
3750-CKVKH,Month-to-month,Yes,Electronic check,0-12 Months,Medium,Q1,4557
5944-UGLLK,One year,No,Credit card (automatic),49-60 Months,Medium,Q3,4558
8063-GBATB,Month-to-month,Yes,Electronic check,25-48 Months,High,Q3,4559
7787-BNTZM,Month-to-month,No,Bank transfer (automatic),0-12 Months,Low,Q1,4560
2252-ISRNH,One year,Yes,Electronic check,0-12 Months,Premium,Q2,4561
9415-TPKRV,Month-to-month,No,Electronic check,0-12 Months,Medium,Q2,4562
5322-TEUJK,Two year,No,Bank transfer (automatic),61-72 Months,Premium,Q4,4563
4547-KQRTM,Month-to-month,Yes,Bank transfer (automatic),0-12 Months,High,Q2,4564
4877-EVATK,Month-to-month,No,Mailed check,0-12 Months,Low,Q1,4565
1866-DIOQZ,One year,No,Bank transfer (automatic),61-72 Months,Medium,Q4,4566
8375-KVTHK,One year,Yes,Electronic check,61-72 Months,Premium,Q4,4567
2697-NQBPF,Month-to-month,Yes,Electronic check,25-48 Months,Premium,Q3,4568
3709-OIJEA,One year,Yes,Electronic check,25-48 Months,High,Q3,4569
7639-SUPCW,Month-to-month,Yes,Credit card (automatic),13-24 Months,Medium,Q2,4570
1386-ZIKUV,Month-to-month,Yes,Mailed check,0-12 Months,Low,Q1,4571
0599-XNYDO,Month-to-month,Yes,Bank transfer (automatic),13-24 Months,Medium,Q3,4572
6377-WHAOX,Month-to-month,Yes,Electronic check,49-60 Months,Premium,Q4,4573
6855-VLGOS,Two year,No,Electronic check,61-72 Months,Low,Q3,4574
8999-XXGNS,One year,Yes,Credit card (automatic),61-72 Months,Premium,Q4,4575
8746-OQQRW,Month-to-month,No,Mailed check,0-12 Months,Low,Q1,4576
3181-MIZBN,Month-to-month,No,Electronic check,13-24 Months,Low,Q1,4577
0471-ARVMX,One year,Yes,Electronic check,61-72 Months,Premium,Q4,4578
7766-CLTIC,Month-to-month,Yes,Mailed check,0-12 Months,Medium,Q2,4579
5650-YLIBA,Month-to-month,Yes,Electronic check,25-48 Months,High,Q3,4580
0825-CPPQH,Two year,No,Credit card (automatic),61-72 Months,Low,Q2,4581
9084-OAYKL,Two year,No,Mailed check,49-60 Months,Low,Q2,4582
6122-LJADA,Two year,Yes,Credit card (automatic),61-72 Months,Premium,Q4,4583
2400-XIWIO,Two year,No,Electronic check,61-72 Months,Premium,Q4,4584
7524-VRLPL,Two year,No,Credit card (automatic),61-72 Months,High,Q4,4585
1069-XAIEM,Month-to-month,Yes,Electronic check,0-12 Months,High,Q1,4586
7569-NMZYQ,Two year,Yes,Bank transfer (automatic),61-72 Months,Premium,Q4,4587
5201-USSQZ,Month-to-month,No,Credit card (automatic),25-48 Months,High,Q3,4588
2105-PHWON,Month-to-month,Yes,Credit card (automatic),25-48 Months,Premium,Q3,4589
1494-EJZDW,Two year,No,Mailed check,0-12 Months,Low,Q1,4590
4884-TVUQF,Two year,No,Credit card (automatic),49-60 Months,Premium,Q4,4591
8003-EWNDZ,Month-to-month,Yes,Electronic check,0-12 Months,Low,Q1,4592
1897-RCFUM,One year,Yes,Mailed check,25-48 Months,Low,Q2,4593
9256-JTBNZ,Month-to-month,No,Bank transfer (automatic),0-12 Months,Low,Q1,4594
4658-HCOHW,Month-to-month,Yes,Electronic check,13-24 Months,Premium,Q3,4595
2211-RMNHO,Two year,No,Bank transfer (automatic),61-72 Months,High,Q4,4596
2432-TFSMK,One year,Yes,Credit card (automatic),13-24 Months,High,Q3,4597
3440-JPSCL,Month-to-month,Yes,Mailed check,0-12 Months,Premium,Q2,4598
4929-ROART,Month-to-month,No,Mailed check,13-24 Months,Medium,Q2,4599
1834-ABKHQ,One year,Yes,Bank transfer (automatic),49-60 Months,Medium,Q3,4600
1741-WTPON,Two year,No,Mailed check,49-60 Months,Premium,Q4,4601
3932-IJWDZ,Month-to-month,Yes,Bank transfer (automatic),25-48 Months,Premium,Q4,4602
1240-HCBOH,Two year,Yes,Mailed check,61-72 Months,Low,Q3,4603
3594-KADLU,Month-to-month,No,Mailed check,0-12 Months,Medium,Q1,4604
8065-BVEPF,Month-to-month,Yes,Bank transfer (automatic),61-72 Months,Premium,Q4,4605
3796-ENZGF,Two year,No,Mailed check,61-72 Months,Medium,Q4,4606
1734-ZMNTZ,Two year,No,Mailed check,0-12 Months,Low,Q1,4607
2853-CWQFQ,Month-to-month,Yes,Mailed check,0-12 Months,Medium,Q1,4608
0813-TAXXS,Two year,Yes,Bank transfer (automatic),49-60 Months,High,Q4,4609
2519-TWKFS,One year,Yes,Mailed check,25-48 Months,Medium,Q3,4610
2889-FPWRM,One year,Yes,Bank transfer (automatic),61-72 Months,Premium,Q4,4611
0626-QXNGV,Two year,Yes,Credit card (automatic),61-72 Months,Low,Q3,4612
6723-CEGQI,Two year,No,Mailed check,61-72 Months,Medium,Q3,4613
6987-XQSJT,Month-to-month,Yes,Electronic check,49-60 Months,High,Q4,4614
4732-RRJZC,Month-to-month,No,Mailed check,0-12 Months,Low,Q1,4615
9499-XPZXM,Two year,No,Bank transfer (automatic),61-72 Months,Medium,Q4,4616
4338-EYCER,Month-to-month,No,Bank transfer (automatic),13-24 Months,Medium,Q2,4617
3007-FDPEA,Month-to-month,Yes,Bank transfer (automatic),0-12 Months,Low,Q1,4618
6350-XFYGW,Month-to-month,Yes,Electronic check,0-12 Months,Premium,Q2,4619
4290-BSXUX,Month-to-month,Yes,Bank transfer (automatic),0-12 Months,High,Q1,4620
8513-OLYGY,Two year,No,Credit card (automatic),61-72 Months,Premium,Q4,4621
0311-QYWSS,Month-to-month,Yes,Electronic check,0-12 Months,Medium,Q1,4622
8705-DWKTI,Month-to-month,Yes,Credit card (automatic),49-60 Months,High,Q4,4623
8755-IWJHN,Month-to-month,Yes,Bank transfer (automatic),61-72 Months,Premium,Q4,4624
0325-XBFAC,Month-to-month,Yes,Electronic check,0-12 Months,Premium,Q2,4625
4480-QQRHC,Month-to-month,Yes,Bank transfer (automatic),0-12 Months,High,Q2,4626
0929-PECLO,Month-to-month,Yes,Bank transfer (automatic),61-72 Months,High,Q4,4627
3680-CTHUH,One year,Yes,Credit card (automatic),49-60 Months,Premium,Q4,4628
1202-KKGFU,Month-to-month,No,Bank transfer (automatic),0-12 Months,Medium,Q2,4629
6112-KTHFQ,Month-to-month,Yes,Mailed check,13-24 Months,Low,Q1,4630
1852-XEMDW,Month-to-month,No,Mailed check,13-24 Months,Medium,Q3,4631
2462-XIIJB,Month-to-month,Yes,Electronic check,0-12 Months,Premium,Q2,4632
4760-XOHVN,Month-to-month,No,Mailed check,0-12 Months,Low,Q1,4633
1820-DJFPH,Two year,Yes,Bank transfer (automatic),61-72 Months,Low,Q3,4634
9426-SXNHE,Month-to-month,No,Bank transfer (automatic),0-12 Months,Low,Q1,4635
9068-FHQHD,Two year,No,Bank transfer (automatic),25-48 Months,Low,Q2,4636
1269-FOYWN,One year,No,Bank transfer (automatic),25-48 Months,Low,Q2,4637
9470-YFUYI,One year,Yes,Bank transfer (automatic),61-72 Months,High,Q4,4638
7817-BOQPW,Month-to-month,Yes,Electronic check,0-12 Months,High,Q1,4639
7402-EYFXX,Month-to-month,Yes,Electronic check,25-48 Months,Premium,Q3,4640
1853-UDXBW,Month-to-month,Yes,Electronic check,0-12 Months,Medium,Q1,4641
9895-VFOXH,Month-to-month,No,Mailed check,0-12 Months,Low,Q1,4642
5458-CQJTA,Two year,Yes,Bank transfer (automatic),61-72 Months,High,Q4,4643
1230-QAJDW,Month-to-month,Yes,Mailed check,0-12 Months,Medium,Q1,4644
5701-ZIKJE,Month-to-month,Yes,Mailed check,13-24 Months,Medium,Q2,4645
5219-YIPTK,Month-to-month,Yes,Electronic check,25-48 Months,Premium,Q3,4646
5032-MIYKT,Month-to-month,Yes,Mailed check,0-12 Months,High,Q1,4647
7396-VJUZB,Month-to-month,No,Mailed check,0-12 Months,Medium,Q1,4648
9717-QEBGU,Month-to-month,Yes,Electronic check,0-12 Months,High,Q1,4649
5172-RKOCB,Two year,Yes,Credit card (automatic),61-72 Months,Premium,Q4,4650
6509-TSGWN,Month-to-month,No,Mailed check,25-48 Months,Low,Q2,4651
3540-RZJYU,Month-to-month,No,Electronic check,13-24 Months,High,Q2,4652
3178-CIFOT,One year,Yes,Credit card (automatic),13-24 Months,Low,Q2,4653
2091-MJTFX,Month-to-month,No,Credit card (automatic),25-48 Months,Medium,Q3,4654
4530-NDRKU,One year,Yes,Electronic check,25-48 Months,Low,Q2,4655
5985-TBABQ,One year,No,Mailed check,25-48 Months,High,Q3,4656
9800-ONTFE,Month-to-month,Yes,Bank transfer (automatic),13-24 Months,High,Q3,4657
6743-HHQPF,Month-to-month,Yes,Credit card (automatic),25-48 Months,Low,Q2,4658
8455-HIRAQ,Month-to-month,No,Mailed check,0-12 Months,Medium,Q1,4659
6616-AALSR,Two year,Yes,Credit card (automatic),61-72 Months,Premium,Q4,4660
0883-EIBTI,Month-to-month,No,Mailed check,0-12 Months,Low,Q1,4661
9415-ZNBSX,Two year,Yes,Bank transfer (automatic),61-72 Months,High,Q4,4662
4018-KJYUY,Month-to-month,No,Credit card (automatic),13-24 Months,Low,Q2,4663
0722-TROQR,Month-to-month,Yes,Electronic check,0-12 Months,High,Q1,4664
7571-YXDAD,Month-to-month,No,Credit card (automatic),0-12 Months,High,Q1,4665
3884-UEBXB,Two year,No,Bank transfer (automatic),61-72 Months,Medium,Q3,4666
8780-RSYYU,Month-to-month,Yes,Credit card (automatic),25-48 Months,Low,Q2,4667
5537-UXXVS,Month-to-month,No,Bank transfer (automatic),13-24 Months,Low,Q1,4668
1791-PQHBB,Month-to-month,Yes,Credit card (automatic),0-12 Months,Medium,Q1,4669
8701-DGLVH,Two year,No,Mailed check,49-60 Months,Low,Q2,4670
8741-LQOBK,Month-to-month,No,Bank transfer (automatic),25-48 Months,Medium,Q3,4671
3393-FMZPV,Month-to-month,Yes,Electronic check,25-48 Months,Premium,Q3,4672
8082-GHXOP,Month-to-month,No,Mailed check,13-24 Months,Medium,Q2,4673
6402-ZFPPI,Month-to-month,Yes,Mailed check,25-48 Months,Premium,Q3,4674
0980-FEXWF,One year,No,Mailed check,25-48 Months,Medium,Q2,4675
7486-KSRVI,One year,Yes,Electronic check,25-48 Months,Premium,Q4,4676
3011-WQKSZ,Month-to-month,Yes,Electronic check,13-24 Months,Low,Q1,4677
8443-WVPSS,Month-to-month,Yes,Electronic check,0-12 Months,Premium,Q2,4678
3006-XIMLN,Month-to-month,Yes,Bank transfer (automatic),0-12 Months,Premium,Q1,4679
8218-FFJDS,Two year,Yes,Bank transfer (automatic),61-72 Months,High,Q4,4680
1986-PHGZF,Month-to-month,Yes,Credit card (automatic),13-24 Months,Medium,Q2,4681
9965-YOKZB,Month-to-month,Yes,Electronic check,0-12 Months,High,Q2,4682
0504-HHAPI,Month-to-month,No,Credit card (automatic),25-48 Months,High,Q3,4683
9360-OMDZZ,Month-to-month,Yes,Electronic check,13-24 Months,Premium,Q3,4684
6305-YLBMM,One year,Yes,Bank transfer (automatic),61-72 Months,Premium,Q4,4685
0345-XMMUG,Two year,Yes,Credit card (automatic),25-48 Months,Premium,Q4,4686
8024-XNAFQ,Two year,Yes,Bank transfer (automatic),61-72 Months,Premium,Q4,4687
3647-GMGDH,Month-to-month,Yes,Credit card (automatic),13-24 Months,Premium,Q3,4688
2988-GBIVW,Month-to-month,Yes,Electronic check,61-72 Months,Premium,Q4,4689
2832-SCUCO,Month-to-month,No,Electronic check,0-12 Months,Low,Q1,4690
7036-ZZKBD,Month-to-month,Yes,Credit card (automatic),25-48 Months,Medium,Q3,4691
3791-LGQCY,Month-to-month,Yes,Bank transfer (automatic),49-60 Months,Premium,Q4,4692
0265-PSUAE,Month-to-month,No,Bank transfer (automatic),13-24 Months,Premium,Q3,4693
0463-TXOAK,Two year,No,Credit card (automatic),49-60 Months,Low,Q2,4694
0594-UFTUL,Month-to-month,Yes,Mailed check,13-24 Months,Low,Q1,4695
9509-MPYOD,One year,No,Mailed check,25-48 Months,Low,Q2,4696
9128-CPXKI,Two year,No,Electronic check,49-60 Months,Premium,Q4,4697
0129-KPTWJ,Month-to-month,Yes,Electronic check,61-72 Months,Premium,Q4,4698
8166-ZZTFS,Two year,Yes,Bank transfer (automatic),61-72 Months,High,Q4,4699
5855-EIBDE,Two year,No,Credit card (automatic),49-60 Months,Premium,Q4,4700
5365-LLFYV,Month-to-month,Yes,Mailed check,0-12 Months,Medium,Q1,4701
5956-YHHRX,Month-to-month,Yes,Electronic check,13-24 Months,Premium,Q3,4702
6008-NAIXK,One year,Yes,Electronic check,49-60 Months,Medium,Q3,4703
2956-GGUCQ,Month-to-month,Yes,Electronic check,13-24 Months,High,Q3,4704
1928-BXYIV,Month-to-month,No,Electronic check,0-12 Months,Medium,Q1,4705
5760-FXFVO,Month-to-month,Yes,Electronic check,0-12 Months,High,Q2,4706
6595-COKXZ,Month-to-month,Yes,Mailed check,0-12 Months,Medium,Q1,4707
0961-ZWLVI,One year,Yes,Credit card (automatic),49-60 Months,Premium,Q4,4708
5181-OABFK,Two year,Yes,Credit card (automatic),49-60 Months,Medium,Q3,4709
4007-NHVHI,Month-to-month,Yes,Electronic check,49-60 Months,Premium,Q4,4710
7816-VGHTO,Two year,No,Mailed check,0-12 Months,Medium,Q1,4711
5871-DGTXZ,One year,No,Mailed check,25-48 Months,Low,Q2,4712
7550-WIQVA,One year,Yes,Electronic check,49-60 Months,Premium,Q4,4713
7544-ZVIKX,One year,Yes,Bank transfer (automatic),49-60 Months,Premium,Q4,4714
0016-QLJIS,Two year,Yes,Mailed check,61-72 Months,Premium,Q4,4715
7508-DQAKK,Two year,Yes,Credit card (automatic),61-72 Months,High,Q4,4716
5176-OLSKT,Two year,No,Bank transfer (automatic),61-72 Months,Medium,Q4,4717
9356-AXGMP,One year,Yes,Electronic check,25-48 Months,Premium,Q4,4718
3556-BVQGL,One year,Yes,Mailed check,13-24 Months,Low,Q2,4719
0362-ZBZWJ,Month-to-month,Yes,Electronic check,25-48 Months,High,Q3,4720
8979-CAMGB,One year,No,Electronic check,61-72 Months,Premium,Q4,4721
4211-MMAZN,Month-to-month,No,Mailed check,0-12 Months,Low,Q1,4722
7581-EBBOU,One year,Yes,Credit card (automatic),49-60 Months,High,Q4,4723
4274-OWWYO,Month-to-month,Yes,Electronic check,0-12 Months,High,Q1,4724
5073-RZGBK,One year,Yes,Bank transfer (automatic),49-60 Months,High,Q4,4725
1541-ETJZO,Month-to-month,No,Mailed check,0-12 Months,Medium,Q1,4726
2192-CKRLV,Two year,Yes,Electronic check,61-72 Months,Medium,Q3,4727
3154-HMWUU,Two year,Yes,Bank transfer (automatic),49-60 Months,Low,Q2,4728
6119-SPUDB,Two year,No,Mailed check,25-48 Months,Medium,Q3,4729
6522-OIQSX,Two year,Yes,Credit card (automatic),61-72 Months,Medium,Q3,4730
7813-ZGGAW,Month-to-month,Yes,Bank transfer (automatic),25-48 Months,Premium,Q3,4731
8748-HFWBO,One year,No,Mailed check,13-24 Months,Low,Q1,4732
1052-QJIBV,Two year,No,Credit card (automatic),61-72 Months,Low,Q2,4733
1319-YLZJG,Month-to-month,Yes,Electronic check,0-12 Months,High,Q2,4734
4106-HADHQ,One year,No,Credit card (automatic),25-48 Months,High,Q3,4735
0723-FDLAY,One year,Yes,Bank transfer (automatic),25-48 Months,High,Q3,4736
3050-RLLXC,Two year,No,Credit card (automatic),49-60 Months,High,Q4,4737
9298-WGMRW,Two year,Yes,Bank transfer (automatic),61-72 Months,Premium,Q4,4738
2369-UAPKZ,Month-to-month,No,Mailed check,0-12 Months,Premium,Q2,4739
3088-LHEFH,Month-to-month,Yes,Bank transfer (automatic),0-12 Months,High,Q2,4740
2778-OCLGR,Month-to-month,No,Bank transfer (automatic),13-24 Months,Medium,Q2,4741
6583-KQJLK,Month-to-month,Yes,Electronic check,13-24 Months,Premium,Q2,4742
8544-JNBOX,Two year,Yes,Mailed check,61-72 Months,Low,Q3,4743
6681-ZSEXG,Two year,No,Credit card (automatic),49-60 Months,Medium,Q3,4744
6139-ZZRBQ,Two year,Yes,Bank transfer (automatic),61-72 Months,Low,Q2,4745
6116-RFVHN,Month-to-month,Yes,Electronic check,25-48 Months,Premium,Q3,4746
0637-KVDLV,Month-to-month,Yes,Electronic check,0-12 Months,High,Q1,4747
8884-FEEWR,One year,No,Bank transfer (automatic),25-48 Months,Low,Q2,4748
3125-RAHBV,One year,No,Credit card (automatic),13-24 Months,Low,Q2,4749
6633-MPWBS,Month-to-month,Yes,Electronic check,0-12 Months,Medium,Q1,4750
0373-AIVNJ,One year,No,Mailed check,0-12 Months,Medium,Q1,4751
8785-EPNCG,Month-to-month,No,Credit card (automatic),0-12 Months,Low,Q1,4752
1682-VCOIO,One year,No,Mailed check,13-24 Months,Low,Q2,4753
5729-KLZAR,Month-to-month,No,Electronic check,0-12 Months,High,Q1,4754
2072-ZVJJX,Two year,No,Bank transfer (automatic),61-72 Months,Low,Q3,4755
8849-AYPTR,Month-to-month,No,Electronic check,25-48 Months,Premium,Q3,4756
9518-IMLHK,Month-to-month,Yes,Bank transfer (automatic),25-48 Months,High,Q3,4757
1582-RAFML,Month-to-month,No,Mailed check,0-12 Months,Medium,Q1,4758
3646-ITDGM,Two year,No,Bank transfer (automatic),49-60 Months,Low,Q2,4759
8740-CRYFY,Month-to-month,Yes,Electronic check,0-12 Months,High,Q1,4760
3569-VLDHH,One year,Yes,Electronic check,61-72 Months,High,Q4,4761
8224-KDLKN,Two year,No,Bank transfer (automatic),61-72 Months,Low,Q3,4762
7594-LZNWR,Month-to-month,No,Credit card (automatic),25-48 Months,Medium,Q3,4763
4001-TSBTV,Month-to-month,Yes,Electronic check,49-60 Months,Premium,Q4,4764
2962-XPMCQ,Month-to-month,Yes,Electronic check,0-12 Months,Medium,Q1,4765
8727-XDPUD,Two year,No,Credit card (automatic),25-48 Months,Medium,Q2,4766
1043-UXOVO,Two year,Yes,Credit card (automatic),61-72 Months,Premium,Q4,4767
1064-FBXNK,One year,No,Credit card (automatic),0-12 Months,Low,Q1,4768
3996-ZNWYK,Two year,No,Credit card (automatic),61-72 Months,Low,Q2,4769
2878-DHMIN,One year,No,Electronic check,25-48 Months,Low,Q2,4770
7762-ONLJY,One year,No,Mailed check,0-12 Months,Low,Q1,4771
1678-FYZOW,Month-to-month,Yes,Electronic check,0-12 Months,High,Q1,4772
5795-BKOYE,One year,No,Bank transfer (automatic),61-72 Months,Medium,Q4,4773
8627-EHGIP,One year,Yes,Mailed check,25-48 Months,Medium,Q3,4774
7402-PWYJJ,One year,Yes,Electronic check,49-60 Months,Premium,Q4,4775
5480-TBGPH,Month-to-month,Yes,Credit card (automatic),13-24 Months,Premium,Q3,4776
0018-NYROU,Month-to-month,Yes,Electronic check,0-12 Months,Medium,Q1,4777
7501-VTYLJ,Month-to-month,No,Mailed check,0-12 Months,Medium,Q1,4778
7608-RGIRO,Two year,Yes,Mailed check,61-72 Months,Low,Q3,4779
0480-BIXDE,Month-to-month,Yes,Electronic check,13-24 Months,Premium,Q3,4780
5895-QSXOD,Month-to-month,No,Mailed check,0-12 Months,High,Q2,4781
9814-AOUDH,Two year,No,Credit card (automatic),49-60 Months,Low,Q2,4782
6175-IRFIT,Month-to-month,No,Mailed check,0-12 Months,High,Q2,4783
8760-ZRHKE,One year,No,Electronic check,61-72 Months,Medium,Q4,4784
1622-HSHSF,Month-to-month,Yes,Mailed check,0-12 Months,Low,Q1,4785
8854-CCVSQ,Month-to-month,Yes,Electronic check,13-24 Months,High,Q3,4786
6749-UTDVX,Two year,Yes,Electronic check,61-72 Months,Premium,Q4,4787
5542-DHSXL,Month-to-month,No,Mailed check,0-12 Months,Medium,Q1,4788
9102-OXKFY,Two year,No,Credit card (automatic),49-60 Months,Medium,Q3,4789
0511-JTEOY,Month-to-month,No,Mailed check,0-12 Months,High,Q1,4790
5216-WASFJ,Month-to-month,Yes,Electronic check,25-48 Months,High,Q3,4791
7808-DVWEP,Month-to-month,No,Bank transfer (automatic),0-12 Months,Low,Q1,4792
7067-KSAZT,One year,Yes,Electronic check,61-72 Months,Premium,Q4,4793
2284-VFLKH,One year,Yes,Credit card (automatic),49-60 Months,Premium,Q4,4794
0366-NQSHS,Month-to-month,No,Mailed check,0-12 Months,Low,Q1,4795
6532-YLWSI,One year,No,Bank transfer (automatic),49-60 Months,Low,Q2,4796
3807-BPOMJ,One year,Yes,Electronic check,49-60 Months,Premium,Q4,4797
3892-NXAZG,Two year,Yes,Credit card (automatic),61-72 Months,Premium,Q4,4798
4948-WBBKL,Month-to-month,Yes,Bank transfer (automatic),25-48 Months,High,Q3,4799
4182-BGSIQ,Month-to-month,Yes,Bank transfer (automatic),0-12 Months,Low,Q1,4800
9300-AGZNL,Month-to-month,Yes,Electronic check,0-12 Months,Premium,Q1,4801
0988-AADSA,Two year,No,Bank transfer (automatic),61-72 Months,High,Q4,4802
9972-NKTFD,Month-to-month,No,Bank transfer (automatic),25-48 Months,Medium,Q3,4803
3717-LNXKW,Month-to-month,No,Bank transfer (automatic),25-48 Months,Premium,Q3,4804
5734-EJKXG,One year,Yes,Electronic check,61-72 Months,Premium,Q4,4805
2207-RYYRL,Two year,No,Mailed check,49-60 Months,Low,Q2,4806
6729-FZWSY,One year,Yes,Mailed check,61-72 Months,Low,Q2,4807
9695-IDRZR,Two year,Yes,Credit card (automatic),25-48 Months,Premium,Q4,4808
8144-DGHXP,Two year,No,Electronic check,49-60 Months,High,Q4,4809
7814-LEEVE,Month-to-month,Yes,Bank transfer (automatic),0-12 Months,Low,Q1,4810
1112-CUNAO,Month-to-month,No,Electronic check,13-24 Months,High,Q3,4811
5175-AOBHI,Month-to-month,Yes,Mailed check,0-12 Months,Medium,Q1,4812
5174-RNGBH,Month-to-month,No,Mailed check,0-12 Months,Medium,Q2,4813
8631-WUXGY,Month-to-month,Yes,Electronic check,25-48 Months,Premium,Q4,4814
7270-BDIOA,Month-to-month,Yes,Electronic check,13-24 Months,High,Q3,4815
9565-JSNFM,One year,Yes,Bank transfer (automatic),25-48 Months,High,Q3,4816
5906-DVAPM,One year,Yes,Credit card (automatic),49-60 Months,High,Q4,4817
6654-QGBZZ,Month-to-month,No,Mailed check,0-12 Months,Low,Q1,4818
8348-JLBUG,One year,No,Credit card (automatic),61-72 Months,High,Q4,4819
0607-DAAHE,Two year,No,Bank transfer (automatic),49-60 Months,Low,Q2,4820
5641-DMBFJ,Two year,Yes,Electronic check,49-60 Months,High,Q4,4821
9200-NLNPD,One year,Yes,Bank transfer (automatic),49-60 Months,Medium,Q3,4822
2664-XJZNO,Two year,Yes,Credit card (automatic),61-72 Months,Premium,Q4,4823
9732-KPKBW,Month-to-month,Yes,Electronic check,0-12 Months,Medium,Q1,4824
3339-EAQNV,One year,Yes,Credit card (automatic),61-72 Months,Premium,Q4,4825
0921-OHLVP,Month-to-month,No,Electronic check,13-24 Months,High,Q3,4826
3389-YGYAI,Month-to-month,Yes,Electronic check,0-12 Months,Premium,Q2,4827
9560-ARGQJ,Month-to-month,Yes,Electronic check,13-24 Months,High,Q2,4828
8350-NYMVI,Month-to-month,No,Bank transfer (automatic),25-48 Months,Medium,Q3,4829
1600-DILPE,Month-to-month,Yes,Bank transfer (automatic),0-12 Months,Medium,Q2,4830
0536-ESJEP,Two year,Yes,Bank transfer (automatic),49-60 Months,High,Q4,4831
4654-GGUII,One year,Yes,Mailed check,13-24 Months,Medium,Q2,4832
6478-HRRCZ,One year,No,Mailed check,25-48 Months,High,Q3,4833
8510-BBWMU,One year,Yes,Mailed check,25-48 Months,Low,Q2,4834
6857-TKDJV,Two year,No,Bank transfer (automatic),61-72 Months,Low,Q3,4835
2360-RDGRO,Month-to-month,Yes,Electronic check,61-72 Months,Premium,Q4,4836
0584-BJQGZ,Month-to-month,Yes,Bank transfer (automatic),25-48 Months,High,Q3,4837
5134-IKDAY,Month-to-month,Yes,Electronic check,0-12 Months,Medium,Q1,4838
1360-XFJMR,One year,Yes,Credit card (automatic),61-72 Months,Premium,Q4,4839
3070-DVEYC,Month-to-month,No,Mailed check,0-12 Months,High,Q2,4840
5730-RIITO,Month-to-month,Yes,Credit card (automatic),25-48 Months,Low,Q3,4841
9058-MJLZC,Month-to-month,Yes,Electronic check,13-24 Months,Premium,Q3,4842
5707-ORNDZ,Month-to-month,No,Electronic check,0-12 Months,Medium,Q2,4843
0902-XKXPN,Two year,No,Bank transfer (automatic),61-72 Months,Low,Q2,4844
5177-RVZNU,One year,No,Bank transfer (automatic),25-48 Months,Low,Q2,4845
0056-EPFBG,Two year,Yes,Credit card (automatic),13-24 Months,Medium,Q2,4846
8993-IZEUX,Month-to-month,No,Bank transfer (automatic),0-12 Months,Medium,Q2,4847
8696-JKZNU,Month-to-month,Yes,Electronic check,25-48 Months,High,Q3,4848
5380-AFSSK,Month-to-month,Yes,Mailed check,0-12 Months,Premium,Q2,4849
8190-ZTQFB,One year,Yes,Electronic check,25-48 Months,Medium,Q3,4850
0931-MHTEM,One year,Yes,Credit card (automatic),49-60 Months,Premium,Q4,4851
2055-PDADH,Month-to-month,Yes,Electronic check,0-12 Months,High,Q1,4852
7515-LODFU,Two year,No,Credit card (automatic),61-72 Months,Low,Q2,4853
0440-UEDAI,One year,Yes,Credit card (automatic),49-60 Months,Premium,Q4,4854
1337-BOZWO,One year,No,Credit card (automatic),13-24 Months,Medium,Q2,4855
0868-VJRDR,Two year,Yes,Credit card (automatic),61-72 Months,Premium,Q4,4856
8714-EUHJO,Month-to-month,Yes,Electronic check,25-48 Months,Premium,Q3,4857
6344-SFJVH,Month-to-month,No,Credit card (automatic),13-24 Months,Low,Q2,4858
3950-VPYJB,One year,No,Mailed check,49-60 Months,Medium,Q3,4859
8041-TMEID,Two year,No,Credit card (automatic),61-72 Months,Premium,Q4,4860
7321-ZNSLA,Two year,No,Mailed check,13-24 Months,Medium,Q2,4861
6941-KXRRV,One year,Yes,Bank transfer (automatic),25-48 Months,Medium,Q3,4862
3721-CNEYS,Month-to-month,Yes,Electronic check,0-12 Months,High,Q1,4863
8727-JQFHV,Two year,No,Mailed check,49-60 Months,Low,Q2,4864
9475-NNDGC,One year,Yes,Bank transfer (automatic),61-72 Months,Premium,Q4,4865
1355-KUSBG,Month-to-month,No,Electronic check,0-12 Months,Medium,Q1,4866
3688-FTHLT,Month-to-month,Yes,Bank transfer (automatic),13-24 Months,Medium,Q2,4867
0899-LIIBW,Month-to-month,No,Electronic check,25-48 Months,Premium,Q3,4868
2568-OIADY,Month-to-month,Yes,Electronic check,25-48 Months,Premium,Q3,4869
1384-RCUXW,Month-to-month,Yes,Mailed check,13-24 Months,High,Q2,4870
5825-XJOCM,One year,Yes,Bank transfer (automatic),25-48 Months,Medium,Q3,4871
6848-YLDFR,One year,Yes,Credit card (automatic),49-60 Months,High,Q4,4872
8125-QPFJD,Two year,Yes,Bank transfer (automatic),61-72 Months,High,Q4,4873
2320-YKQBO,Month-to-month,No,Mailed check,0-12 Months,Low,Q1,4874
1193-RTSLK,Month-to-month,Yes,Credit card (automatic),25-48 Months,High,Q3,4875
2302-ANTDP,Month-to-month,No,Electronic check,25-48 Months,Premium,Q4,4876
5923-GXUOC,Month-to-month,Yes,Electronic check,0-12 Months,Premium,Q2,4877
4973-RLZVI,One year,No,Credit card (automatic),25-48 Months,High,Q3,4878
7869-ZYDST,Month-to-month,Yes,Credit card (automatic),25-48 Months,Medium,Q3,4879
4501-UYKBC,One year,Yes,Credit card (automatic),25-48 Months,Medium,Q3,4880
1215-EXRMO,Two year,No,Mailed check,49-60 Months,Low,Q2,4881
2305-MRGLV,Month-to-month,No,Bank transfer (automatic),25-48 Months,High,Q3,4882
8404-VIOMB,Two year,Yes,Bank transfer (automatic),61-72 Months,Medium,Q4,4883
5233-GEEAX,Month-to-month,Yes,Electronic check,0-12 Months,Low,Q1,4884
2359-KLTEK,Month-to-month,Yes,Bank transfer (automatic),25-48 Months,Premium,Q4,4885
5304-EFJLP,Two year,Yes,Bank transfer (automatic),61-72 Months,Premium,Q4,4886
2673-ZALNP,One year,No,Mailed check,0-12 Months,Low,Q1,4887
9184-GALIL,Month-to-month,No,Mailed check,25-48 Months,Low,Q2,4888
4393-RYCRE,One year,Yes,Electronic check,25-48 Months,Premium,Q4,4889
9746-MDMBK,One year,Yes,Bank transfer (automatic),25-48 Months,Premium,Q4,4890
3162-ZJZFU,Month-to-month,Yes,Electronic check,49-60 Months,Premium,Q4,4891
8404-GFGCZ,Month-to-month,No,Electronic check,0-12 Months,Medium,Q1,4892
8875-AKBYH,Month-to-month,Yes,Electronic check,13-24 Months,High,Q3,4893
4432-ADRLB,Month-to-month,No,Mailed check,0-12 Months,Medium,Q1,4894
0533-UCAAU,One year,Yes,Credit card (automatic),49-60 Months,High,Q4,4895
1394-SUIUH,Month-to-month,Yes,Electronic check,25-48 Months,High,Q3,4896
3521-MNKLV,Month-to-month,Yes,Mailed check,13-24 Months,Medium,Q2,4897
2533-TIBIX,Month-to-month,Yes,Bank transfer (automatic),13-24 Months,Low,Q2,4898
8993-PHFWD,Month-to-month,No,Electronic check,0-12 Months,Low,Q1,4899
1565-RHDJD,Month-to-month,No,Bank transfer (automatic),0-12 Months,High,Q1,4900
7137-RYLPP,Month-to-month,Yes,Electronic check,25-48 Months,High,Q3,4901
3765-JXVKY,Month-to-month,Yes,Electronic check,0-12 Months,High,Q1,4902
5092-STPKP,Month-to-month,No,Credit card (automatic),13-24 Months,Medium,Q2,4903
7330-WZLNC,Month-to-month,Yes,Electronic check,0-12 Months,Premium,Q2,4904
0114-PEGZZ,Month-to-month,No,Electronic check,25-48 Months,Premium,Q3,4905
3359-DSRKA,Two year,Yes,Mailed check,49-60 Months,Low,Q2,4906
8639-NHQEI,Two year,Yes,Bank transfer (automatic),61-72 Months,Premium,Q4,4907
7161-DFHUF,Two year,No,Mailed check,61-72 Months,Low,Q3,4908
3957-LXOLK,Month-to-month,Yes,Electronic check,25-48 Months,Premium,Q3,4909
3720-DBRWL,Two year,Yes,Credit card (automatic),49-60 Months,High,Q4,4910
6635-MYYYZ,One year,No,Bank transfer (automatic),25-48 Months,High,Q3,4911
8565-WUXZU,Two year,Yes,Credit card (automatic),61-72 Months,High,Q4,4912
5281-BUZGT,Month-to-month,Yes,Electronic check,25-48 Months,Premium,Q3,4913
4994-OBRSZ,Two year,No,Bank transfer (automatic),13-24 Months,High,Q2,4914
0562-FGDCR,Two year,No,Mailed check,61-72 Months,High,Q4,4915
2436-QBZFP,Month-to-month,No,Electronic check,13-24 Months,Medium,Q2,4916
3420-YJLQT,Month-to-month,No,Electronic check,0-12 Months,High,Q1,4917
6040-CGACY,Month-to-month,No,Mailed check,13-24 Months,Low,Q1,4918
6582-PLFUU,Two year,No,Credit card (automatic),49-60 Months,Low,Q2,4919
8242-PDSGJ,Two year,Yes,Credit card (automatic),61-72 Months,Medium,Q3,4920
0264-CNITK,Two year,No,Bank transfer (automatic),61-72 Months,Low,Q2,4921
0089-IIQKO,Month-to-month,Yes,Credit card (automatic),25-48 Months,Premium,Q3,4922
7839-NUIAA,Month-to-month,No,Electronic check,61-72 Months,Medium,Q3,4923
6075-QMNRR,Month-to-month,Yes,Bank transfer (automatic),49-60 Months,Medium,Q3,4924
5378-IKEEG,Month-to-month,Yes,Electronic check,0-12 Months,Medium,Q1,4925
5966-EMAZU,One year,Yes,Mailed check,61-72 Months,Premium,Q4,4926
0440-EKDCF,Two year,Yes,Credit card (automatic),61-72 Months,Medium,Q3,4927
4774-HHGGS,Two year,No,Mailed check,25-48 Months,Low,Q2,4928
2718-GAXQD,Month-to-month,No,Electronic check,0-12 Months,Medium,Q1,4929
2055-BFOCC,One year,Yes,Bank transfer (automatic),61-72 Months,High,Q4,4930
8180-AKMJV,Month-to-month,Yes,Credit card (automatic),0-12 Months,Medium,Q1,4931
4298-OYIFC,Month-to-month,Yes,Electronic check,13-24 Months,Premium,Q3,4932
5566-SOEZD,One year,Yes,Credit card (automatic),25-48 Months,High,Q3,4933
9842-EFSYY,Month-to-month,Yes,Mailed check,0-12 Months,Medium,Q1,4934
2272-WUSPA,Two year,Yes,Electronic check,61-72 Months,Premium,Q4,4935
4584-LBNMK,One year,No,Credit card (automatic),25-48 Months,Low,Q2,4936
3898-GUYTS,Month-to-month,Yes,Electronic check,25-48 Months,Premium,Q4,4937
0930-EHUZA,One year,Yes,Mailed check,25-48 Months,High,Q3,4938
6413-XKKPU,Month-to-month,Yes,Electronic check,13-24 Months,High,Q3,4939
9975-SKRNR,Month-to-month,No,Mailed check,0-12 Months,Low,Q1,4940
3703-KBKZP,Month-to-month,Yes,Bank transfer (automatic),13-24 Months,High,Q2,4941
1449-XQEMT,Month-to-month,Yes,Mailed check,0-12 Months,Low,Q1,4942
2626-URJFX,Month-to-month,Yes,Electronic check,0-12 Months,Medium,Q1,4943
4973-MGTON,Two year,Yes,Credit card (automatic),61-72 Months,High,Q4,4944
3682-YEUWS,Month-to-month,Yes,Mailed check,0-12 Months,Low,Q1,4945
1223-UNPKS,Two year,No,Mailed check,13-24 Months,Low,Q1,4946
2612-RRIDN,Month-to-month,Yes,Electronic check,0-12 Months,High,Q1,4947
4735-ASGMA,Month-to-month,Yes,Electronic check,25-48 Months,Premium,Q3,4948
3446-QDSZF,Month-to-month,No,Credit card (automatic),0-12 Months,Medium,Q1,4949
3669-LVWZB,Month-to-month,Yes,Mailed check,0-12 Months,Medium,Q1,4950
6892-EZDTG,Month-to-month,Yes,Electronic check,0-12 Months,Premium,Q1,4951
5117-IFGPS,Month-to-month,Yes,Electronic check,25-48 Months,High,Q3,4952
7379-FNIUJ,Month-to-month,No,Electronic check,0-12 Months,Premium,Q1,4953
1627-AFWVJ,Two year,No,Mailed check,25-48 Months,Low,Q2,4954
9725-SCPZG,Month-to-month,Yes,Electronic check,0-12 Months,Premium,Q1,4955
5884-GCYMI,Month-to-month,No,Mailed check,0-12 Months,Medium,Q1,4956
3217-FZDMN,Month-to-month,Yes,Credit card (automatic),0-12 Months,Premium,Q2,4957
4486-EFAEB,Month-to-month,Yes,Electronic check,13-24 Months,Low,Q1,4958
0060-FUALY,Month-to-month,Yes,Electronic check,49-60 Months,Premium,Q4,4959
7853-GVUDZ,Month-to-month,Yes,Credit card (automatic),0-12 Months,Low,Q1,4960
7480-QNVZJ,Month-to-month,Yes,Electronic check,49-60 Months,Premium,Q4,4961
6954-OOYZZ,Month-to-month,Yes,Bank transfer (automatic),13-24 Months,Medium,Q2,4962
7088-FBAWU,Month-to-month,No,Mailed check,13-24 Months,High,Q2,4963
8313-AFGBW,Two year,No,Electronic check,25-48 Months,High,Q3,4964
3943-KDREE,Month-to-month,Yes,Bank transfer (automatic),25-48 Months,High,Q3,4965
9239-ZBZZV,Month-to-month,Yes,Electronic check,0-12 Months,Medium,Q1,4966
3097-IDVPU,Month-to-month,No,Credit card (automatic),13-24 Months,Medium,Q2,4967
4398-HSCJH,Month-to-month,Yes,Electronic check,0-12 Months,Medium,Q1,4968
2197-OMWGI,Two year,Yes,Electronic check,61-72 Months,Medium,Q3,4969
2303-PJYHN,Month-to-month,No,Bank transfer (automatic),0-12 Months,Low,Q1,4970
9795-VOWON,One year,Yes,Credit card (automatic),0-12 Months,Low,Q1,4971
1237-WIYYZ,Month-to-month,Yes,Mailed check,13-24 Months,Low,Q1,4972
1987-AUELQ,Two year,No,Credit card (automatic),61-72 Months,Low,Q3,4973
7852-LECYP,Month-to-month,No,Credit card (automatic),13-24 Months,Premium,Q2,4974
4430-UZIPO,Month-to-month,Yes,Mailed check,0-12 Months,Medium,Q1,4975
4822-LPTYJ,Two year,Yes,Bank transfer (automatic),61-72 Months,Premium,Q4,4976
8165-CBKXO,Two year,Yes,Credit card (automatic),61-72 Months,Medium,Q3,4977
6527-PZFPV,One year,Yes,Credit card (automatic),13-24 Months,Low,Q2,4978
4855-SNKMY,Month-to-month,Yes,Electronic check,0-12 Months,Medium,Q1,4979
9593-CVZKR,Two year,Yes,Mailed check,49-60 Months,Low,Q2,4980
8595-SIZNC,One year,No,Bank transfer (automatic),13-24 Months,Low,Q2,4981
8008-HAWED,Month-to-month,Yes,Electronic check,13-24 Months,Medium,Q2,4982
7124-UGSUR,One year,Yes,Credit card (automatic),61-72 Months,Premium,Q4,4983
1862-SKORY,Month-to-month,Yes,Electronic check,25-48 Months,Medium,Q3,4984
5236-XMZJY,Month-to-month,No,Bank transfer (automatic),25-48 Months,Medium,Q3,4985
4827-DPADN,Two year,Yes,Bank transfer (automatic),61-72 Months,High,Q4,4986
2694-CIUMO,Month-to-month,Yes,Credit card (automatic),0-12 Months,High,Q2,4987
5846-ABOBJ,Two year,No,Bank transfer (automatic),61-72 Months,Low,Q3,4988
1439-LCGVL,One year,No,Mailed check,25-48 Months,Low,Q2,4989
0909-SDHNU,Month-to-month,No,Mailed check,0-12 Months,Low,Q1,4990
4647-XXZAM,Month-to-month,No,Mailed check,0-12 Months,Medium,Q1,4991
1502-XFCVR,One year,Yes,Electronic check,49-60 Months,Premium,Q4,4992
7740-KKCXF,Month-to-month,Yes,Credit card (automatic),49-60 Months,Low,Q3,4993
5360-XGYAZ,Two year,Yes,Bank transfer (automatic),61-72 Months,Medium,Q4,4994
9692-TUSXH,Month-to-month,Yes,Electronic check,13-24 Months,Premium,Q3,4995
7912-SYRQT,Month-to-month,Yes,Bank transfer (automatic),0-12 Months,High,Q2,4996
3557-HTYWR,Two year,No,Mailed check,25-48 Months,High,Q3,4997
4816-JBHOV,Month-to-month,Yes,Electronic check,0-12 Months,Medium,Q1,4998
8920-NAVAY,One year,Yes,Bank transfer (automatic),61-72 Months,Premium,Q4,4999
1699-TLDLZ,Two year,No,Mailed check,13-24 Months,Low,Q1,5000
5600-PDUJF,Month-to-month,Yes,Credit card (automatic),0-12 Months,Medium,Q1,5001
8292-TYSPY,Month-to-month,Yes,Credit card (automatic),13-24 Months,Medium,Q2,5002
0567-XRHCU,Two year,Yes,Credit card (automatic),61-72 Months,Medium,Q3,5003
1867-BDVFH,Month-to-month,Yes,Electronic check,0-12 Months,High,Q2,5004
2067-QYTCF,Month-to-month,Yes,Electronic check,61-72 Months,Premium,Q4,5005
2359-QWQUL,One year,Yes,Credit card (automatic),25-48 Months,Premium,Q4,5006
9103-TCIHJ,Month-to-month,Yes,Mailed check,13-24 Months,Medium,Q2,5007
7407-SUJIZ,Month-to-month,No,Mailed check,25-48 Months,Low,Q2,5008
9150-KPBJQ,Two year,No,Credit card (automatic),0-12 Months,Low,Q1,5009
0052-DCKON,One year,No,Bank transfer (automatic),61-72 Months,Premium,Q4,5010
3654-ARMGP,Two year,No,Credit card (automatic),61-72 Months,High,Q4,5011
9699-UBQFS,Month-to-month,Yes,Electronic check,25-48 Months,Premium,Q4,5012
9367-TCUYN,Month-to-month,No,Mailed check,0-12 Months,Low,Q1,5013
1261-FWTTE,Month-to-month,Yes,Bank transfer (automatic),13-24 Months,Low,Q2,5014
3528-HFRIQ,Month-to-month,Yes,Bank transfer (automatic),61-72 Months,Medium,Q3,5015
0708-SJDIS,Month-to-month,No,Mailed check,25-48 Months,Medium,Q3,5016
4140-WJAWW,Month-to-month,No,Credit card (automatic),0-12 Months,Low,Q1,5017
2073-QBVBI,One year,No,Mailed check,25-48 Months,Medium,Q2,5018
6928-ONTRW,Two year,No,Credit card (automatic),61-72 Months,Low,Q2,5019
3320-VEOYC,Month-to-month,Yes,Electronic check,13-24 Months,Premium,Q2,5020
5231-FIQPA,Two year,Yes,Mailed check,25-48 Months,Low,Q2,5021
6617-WLBQC,One year,No,Credit card (automatic),13-24 Months,High,Q3,5022
2599-CIPQE,Two year,No,Credit card (automatic),61-72 Months,Premium,Q4,5023
6653-CBBOM,Month-to-month,Yes,Electronic check,0-12 Months,High,Q1,5024
8774-GSBUN,Two year,No,Mailed check,61-72 Months,Low,Q3,5025
7326-RIGQZ,Month-to-month,Yes,Electronic check,0-12 Months,Medium,Q1,5026
1401-FTHFQ,One year,Yes,Credit card (automatic),13-24 Months,Low,Q2,5027
3247-ZVOUO,Month-to-month,No,Electronic check,0-12 Months,High,Q2,5028
0254-FNMCI,Two year,Yes,Electronic check,61-72 Months,Premium,Q4,5029
1848-LBZHY,Month-to-month,Yes,Bank transfer (automatic),0-12 Months,Medium,Q1,5030
6101-IMRMM,Month-to-month,No,Mailed check,0-12 Months,Premium,Q2,5031
8118-TJAFG,Month-to-month,Yes,Electronic check,0-12 Months,Premium,Q2,5032
5429-LWCMV,Month-to-month,Yes,Electronic check,0-12 Months,High,Q2,5033
7298-IZWLY,Month-to-month,Yes,Mailed check,0-12 Months,Low,Q1,5034
9758-MFWGD,One year,No,Bank transfer (automatic),25-48 Months,Low,Q2,5035
3955-JBZZM,Month-to-month,No,Electronic check,13-24 Months,High,Q3,5036
1268-ASBGA,Month-to-month,Yes,Credit card (automatic),13-24 Months,High,Q2,5037
8943-URTMR,Month-to-month,Yes,Mailed check,0-12 Months,High,Q1,5038
4815-TUMEQ,One year,Yes,Mailed check,0-12 Months,Low,Q1,5039
4713-LZDRV,Month-to-month,Yes,Electronic check,0-12 Months,High,Q1,5040
9909-IDLEK,Month-to-month,No,Mailed check,13-24 Months,Premium,Q3,5041
4092-OFQZS,One year,No,Mailed check,13-24 Months,Low,Q2,5042
1561-BWHIN,One year,No,Mailed check,13-24 Months,Low,Q1,5043
4325-NFSKC,Month-to-month,Yes,Electronic check,13-24 Months,Premium,Q3,5044
9927-DSWDF,Month-to-month,Yes,Electronic check,13-24 Months,Premium,Q3,5045
9500-LTVBP,Month-to-month,No,Credit card (automatic),25-48 Months,High,Q3,5046
7252-NTGSS,Month-to-month,No,Mailed check,0-12 Months,Medium,Q1,5047
8149-AIQCG,Month-to-month,Yes,Credit card (automatic),25-48 Months,High,Q3,5048
1360-JYXKQ,One year,Yes,Electronic check,49-60 Months,Premium,Q4,5049
2955-PSXOE,Month-to-month,Yes,Bank transfer (automatic),0-12 Months,Low,Q1,5050
7762-URZQH,Two year,Yes,Credit card (automatic),61-72 Months,Premium,Q4,5051
0899-WZRSD,Month-to-month,Yes,Mailed check,49-60 Months,Premium,Q4,5052
3255-GRXMG,Month-to-month,Yes,Credit card (automatic),13-24 Months,Medium,Q2,5053
4828-FAZPK,Month-to-month,Yes,Credit card (automatic),13-24 Months,High,Q2,5054
6094-ZIVKX,One year,Yes,Credit card (automatic),61-72 Months,Medium,Q3,5055
6925-BAYGL,Two year,No,Credit card (automatic),49-60 Months,Low,Q2,5056
3262-EIDHV,Two year,No,Credit card (automatic),61-72 Months,High,Q4,5057
7354-OIJLX,Month-to-month,Yes,Electronic check,0-12 Months,High,Q2,5058
1376-HHBDV,Month-to-month,Yes,Mailed check,25-48 Months,Medium,Q3,5059
6907-NZZIJ,Month-to-month,Yes,Electronic check,25-48 Months,Premium,Q3,5060
6133-OZILE,Month-to-month,Yes,Electronic check,13-24 Months,Medium,Q2,5061
4135-FRWKJ,One year,No,Electronic check,49-60 Months,High,Q4,5062
2911-UREFD,Month-to-month,No,Electronic check,25-48 Months,Medium,Q3,5063
3744-ZRRDZ,Month-to-month,Yes,Electronic check,13-24 Months,High,Q3,5064
5673-TIYIB,Month-to-month,Yes,Credit card (automatic),0-12 Months,Medium,Q1,5065
6551-ZCOTS,One year,Yes,Bank transfer (automatic),25-48 Months,Low,Q2,5066
7191-ADRGF,Two year,No,Bank transfer (automatic),25-48 Months,Medium,Q3,5067
5018-LXQQG,Month-to-month,No,Bank transfer (automatic),25-48 Months,Medium,Q3,5068
6892-BOGQE,Two year,Yes,Bank transfer (automatic),61-72 Months,Low,Q3,5069
1602-IJQQE,Month-to-month,No,Electronic check,0-12 Months,High,Q1,5070
4628-WQCQQ,One year,Yes,Electronic check,25-48 Months,High,Q3,5071
1746-TGTWV,Month-to-month,No,Credit card (automatic),0-12 Months,High,Q1,5072
5995-SNNEW,Month-to-month,Yes,Electronic check,13-24 Months,Premium,Q3,5073
8050-WYBND,One year,Yes,Credit card (automatic),13-24 Months,Medium,Q2,5074
2821-WARNZ,One year,No,Credit card (automatic),49-60 Months,Low,Q2,5075
4879-GZLFH,Month-to-month,Yes,Electronic check,25-48 Months,Premium,Q4,5076
1644-IRKSF,One year,Yes,Electronic check,25-48 Months,Premium,Q3,5077
8314-HTWVE,Two year,No,Mailed check,0-12 Months,Low,Q1,5078
9402-ROUMJ,One year,Yes,Bank transfer (automatic),61-72 Months,Premium,Q4,5079
2507-QZPQS,Month-to-month,No,Electronic check,13-24 Months,Premium,Q3,5080
7159-NOKYQ,Two year,Yes,Electronic check,61-72 Months,Premium,Q4,5081
5707-ZMDJP,Two year,Yes,Mailed check,49-60 Months,Medium,Q3,5082
8779-YIQQA,One year,No,Mailed check,13-24 Months,Low,Q1,5083
7136-IHZJA,Month-to-month,Yes,Mailed check,25-48 Months,High,Q3,5084
8966-OIQHG,One year,No,Bank transfer (automatic),13-24 Months,Low,Q2,5085
7074-STDCN,Month-to-month,Yes,Electronic check,25-48 Months,Medium,Q3,5086
3705-PSNGL,One year,Yes,Electronic check,25-48 Months,Low,Q2,5087
8739-QOTTN,Month-to-month,No,Mailed check,0-12 Months,Low,Q1,5088
1399-OUPJN,Two year,No,Bank transfer (automatic),49-60 Months,Low,Q2,5089
0277-BKSQP,Month-to-month,Yes,Electronic check,0-12 Months,Medium,Q2,5090
6502-HCJTI,Month-to-month,Yes,Credit card (automatic),0-12 Months,Premium,Q2,5091
2606-RMDHZ,Month-to-month,Yes,Credit card (automatic),0-12 Months,Low,Q1,5092
5774-XZTQC,Month-to-month,No,Mailed check,0-12 Months,Low,Q1,5093
2676-SSLTO,Two year,Yes,Bank transfer (automatic),49-60 Months,Medium,Q3,5094
6266-QHOJZ,One year,Yes,Electronic check,61-72 Months,High,Q4,5095
7269-JISCY,One year,No,Bank transfer (automatic),49-60 Months,Medium,Q3,5096
0363-SVHYR,Two year,No,Bank transfer (automatic),61-72 Months,High,Q4,5097
8547-NSBBO,Month-to-month,Yes,Mailed check,25-48 Months,Premium,Q3,5098
8258-GSTJK,Month-to-month,Yes,Electronic check,0-12 Months,High,Q1,5099
6861-OKBCE,Month-to-month,No,Credit card (automatic),0-12 Months,Low,Q1,5100
9940-RHLFB,Month-to-month,No,Electronic check,0-12 Months,High,Q1,5101
6591-QGOYB,Month-to-month,Yes,Bank transfer (automatic),13-24 Months,Premium,Q3,5102
9070-BCKQP,Two year,Yes,Credit card (automatic),61-72 Months,Premium,Q4,5103
6421-SZVEM,One year,Yes,Bank transfer (automatic),25-48 Months,High,Q3,5104
1328-EUZHC,Two year,No,Mailed check,13-24 Months,Low,Q1,5105
2995-UPRYS,One year,Yes,Credit card (automatic),25-48 Months,Premium,Q4,5106
8878-RYUKI,Month-to-month,Yes,Electronic check,49-60 Months,Medium,Q3,5107
9633-DENPU,Month-to-month,Yes,Bank transfer (automatic),25-48 Months,Medium,Q3,5108
7811-JIVPF,Month-to-month,No,Credit card (automatic),13-24 Months,Medium,Q2,5109
7113-HIPFI,Two year,No,Mailed check,61-72 Months,Medium,Q4,5110
8541-QVFKM,Month-to-month,Yes,Electronic check,0-12 Months,High,Q2,5111
6686-YPGHK,Month-to-month,No,Mailed check,25-48 Months,High,Q4,5112
1383-EZRWL,Month-to-month,No,Mailed check,0-12 Months,Low,Q1,5113
9258-CNWAC,Two year,No,Credit card (automatic),61-72 Months,Premium,Q4,5114
5371-VYLSX,Month-to-month,Yes,Electronic check,49-60 Months,High,Q4,5115
6374-AFWOX,Two year,No,Mailed check,25-48 Months,Medium,Q3,5116
4759-TRPLW,Month-to-month,No,Electronic check,0-12 Months,High,Q1,5117
5317-FLPJF,Two year,Yes,Bank transfer (automatic),61-72 Months,Medium,Q4,5118
7621-VPNET,Month-to-month,Yes,Credit card (automatic),25-48 Months,High,Q3,5119
6034-YMTOB,Month-to-month,Yes,Mailed check,0-12 Months,High,Q1,5120
8563-IIOXK,One year,Yes,Electronic check,0-12 Months,Medium,Q1,5121
4903-CNOZC,One year,No,Credit card (automatic),25-48 Months,High,Q3,5122
4353-HYOJD,Month-to-month,No,Mailed check,25-48 Months,Medium,Q2,5123
8020-BWHYL,Month-to-month,Yes,Credit card (automatic),13-24 Months,High,Q2,5124
7267-FRMJW,Two year,No,Mailed check,25-48 Months,Low,Q2,5125
2982-VPSGI,Month-to-month,Yes,Electronic check,0-12 Months,Premium,Q2,5126
4188-FRABG,Month-to-month,Yes,Electronic check,49-60 Months,Premium,Q4,5127
8199-ZLLSA,One year,Yes,Bank transfer (automatic),61-72 Months,Premium,Q4,5128
4128-ETESU,Month-to-month,No,Electronic check,25-48 Months,Premium,Q4,5129
0620-DLSLK,Month-to-month,Yes,Mailed check,13-24 Months,High,Q2,5130
4625-EWPTF,Month-to-month,Yes,Electronic check,0-12 Months,Low,Q1,5131
5980-NOPLP,Month-to-month,Yes,Electronic check,25-48 Months,Premium,Q4,5132
3850-OKINF,One year,Yes,Electronic check,61-72 Months,Medium,Q4,5133
6892-XPFPU,Month-to-month,Yes,Electronic check,13-24 Months,Premium,Q3,5134
8010-EZLOU,Month-to-month,Yes,Electronic check,13-24 Months,High,Q2,5135
1156-ZFYDO,Month-to-month,No,Electronic check,0-12 Months,Low,Q1,5136
3295-YVUSR,Month-to-month,Yes,Mailed check,0-12 Months,High,Q1,5137
8016-NCFVO,Month-to-month,Yes,Electronic check,49-60 Months,Premium,Q4,5138
4119-ZYPZY,Two year,Yes,Electronic check,61-72 Months,Premium,Q4,5139
5549-ZGHFB,Two year,No,Mailed check,49-60 Months,Low,Q2,5140
7577-SWIFR,Month-to-month,Yes,Electronic check,0-12 Months,High,Q1,5141
0303-WMMRN,Month-to-month,Yes,Mailed check,0-12 Months,Low,Q1,5142
6408-OTUBZ,One year,Yes,Bank transfer (automatic),61-72 Months,Premium,Q4,5143
5204-HMGYF,One year,Yes,Mailed check,49-60 Months,High,Q4,5144
1078-TDCRN,Month-to-month,Yes,Electronic check,0-12 Months,Low,Q1,5145
3727-OVPRY,One year,Yes,Credit card (automatic),61-72 Months,Low,Q3,5146
3797-FKOGQ,Month-to-month,No,Electronic check,0-12 Months,High,Q2,5147
7622-NXQZR,Month-to-month,Yes,Credit card (automatic),25-48 Months,Low,Q2,5148
6196-HBOBZ,Two year,Yes,Electronic check,61-72 Months,Premium,Q4,5149
3970-XGJDU,Two year,Yes,Credit card (automatic),61-72 Months,Low,Q2,5150
7017-VFULY,Month-to-month,No,Bank transfer (automatic),0-12 Months,Low,Q1,5151
5562-YJQGT,Month-to-month,No,Credit card (automatic),0-12 Months,Low,Q1,5152
8807-OPMBM,Two year,Yes,Credit card (automatic),49-60 Months,Low,Q2,5153
5439-WIKXB,Month-to-month,Yes,Electronic check,25-48 Months,Premium,Q4,5154
9874-QLCLH,Month-to-month,Yes,Electronic check,13-24 Months,Premium,Q3,5155
8294-UIMBA,One year,Yes,Bank transfer (automatic),25-48 Months,Premium,Q3,5156
8109-YUOHE,One year,No,Mailed check,13-24 Months,Medium,Q2,5157
5840-NVDCG,Two year,No,Bank transfer (automatic),13-24 Months,Medium,Q2,5158
8092-NLTGF,Two year,No,Bank transfer (automatic),61-72 Months,Low,Q3,5159
5928-QLDHB,Month-to-month,Yes,Electronic check,0-12 Months,High,Q2,5160
9840-EFJQB,Month-to-month,No,Electronic check,0-12 Months,High,Q1,5161
0696-UKTOX,Month-to-month,No,Electronic check,13-24 Months,Medium,Q2,5162
4801-KFYKL,Month-to-month,No,Bank transfer (automatic),0-12 Months,Low,Q1,5163
3472-OAOOR,Month-to-month,Yes,Mailed check,13-24 Months,Low,Q2,5164
6135-OZQVA,Month-to-month,Yes,Electronic check,0-12 Months,Medium,Q2,5165
8062-YBDOE,Month-to-month,Yes,Electronic check,0-12 Months,Medium,Q1,5166
2252-JHJGE,One year,No,Electronic check,61-72 Months,Premium,Q4,5167
4188-PCPIG,Two year,Yes,Credit card (automatic),49-60 Months,High,Q4,5168
6000-APYLU,Month-to-month,Yes,Electronic check,0-12 Months,High,Q2,5169
7105-BENQF,One year,No,Mailed check,13-24 Months,Medium,Q2,5170
7721-DVEKZ,Month-to-month,No,Mailed check,0-12 Months,Low,Q1,5171
3566-VVORZ,Month-to-month,No,Bank transfer (automatic),0-12 Months,Medium,Q2,5172
9507-HSMMZ,Two year,No,Mailed check,49-60 Months,Low,Q2,5173
2480-SQIOB,Month-to-month,No,Electronic check,0-12 Months,Medium,Q1,5174
0947-IDHRQ,Month-to-month,Yes,Mailed check,0-12 Months,High,Q2,5175
7813-TKCVO,One year,No,Mailed check,13-24 Months,Low,Q1,5176
0128-MKWSG,Month-to-month,No,Mailed check,25-48 Months,Medium,Q2,5177
3672-YITQD,Month-to-month,Yes,Electronic check,25-48 Months,High,Q3,5178
4350-ZTLPI,One year,Yes,Bank transfer (automatic),49-60 Months,Premium,Q4,5179
9048-JVYVF,Month-to-month,Yes,Electronic check,0-12 Months,Medium,Q1,5180
0361-HJRDX,Two year,No,Credit card (automatic),61-72 Months,Medium,Q4,5181
5727-MYATE,Two year,Yes,Credit card (automatic),61-72 Months,Premium,Q4,5182
3823-KYNQY,One year,No,Credit card (automatic),0-12 Months,Low,Q1,5183
8988-ECPJR,Month-to-month,Yes,Mailed check,25-48 Months,High,Q3,5184
7570-WELNY,Two year,Yes,Bank transfer (automatic),61-72 Months,High,Q4,5185
3021-VLNRJ,One year,Yes,Credit card (automatic),49-60 Months,High,Q3,5186
3776-EKTKM,Month-to-month,Yes,Electronic check,0-12 Months,Medium,Q1,5187
2080-CAZNM,Month-to-month,Yes,Electronic check,25-48 Months,Premium,Q4,5188
1028-FFNJK,Month-to-month,Yes,Electronic check,25-48 Months,Premium,Q3,5189
6907-FLBER,Month-to-month,No,Electronic check,0-12 Months,Medium,Q1,5190
3001-UNBTL,Month-to-month,Yes,Electronic check,25-48 Months,Premium,Q3,5191
5982-PSMKW,Two year,Yes,Credit card (automatic),13-24 Months,Premium,Q3,5192
3507-GASNP,Two year,No,Mailed check,49-60 Months,Low,Q2,5193
7096-ZNBZI,Two year,No,Credit card (automatic),61-72 Months,Low,Q3,5194
1902-XBTFB,Month-to-month,Yes,Electronic check,13-24 Months,High,Q3,5195
1676-MQAOA,Two year,Yes,Bank transfer (automatic),61-72 Months,High,Q4,5196
0786-IVLAW,One year,No,Bank transfer (automatic),61-72 Months,Premium,Q4,5197
7566-DSRLQ,Two year,Yes,Electronic check,61-72 Months,Premium,Q4,5198
0643-OKLRP,Month-to-month,No,Electronic check,25-48 Months,High,Q4,5199
7245-JMTTQ,One year,Yes,Electronic check,49-60 Months,Premium,Q4,5200
6050-IJRHS,One year,Yes,Electronic check,61-72 Months,Premium,Q4,5201
6202-JVYEU,One year,Yes,Electronic check,0-12 Months,Low,Q1,5202
8591-TKMZH,Two year,Yes,Mailed check,49-60 Months,Premium,Q4,5203
0734-OXWBT,Month-to-month,No,Mailed check,0-12 Months,High,Q1,5204
4282-ACRXS,Month-to-month,Yes,Electronic check,25-48 Months,Low,Q2,5205
0365-TRTPY,Month-to-month,No,Bank transfer (automatic),25-48 Months,Premium,Q3,5206
7349-ALMUX,Two year,No,Bank transfer (automatic),25-48 Months,Medium,Q3,5207
9381-NDKME,Month-to-month,Yes,Credit card (automatic),13-24 Months,Medium,Q2,5208
6502-KUGLL,Month-to-month,No,Bank transfer (automatic),13-24 Months,Medium,Q2,5209
1841-YSJGV,Two year,Yes,Credit card (automatic),61-72 Months,Premium,Q4,5210
2794-XIMMO,One year,Yes,Electronic check,49-60 Months,Medium,Q3,5211
8382-SHQEH,Month-to-month,Yes,Electronic check,0-12 Months,High,Q2,5212
3511-BFTJW,Two year,No,Credit card (automatic),61-72 Months,Medium,Q3,5213
7668-XCFYV,Month-to-month,Yes,Electronic check,13-24 Months,Premium,Q3,5214
2983-ZANRP,Month-to-month,Yes,Bank transfer (automatic),0-12 Months,High,Q1,5215
7845-URHJN,Month-to-month,No,Bank transfer (automatic),0-12 Months,Low,Q1,5216
3034-ZBEQN,One year,No,Mailed check,25-48 Months,Low,Q3,5217
5018-HEKFO,Month-to-month,Yes,Mailed check,0-12 Months,Low,Q1,5218
2923-ARZLG,One year,Yes,Mailed check,0-12 Months,Low,Q2,5219
3976-NLDEZ,Month-to-month,No,Mailed check,0-12 Months,Low,Q1,5220
2282-YGNOR,One year,No,Credit card (automatic),25-48 Months,Medium,Q3,5221
5336-UFNZP,One year,Yes,Electronic check,61-72 Months,Premium,Q4,5222
6854-EXGSF,Month-to-month,Yes,Bank transfer (automatic),0-12 Months,Medium,Q2,5223
1241-EZFMJ,Two year,No,Bank transfer (automatic),61-72 Months,Low,Q3,5224
9233-PSYHO,One year,Yes,Bank transfer (automatic),25-48 Months,Premium,Q4,5225
5376-PCKNB,One year,Yes,Credit card (automatic),61-72 Months,Premium,Q4,5226
8044-BGWPI,Month-to-month,Yes,Electronic check,0-12 Months,Low,Q1,5227
4060-LDNLU,Month-to-month,No,Electronic check,0-12 Months,Premium,Q2,5228
3589-PPVKW,Month-to-month,Yes,Mailed check,0-12 Months,Medium,Q1,5229
8327-LZKAS,One year,Yes,Electronic check,25-48 Months,Premium,Q4,5230
5887-IKKYO,Two year,No,Bank transfer (automatic),49-60 Months,Premium,Q4,5231
1075-BGWOH,Month-to-month,Yes,Electronic check,13-24 Months,Premium,Q3,5232
1755-RMCXH,Month-to-month,No,Mailed check,0-12 Months,Low,Q1,5233
0302-JOIVN,Month-to-month,No,Electronic check,0-12 Months,Premium,Q2,5234
3858-XHYJO,One year,No,Bank transfer (automatic),25-48 Months,Premium,Q4,5235
4299-SIMNS,Month-to-month,Yes,Electronic check,0-12 Months,High,Q2,5236
7025-IWFHT,One year,Yes,Electronic check,25-48 Months,High,Q3,5237
6261-LHRTG,Month-to-month,Yes,Credit card (automatic),25-48 Months,Medium,Q3,5238
7841-FCRQD,One year,Yes,Credit card (automatic),25-48 Months,Medium,Q3,5239
2056-EVGZL,One year,No,Credit card (automatic),61-72 Months,Premium,Q4,5240
8777-MBMTS,Two year,Yes,Credit card (automatic),61-72 Months,Premium,Q4,5241
7753-USQYQ,One year,Yes,Electronic check,49-60 Months,Medium,Q3,5242
5366-IJEQJ,Month-to-month,Yes,Electronic check,13-24 Months,High,Q3,5243
7661-CPURM,One year,Yes,Credit card (automatic),13-24 Months,High,Q3,5244
6233-HXJMX,Month-to-month,Yes,Credit card (automatic),25-48 Months,High,Q4,5245
5902-WBLSE,Two year,Yes,Credit card (automatic),61-72 Months,Low,Q3,5246
1981-INRFU,Month-to-month,Yes,Electronic check,0-12 Months,High,Q1,5247
4971-PUYQO,Month-to-month,Yes,Mailed check,25-48 Months,Premium,Q3,5248
3239-TPHPZ,Two year,Yes,Electronic check,0-12 Months,Low,Q1,5249
5115-GZDEL,Two year,No,Credit card (automatic),61-72 Months,Medium,Q4,5250
3338-CVVEH,Month-to-month,No,Electronic check,0-12 Months,Premium,Q2,5251
8485-GJCDN,Month-to-month,Yes,Mailed check,0-12 Months,Medium,Q1,5252
2615-YVMYX,Month-to-month,Yes,Electronic check,61-72 Months,Premium,Q4,5253
2851-STERV,One year,Yes,Electronic check,25-48 Months,High,Q3,5254
4393-GEADV,Two year,No,Credit card (automatic),61-72 Months,Premium,Q4,5255
8486-AYEQH,Month-to-month,Yes,Electronic check,25-48 Months,High,Q3,5256
1527-SXDPN,Two year,Yes,Bank transfer (automatic),49-60 Months,Premium,Q4,5257
6029-WTIPC,Month-to-month,Yes,Electronic check,25-48 Months,Premium,Q3,5258
8634-CILSZ,One year,Yes,Bank transfer (automatic),61-72 Months,Premium,Q4,5259
5419-JKZNQ,Month-to-month,No,Mailed check,25-48 Months,High,Q3,5260
2495-KZNFB,Month-to-month,Yes,Electronic check,25-48 Months,Premium,Q3,5261
1409-PHXTF,Two year,Yes,Electronic check,49-60 Months,Premium,Q4,5262
4560-WQAQW,One year,No,Bank transfer (automatic),49-60 Months,Medium,Q4,5263
9591-YVTEB,Month-to-month,Yes,Electronic check,49-60 Months,Medium,Q3,5264
9309-BZGNT,One year,Yes,Credit card (automatic),61-72 Months,Low,Q3,5265
4274-DRSQT,One year,Yes,Bank transfer (automatic),61-72 Months,High,Q4,5266
2027-DNKIV,One year,Yes,Mailed check,25-48 Months,Medium,Q3,5267
8075-GXIUB,One year,No,Credit card (automatic),0-12 Months,Low,Q1,5268
2885-HIJDH,Two year,No,Bank transfer (automatic),61-72 Months,High,Q4,5269
5424-RLQLC,Month-to-month,Yes,Mailed check,0-12 Months,Medium,Q2,5270
6682-QJDGB,Month-to-month,Yes,Mailed check,25-48 Months,Medium,Q3,5271
6507-DTJZV,Month-to-month,No,Credit card (automatic),13-24 Months,Medium,Q2,5272
8780-IXSTS,Month-to-month,Yes,Electronic check,0-12 Months,Premium,Q2,5273
7673-BQGKU,Two year,No,Bank transfer (automatic),61-72 Months,Low,Q2,5274
6723-WSNTY,One year,Yes,Credit card (automatic),61-72 Months,Premium,Q4,5275
9530-EHPOH,Month-to-month,No,Electronic check,0-12 Months,Medium,Q2,5276
2725-IWWBA,One year,No,Mailed check,25-48 Months,Medium,Q3,5277
0345-HKJVM,Month-to-month,No,Electronic check,0-12 Months,High,Q2,5278
1061-PNTHC,Month-to-month,Yes,Mailed check,49-60 Months,Premium,Q4,5279
0394-YONDK,Two year,No,Credit card (automatic),61-72 Months,Low,Q3,5280
6574-MCOEH,One year,Yes,Electronic check,25-48 Months,High,Q3,5281
7399-QHBJS,Two year,No,Credit card (automatic),61-72 Months,Medium,Q4,5282
3049-SOLAY,Month-to-month,Yes,Electronic check,0-12 Months,Premium,Q1,5283
0997-YTLNY,Month-to-month,No,Mailed check,13-24 Months,Medium,Q2,5284
3317-HRTNN,Month-to-month,No,Electronic check,0-12 Months,Medium,Q1,5285
9479-HYNYL,Two year,Yes,Credit card (automatic),61-72 Months,High,Q4,5286
3235-ETOOB,Month-to-month,Yes,Electronic check,0-12 Months,High,Q2,5287
9708-KFDBY,Month-to-month,No,Credit card (automatic),0-12 Months,Low,Q1,5288
8058-INTPH,Month-to-month,Yes,Electronic check,0-12 Months,High,Q1,5289
3642-GKTCT,One year,Yes,Mailed check,61-72 Months,Premium,Q4,5290
0774-RMNUW,Two year,No,Bank transfer (automatic),61-72 Months,Medium,Q4,5291
1334-PDUKM,One year,No,Credit card (automatic),61-72 Months,High,Q4,5292
0756-MPZRL,One year,No,Credit card (automatic),25-48 Months,Low,Q3,5293
2242-MFOTG,One year,No,Bank transfer (automatic),25-48 Months,High,Q3,5294
2927-CVULT,Two year,Yes,Bank transfer (automatic),49-60 Months,Premium,Q4,5295
2144-BFDSO,Month-to-month,No,Bank transfer (automatic),49-60 Months,Premium,Q4,5296
8745-PVESG,One year,Yes,Credit card (automatic),49-60 Months,Medium,Q3,5297
7647-GYYKX,Two year,Yes,Bank transfer (automatic),49-60 Months,Low,Q2,5298
5647-FXOTP,Month-to-month,Yes,Electronic check,49-60 Months,Premium,Q4,5299
5569-OUICF,Month-to-month,Yes,Credit card (automatic),25-48 Months,Premium,Q3,5300
8821-XNHVZ,Month-to-month,Yes,Mailed check,0-12 Months,High,Q1,5301
2082-OJVTK,Month-to-month,Yes,Electronic check,25-48 Months,High,Q3,5302
9700-ISPUP,Month-to-month,Yes,Electronic check,0-12 Months,Medium,Q2,5303
9839-ETQOE,Month-to-month,Yes,Electronic check,25-48 Months,Medium,Q3,5304
6078-VESFR,Month-to-month,No,Bank transfer (automatic),13-24 Months,High,Q2,5305
9027-TMATR,Two year,Yes,Electronic check,25-48 Months,High,Q3,5306
5940-NFXKV,Month-to-month,Yes,Electronic check,13-24 Months,High,Q3,5307
1941-HOSAM,Month-to-month,Yes,Electronic check,0-12 Months,Premium,Q1,5308
9110-HSGTV,Two year,Yes,Credit card (automatic),61-72 Months,High,Q4,5309
0704-VCUMB,Two year,No,Credit card (automatic),61-72 Months,Low,Q2,5310
6171-ZTVYB,Month-to-month,No,Bank transfer (automatic),25-48 Months,Medium,Q3,5311
8053-WWDRO,Month-to-month,No,Bank transfer (automatic),0-12 Months,Low,Q1,5312
9564-KCLHR,Month-to-month,No,Mailed check,0-12 Months,Medium,Q1,5313
1935-IMVBB,Month-to-month,No,Mailed check,49-60 Months,High,Q4,5314
2535-PBCGC,Two year,No,Bank transfer (automatic),61-72 Months,Medium,Q4,5315
2082-CEFLT,Month-to-month,Yes,Electronic check,0-12 Months,Medium,Q1,5316
1470-PSXNM,One year,Yes,Electronic check,49-60 Months,Premium,Q4,5317
1213-NGCUN,Month-to-month,Yes,Bank transfer (automatic),0-12 Months,Medium,Q1,5318
2498-XLDZR,Two year,No,Mailed check,25-48 Months,High,Q3,5319
9866-OCCKE,Two year,Yes,Mailed check,61-72 Months,Premium,Q4,5320
5338-YHWYT,Two year,No,Credit card (automatic),25-48 Months,Medium,Q3,5321
7718-UPSKJ,One year,Yes,Credit card (automatic),61-72 Months,Premium,Q4,5322
8731-WBBMB,Month-to-month,No,Bank transfer (automatic),25-48 Months,High,Q3,5323
1448-CYWKC,One year,Yes,Credit card (automatic),49-60 Months,Premium,Q4,5324
7901-IIDQV,One year,No,Bank transfer (automatic),13-24 Months,Medium,Q2,5325
2690-DVRVK,One year,No,Electronic check,0-12 Months,Low,Q1,5326
5688-KZTSN,Month-to-month,Yes,Electronic check,13-24 Months,Low,Q1,5327
1270-XKUCC,Two year,No,Mailed check,25-48 Months,Low,Q2,5328
0334-ZFJSR,One year,Yes,Credit card (automatic),49-60 Months,Medium,Q3,5329
2894-QOJRX,Month-to-month,Yes,Bank transfer (automatic),25-48 Months,Low,Q2,5330
5747-PMBSQ,Month-to-month,Yes,Mailed check,0-12 Months,Premium,Q2,5331
5583-EJXRD,Two year,Yes,Credit card (automatic),25-48 Months,Medium,Q3,5332
4565-EVZMJ,One year,Yes,Mailed check,25-48 Months,Medium,Q3,5333
3143-JQEGI,Month-to-month,No,Electronic check,13-24 Months,High,Q2,5334
6386-SZZKH,Two year,Yes,Bank transfer (automatic),49-60 Months,Premium,Q4,5335
3327-YBAKM,One year,Yes,Mailed check,61-72 Months,Premium,Q4,5336
9441-QHEVC,Month-to-month,No,Mailed check,0-12 Months,Low,Q1,5337
6705-LNMDD,Month-to-month,No,Mailed check,13-24 Months,Medium,Q2,5338
2580-ASVVY,Two year,No,Electronic check,25-48 Months,Medium,Q3,5339
3370-GQEAL,Month-to-month,No,Electronic check,25-48 Months,High,Q3,5340
5032-USPKF,One year,No,Bank transfer (automatic),25-48 Months,High,Q3,5341
2982-IHMFT,Month-to-month,Yes,Mailed check,0-12 Months,High,Q1,5342
3521-SYVOR,Month-to-month,Yes,Electronic check,25-48 Months,Medium,Q3,5343
4254-QPEDE,Two year,No,Credit card (automatic),49-60 Months,Medium,Q3,5344
6283-GITPX,Two year,Yes,Credit card (automatic),61-72 Months,High,Q4,5345
9526-JAWYF,Month-to-month,No,Electronic check,25-48 Months,High,Q3,5346
0771-CHWSK,Two year,Yes,Credit card (automatic),61-72 Months,High,Q4,5347
9788-HNGUT,Two year,Yes,Credit card (automatic),61-72 Months,Premium,Q4,5348
9495-REDIY,One year,Yes,Credit card (automatic),25-48 Months,Medium,Q2,5349
5375-XLDOF,Two year,Yes,Bank transfer (automatic),61-72 Months,Premium,Q4,5350
1172-VIYBP,Two year,No,Bank transfer (automatic),49-60 Months,Medium,Q3,5351
5649-VUKMC,One year,No,Mailed check,0-12 Months,Premium,Q2,5352
6559-PDZLR,Month-to-month,Yes,Electronic check,25-48 Months,Premium,Q3,5353
8992-OBVDG,Month-to-month,No,Mailed check,13-24 Months,Medium,Q2,5354
4273-MBHYA,Month-to-month,Yes,Electronic check,0-12 Months,High,Q1,5355
4724-WXVWF,Month-to-month,Yes,Electronic check,25-48 Months,Premium,Q4,5356
5701-GUXDC,One year,No,Credit card (automatic),25-48 Months,Medium,Q2,5357
1460-UZPRJ,Two year,No,Mailed check,49-60 Months,Low,Q2,5358
6082-GLJIX,Month-to-month,No,Mailed check,13-24 Months,Low,Q1,5359
5143-EGQFK,Month-to-month,Yes,Electronic check,0-12 Months,Low,Q1,5360
4919-IKATY,Month-to-month,Yes,Electronic check,0-12 Months,High,Q2,5361
2495-TTHBQ,One year,Yes,Mailed check,0-12 Months,Low,Q1,5362
0485-ZBSLN,Two year,No,Credit card (automatic),61-72 Months,Low,Q3,5363
3810-PJUHR,Two year,No,Mailed check,61-72 Months,Low,Q3,5364
9050-QLROH,Month-to-month,Yes,Credit card (automatic),13-24 Months,Premium,Q3,5365
0847-HGRML,Two year,No,Bank transfer (automatic),61-72 Months,Low,Q2,5366
8232-CTLKO,Two year,Yes,Electronic check,61-72 Months,Medium,Q4,5367
9227-YBAXE,Two year,Yes,Bank transfer (automatic),61-72 Months,High,Q4,5368
6168-WFVVF,Month-to-month,Yes,Electronic check,0-12 Months,High,Q1,5369
9860-LISIZ,Month-to-month,No,Mailed check,25-48 Months,Low,Q2,5370
0112-QAWRZ,Month-to-month,Yes,Bank transfer (automatic),13-24 Months,Premium,Q3,5371
0877-SDMBN,One year,Yes,Bank transfer (automatic),49-60 Months,Premium,Q4,5372
2786-GCDPI,Month-to-month,Yes,Electronic check,49-60 Months,Premium,Q4,5373
4043-MKDTV,Two year,Yes,Electronic check,61-72 Months,Premium,Q4,5374
8065-YKXKD,Month-to-month,Yes,Electronic check,0-12 Months,High,Q2,5375
9637-EIHEQ,Month-to-month,Yes,Electronic check,0-12 Months,Medium,Q1,5376
9229-RQABD,One year,No,Mailed check,13-24 Months,Low,Q2,5377
8313-KTIHG,Month-to-month,Yes,Electronic check,0-12 Months,Medium,Q1,5378
5320-BRKGK,Two year,No,Mailed check,49-60 Months,High,Q4,5379
6284-KMNUF,One year,Yes,Electronic check,49-60 Months,Premium,Q4,5380
9689-PTNPG,Month-to-month,Yes,Electronic check,0-12 Months,High,Q1,5381
9465-RWMXL,Month-to-month,Yes,Electronic check,25-48 Months,High,Q3,5382
6229-UOLQL,One year,Yes,Mailed check,49-60 Months,Medium,Q3,5383
2362-IBOOY,Month-to-month,Yes,Electronic check,25-48 Months,High,Q3,5384
3137-LUPIX,Month-to-month,Yes,Mailed check,0-12 Months,Medium,Q1,5385
0843-WTBXE,Month-to-month,No,Bank transfer (automatic),49-60 Months,High,Q4,5386
6143-JQKEA,Month-to-month,Yes,Credit card (automatic),0-12 Months,Medium,Q2,5387
8676-OOQEJ,Month-to-month,No,Electronic check,0-12 Months,Low,Q1,5388
5515-IDEJJ,Month-to-month,No,Mailed check,0-12 Months,Low,Q1,5389
9701-CDXHR,Month-to-month,No,Mailed check,49-60 Months,Medium,Q3,5390
7450-NWRTR,Month-to-month,Yes,Electronic check,0-12 Months,Premium,Q2,5391
8124-NZVGJ,One year,Yes,Mailed check,0-12 Months,Medium,Q1,5392
2162-FRZAA,Two year,No,Bank transfer (automatic),61-72 Months,Medium,Q3,5393
5376-DEQCP,Month-to-month,Yes,Electronic check,0-12 Months,High,Q1,5394
5118-MUEYH,Month-to-month,Yes,Credit card (automatic),25-48 Months,Premium,Q4,5395
9095-HFAFX,Month-to-month,Yes,Credit card (automatic),0-12 Months,High,Q1,5396
5627-TVBPP,One year,Yes,Credit card (automatic),25-48 Months,Low,Q2,5397
2379-ENZGV,Month-to-month,Yes,Electronic check,0-12 Months,High,Q2,5398
3936-QQFLL,Month-to-month,No,Mailed check,0-12 Months,Low,Q1,5399
2589-AYCRP,One year,No,Bank transfer (automatic),49-60 Months,Low,Q2,5400
4067-HLYQI,Month-to-month,Yes,Bank transfer (automatic),25-48 Months,High,Q3,5401
5124-EOGYE,Two year,No,Mailed check,25-48 Months,Low,Q2,5402
5057-RKGLH,Two year,No,Mailed check,0-12 Months,Low,Q1,5403
0292-WEGCH,Month-to-month,Yes,Electronic check,49-60 Months,High,Q4,5404
8910-ICHIU,One year,Yes,Credit card (automatic),25-48 Months,Premium,Q4,5405
4097-YODCF,One year,Yes,Electronic check,25-48 Months,Premium,Q3,5406
9715-WZCLW,Two year,Yes,Electronic check,61-72 Months,Premium,Q4,5407
9786-YWNHU,Two year,No,Mailed check,61-72 Months,Medium,Q4,5408
6407-GSJNL,Two year,No,Bank transfer (automatic),49-60 Months,Low,Q2,5409
6005-OBZPH,Month-to-month,Yes,Electronic check,25-48 Months,High,Q3,5410
4049-ZPALD,Two year,Yes,Bank transfer (automatic),61-72 Months,Premium,Q4,5411
7932-WPTDS,Month-to-month,Yes,Electronic check,0-12 Months,Low,Q1,5412
3733-UOCWF,One year,Yes,Bank transfer (automatic),61-72 Months,High,Q4,5413
6833-JMZYP,Month-to-month,Yes,Credit card (automatic),13-24 Months,Premium,Q3,5414
2722-VOJQL,One year,Yes,Credit card (automatic),61-72 Months,Premium,Q4,5415
1310-QRITU,Month-to-month,Yes,Electronic check,13-24 Months,Medium,Q2,5416
8961-QDZZJ,One year,Yes,Electronic check,49-60 Months,Premium,Q4,5417
9715-SBVSU,Two year,Yes,Bank transfer (automatic),13-24 Months,Medium,Q2,5418
8490-BXHEO,Month-to-month,Yes,Credit card (automatic),13-24 Months,High,Q3,5419
7173-TETGO,Two year,No,Bank transfer (automatic),61-72 Months,High,Q4,5420
7929-SKFGK,Two year,No,Credit card (automatic),61-72 Months,Premium,Q4,5421
2300-RQGOI,Two year,No,Mailed check,25-48 Months,Low,Q2,5422
3563-SVYLG,Two year,No,Credit card (automatic),61-72 Months,Medium,Q4,5423
5228-EXCET,Month-to-month,Yes,Electronic check,13-24 Months,High,Q2,5424
6435-VWCCY,Two year,Yes,Credit card (automatic),61-72 Months,Premium,Q4,5425
4998-IKFSE,Month-to-month,No,Electronic check,25-48 Months,Premium,Q3,5426
8630-QSGXK,Two year,Yes,Bank transfer (automatic),49-60 Months,High,Q4,5427
2455-USLMV,Month-to-month,Yes,Credit card (automatic),25-48 Months,High,Q3,5428
7394-FKDNK,Month-to-month,No,Electronic check,0-12 Months,High,Q2,5429
9488-FVZCC,Two year,Yes,Bank transfer (automatic),61-72 Months,High,Q4,5430
6331-LWDTQ,Month-to-month,Yes,Credit card (automatic),0-12 Months,High,Q2,5431
5995-WWKKG,One year,Yes,Electronic check,25-48 Months,Low,Q2,5432
1597-FZREH,Month-to-month,No,Electronic check,0-12 Months,High,Q1,5433
7879-CGSFV,One year,Yes,Mailed check,49-60 Months,Premium,Q4,5434
9921-EZKBY,Month-to-month,Yes,Bank transfer (automatic),25-48 Months,Premium,Q3,5435
7432-FFVAR,One year,No,Bank transfer (automatic),25-48 Months,Premium,Q4,5436
7246-ZGQDF,Month-to-month,No,Electronic check,0-12 Months,Medium,Q1,5437
7000-WCEVQ,Month-to-month,Yes,Mailed check,13-24 Months,Medium,Q2,5438
0727-IWKVK,Month-to-month,Yes,Electronic check,0-12 Months,High,Q2,5439
5959-BELXA,Month-to-month,Yes,Credit card (automatic),25-48 Months,Premium,Q3,5440
4456-RHSNB,Month-to-month,Yes,Bank transfer (automatic),13-24 Months,Medium,Q2,5441
3512-IZIKN,Two year,No,Credit card (automatic),61-72 Months,Medium,Q4,5442
2481-SBOYW,Two year,Yes,Credit card (automatic),61-72 Months,Low,Q3,5443
7109-MFBYV,Month-to-month,No,Electronic check,25-48 Months,Medium,Q2,5444
1833-TCXKK,Month-to-month,Yes,Bank transfer (automatic),25-48 Months,Premium,Q4,5445
1832-PEUTS,Two year,Yes,Credit card (automatic),61-72 Months,High,Q4,5446
6141-OOXUQ,Month-to-month,No,Mailed check,0-12 Months,Low,Q1,5447
8660-BUETV,Month-to-month,No,Mailed check,0-12 Months,Medium,Q1,5448
0580-PIQHM,One year,Yes,Bank transfer (automatic),25-48 Months,Premium,Q4,5449
5696-CEIQJ,Two year,No,Bank transfer (automatic),61-72 Months,Premium,Q4,5450
7503-ZGUZJ,Month-to-month,Yes,Mailed check,0-12 Months,High,Q1,5451
1696-HXOWK,One year,No,Mailed check,61-72 Months,Premium,Q4,5452
3026-ATZYV,One year,No,Bank transfer (automatic),25-48 Months,High,Q3,5453
4012-YCFAI,Two year,Yes,Mailed check,49-60 Months,Medium,Q3,5454
2506-TNFCO,Month-to-month,Yes,Electronic check,0-12 Months,Medium,Q1,5455
9970-QBCDA,Month-to-month,No,Credit card (automatic),0-12 Months,Low,Q1,5456
8718-PTMEZ,Month-to-month,Yes,Electronic check,13-24 Months,Low,Q1,5457
9496-IVVRP,Month-to-month,No,Bank transfer (automatic),0-12 Months,Medium,Q2,5458
2207-OBZNX,Month-to-month,Yes,Mailed check,0-12 Months,Medium,Q1,5459
2657-VPXTA,Month-to-month,Yes,Electronic check,0-12 Months,High,Q2,5460
6551-VLJMV,Two year,No,Credit card (automatic),25-48 Months,Low,Q2,5461
1221-GHZEP,Two year,Yes,Mailed check,61-72 Months,Medium,Q4,5462
9289-LBQVU,One year,Yes,Mailed check,61-72 Months,High,Q4,5463
6142-VSJQO,Month-to-month,Yes,Bank transfer (automatic),0-12 Months,Medium,Q1,5464
3458-IDMFK,Two year,Yes,Mailed check,25-48 Months,Low,Q2,5465
6933-FHBZC,One year,Yes,Mailed check,25-48 Months,Medium,Q3,5466
0221-NAUXK,One year,Yes,Bank transfer (automatic),0-12 Months,Low,Q1,5467
9770-KXGQU,One year,No,Mailed check,49-60 Months,Premium,Q4,5468
6437-UKHMV,Month-to-month,Yes,Electronic check,0-12 Months,High,Q2,5469
6538-POCHL,Month-to-month,Yes,Credit card (automatic),25-48 Months,High,Q3,5470
6726-NNFWD,Two year,No,Credit card (automatic),61-72 Months,High,Q4,5471
3002-WQZWT,Month-to-month,Yes,Electronic check,25-48 Months,High,Q3,5472
4277-UDIEF,Month-to-month,No,Bank transfer (automatic),13-24 Months,High,Q3,5473
1208-NBVFH,Month-to-month,Yes,Electronic check,13-24 Months,Medium,Q2,5474
4912-PIGUY,Month-to-month,Yes,Electronic check,0-12 Months,High,Q1,5475
1114-CENIM,Month-to-month,Yes,Credit card (automatic),49-60 Months,Medium,Q3,5476
6060-DRTNL,Month-to-month,Yes,Mailed check,0-12 Months,High,Q2,5477
2725-TTRIQ,Two year,Yes,Bank transfer (automatic),61-72 Months,High,Q4,5478
3374-TTZTK,Two year,Yes,Electronic check,49-60 Months,Premium,Q4,5479
8990-ZXLSU,Month-to-month,No,Electronic check,0-12 Months,Medium,Q2,5480
2275-RBYQS,Month-to-month,Yes,Mailed check,0-12 Months,Medium,Q1,5481
8473-VUVJN,Month-to-month,Yes,Electronic check,0-12 Months,High,Q1,5482
6289-CPNLD,One year,Yes,Mailed check,25-48 Months,High,Q3,5483
5536-SLHPM,Month-to-month,Yes,Electronic check,49-60 Months,High,Q4,5484
4419-UJMUS,Two year,Yes,Electronic check,61-72 Months,Premium,Q4,5485
7794-JASDG,Month-to-month,Yes,Mailed check,0-12 Months,Medium,Q1,5486
7609-YBPXG,Two year,No,Bank transfer (automatic),49-60 Months,High,Q4,5487
5519-TEEUH,One year,Yes,Mailed check,25-48 Months,Low,Q2,5488
7856-GANIL,One year,Yes,Bank transfer (automatic),25-48 Months,Premium,Q4,5489
0804-XBFBV,Month-to-month,No,Electronic check,0-12 Months,Low,Q1,5490
2676-OXPPQ,Month-to-month,Yes,Bank transfer (automatic),0-12 Months,Medium,Q1,5491
3703-TTEPD,Month-to-month,No,Bank transfer (automatic),13-24 Months,Medium,Q3,5492
2799-TSLAG,Two year,Yes,Bank transfer (automatic),61-72 Months,Low,Q3,5493
0196-VULGZ,Month-to-month,Yes,Electronic check,0-12 Months,High,Q2,5494
8837-VVWLQ,Month-to-month,No,Electronic check,0-12 Months,High,Q2,5495
2696-NARTR,Month-to-month,Yes,Electronic check,0-12 Months,High,Q2,5496
2208-NKVVH,Two year,No,Mailed check,25-48 Months,Low,Q2,5497
7614-QVWQL,One year,Yes,Bank transfer (automatic),49-60 Months,Medium,Q3,5498
1976-CFOCS,Month-to-month,No,Electronic check,0-12 Months,Medium,Q1,5499
4631-OACRM,Month-to-month,Yes,Electronic check,13-24 Months,High,Q2,5500
7139-JZFVG,Two year,No,Bank transfer (automatic),49-60 Months,Medium,Q3,5501
4987-GQWPO,Month-to-month,No,Credit card (automatic),13-24 Months,Low,Q1,5502
3755-JBMNH,Month-to-month,Yes,Bank transfer (automatic),13-24 Months,High,Q2,5503
1757-TCATG,One year,No,Bank transfer (automatic),25-48 Months,Low,Q2,5504
6345-ULYRW,One year,No,Mailed check,25-48 Months,High,Q4,5505
4776-XSKYQ,One year,No,Credit card (automatic),0-12 Months,Low,Q1,5506
8048-DSDFQ,Month-to-month,No,Mailed check,0-12 Months,Low,Q1,5507
5753-QQWPW,One year,Yes,Electronic check,25-48 Months,Medium,Q3,5508
6010-DDPPW,Two year,No,Bank transfer (automatic),61-72 Months,Low,Q3,5509
1809-DMJHQ,Month-to-month,No,Mailed check,0-12 Months,Medium,Q1,5510
6693-FRIRW,Month-to-month,No,Credit card (automatic),13-24 Months,Premium,Q3,5511
6586-MYGKD,Two year,Yes,Credit card (automatic),61-72 Months,High,Q4,5512
3173-NVMPX,Month-to-month,Yes,Mailed check,0-12 Months,Medium,Q2,5513
0248-PGHBZ,Two year,Yes,Bank transfer (automatic),61-72 Months,Premium,Q4,5514
0623-GDISB,Month-to-month,Yes,Bank transfer (automatic),0-12 Months,Medium,Q1,5515
2892-GESUL,Two year,No,Mailed check,13-24 Months,Low,Q1,5516
6923-EFPNL,Month-to-month,No,Credit card (automatic),0-12 Months,Medium,Q1,5517
7472-EQOAV,One year,Yes,Bank transfer (automatic),61-72 Months,High,Q4,5518
9574-RKJIF,Month-to-month,Yes,Electronic check,25-48 Months,Premium,Q3,5519
2043-WVTQJ,Month-to-month,No,Mailed check,0-12 Months,Medium,Q1,5520
8034-RYTVV,One year,Yes,Credit card (automatic),49-60 Months,High,Q4,5521
3863-QSTYI,Month-to-month,Yes,Electronic check,49-60 Months,Medium,Q3,5522
2619-WFQWU,Month-to-month,Yes,Mailed check,0-12 Months,High,Q1,5523
5044-LRQAQ,Month-to-month,Yes,Bank transfer (automatic),0-12 Months,Medium,Q2,5524
1716-LSAMB,Two year,No,Bank transfer (automatic),25-48 Months,Medium,Q3,5525
1333-PBMXB,One year,Yes,Bank transfer (automatic),49-60 Months,Low,Q2,5526
6546-OPBBH,One year,Yes,Mailed check,49-60 Months,Low,Q2,5527
5985-BEHZK,One year,No,Credit card (automatic),61-72 Months,Premium,Q4,5528
9127-QRZMH,One year,Yes,Bank transfer (automatic),25-48 Months,Medium,Q3,5529
5919-VCZYM,Month-to-month,No,Mailed check,0-12 Months,Low,Q1,5530
9644-KVCNC,One year,Yes,Bank transfer (automatic),61-72 Months,Premium,Q4,5531
2137-DQMEV,One year,No,Mailed check,61-72 Months,Medium,Q3,5532
8174-LNWMW,Two year,No,Credit card (automatic),25-48 Months,Low,Q2,5533
9279-CJEOJ,Month-to-month,Yes,Bank transfer (automatic),13-24 Months,Premium,Q3,5534
7964-VEXDG,Month-to-month,No,Electronic check,13-24 Months,High,Q3,5535
2404-JIBFC,Two year,Yes,Bank transfer (automatic),49-60 Months,High,Q4,5536
0778-NELLA,Month-to-month,Yes,Credit card (automatic),0-12 Months,Low,Q1,5537
8029-XYPWT,Two year,Yes,Bank transfer (automatic),61-72 Months,Premium,Q4,5538
4614-NUVZD,Month-to-month,Yes,Electronic check,0-12 Months,High,Q1,5539
4632-PAOYU,One year,No,Mailed check,13-24 Months,Low,Q2,5540
3803-KMQFW,Month-to-month,No,Mailed check,0-12 Months,Low,Q1,5541
6804-GDMOI,Two year,Yes,Electronic check,61-72 Months,Premium,Q4,5542
2990-OGYTD,Two year,No,Bank transfer (automatic),61-72 Months,High,Q4,5543
6646-JPPHA,Month-to-month,No,Electronic check,13-24 Months,High,Q2,5544
9572-MTILT,Month-to-month,Yes,Electronic check,49-60 Months,Premium,Q4,5545
7658-UYUQS,Month-to-month,No,Bank transfer (automatic),13-24 Months,High,Q3,5546
7880-XSOJX,Month-to-month,No,Mailed check,0-12 Months,Medium,Q1,5547
9611-CTWIH,Month-to-month,Yes,Electronic check,0-12 Months,High,Q1,5548
4589-IUAJB,Two year,No,Bank transfer (automatic),61-72 Months,Low,Q3,5549
0329-GTIAJ,Month-to-month,Yes,Electronic check,0-12 Months,Premium,Q1,5550
8746-BFOAJ,One year,No,Bank transfer (automatic),13-24 Months,Low,Q2,5551
8457-XIGKN,Month-to-month,Yes,Credit card (automatic),13-24 Months,Low,Q1,5552
6072-NUQCB,One year,No,Bank transfer (automatic),13-24 Months,Low,Q2,5553
6629-CZTTH,Month-to-month,Yes,Mailed check,0-12 Months,Medium,Q1,5554
8838-GPHZP,Two year,Yes,Mailed check,61-72 Months,Low,Q2,5555
8750-QWZAJ,Two year,No,Bank transfer (automatic),61-72 Months,Low,Q2,5556
5364-EVNIB,Month-to-month,Yes,Electronic check,13-24 Months,High,Q2,5557
6918-UMQCG,Month-to-month,No,Electronic check,0-12 Months,High,Q1,5558
0675-NCDYU,Two year,Yes,Credit card (automatic),61-72 Months,Premium,Q4,5559
6339-DKLMK,Month-to-month,Yes,Electronic check,13-24 Months,Low,Q1,5560
1346-PJWTK,Month-to-month,No,Credit card (automatic),61-72 Months,Premium,Q4,5561
5088-QZLRL,Month-to-month,No,Electronic check,0-12 Months,Low,Q1,5562
8023-QHAIO,Month-to-month,Yes,Bank transfer (automatic),49-60 Months,High,Q4,5563
4397-FRLTA,Month-to-month,No,Mailed check,0-12 Months,Low,Q1,5564
3057-VJJQE,Two year,No,Mailed check,25-48 Months,Medium,Q3,5565
5087-SUURX,Month-to-month,Yes,Electronic check,13-24 Months,Medium,Q2,5566
2302-OUZXB,Two year,No,Bank transfer (automatic),61-72 Months,High,Q4,5567
8133-ANHHJ,One year,No,Bank transfer (automatic),49-60 Months,Premium,Q4,5568
2270-CHBFN,Month-to-month,Yes,Credit card (automatic),25-48 Months,Premium,Q4,5569
0013-EXCHZ,Month-to-month,Yes,Mailed check,0-12 Months,High,Q1,5570
5982-FPVQN,Month-to-month,Yes,Electronic check,25-48 Months,Premium,Q3,5571
9107-UKCKY,One year,Yes,Electronic check,61-72 Months,High,Q4,5572
4654-ULTTN,Two year,Yes,Credit card (automatic),61-72 Months,High,Q4,5573
5550-VFRLC,Month-to-month,Yes,Electronic check,0-12 Months,Medium,Q1,5574
5546-BYZSM,Month-to-month,No,Electronic check,25-48 Months,Low,Q2,5575
1492-KGETH,One year,No,Bank transfer (automatic),61-72 Months,High,Q4,5576
4929-BSTRX,Month-to-month,Yes,Mailed check,0-12 Months,Medium,Q1,5577
4163-HFTUK,One year,No,Electronic check,49-60 Months,Low,Q2,5578
8215-NGSPE,Two year,No,Mailed check,25-48 Months,Low,Q2,5579
2225-ZRGSG,Two year,No,Bank transfer (automatic),61-72 Months,Premium,Q4,5580
8859-YSTWS,One year,No,Bank transfer (automatic),25-48 Months,Low,Q2,5581
5271-YNWVR,Two year,Yes,Electronic check,61-72 Months,Premium,Q4,5582
7601-DHFWZ,Two year,No,Credit card (automatic),25-48 Months,Low,Q2,5583
2657-ALMWY,Month-to-month,No,Electronic check,25-48 Months,High,Q3,5584
6330-JKLPC,Month-to-month,Yes,Bank transfer (automatic),0-12 Months,High,Q2,5585
4667-OHGKG,Month-to-month,Yes,Mailed check,0-12 Months,Low,Q1,5586
1998-VHJHK,One year,No,Mailed check,25-48 Months,Low,Q2,5587
1707-HABPF,One year,Yes,Bank transfer (automatic),25-48 Months,Premium,Q4,5588
1660-HSOOQ,Month-to-month,Yes,Mailed check,0-12 Months,Medium,Q1,5589
7253-UVNDW,Two year,No,Credit card (automatic),25-48 Months,Medium,Q3,5590
0487-VVUVK,Month-to-month,Yes,Mailed check,25-48 Months,Low,Q2,5591
7228-OMTPN,Month-to-month,Yes,Electronic check,0-12 Months,High,Q1,5592
5063-IUOKK,Two year,No,Mailed check,13-24 Months,Low,Q1,5593
4508-OEBEY,One year,Yes,Credit card (automatic),25-48 Months,High,Q3,5594
0027-KWYKW,Month-to-month,Yes,Electronic check,13-24 Months,High,Q3,5595
2308-STERM,Month-to-month,No,Mailed check,0-12 Months,Low,Q1,5596
5982-XMDEX,Two year,No,Bank transfer (automatic),61-72 Months,Low,Q3,5597
6284-AHOOQ,Month-to-month,Yes,Bank transfer (automatic),13-24 Months,Premium,Q3,5598
6051-PTVNS,One year,No,Credit card (automatic),49-60 Months,Low,Q2,5599
2344-JMOGN,Month-to-month,Yes,Mailed check,0-12 Months,Premium,Q2,5600
3799-ISUZQ,Month-to-month,Yes,Bank transfer (automatic),0-12 Months,Medium,Q2,5601
2877-VDUER,One year,No,Mailed check,25-48 Months,Medium,Q2,5602
9152-AMKAK,Two year,Yes,Mailed check,0-12 Months,High,Q2,5603
1794-HBQTJ,Month-to-month,Yes,Credit card (automatic),0-12 Months,Medium,Q1,5604
9432-VOFYX,Month-to-month,Yes,Electronic check,13-24 Months,High,Q2,5605
8049-WJCLQ,Month-to-month,No,Mailed check,0-12 Months,Medium,Q2,5606
6586-PSJOX,One year,No,Credit card (automatic),13-24 Months,Medium,Q2,5607
2460-FPSYH,Month-to-month,Yes,Electronic check,25-48 Months,Medium,Q3,5608
9705-ZJBCG,One year,No,Bank transfer (automatic),13-24 Months,Medium,Q2,5609
4818-DRBQT,Month-to-month,Yes,Bank transfer (automatic),25-48 Months,High,Q3,5610
1320-HTRDR,Month-to-month,Yes,Electronic check,0-12 Months,High,Q1,5611
6847-KJLTS,Month-to-month,Yes,Bank transfer (automatic),49-60 Months,Premium,Q4,5612
9670-BPNXF,One year,Yes,Credit card (automatic),25-48 Months,Medium,Q3,5613
3913-FCUUW,Two year,Yes,Bank transfer (automatic),61-72 Months,High,Q4,5614
3301-VKTGC,One year,Yes,Bank transfer (automatic),61-72 Months,High,Q4,5615
1493-AMTIE,Month-to-month,Yes,Bank transfer (automatic),0-12 Months,Low,Q1,5616
9555-SAHUZ,Month-to-month,No,Electronic check,25-48 Months,Medium,Q3,5617
0816-TSPHQ,Month-to-month,No,Mailed check,0-12 Months,Low,Q1,5618
9932-WBWIK,Month-to-month,No,Mailed check,0-12 Months,Low,Q1,5619
4619-EVPHY,One year,Yes,Bank transfer (automatic),13-24 Months,Premium,Q3,5620
5286-YHCVC,Two year,Yes,Bank transfer (automatic),61-72 Months,Premium,Q4,5621
6424-ELEYH,Month-to-month,Yes,Credit card (automatic),0-12 Months,High,Q1,5622
4391-RESHN,Month-to-month,Yes,Mailed check,13-24 Months,Premium,Q3,5623
9115-YQHGA,Month-to-month,Yes,Electronic check,25-48 Months,Medium,Q3,5624
4462-CYWMH,Month-to-month,Yes,Bank transfer (automatic),61-72 Months,High,Q4,5625
8963-MQVYN,Month-to-month,Yes,Electronic check,13-24 Months,Low,Q2,5626
2458-EOMRE,Month-to-month,No,Bank transfer (automatic),0-12 Months,Medium,Q2,5627
9334-GWGOW,Month-to-month,Yes,Electronic check,0-12 Months,High,Q2,5628
6821-BUXUX,Month-to-month,Yes,Electronic check,13-24 Months,Premium,Q2,5629
5028-HTLJB,Month-to-month,No,Mailed check,0-12 Months,Low,Q1,5630
9801-GDWGV,Month-to-month,Yes,Electronic check,25-48 Months,Premium,Q4,5631
6542-LWGXJ,Month-to-month,No,Mailed check,0-12 Months,Low,Q1,5632
5567-GZKQY,Two year,No,Credit card (automatic),49-60 Months,Low,Q2,5633
1222-LRYKO,Month-to-month,No,Mailed check,0-12 Months,Low,Q1,5634
2320-JRSDE,Month-to-month,Yes,Electronic check,0-12 Months,Low,Q1,5635
2087-QAREY,Month-to-month,Yes,Mailed check,13-24 Months,Medium,Q2,5636
0601-WZHJF,Month-to-month,No,Electronic check,13-24 Months,Medium,Q2,5637
4423-JWZJN,One year,No,Credit card (automatic),61-72 Months,Premium,Q4,5638
5143-WMWOG,Month-to-month,No,Electronic check,0-12 Months,Low,Q1,5639
6490-FGZAT,Month-to-month,No,Mailed check,0-12 Months,Low,Q1,5640
5393-RXQSZ,Month-to-month,No,Electronic check,0-12 Months,High,Q1,5641
7452-FOLON,One year,No,Bank transfer (automatic),25-48 Months,Low,Q2,5642
2320-TZRRH,One year,No,Mailed check,13-24 Months,Low,Q2,5643
0231-LXVAP,Month-to-month,Yes,Electronic check,0-12 Months,High,Q1,5644
9444-JTXHZ,Month-to-month,No,Electronic check,0-12 Months,High,Q1,5645
4942-VZZOM,One year,Yes,Credit card (automatic),61-72 Months,Medium,Q4,5646
5510-BOIUJ,Month-to-month,No,Mailed check,0-12 Months,Low,Q1,5647
7502-BNYGS,Month-to-month,Yes,Credit card (automatic),25-48 Months,Medium,Q3,5648
4291-HYEBC,One year,Yes,Electronic check,25-48 Months,Medium,Q2,5649
6147-CBCRA,Month-to-month,No,Mailed check,25-48 Months,Low,Q2,5650
6047-SUHPR,One year,No,Electronic check,25-48 Months,Medium,Q3,5651
4471-KXAUH,Month-to-month,Yes,Electronic check,25-48 Months,High,Q3,5652
9752-ZNQUT,Month-to-month,Yes,Electronic check,0-12 Months,Medium,Q1,5653
7638-QVMVY,Month-to-month,Yes,Electronic check,0-12 Months,High,Q2,5654
1576-PFZIW,Two year,No,Credit card (automatic),61-72 Months,Premium,Q4,5655
5666-MBJPT,Two year,Yes,Bank transfer (automatic),61-72 Months,Low,Q3,5656
7312-XSBAT,Month-to-month,No,Electronic check,0-12 Months,Medium,Q1,5657
3096-GKWEB,Month-to-month,Yes,Electronic check,13-24 Months,Premium,Q3,5658
2371-JQHZZ,Month-to-month,Yes,Electronic check,13-24 Months,Premium,Q3,5659
0674-GCDXG,Two year,Yes,Bank transfer (automatic),61-72 Months,High,Q4,5660
1121-QSIVB,One year,Yes,Mailed check,25-48 Months,High,Q3,5661
4396-KLSEH,Month-to-month,Yes,Electronic check,0-12 Months,Low,Q1,5662
3244-DCJWY,Month-to-month,Yes,Electronic check,0-12 Months,High,Q1,5663
2824-MYYBN,Month-to-month,Yes,Electronic check,25-48 Months,Premium,Q3,5664
0875-CABNR,Month-to-month,Yes,Credit card (automatic),0-12 Months,High,Q2,5665
6345-HOVES,Month-to-month,Yes,Bank transfer (automatic),25-48 Months,Low,Q2,5666
8318-LCNBW,One year,No,Credit card (automatic),25-48 Months,Medium,Q3,5667
6469-QJKZW,Month-to-month,No,Electronic check,0-12 Months,Low,Q1,5668
0147-ESWWR,Month-to-month,Yes,Electronic check,25-48 Months,Premium,Q4,5669
1217-VASWC,One year,Yes,Bank transfer (automatic),25-48 Months,Premium,Q4,5670
7812-FZHPE,Month-to-month,No,Mailed check,13-24 Months,Low,Q2,5671
6370-ZVHDV,Two year,No,Bank transfer (automatic),61-72 Months,Low,Q3,5672
5915-DGNVC,One year,No,Electronic check,49-60 Months,High,Q3,5673
6260-XLACS,One year,No,Mailed check,0-12 Months,Low,Q1,5674
3566-CAAYU,Two year,No,Electronic check,61-72 Months,Medium,Q3,5675
4983-CCWMC,Month-to-month,Yes,Mailed check,0-12 Months,Medium,Q1,5676
9103-CXVOK,Month-to-month,No,Electronic check,0-12 Months,Low,Q1,5677
2896-TBNBE,One year,No,Electronic check,25-48 Months,High,Q3,5678
4797-AXPXK,Month-to-month,Yes,Electronic check,0-12 Months,Medium,Q1,5679
5229-PRWKT,Month-to-month,Yes,Electronic check,0-12 Months,High,Q2,5680
6982-UQZLY,Month-to-month,Yes,Mailed check,0-12 Months,Low,Q1,5681
2522-WLNSF,One year,No,Bank transfer (automatic),25-48 Months,Medium,Q3,5682
3841-CONLJ,Month-to-month,No,Electronic check,0-12 Months,Low,Q1,5683
5057-LCOUI,Month-to-month,Yes,Electronic check,25-48 Months,Medium,Q3,5684
0193-ESZXP,One year,Yes,Credit card (automatic),49-60 Months,Premium,Q4,5685
4475-NVTLU,Two year,No,Electronic check,25-48 Months,Low,Q2,5686
4369-HTUIF,Month-to-month,Yes,Bank transfer (automatic),0-12 Months,High,Q2,5687
9386-LDCZR,One year,Yes,Credit card (automatic),25-48 Months,Premium,Q4,5688
9585-KKMFD,Two year,Yes,Mailed check,25-48 Months,Low,Q2,5689
5399-ZIMKF,Month-to-month,Yes,Electronic check,0-12 Months,High,Q1,5690
0336-KXKFK,Two year,Yes,Credit card (automatic),61-72 Months,Medium,Q4,5691
5619-XZZKR,One year,No,Mailed check,0-12 Months,Low,Q1,5692
3948-FVVRP,Month-to-month,No,Mailed check,0-12 Months,Medium,Q2,5693
5327-XOKKY,Two year,Yes,Credit card (automatic),61-72 Months,High,Q4,5694
0983-TATYJ,One year,Yes,Mailed check,25-48 Months,Medium,Q3,5695
1813-JYWTO,Two year,No,Bank transfer (automatic),61-72 Months,High,Q4,5696
0156-FVPTA,Month-to-month,Yes,Electronic check,13-24 Months,Medium,Q2,5697
1984-FCOWB,One year,Yes,Electronic check,61-72 Months,Premium,Q4,5698
0654-HMSHN,Month-to-month,No,Electronic check,13-24 Months,Premium,Q3,5699
6719-OXYBR,Month-to-month,No,Electronic check,13-24 Months,High,Q2,5700
3312-ZWLGF,Month-to-month,Yes,Electronic check,25-48 Months,High,Q3,5701
6476-YHMGA,Month-to-month,No,Bank transfer (automatic),13-24 Months,High,Q2,5702
5287-QWLKY,Month-to-month,Yes,Credit card (automatic),61-72 Months,Premium,Q4,5703
0795-XCCTE,Two year,No,Bank transfer (automatic),61-72 Months,Low,Q3,5704
0168-XZKBB,Month-to-month,Yes,Electronic check,13-24 Months,High,Q3,5705
3785-NRHYR,Month-to-month,No,Mailed check,0-12 Months,Low,Q1,5706
5196-SGOAK,Month-to-month,Yes,Electronic check,0-12 Months,High,Q1,5707
4537-DKTAL,Month-to-month,No,Electronic check,0-12 Months,Medium,Q1,5708
7072-MBHEV,Month-to-month,Yes,Credit card (automatic),0-12 Months,High,Q2,5709
5602-BVFMK,One year,No,Mailed check,0-12 Months,Low,Q1,5710
6297-NOOPG,Two year,Yes,Electronic check,61-72 Months,Premium,Q4,5711
1891-UAWWU,Month-to-month,No,Electronic check,13-24 Months,Premium,Q3,5712
8204-TIFGJ,Month-to-month,Yes,Bank transfer (automatic),13-24 Months,Low,Q2,5713
8050-DVOJX,Two year,No,Credit card (automatic),49-60 Months,High,Q4,5714
6108-OQZDQ,Month-to-month,Yes,Electronic check,0-12 Months,Premium,Q1,5715
0363-QJVFX,Month-to-month,Yes,Credit card (automatic),25-48 Months,Premium,Q3,5716
8903-XEBGX,Month-to-month,Yes,Electronic check,0-12 Months,Medium,Q1,5717
8169-SAEJD,Two year,No,Credit card (automatic),61-72 Months,Medium,Q4,5718
9840-DVNDC,Month-to-month,Yes,Credit card (automatic),0-12 Months,High,Q2,5719
1089-XZWHH,Two year,Yes,Mailed check,13-24 Months,Low,Q2,5720
2325-WINES,One year,Yes,Credit card (automatic),25-48 Months,Premium,Q3,5721
6064-ZATLR,Two year,No,Bank transfer (automatic),25-48 Months,Medium,Q3,5722
3096-JRDSO,Month-to-month,Yes,Bank transfer (automatic),25-48 Months,Premium,Q3,5723
7824-PANSQ,Month-to-month,No,Bank transfer (automatic),49-60 Months,High,Q4,5724
8042-JVNFH,Month-to-month,Yes,Mailed check,0-12 Months,High,Q1,5725
9648-BCHKM,Two year,Yes,Credit card (automatic),13-24 Months,Low,Q2,5726
2888-ADFAO,Two year,Yes,Bank transfer (automatic),25-48 Months,Low,Q2,5727
8707-HOEDG,Two year,Yes,Electronic check,61-72 Months,Premium,Q4,5728
3374-LXDEV,Month-to-month,No,Electronic check,13-24 Months,High,Q2,5729
4072-IPYLT,Month-to-month,No,Credit card (automatic),25-48 Months,Medium,Q3,5730
7167-PCEYD,Two year,Yes,Mailed check,61-72 Months,Low,Q2,5731
4936-YPJNK,Month-to-month,Yes,Mailed check,0-12 Months,Low,Q1,5732
1580-BMCMR,Month-to-month,Yes,Electronic check,13-24 Months,High,Q3,5733
4817-KEQSP,Two year,No,Bank transfer (automatic),61-72 Months,Low,Q2,5734
6408-WHTEF,Two year,Yes,Mailed check,61-72 Months,High,Q4,5735
9251-AWQGT,Two year,No,Mailed check,25-48 Months,Low,Q2,5736
8749-CLJXC,Month-to-month,No,Mailed check,0-12 Months,Low,Q1,5737
7989-VCQOH,Month-to-month,No,Electronic check,13-24 Months,High,Q3,5738
5049-GLYVG,Month-to-month,No,Mailed check,0-12 Months,Low,Q1,5739
4199-QHJNM,Two year,No,Bank transfer (automatic),61-72 Months,Premium,Q4,5740
8882-TLVRW,Two year,No,Mailed check,61-72 Months,Medium,Q3,5741
5883-GTGVD,Month-to-month,Yes,Electronic check,13-24 Months,Premium,Q3,5742
5135-GRQJV,Two year,Yes,Mailed check,61-72 Months,Premium,Q4,5743
2384-OVPSA,Two year,No,Mailed check,25-48 Months,Low,Q2,5744
1371-WEPDS,One year,No,Electronic check,25-48 Months,Medium,Q3,5745
3580-GICBM,Two year,Yes,Mailed check,61-72 Months,Low,Q3,5746
4817-QRJSX,Month-to-month,Yes,Credit card (automatic),0-12 Months,High,Q2,5747
9730-DRTMJ,One year,Yes,Credit card (automatic),25-48 Months,High,Q3,5748
4686-UXDML,Month-to-month,Yes,Credit card (automatic),13-24 Months,Premium,Q3,5749
3349-ANQNH,One year,Yes,Electronic check,49-60 Months,Premium,Q4,5750
2398-YPMUR,Month-to-month,Yes,Electronic check,13-24 Months,High,Q2,5751
0932-YIXYU,Two year,No,Credit card (automatic),25-48 Months,Low,Q2,5752
7480-SPLEF,Two year,Yes,Bank transfer (automatic),61-72 Months,Low,Q3,5753
7636-XUHWW,Month-to-month,Yes,Credit card (automatic),0-12 Months,Low,Q1,5754
1431-CYWMH,Month-to-month,No,Bank transfer (automatic),13-24 Months,Low,Q2,5755
5937-EORGB,Month-to-month,Yes,Electronic check,13-24 Months,Premium,Q2,5756
6349-JDHQP,Two year,No,Credit card (automatic),49-60 Months,Low,Q2,5757
5539-HIVAK,Month-to-month,No,Mailed check,25-48 Months,Low,Q2,5758
5847-MXBEO,One year,No,Mailed check,13-24 Months,Low,Q2,5759
9985-MWVIX,Month-to-month,Yes,Mailed check,0-12 Months,High,Q1,5760
4583-PARNH,Month-to-month,Yes,Electronic check,13-24 Months,Premium,Q3,5761
1116-FRYVH,Two year,No,Mailed check,25-48 Months,Medium,Q3,5762
1421-HCERK,Month-to-month,Yes,Bank transfer (automatic),25-48 Months,Premium,Q3,5763
9633-XQABV,Month-to-month,Yes,Electronic check,0-12 Months,High,Q1,5764
0716-BQNDX,Two year,No,Electronic check,49-60 Months,Premium,Q4,5765
1265-XTECC,One year,Yes,Credit card (automatic),61-72 Months,Premium,Q4,5766
1183-CANVH,One year,No,Bank transfer (automatic),13-24 Months,Medium,Q2,5767
1972-XMUWV,Two year,Yes,Credit card (automatic),61-72 Months,Medium,Q4,5768
8679-LZBMD,One year,Yes,Bank transfer (automatic),25-48 Months,Premium,Q4,5769
3407-JMJQQ,Two year,Yes,Bank transfer (automatic),61-72 Months,Premium,Q4,5770
6252-DFGTK,One year,No,Credit card (automatic),25-48 Months,Medium,Q3,5771
1539-LNKHM,Month-to-month,No,Mailed check,0-12 Months,Low,Q1,5772
8645-KOMJQ,Two year,Yes,Bank transfer (automatic),61-72 Months,High,Q4,5773
0289-IVARM,Month-to-month,No,Electronic check,25-48 Months,Medium,Q3,5774
9761-XUJWD,Month-to-month,Yes,Bank transfer (automatic),0-12 Months,Medium,Q1,5775
4057-FKCZK,Two year,No,Bank transfer (automatic),49-60 Months,High,Q4,5776
4291-TPNFG,Two year,Yes,Bank transfer (automatic),61-72 Months,High,Q4,5777
6087-YPWHO,Two year,No,Mailed check,61-72 Months,Medium,Q4,5778
3090-QFUVD,Month-to-month,No,Credit card (automatic),0-12 Months,Low,Q1,5779
2237-ZFSMY,One year,Yes,Electronic check,25-48 Months,Premium,Q3,5780
1722-LDZJS,One year,No,Credit card (automatic),49-60 Months,Low,Q2,5781
1818-ESQMW,Month-to-month,Yes,Electronic check,25-48 Months,High,Q3,5782
4871-JTKJF,Month-to-month,Yes,Electronic check,0-12 Months,Medium,Q1,5783
1415-YFWLT,Month-to-month,Yes,Electronic check,0-12 Months,High,Q1,5784
7401-RUBNK,Month-to-month,No,Electronic check,13-24 Months,High,Q3,5785
0506-YLVKJ,Two year,Yes,Mailed check,25-48 Months,Low,Q2,5786
8661-BOYNW,Two year,Yes,Credit card (automatic),61-72 Months,High,Q4,5787
6711-VTNRE,Month-to-month,Yes,Electronic check,25-48 Months,High,Q3,5788
4815-GBTCD,Month-to-month,Yes,Electronic check,0-12 Months,Low,Q1,5789
2805-AUFQN,Two year,No,Credit card (automatic),25-48 Months,Low,Q2,5790
0980-PVMRC,Month-to-month,Yes,Electronic check,25-48 Months,Medium,Q3,5791
7233-DRTRF,Month-to-month,Yes,Electronic check,61-72 Months,Premium,Q4,5792
3500-RMZLT,Month-to-month,Yes,Mailed check,13-24 Months,Premium,Q3,5793
3873-NFTGI,Month-to-month,Yes,Credit card (automatic),13-24 Months,Medium,Q2,5794
1162-ECVII,Two year,Yes,Bank transfer (automatic),61-72 Months,Premium,Q4,5795
7048-GXDAY,Month-to-month,Yes,Electronic check,25-48 Months,Premium,Q4,5796
8571-ZCMCX,Two year,Yes,Credit card (automatic),25-48 Months,Medium,Q3,5797
1169-WCVAK,Month-to-month,Yes,Credit card (automatic),13-24 Months,High,Q3,5798
4548-SDBKE,Month-to-month,Yes,Electronic check,0-12 Months,High,Q2,5799
8066-POXGX,Month-to-month,Yes,Electronic check,13-24 Months,Medium,Q2,5800
7129-CAKJW,Month-to-month,No,Bank transfer (automatic),13-24 Months,High,Q2,5801
8695-ARGXZ,Month-to-month,Yes,Electronic check,25-48 Months,High,Q3,5802
3570-YUEKJ,Month-to-month,Yes,Electronic check,25-48 Months,Medium,Q3,5803
4143-OOBWZ,Month-to-month,Yes,Electronic check,0-12 Months,High,Q2,5804
1555-HAPSU,Two year,No,Credit card (automatic),61-72 Months,Low,Q3,5805
1697-NVVGY,Month-to-month,No,Bank transfer (automatic),13-24 Months,Medium,Q2,5806
7854-EKTJL,Month-to-month,Yes,Electronic check,0-12 Months,Low,Q1,5807
8464-EETCQ,Two year,No,Credit card (automatic),49-60 Months,Low,Q2,5808
2419-FSORS,Two year,Yes,Electronic check,61-72 Months,Premium,Q4,5809
8132-YPVBX,Month-to-month,Yes,Mailed check,0-12 Months,High,Q2,5810
9102-IAYHT,Month-to-month,Yes,Electronic check,13-24 Months,High,Q3,5811
6754-LZUKA,Two year,No,Bank transfer (automatic),61-72 Months,High,Q4,5812
3422-LYEPQ,Month-to-month,Yes,Electronic check,0-12 Months,High,Q1,5813
8099-MZPUJ,Two year,No,Credit card (automatic),25-48 Months,Premium,Q4,5814
0787-LHDYT,Month-to-month,Yes,Credit card (automatic),13-24 Months,Low,Q1,5815
2642-DTVCO,Month-to-month,Yes,Electronic check,0-12 Months,High,Q2,5816
0374-IOEGQ,Month-to-month,No,Electronic check,0-12 Months,Medium,Q1,5817
4361-JEIVL,Month-to-month,Yes,Electronic check,0-12 Months,Medium,Q1,5818
3197-NNYNB,Two year,No,Credit card (automatic),61-72 Months,Premium,Q4,5819
3396-DKDEL,Two year,Yes,Credit card (automatic),61-72 Months,Premium,Q4,5820
1752-OZXFY,One year,Yes,Mailed check,49-60 Months,Medium,Q3,5821
9066-QRSDU,One year,Yes,Electronic check,61-72 Months,Low,Q3,5822
9112-WSNPU,Month-to-month,No,Electronic check,25-48 Months,High,Q3,5823
9867-NNXLC,Month-to-month,Yes,Mailed check,13-24 Months,Low,Q2,5824
5321-NTRKC,Two year,No,Bank transfer (automatic),61-72 Months,High,Q4,5825
1363-TXLSL,Month-to-month,Yes,Electronic check,0-12 Months,High,Q1,5826
9507-EXLTT,Month-to-month,Yes,Bank transfer (automatic),0-12 Months,High,Q1,5827
3161-GETRM,Month-to-month,Yes,Credit card (automatic),25-48 Months,Premium,Q3,5828
0402-OAMEN,Two year,No,Bank transfer (automatic),61-72 Months,Low,Q3,5829
6933-VLYFX,One year,No,Electronic check,25-48 Months,Medium,Q3,5830
6754-WKSHP,One year,No,Bank transfer (automatic),25-48 Months,Low,Q2,5831
9846-GKXAS,Month-to-month,Yes,Bank transfer (automatic),0-12 Months,Premium,Q2,5832
6017-PPLPX,Month-to-month,Yes,Electronic check,13-24 Months,High,Q3,5833
4976-LNFVV,Month-to-month,Yes,Credit card (automatic),13-24 Months,Low,Q2,5834
5055-MGMGF,Month-to-month,Yes,Electronic check,61-72 Months,Premium,Q4,5835
4641-FROLU,Two year,No,Mailed check,25-48 Months,Low,Q2,5836
2862-JVEOY,One year,No,Mailed check,0-12 Months,Low,Q1,5837
2969-QWUBZ,Month-to-month,No,Electronic check,0-12 Months,Medium,Q1,5838
9822-BIIGN,Month-to-month,No,Electronic check,49-60 Months,High,Q4,5839
2077-MPJQO,Month-to-month,Yes,Electronic check,0-12 Months,High,Q2,5840
1534-OULXE,One year,Yes,Bank transfer (automatic),61-72 Months,Medium,Q3,5841
7136-RVDTZ,One year,Yes,Electronic check,61-72 Months,Medium,Q3,5842
2971-SGAFL,Month-to-month,Yes,Electronic check,13-24 Months,High,Q2,5843
1480-IVEVR,One year,Yes,Bank transfer (automatic),25-48 Months,High,Q3,5844
2905-KFQUV,Month-to-month,Yes,Credit card (automatic),0-12 Months,High,Q1,5845
4581-SSPWD,Month-to-month,Yes,Electronic check,0-12 Months,High,Q1,5846
3370-HXOPH,Month-to-month,No,Electronic check,0-12 Months,High,Q1,5847
9391-YZEJW,One year,Yes,Bank transfer (automatic),61-72 Months,Premium,Q4,5848
9958-MEKUC,Two year,No,Credit card (automatic),61-72 Months,Premium,Q4,5849
0281-CNTZX,Two year,Yes,Bank transfer (automatic),61-72 Months,Low,Q2,5850
6927-WTFIV,Month-to-month,No,Credit card (automatic),13-24 Months,High,Q2,5851
4118-CEVPF,One year,Yes,Bank transfer (automatic),25-48 Months,Premium,Q4,5852
3398-ZOUAA,Month-to-month,Yes,Electronic check,13-24 Months,Medium,Q3,5853
9114-VEPUF,One year,No,Electronic check,61-72 Months,Premium,Q4,5854
7876-BEUTG,Month-to-month,Yes,Mailed check,13-24 Months,Medium,Q2,5855
2338-BQEZT,Month-to-month,Yes,Credit card (automatic),49-60 Months,Medium,Q3,5856
9873-MNDKV,Month-to-month,Yes,Mailed check,0-12 Months,Medium,Q2,5857
0378-NHQXU,Month-to-month,No,Electronic check,13-24 Months,High,Q3,5858
8241-JUIQO,One year,No,Bank transfer (automatic),61-72 Months,Low,Q2,5859
2194-IIQOF,Two year,No,Credit card (automatic),61-72 Months,High,Q4,5860
4512-ZUIYL,Month-to-month,No,Bank transfer (automatic),0-12 Months,Medium,Q1,5861
9631-RXVJM,Two year,No,Mailed check,25-48 Months,Low,Q2,5862
9584-EXCDZ,Month-to-month,No,Bank transfer (automatic),13-24 Months,High,Q2,5863
7969-AULMZ,Month-to-month,Yes,Electronic check,13-24 Months,Premium,Q3,5864
5093-FEGLU,Two year,No,Bank transfer (automatic),25-48 Months,Low,Q2,5865
2621-UDNLU,Month-to-month,No,Mailed check,0-12 Months,Low,Q1,5866
7526-IVLYU,Month-to-month,Yes,Mailed check,0-12 Months,Low,Q1,5867
2428-HYUNX,Two year,Yes,Credit card (automatic),25-48 Months,Low,Q2,5868
9214-EKVXR,Month-to-month,Yes,Mailed check,0-12 Months,Medium,Q1,5869
3410-MHHUM,One year,No,Electronic check,25-48 Months,Premium,Q4,5870
0568-ONFPC,Month-to-month,Yes,Bank transfer (automatic),0-12 Months,Low,Q1,5871
0733-VUNUW,Month-to-month,Yes,Bank transfer (automatic),13-24 Months,Medium,Q3,5872
4550-EVXNY,Month-to-month,Yes,Electronic check,0-12 Months,Medium,Q1,5873
2122-YWVYA,Month-to-month,Yes,Electronic check,13-24 Months,High,Q2,5874
2968-SSGAA,Month-to-month,Yes,Electronic check,0-12 Months,Premium,Q2,5875
2296-DKZFP,Two year,No,Bank transfer (automatic),61-72 Months,High,Q4,5876
4844-JJWUY,Month-to-month,Yes,Electronic check,0-12 Months,High,Q1,5877
6777-TGHTM,One year,Yes,Credit card (automatic),49-60 Months,Premium,Q4,5878
8909-BOLNL,One year,No,Mailed check,0-12 Months,Low,Q1,5879
6603-YRDCJ,Two year,Yes,Mailed check,25-48 Months,Medium,Q3,5880
3538-WZPHD,Month-to-month,Yes,Electronic check,0-12 Months,Low,Q1,5881
3229-USWAR,One year,Yes,Bank transfer (automatic),25-48 Months,High,Q3,5882
2138-VFAPZ,Two year,Yes,Mailed check,13-24 Months,Low,Q1,5883
6131-JLWZM,Month-to-month,Yes,Mailed check,13-24 Months,Low,Q1,5884
4785-QRJHC,One year,Yes,Bank transfer (automatic),25-48 Months,Medium,Q3,5885
0269-XFESX,One year,No,Mailed check,13-24 Months,Low,Q2,5886
1709-EJDOX,Two year,No,Mailed check,25-48 Months,Low,Q2,5887
4316-XCSLJ,Month-to-month,Yes,Mailed check,13-24 Months,Medium,Q2,5888
8610-WFCJF,Month-to-month,Yes,Electronic check,49-60 Months,Premium,Q4,5889
9693-XMUOB,Month-to-month,Yes,Electronic check,49-60 Months,Medium,Q3,5890
0383-CLDDA,Two year,Yes,Credit card (automatic),61-72 Months,High,Q4,5891
4905-JEFDW,One year,Yes,Electronic check,0-12 Months,Medium,Q2,5892
2709-UQGNP,Month-to-month,Yes,Mailed check,0-12 Months,Medium,Q2,5893
3549-ZTMNH,Two year,Yes,Bank transfer (automatic),0-12 Months,Low,Q1,5894
7881-INRLC,Month-to-month,Yes,Credit card (automatic),25-48 Months,Premium,Q4,5895
8033-ATFAS,Month-to-month,Yes,Mailed check,25-48 Months,Medium,Q3,5896
1635-NZATJ,Two year,No,Credit card (automatic),61-72 Months,Low,Q3,5897
0562-HKHML,Two year,No,Credit card (automatic),61-72 Months,Low,Q3,5898
8277-RVRSV,One year,No,Credit card (automatic),25-48 Months,Low,Q2,5899
9943-VSZUV,Month-to-month,Yes,Mailed check,61-72 Months,High,Q4,5900
0117-LFRMW,Month-to-month,No,Bank transfer (automatic),25-48 Months,Medium,Q3,5901
6172-FECYY,Month-to-month,No,Electronic check,49-60 Months,High,Q4,5902
7054-ENNGU,Month-to-month,No,Mailed check,0-12 Months,Medium,Q2,5903
1455-HFBXA,Two year,Yes,Credit card (automatic),49-60 Months,Premium,Q4,5904
9402-CXWPL,One year,No,Electronic check,61-72 Months,Premium,Q4,5905
1628-BIZYP,Month-to-month,Yes,Electronic check,0-12 Months,High,Q1,5906
1965-AKTSX,Month-to-month,Yes,Electronic check,13-24 Months,High,Q2,5907
0082-LDZUE,Month-to-month,Yes,Mailed check,0-12 Months,Medium,Q1,5908
4786-UKSNZ,Month-to-month,No,Mailed check,0-12 Months,Low,Q1,5909
5343-SGUBI,One year,Yes,Mailed check,49-60 Months,High,Q4,5910
0856-NAOES,Month-to-month,No,Mailed check,0-12 Months,Medium,Q2,5911
1976-AZZPJ,Month-to-month,No,Mailed check,0-12 Months,Low,Q1,5912
7248-VZQLC,Month-to-month,Yes,Bank transfer (automatic),25-48 Months,High,Q4,5913
6156-UZDLF,One year,Yes,Credit card (automatic),25-48 Months,High,Q3,5914
3099-OONVS,Month-to-month,No,Electronic check,25-48 Months,Medium,Q2,5915
9500-WBGRP,Two year,Yes,Mailed check,61-72 Months,Low,Q2,5916
5183-KLYEM,Two year,Yes,Credit card (automatic),61-72 Months,Premium,Q4,5917
5144-PQCDZ,Month-to-month,Yes,Mailed check,0-12 Months,Low,Q1,5918
8514-VZHEB,Two year,No,Mailed check,49-60 Months,Low,Q2,5919
6625-IUTTT,Two year,No,Bank transfer (automatic),61-72 Months,Medium,Q4,5920
9355-NPPFS,Month-to-month,Yes,Electronic check,25-48 Months,High,Q3,5921
0068-FIGTF,One year,No,Mailed check,25-48 Months,High,Q3,5922
5965-GGPRW,Two year,No,Bank transfer (automatic),61-72 Months,Premium,Q4,5923
8035-PWSEV,Month-to-month,Yes,Electronic check,0-12 Months,High,Q2,5924
2236-HILPA,Two year,No,Credit card (automatic),61-72 Months,Low,Q2,5925
1840-BIUOG,One year,Yes,Electronic check,13-24 Months,Medium,Q3,5926
1356-MKYSK,Month-to-month,No,Credit card (automatic),0-12 Months,High,Q2,5927
6080-LNESI,Two year,No,Mailed check,49-60 Months,Low,Q2,5928
1830-IPXVJ,Two year,No,Credit card (automatic),61-72 Months,Low,Q2,5929
5828-DWPIL,Month-to-month,Yes,Electronic check,61-72 Months,High,Q4,5930
8398-TBIYD,Two year,Yes,Bank transfer (automatic),61-72 Months,High,Q4,5931
0011-IGKFF,Month-to-month,Yes,Electronic check,13-24 Months,Premium,Q2,5932
4192-GORJT,Month-to-month,Yes,Electronic check,0-12 Months,Premium,Q2,5933
6496-SLWHQ,Month-to-month,Yes,Electronic check,0-12 Months,Premium,Q1,5934
9912-GVSEQ,Month-to-month,Yes,Electronic check,25-48 Months,Premium,Q3,5935
2931-FSOHN,Month-to-month,Yes,Electronic check,13-24 Months,Medium,Q2,5936
9418-RUKPH,Two year,Yes,Mailed check,25-48 Months,Low,Q2,5937
5383-MMTWC,Month-to-month,Yes,Electronic check,0-12 Months,High,Q2,5938
9971-ZWPBF,Month-to-month,Yes,Electronic check,25-48 Months,Premium,Q3,5939
4712-AUQZO,Month-to-month,No,Mailed check,13-24 Months,Low,Q2,5940
9711-FJTBX,One year,Yes,Mailed check,49-60 Months,High,Q4,5941
2908-ZTPNF,Month-to-month,Yes,Bank transfer (automatic),25-48 Months,Low,Q2,5942
7240-ETPTR,Month-to-month,Yes,Electronic check,0-12 Months,Medium,Q2,5943
2202-CUYXZ,Month-to-month,Yes,Electronic check,0-12 Months,High,Q1,5944
5995-OIGLP,Month-to-month,No,Mailed check,0-12 Months,Medium,Q2,5945
8421-WZOOW,Month-to-month,Yes,Credit card (automatic),49-60 Months,Premium,Q4,5946
6261-RCVNS,One year,No,Credit card (automatic),25-48 Months,High,Q3,5947
7951-QKZPL,Two year,Yes,Mailed check,25-48 Months,Low,Q2,5948
1414-YADCW,Two year,No,Bank transfer (automatic),61-72 Months,High,Q4,5949
8756-RDDLT,Month-to-month,No,Electronic check,61-72 Months,Medium,Q3,5950
2862-PFNIK,Month-to-month,Yes,Electronic check,0-12 Months,Low,Q1,5951
5816-QVHRX,Month-to-month,No,Credit card (automatic),25-48 Months,Premium,Q3,5952
4430-YHXGG,Month-to-month,Yes,Mailed check,0-12 Months,Low,Q1,5953
6888-SBYAI,Month-to-month,Yes,Mailed check,0-12 Months,Medium,Q1,5954
7395-XWZOY,Month-to-month,Yes,Credit card (automatic),13-24 Months,Medium,Q2,5955
7169-YWAMK,Two year,No,Bank transfer (automatic),61-72 Months,Medium,Q4,5956
3640-PHQXK,Month-to-month,Yes,Electronic check,25-48 Months,High,Q3,5957
6877-LGWXO,Month-to-month,No,Electronic check,13-24 Months,High,Q3,5958
6859-RKMZJ,Month-to-month,Yes,Bank transfer (automatic),0-12 Months,Medium,Q2,5959
2729-VNVAP,Two year,No,Credit card (automatic),25-48 Months,Low,Q2,5960
2957-JIRMN,One year,No,Electronic check,61-72 Months,High,Q4,5961
2049-BAFNW,Month-to-month,No,Mailed check,0-12 Months,Medium,Q1,5962
3842-QTGDL,Month-to-month,No,Bank transfer (automatic),13-24 Months,High,Q2,5963
7163-OCEQI,One year,Yes,Mailed check,13-24 Months,High,Q3,5964
9782-LGXMC,Month-to-month,No,Bank transfer (automatic),49-60 Months,Medium,Q3,5965
5975-BAICR,One year,Yes,Credit card (automatic),25-48 Months,Medium,Q3,5966
8019-ENHXU,Month-to-month,Yes,Electronic check,25-48 Months,Premium,Q4,5967
5167-GBFRE,Month-to-month,Yes,Bank transfer (automatic),0-12 Months,Low,Q1,5968
9033-EOXWV,One year,No,Mailed check,0-12 Months,High,Q2,5969
4673-KKSLS,Month-to-month,No,Electronic check,25-48 Months,High,Q3,5970
4853-OITSN,Month-to-month,Yes,Electronic check,0-12 Months,High,Q2,5971
9800-OUIGR,Two year,No,Credit card (automatic),61-72 Months,Low,Q2,5972
1324-NLTJE,Month-to-month,No,Credit card (automatic),13-24 Months,Medium,Q2,5973
2324-EFHVG,Two year,Yes,Bank transfer (automatic),61-72 Months,Premium,Q4,5974
7094-MSZAO,Month-to-month,Yes,Credit card (automatic),0-12 Months,Low,Q1,5975
1522-VVDMG,Month-to-month,Yes,Electronic check,0-12 Months,High,Q2,5976
6907-CQGPN,Month-to-month,No,Electronic check,25-48 Months,Low,Q2,5977
0780-XNZFN,Two year,No,Bank transfer (automatic),49-60 Months,Low,Q2,5978
0239-OXEXL,Month-to-month,No,Mailed check,25-48 Months,High,Q4,5979
2675-IJRGJ,Two year,No,Bank transfer (automatic),49-60 Months,Low,Q2,5980
7049-GKVZY,One year,No,Credit card (automatic),13-24 Months,High,Q2,5981
8577-QSOCG,Two year,Yes,Mailed check,25-48 Months,Low,Q2,5982
3721-CNZHX,One year,No,Mailed check,13-24 Months,Low,Q1,5983
0212-ISBBF,Month-to-month,Yes,Electronic check,13-24 Months,Medium,Q2,5984
9185-TQCVP,Month-to-month,Yes,Electronic check,13-24 Months,High,Q2,5985
3585-YNADK,One year,No,Bank transfer (automatic),49-60 Months,High,Q4,5986
5271-DBYSJ,Month-to-month,Yes,Credit card (automatic),0-12 Months,High,Q2,5987
1099-GODLO,Two year,No,Mailed check,0-12 Months,Low,Q1,5988
6828-HMKWP,Two year,No,Bank transfer (automatic),0-12 Months,Low,Q1,5989
5567-WSELE,Month-to-month,Yes,Electronic check,0-12 Months,Premium,Q1,5990
1472-TNCWL,Month-to-month,Yes,Electronic check,25-48 Months,Premium,Q3,5991
8063-RJYNF,Month-to-month,Yes,Electronic check,13-24 Months,Premium,Q3,5992
0687-ZVTHB,One year,No,Credit card (automatic),61-72 Months,High,Q4,5993
2080-GKCWQ,Month-to-month,No,Electronic check,0-12 Months,High,Q1,5994
9661-ACXBS,Month-to-month,Yes,Electronic check,25-48 Months,Premium,Q4,5995
2193-SFWQW,Two year,No,Bank transfer (automatic),61-72 Months,Premium,Q4,5996
5656-JAMLX,Two year,No,Bank transfer (automatic),61-72 Months,Low,Q2,5997
3462-BJQQA,Month-to-month,Yes,Electronic check,0-12 Months,High,Q2,5998
0442-TDYUO,Two year,Yes,Mailed check,25-48 Months,Low,Q2,5999
6733-LRIZX,Two year,Yes,Electronic check,25-48 Months,Premium,Q4,6000
9503-XJUME,One year,No,Credit card (automatic),49-60 Months,Low,Q2,6001
4367-NHWMM,Month-to-month,Yes,Mailed check,0-12 Months,Low,Q1,6002
3727-RJMEO,Month-to-month,Yes,Electronic check,0-12 Months,High,Q2,6003
3779-OSWCF,Two year,No,Credit card (automatic),61-72 Months,Premium,Q4,6004
6736-DHUQI,One year,No,Bank transfer (automatic),61-72 Months,High,Q4,6005
3915-ODIYG,One year,Yes,Electronic check,49-60 Months,High,Q4,6006
1360-RCYRT,Month-to-month,Yes,Bank transfer (automatic),13-24 Months,Low,Q2,6007
2724-FJDYW,One year,No,Bank transfer (automatic),25-48 Months,Medium,Q3,6008
4451-RWASJ,One year,Yes,Mailed check,13-24 Months,Low,Q1,6009
6646-VRFOL,Month-to-month,Yes,Electronic check,49-60 Months,Premium,Q4,6010
3460-TJBWI,Two year,No,Mailed check,13-24 Months,Low,Q2,6011
5917-HBSDW,Month-to-month,No,Electronic check,25-48 Months,Low,Q2,6012
5685-IIXLY,Month-to-month,Yes,Electronic check,0-12 Months,High,Q2,6013
5671-UUNXD,One year,Yes,Electronic check,49-60 Months,Premium,Q4,6014
0956-ACVZC,One year,Yes,Credit card (automatic),49-60 Months,Premium,Q4,6015
2325-NBPZG,Month-to-month,Yes,Electronic check,0-12 Months,High,Q1,6016
4250-ZBWLV,One year,No,Electronic check,61-72 Months,Premium,Q4,6017
4482-FTFFX,Month-to-month,No,Electronic check,0-12 Months,Medium,Q1,6018
8859-DZTGQ,Two year,No,Mailed check,25-48 Months,Low,Q2,6019
0440-MOGPM,One year,Yes,Electronic check,25-48 Months,High,Q3,6020
0020-JDNXP,One year,No,Mailed check,25-48 Months,Medium,Q3,6021
3752-CQSJI,Month-to-month,Yes,Mailed check,13-24 Months,Low,Q1,6022
5025-GOOKI,Month-to-month,Yes,Credit card (automatic),13-24 Months,Low,Q1,6023
4698-KVLLG,Two year,No,Credit card (automatic),49-60 Months,Low,Q2,6024
5095-AESKG,Month-to-month,Yes,Credit card (automatic),0-12 Months,Premium,Q1,6025
2887-JPYLU,Month-to-month,No,Bank transfer (automatic),25-48 Months,Medium,Q3,6026
4770-QAZXN,Month-to-month,No,Credit card (automatic),13-24 Months,Low,Q1,6027
4896-CPRPF,Two year,No,Bank transfer (automatic),25-48 Months,Low,Q2,6028
1871-MOWRM,Month-to-month,No,Bank transfer (automatic),0-12 Months,High,Q2,6029
9714-EDSUC,Month-to-month,Yes,Mailed check,0-12 Months,Premium,Q1,6030
2027-OAQQC,Month-to-month,Yes,Bank transfer (automatic),25-48 Months,Medium,Q3,6031
0282-NVSJS,Month-to-month,Yes,Mailed check,0-12 Months,Low,Q1,6032
9090-SGQXL,Month-to-month,Yes,Electronic check,61-72 Months,Premium,Q4,6033
6595-YGXIT,Month-to-month,Yes,Electronic check,25-48 Months,High,Q3,6034
7353-YOWFP,One year,No,Mailed check,0-12 Months,Low,Q1,6035
9835-ZIITK,One year,Yes,Electronic check,61-72 Months,Premium,Q4,6036
8008-ESFLK,One year,No,Electronic check,49-60 Months,Premium,Q4,6037
7537-CBQUZ,Month-to-month,Yes,Bank transfer (automatic),61-72 Months,Premium,Q4,6038
1555-DJEQW,Two year,Yes,Bank transfer (automatic),61-72 Months,Premium,Q4,6039
5649-TJHOV,Month-to-month,No,Bank transfer (automatic),25-48 Months,Medium,Q2,6040
0519-XUZJU,Month-to-month,No,Mailed check,0-12 Months,High,Q1,6041
3363-EWLGO,Month-to-month,No,Mailed check,0-12 Months,Low,Q1,6042
4750-UKWJK,One year,No,Mailed check,25-48 Months,Low,Q2,6043
6338-AVWCY,Month-to-month,Yes,Mailed check,0-12 Months,Medium,Q1,6044
1689-YQBYY,Month-to-month,Yes,Electronic check,0-12 Months,High,Q2,6045
4487-ZYJZK,One year,No,Credit card (automatic),25-48 Months,Low,Q2,6046
2959-FENLU,Month-to-month,Yes,Credit card (automatic),0-12 Months,High,Q2,6047
0708-LGSMF,Month-to-month,Yes,Electronic check,13-24 Months,Medium,Q2,6048
9253-QXKBE,Month-to-month,Yes,Electronic check,25-48 Months,Premium,Q3,6049
7634-HLQJR,Two year,No,Credit card (automatic),25-48 Months,Low,Q2,6050
0487-RPVUM,Month-to-month,No,Bank transfer (automatic),61-72 Months,Premium,Q4,6051
4079-ULGFR,Month-to-month,No,Mailed check,13-24 Months,Low,Q1,6052
2516-XSJKX,Two year,No,Electronic check,25-48 Months,High,Q3,6053
0057-QBUQH,Two year,Yes,Electronic check,25-48 Months,Low,Q2,6054
9445-SZLCH,Month-to-month,Yes,Bank transfer (automatic),25-48 Months,Premium,Q3,6055
6599-SFQVE,Month-to-month,Yes,Electronic check,0-12 Months,Medium,Q1,6056
8331-ZXFOE,One year,Yes,Credit card (automatic),49-60 Months,High,Q4,6057
4003-FUSHP,Month-to-month,Yes,Credit card (automatic),13-24 Months,Medium,Q2,6058
0356-ERHVT,Month-to-month,Yes,Bank transfer (automatic),0-12 Months,Medium,Q2,6059
7325-ENZFI,One year,Yes,Bank transfer (automatic),25-48 Months,Medium,Q3,6060
4884-ZTHVF,Month-to-month,Yes,Electronic check,0-12 Months,High,Q2,6061
3920-HIHMQ,Month-to-month,Yes,Mailed check,25-48 Months,Medium,Q2,6062
3055-OYMSE,Month-to-month,Yes,Credit card (automatic),49-60 Months,High,Q4,6063
0613-WUXUM,Two year,Yes,Mailed check,61-72 Months,Low,Q3,6064
7568-PODML,Month-to-month,Yes,Mailed check,0-12 Months,Medium,Q1,6065
4458-KVRBJ,Two year,No,Mailed check,49-60 Months,Low,Q3,6066
5349-IECLD,Month-to-month,No,Electronic check,0-12 Months,Premium,Q1,6067
1397-XKKWR,One year,No,Mailed check,0-12 Months,Medium,Q1,6068
3945-GFWQL,Month-to-month,Yes,Electronic check,0-12 Months,Medium,Q2,6069
8097-OMULG,One year,No,Credit card (automatic),49-60 Months,High,Q4,6070
6013-BHCAW,Two year,Yes,Bank transfer (automatic),61-72 Months,High,Q4,6071
0401-WDBXM,Two year,Yes,Bank transfer (automatic),61-72 Months,Premium,Q4,6072
3387-PLKUI,Month-to-month,No,Mailed check,13-24 Months,Low,Q1,6073
6096-EGVTU,One year,No,Mailed check,61-72 Months,Low,Q3,6074
3797-VTIDR,Month-to-month,Yes,Electronic check,0-12 Months,Low,Q1,6075
5081-NWSUP,One year,No,Mailed check,0-12 Months,Medium,Q2,6076
2580-ATZSQ,One year,No,Bank transfer (automatic),61-72 Months,Medium,Q4,6077
8085-MSNLK,Two year,No,Mailed check,61-72 Months,Premium,Q4,6078
9691-HKOVS,One year,Yes,Electronic check,49-60 Months,Premium,Q4,6079
9881-VCZEP,Month-to-month,No,Electronic check,25-48 Months,Medium,Q2,6080
9526-BIHHD,Month-to-month,No,Mailed check,0-12 Months,Low,Q1,6081
8757-TFHHJ,Month-to-month,Yes,Credit card (automatic),0-12 Months,Medium,Q1,6082
4523-WXCEF,Month-to-month,No,Electronic check,49-60 Months,Premium,Q4,6083
1468-DEFNC,Two year,Yes,Bank transfer (automatic),61-72 Months,Low,Q3,6084
5119-KEPFY,Month-to-month,Yes,Bank transfer (automatic),25-48 Months,Premium,Q3,6085
8364-TRMMK,Month-to-month,Yes,Mailed check,0-12 Months,Medium,Q1,6086
0916-KNFAJ,Two year,Yes,Mailed check,61-72 Months,Medium,Q4,6087
8319-QBEHW,One year,Yes,Bank transfer (automatic),25-48 Months,Medium,Q2,6088
3063-QFSZL,Month-to-month,Yes,Electronic check,0-12 Months,Medium,Q1,6089
8775-LHDJH,Month-to-month,Yes,Electronic check,0-12 Months,Premium,Q1,6090
9625-QNLUX,Two year,Yes,Credit card (automatic),61-72 Months,Premium,Q4,6091
3097-NQYSN,Month-to-month,Yes,Mailed check,0-12 Months,High,Q1,6092
4024-CSNBY,Two year,Yes,Bank transfer (automatic),61-72 Months,Premium,Q4,6093
7110-BDTWG,Two year,Yes,Electronic check,61-72 Months,Medium,Q3,6094
7493-GVFIO,Two year,No,Credit card (automatic),49-60 Months,Low,Q2,6095
0690-SRQID,Month-to-month,Yes,Mailed check,0-12 Months,Low,Q1,6096
9605-WGJVW,Month-to-month,Yes,Electronic check,0-12 Months,High,Q1,6097
9114-DPSIA,Two year,No,Credit card (automatic),61-72 Months,High,Q4,6098
4700-UBQMV,One year,Yes,Bank transfer (automatic),13-24 Months,High,Q3,6099
7711-GQBZC,Two year,No,Bank transfer (automatic),61-72 Months,Low,Q3,6100
3565-UNOCC,Month-to-month,Yes,Bank transfer (automatic),25-48 Months,Premium,Q3,6101
4627-MIHJH,Two year,No,Credit card (automatic),61-72 Months,Premium,Q4,6102
9795-NREXC,Two year,Yes,Credit card (automatic),61-72 Months,High,Q4,6103
8573-CGOCC,Month-to-month,No,Credit card (automatic),13-24 Months,Low,Q1,6104
7356-AYNJP,One year,No,Electronic check,0-12 Months,Low,Q1,6105
9249-FXSCK,One year,Yes,Credit card (automatic),49-60 Months,Premium,Q4,6106
5493-SDRDQ,Month-to-month,Yes,Mailed check,0-12 Months,Medium,Q1,6107
6286-SUUWT,Month-to-month,No,Mailed check,0-12 Months,Low,Q1,6108
4819-HJPIW,Month-to-month,No,Mailed check,13-24 Months,Low,Q2,6109
8654-DHAOW,Month-to-month,No,Mailed check,0-12 Months,Medium,Q1,6110
5438-QMDDL,Month-to-month,Yes,Mailed check,13-24 Months,Medium,Q2,6111
9812-GHVRI,Month-to-month,No,Bank transfer (automatic),25-48 Months,High,Q3,6112
5553-AOINX,One year,Yes,Electronic check,61-72 Months,Premium,Q4,6113
1228-ZLNBX,Month-to-month,No,Mailed check,13-24 Months,High,Q3,6114
4226-KKDON,Month-to-month,Yes,Electronic check,0-12 Months,Medium,Q2,6115
3831-YCPUO,Two year,Yes,Credit card (automatic),61-72 Months,Premium,Q4,6116
7445-WMRBW,One year,Yes,Bank transfer (automatic),25-48 Months,High,Q3,6117
3308-DGHKL,Two year,Yes,Bank transfer (automatic),61-72 Months,Low,Q3,6118
9924-JPRMC,Two year,Yes,Electronic check,61-72 Months,Premium,Q4,6119
0080-EMYVY,One year,No,Credit card (automatic),13-24 Months,Medium,Q2,6120
6218-KNUBD,Month-to-month,No,Electronic check,0-12 Months,Medium,Q1,6121
7337-CINUD,Two year,No,Bank transfer (automatic),0-12 Months,Low,Q1,6122
7609-NRNCA,One year,No,Mailed check,13-24 Months,Low,Q1,6123
0623-EJQEG,One year,No,Electronic check,61-72 Months,Premium,Q4,6124
7153-CHRBV,One year,Yes,Mailed check,49-60 Months,Medium,Q3,6125
0871-URUWO,Month-to-month,Yes,Credit card (automatic),13-24 Months,Premium,Q2,6126
9190-MFJLN,Month-to-month,Yes,Credit card (automatic),13-24 Months,Premium,Q3,6127
6198-PNNSZ,One year,No,Bank transfer (automatic),49-60 Months,Premium,Q4,6128
3317-VLGQT,Month-to-month,Yes,Electronic check,13-24 Months,High,Q2,6129
4132-POCZS,Month-to-month,Yes,Electronic check,49-60 Months,Medium,Q3,6130
5614-DNZCE,Two year,Yes,Credit card (automatic),49-60 Months,Medium,Q4,6131
1095-JUDTC,Month-to-month,Yes,Electronic check,25-48 Months,Premium,Q4,6132
3896-RCYYE,Month-to-month,Yes,Credit card (automatic),61-72 Months,Medium,Q3,6133
9638-JIQYA,Month-to-month,Yes,Credit card (automatic),0-12 Months,Low,Q1,6134
3258-SANFR,Month-to-month,No,Credit card (automatic),0-12 Months,Medium,Q1,6135
3726-TBHQT,Two year,Yes,Bank transfer (automatic),61-72 Months,Premium,Q4,6136
3190-ITQXP,Two year,No,Bank transfer (automatic),25-48 Months,Low,Q2,6137
0870-VEMYL,Month-to-month,No,Credit card (automatic),0-12 Months,Medium,Q1,6138
4833-QTJNO,Month-to-month,No,Bank transfer (automatic),61-72 Months,High,Q4,6139
3039-MJSLN,Month-to-month,No,Bank transfer (automatic),0-12 Months,Low,Q1,6140
0178-CIIKR,Month-to-month,No,Mailed check,0-12 Months,Low,Q1,6141
5385-SUIRI,Month-to-month,Yes,Electronic check,49-60 Months,Premium,Q4,6142
3982-XWFZQ,Month-to-month,Yes,Electronic check,25-48 Months,Medium,Q3,6143
5774-QPLTF,One year,Yes,Mailed check,49-60 Months,Low,Q2,6144
2322-VCZHZ,Month-to-month,Yes,Electronic check,13-24 Months,High,Q3,6145
5010-IPEAQ,Two year,No,Credit card (automatic),61-72 Months,Medium,Q3,6146
4009-ALQFH,Month-to-month,Yes,Electronic check,25-48 Months,Premium,Q3,6147
6383-ZTSIW,One year,No,Mailed check,25-48 Months,Premium,Q4,6148
8990-YOZLV,Two year,Yes,Mailed check,61-72 Months,Medium,Q4,6149
3069-SSVSN,One year,No,Mailed check,0-12 Months,Low,Q1,6150
5222-IMUKT,Month-to-month,No,Electronic check,25-48 Months,Premium,Q3,6151
3627-FCRDW,Month-to-month,No,Electronic check,0-12 Months,High,Q2,6152
7562-GSUHK,Month-to-month,Yes,Credit card (automatic),13-24 Months,Premium,Q3,6153
6685-XSHHU,Two year,Yes,Bank transfer (automatic),49-60 Months,Low,Q2,6154
8901-UPRHR,Two year,Yes,Bank transfer (automatic),61-72 Months,Premium,Q4,6155
4903-UYAVB,Month-to-month,No,Mailed check,0-12 Months,Low,Q1,6156
0118-JPNOY,Month-to-month,Yes,Credit card (automatic),25-48 Months,High,Q3,6157
6776-TLWOI,Month-to-month,No,Mailed check,0-12 Months,Low,Q1,6158
3845-FXCYS,Month-to-month,Yes,Electronic check,0-12 Months,Low,Q1,6159
5857-XRECV,One year,No,Bank transfer (automatic),0-12 Months,Low,Q1,6160
0725-CXOTM,One year,Yes,Credit card (automatic),25-48 Months,High,Q3,6161
4343-EJVQB,Month-to-month,No,Mailed check,0-12 Months,High,Q2,6162
9000-PLFUZ,Two year,Yes,Credit card (automatic),49-60 Months,Medium,Q3,6163
3427-GGZZI,Month-to-month,Yes,Electronic check,13-24 Months,High,Q3,6164
7779-ORAEL,Two year,No,Credit card (automatic),25-48 Months,High,Q3,6165
0644-OQMDK,Month-to-month,Yes,Electronic check,0-12 Months,High,Q1,6166
4077-CROMM,Month-to-month,Yes,Electronic check,25-48 Months,Premium,Q3,6167
3154-CFSZG,Month-to-month,No,Electronic check,25-48 Months,Premium,Q4,6168
2868-MZAGQ,Month-to-month,Yes,Electronic check,0-12 Months,High,Q1,6169
4847-QNOKA,Month-to-month,Yes,Bank transfer (automatic),0-12 Months,Medium,Q1,6170
2220-IAHLS,Month-to-month,No,Credit card (automatic),0-12 Months,Low,Q1,6171
1658-XUHBX,Month-to-month,Yes,Credit card (automatic),49-60 Months,High,Q4,6172
6379-RXJRQ,Month-to-month,Yes,Electronic check,0-12 Months,High,Q2,6173
2378-HTWFW,Month-to-month,No,Credit card (automatic),25-48 Months,Premium,Q3,6174
8650-RHRKE,Month-to-month,Yes,Electronic check,0-12 Months,Low,Q1,6175
4377-VDHYI,One year,Yes,Electronic check,25-48 Months,Premium,Q3,6176
0475-RIJEP,Month-to-month,Yes,Electronic check,25-48 Months,High,Q3,6177
1260-TTRXI,Month-to-month,No,Electronic check,0-12 Months,Medium,Q1,6178
3719-TDVQB,Two year,Yes,Mailed check,49-60 Months,Low,Q2,6179
6328-ZPBGN,Month-to-month,Yes,Bank transfer (automatic),0-12 Months,Premium,Q2,6180
0201-MIBOL,Two year,Yes,Bank transfer (automatic),61-72 Months,Premium,Q4,6181
4937-QPZPO,One year,Yes,Electronic check,61-72 Months,Premium,Q4,6182
2925-VDZHY,Two year,No,Credit card (automatic),61-72 Months,High,Q4,6183
6981-TDRFT,One year,Yes,Electronic check,25-48 Months,Medium,Q3,6184
3413-CSSTH,Month-to-month,Yes,Bank transfer (automatic),25-48 Months,Medium,Q3,6185
8033-VCZGH,One year,Yes,Electronic check,49-60 Months,Premium,Q4,6186
4789-KWMXN,One year,Yes,Credit card (automatic),25-48 Months,Premium,Q4,6187
0224-NIJLP,Two year,No,Mailed check,0-12 Months,Low,Q1,6188
7542-CYDDM,Month-to-month,No,Mailed check,13-24 Months,Low,Q1,6189
4718-WXBGI,Two year,Yes,Credit card (automatic),61-72 Months,Premium,Q4,6190
2867-UIMSS,Month-to-month,No,Electronic check,0-12 Months,High,Q1,6191
8495-PRWFH,Month-to-month,No,Electronic check,25-48 Months,Medium,Q3,6192
0439-IFYUN,Month-to-month,Yes,Electronic check,13-24 Months,High,Q2,6193
5716-LIBJC,One year,Yes,Credit card (automatic),13-24 Months,Premium,Q2,6194
2868-LLSKM,One year,Yes,Bank transfer (automatic),61-72 Months,High,Q4,6195
8111-RKSPX,Month-to-month,Yes,Bank transfer (automatic),0-12 Months,High,Q1,6196
2988-QRAJY,Two year,Yes,Credit card (automatic),61-72 Months,Premium,Q4,6197
1585-MQSSU,Month-to-month,No,Mailed check,13-24 Months,Medium,Q2,6198
0071-NDAFP,Two year,No,Credit card (automatic),25-48 Months,Low,Q2,6199
2856-NNASM,Month-to-month,Yes,Mailed check,25-48 Months,High,Q4,6200
7328-ZJAJO,Two year,No,Credit card (automatic),49-60 Months,Low,Q2,6201
6458-CYIDZ,Month-to-month,No,Electronic check,0-12 Months,High,Q1,6202
8559-CIZFV,One year,No,Mailed check,13-24 Months,High,Q3,6203
1090-PYKCI,One year,Yes,Credit card (automatic),61-72 Months,Premium,Q4,6204
3058-WQDRE,Month-to-month,Yes,Bank transfer (automatic),13-24 Months,Low,Q1,6205
7547-EKNFS,Month-to-month,Yes,Bank transfer (automatic),25-48 Months,Premium,Q4,6206
2279-AXJJK,Month-to-month,Yes,Credit card (automatic),49-60 Months,Premium,Q4,6207
6769-DYBQN,Month-to-month,No,Electronic check,25-48 Months,High,Q4,6208
0909-SELIE,Two year,Yes,Bank transfer (automatic),61-72 Months,High,Q4,6209
3417-TSCIC,One year,Yes,Mailed check,25-48 Months,Low,Q2,6210
1042-HFUCW,One year,Yes,Credit card (automatic),25-48 Months,Medium,Q2,6211
4439-JMPMT,Month-to-month,Yes,Electronic check,0-12 Months,High,Q2,6212
6537-OTKMY,One year,No,Electronic check,13-24 Months,Medium,Q2,6213
8999-EXMNO,Two year,No,Mailed check,13-24 Months,Low,Q1,6214
6725-TPKJO,Two year,No,Mailed check,25-48 Months,Low,Q2,6215
2446-BEGGB,Month-to-month,Yes,Electronic check,0-12 Months,Premium,Q2,6216
7162-WPHPM,Two year,No,Credit card (automatic),49-60 Months,High,Q4,6217
1599-MMYRQ,One year,Yes,Credit card (automatic),61-72 Months,High,Q4,6218
8821-KVZKQ,One year,Yes,Bank transfer (automatic),61-72 Months,Medium,Q4,6219
1496-GGSUK,Month-to-month,Yes,Mailed check,0-12 Months,Low,Q1,6220
6434-TTGJP,Two year,No,Credit card (automatic),0-12 Months,Medium,Q2,6221
0042-JVWOJ,One year,Yes,Bank transfer (automatic),25-48 Months,Low,Q2,6222
0130-SXOUN,Month-to-month,No,Credit card (automatic),61-72 Months,High,Q4,6223
2575-GFSOE,Month-to-month,Yes,Electronic check,0-12 Months,Medium,Q2,6224
2330-PQGDQ,One year,No,Bank transfer (automatic),49-60 Months,High,Q4,6225
1452-UZOSF,Two year,Yes,Credit card (automatic),61-72 Months,Premium,Q4,6226
2097-YVPKN,Two year,No,Mailed check,61-72 Months,Low,Q3,6227
2842-JTCCU,Month-to-month,No,Bank transfer (automatic),0-12 Months,Medium,Q1,6228
8597-CTXVJ,One year,No,Bank transfer (automatic),61-72 Months,Medium,Q4,6229
6631-HMANX,Two year,Yes,Credit card (automatic),61-72 Months,High,Q4,6230
9962-BFPDU,Month-to-month,No,Mailed check,0-12 Months,Low,Q1,6231
3296-SILRA,Month-to-month,Yes,Mailed check,0-12 Months,High,Q1,6232
9681-OXGVC,Month-to-month,Yes,Electronic check,0-12 Months,Premium,Q2,6233
6394-HHHZM,Month-to-month,No,Mailed check,0-12 Months,Low,Q1,6234
5995-LFTLE,Two year,Yes,Credit card (automatic),49-60 Months,Low,Q3,6235
5180-UCIIQ,Month-to-month,No,Mailed check,13-24 Months,Medium,Q2,6236
1932-UEDCX,Month-to-month,Yes,Bank transfer (automatic),25-48 Months,Premium,Q3,6237
7153-OANIO,Month-to-month,No,Electronic check,0-12 Months,Medium,Q1,6238
5188-HGMLP,Month-to-month,No,Bank transfer (automatic),49-60 Months,High,Q4,6239
0665-XHDJU,Two year,Yes,Electronic check,61-72 Months,Premium,Q4,6240
6521-YYTYI,Month-to-month,Yes,Electronic check,0-12 Months,Premium,Q1,6241
8878-HMWBV,Month-to-month,Yes,Electronic check,0-12 Months,Medium,Q1,6242
8265-HKSOW,Two year,No,Credit card (automatic),61-72 Months,Premium,Q4,6243
3544-FBCAS,Two year,Yes,Credit card (automatic),61-72 Months,High,Q4,6244
5331-RGMTT,Month-to-month,Yes,Credit card (automatic),49-60 Months,Premium,Q4,6245
4759-PXTAN,One year,Yes,Electronic check,49-60 Months,High,Q4,6246
7054-DMVAS,Two year,Yes,Bank transfer (automatic),49-60 Months,Medium,Q3,6247
3428-MMGUB,Two year,Yes,Electronic check,49-60 Months,High,Q4,6248
6549-BTYPG,Two year,No,Credit card (automatic),49-60 Months,Medium,Q3,6249
7823-JSOAG,Month-to-month,No,Electronic check,0-12 Months,High,Q1,6250
3705-RHRFR,Two year,No,Bank transfer (automatic),61-72 Months,Premium,Q4,6251
9374-YOLBJ,Month-to-month,No,Electronic check,0-12 Months,Low,Q1,6252
9074-KGVOX,Month-to-month,Yes,Credit card (automatic),49-60 Months,Medium,Q3,6253
6128-DAFVY,Month-to-month,Yes,Credit card (automatic),49-60 Months,Medium,Q3,6254
9933-QRGTX,Two year,Yes,Electronic check,49-60 Months,Premium,Q4,6255
4476-OSWTN,One year,Yes,Mailed check,61-72 Months,Premium,Q4,6256
3751-KTZEL,Month-to-month,No,Mailed check,0-12 Months,Medium,Q1,6257
1977-STDKI,Month-to-month,Yes,Electronic check,0-12 Months,High,Q1,6258
5066-GFJMM,Month-to-month,Yes,Mailed check,0-12 Months,Low,Q1,6259
2661-GKBTK,Two year,No,Bank transfer (automatic),49-60 Months,High,Q4,6260
0458-HEUZG,Two year,No,Mailed check,13-24 Months,Medium,Q2,6261
7268-WNTCP,Two year,No,Bank transfer (automatic),61-72 Months,Low,Q2,6262
0824-VWDPO,One year,No,Bank transfer (automatic),25-48 Months,Premium,Q4,6263
8409-WQJUX,One year,No,Electronic check,25-48 Months,Medium,Q3,6264
2578-JQPHZ,Two year,No,Bank transfer (automatic),25-48 Months,Premium,Q4,6265
3278-FSIXX,Month-to-month,Yes,Mailed check,0-12 Months,Medium,Q1,6266
5813-UECBU,Month-to-month,Yes,Credit card (automatic),25-48 Months,High,Q3,6267
0328-GRPMV,Month-to-month,Yes,Electronic check,0-12 Months,High,Q1,6268
9746-UGFAC,One year,No,Bank transfer (automatic),13-24 Months,Low,Q2,6269
2946-KIQSP,Month-to-month,Yes,Mailed check,25-48 Months,Low,Q2,6270
0625-AFOHS,Two year,No,Mailed check,25-48 Months,Low,Q2,6271
6726-WEXXK,One year,Yes,Electronic check,25-48 Months,High,Q3,6272
4636-OLWOE,One year,Yes,Electronic check,49-60 Months,Medium,Q3,6273
4342-HENTK,Month-to-month,Yes,Electronic check,0-12 Months,High,Q1,6274
4685-ERGHK,One year,Yes,Electronic check,49-60 Months,High,Q4,6275
0885-HMGPY,Two year,No,Bank transfer (automatic),61-72 Months,Medium,Q4,6276
5003-OKNNK,One year,No,Credit card (automatic),13-24 Months,Low,Q1,6277
4195-SMMNX,Month-to-month,No,Mailed check,0-12 Months,Low,Q1,6278
7208-PSIHR,Two year,Yes,Bank transfer (automatic),61-72 Months,Premium,Q4,6279
4012-ZTHBR,Month-to-month,Yes,Electronic check,13-24 Months,Medium,Q2,6280
0489-WMEMG,One year,Yes,Electronic check,13-24 Months,Medium,Q2,6281
7435-ZNUYY,One year,No,Mailed check,0-12 Months,Low,Q1,6282
1354-YZFNB,Two year,No,Credit card (automatic),0-12 Months,Low,Q1,6283
6956-SMUCM,Month-to-month,Yes,Credit card (automatic),0-12 Months,Premium,Q1,6284
2985-FMWYF,Month-to-month,Yes,Electronic check,13-24 Months,Premium,Q3,6285
2812-ENYMO,One year,No,Credit card (automatic),25-48 Months,Medium,Q2,6286
2717-HVIZY,Month-to-month,No,Mailed check,0-12 Months,Low,Q1,6287
3223-WZWJM,Month-to-month,Yes,Electronic check,25-48 Months,High,Q3,6288
3422-GALYP,Month-to-month,Yes,Electronic check,0-12 Months,High,Q1,6289
9053-JZFKV,Two year,No,Credit card (automatic),61-72 Months,Premium,Q4,6290
2530-ENDWQ,Two year,Yes,Bank transfer (automatic),61-72 Months,Premium,Q4,6291
2890-WFBHU,One year,No,Credit card (automatic),49-60 Months,High,Q4,6292
0327-WFZSY,One year,No,Electronic check,25-48 Months,Premium,Q4,6293
7977-HXJKU,Two year,No,Mailed check,13-24 Months,Low,Q1,6294
6615-ZGEDR,Month-to-month,No,Mailed check,0-12 Months,Low,Q1,6295
7033-CLAMM,Two year,No,Bank transfer (automatic),25-48 Months,Low,Q2,6296
4023-RTIQM,One year,Yes,Credit card (automatic),25-48 Months,Medium,Q3,6297
0864-FVJNJ,One year,No,Electronic check,61-72 Months,Premium,Q4,6298
7356-IWLFW,Month-to-month,Yes,Bank transfer (automatic),25-48 Months,High,Q3,6299
9541-PWTWO,Two year,Yes,Bank transfer (automatic),49-60 Months,High,Q4,6300
3967-VQOGC,Two year,Yes,Mailed check,61-72 Months,Low,Q3,6301
7872-RDDLZ,Month-to-month,No,Electronic check,61-72 Months,Medium,Q3,6302
9250-WYPLL,Month-to-month,No,Electronic check,0-12 Months,High,Q2,6303
6308-CQRBU,Two year,No,Electronic check,61-72 Months,Premium,Q4,6304
2754-XBHTB,Month-to-month,Yes,Bank transfer (automatic),0-12 Months,High,Q2,6305
1597-LHYNC,Month-to-month,Yes,Electronic check,25-48 Months,Premium,Q3,6306
0186-CAERR,One year,Yes,Bank transfer (automatic),61-72 Months,Premium,Q4,6307
3043-SUDUA,Month-to-month,No,Bank transfer (automatic),25-48 Months,Low,Q2,6308
5442-BHQNG,Month-to-month,No,Electronic check,0-12 Months,High,Q1,6309
2169-RRLFW,Two year,No,Credit card (automatic),61-72 Months,Low,Q3,6310
5872-OEQNH,One year,Yes,Electronic check,49-60 Months,Medium,Q3,6311
3162-KKZXO,One year,Yes,Electronic check,49-60 Months,Premium,Q4,6312
7055-VKGDA,One year,Yes,Credit card (automatic),49-60 Months,Premium,Q4,6313
0754-UKWQP,Month-to-month,Yes,Electronic check,0-12 Months,Premium,Q1,6314
8873-GLDMH,Month-to-month,Yes,Mailed check,0-12 Months,High,Q1,6315
5696-JVVQY,Two year,Yes,Credit card (automatic),25-48 Months,High,Q3,6316
8946-BFWSG,Two year,No,Mailed check,61-72 Months,Low,Q3,6317
7493-TPUWZ,Month-to-month,Yes,Electronic check,0-12 Months,High,Q1,6318
0547-HURJB,Month-to-month,No,Credit card (automatic),0-12 Months,Low,Q1,6319
8904-OPDCK,Month-to-month,Yes,Bank transfer (automatic),49-60 Months,Low,Q2,6320
8845-LWKGE,One year,Yes,Electronic check,25-48 Months,Medium,Q3,6321
1577-HKTFG,Month-to-month,No,Bank transfer (automatic),25-48 Months,Low,Q2,6322
8752-STIVR,Month-to-month,Yes,Electronic check,0-12 Months,High,Q1,6323
0691-NIKRI,One year,Yes,Credit card (automatic),25-48 Months,Premium,Q4,6324
5022-JNQEQ,Month-to-month,Yes,Electronic check,0-12 Months,High,Q2,6325
4558-FANTW,Month-to-month,No,Electronic check,13-24 Months,Premium,Q3,6326
3249-VHRIP,Two year,Yes,Credit card (automatic),61-72 Months,Medium,Q3,6327
3736-BLEPA,One year,Yes,Bank transfer (automatic),25-48 Months,Premium,Q3,6328
4701-LKOZD,Two year,No,Credit card (automatic),61-72 Months,High,Q4,6329
6603-QWSPR,Two year,Yes,Bank transfer (automatic),25-48 Months,Premium,Q4,6330
9921-QFQUL,Month-to-month,No,Mailed check,13-24 Months,Premium,Q3,6331
1929-ZCBHE,One year,No,Electronic check,25-48 Months,Medium,Q3,6332
4378-MYPGO,Two year,Yes,Bank transfer (automatic),61-72 Months,Premium,Q4,6333
8651-ENBZX,One year,Yes,Electronic check,49-60 Months,Premium,Q4,6334
4129-LYCOI,Two year,Yes,Electronic check,61-72 Months,Premium,Q4,6335
7798-JVXYM,Month-to-month,Yes,Electronic check,13-24 Months,Medium,Q2,6336
8647-SDTWQ,Month-to-month,Yes,Electronic check,49-60 Months,High,Q4,6337
2696-ECXKC,One year,No,Mailed check,49-60 Months,Premium,Q4,6338
2081-KJSQF,Month-to-month,Yes,Mailed check,0-12 Months,Low,Q1,6339
7623-TRNQN,Month-to-month,Yes,Mailed check,0-12 Months,Medium,Q1,6340
3323-CPBWR,Month-to-month,Yes,Credit card (automatic),13-24 Months,Premium,Q3,6341
9330-IJWIO,Month-to-month,Yes,Electronic check,13-24 Months,Premium,Q2,6342
3384-CTMSF,Month-to-month,Yes,Electronic check,25-48 Months,Premium,Q4,6343
0902-RFHOF,One year,No,Mailed check,25-48 Months,Low,Q2,6344
9286-DOJGF,Month-to-month,Yes,Bank transfer (automatic),25-48 Months,High,Q3,6345
6048-QBXKL,Month-to-month,Yes,Credit card (automatic),0-12 Months,Medium,Q1,6346
9661-MHUMO,Month-to-month,Yes,Credit card (automatic),0-12 Months,Medium,Q1,6347
7718-RXDGG,Month-to-month,Yes,Bank transfer (automatic),13-24 Months,Medium,Q2,6348
1025-FALIX,Month-to-month,Yes,Credit card (automatic),25-48 Months,Medium,Q3,6349
3451-VAWLI,Two year,No,Credit card (automatic),25-48 Months,Low,Q2,6350
3407-QGWLG,Month-to-month,Yes,Mailed check,0-12 Months,Low,Q1,6351
1842-EZJMK,Month-to-month,No,Electronic check,49-60 Months,Premium,Q4,6352
2347-WKKAE,Month-to-month,Yes,Electronic check,25-48 Months,Premium,Q4,6353
8735-DCXNF,Month-to-month,Yes,Credit card (automatic),0-12 Months,Medium,Q2,6354
3214-IYUUQ,One year,No,Bank transfer (automatic),61-72 Months,Premium,Q4,6355
1936-UAFEH,Two year,No,Credit card (automatic),61-72 Months,Premium,Q4,6356
3587-PMCOY,One year,Yes,Electronic check,0-12 Months,Premium,Q2,6357
8079-XRJRS,One year,No,Electronic check,61-72 Months,High,Q4,6358
1027-LKKQQ,Two year,Yes,Bank transfer (automatic),61-72 Months,High,Q4,6359
7148-XZPHA,Month-to-month,No,Electronic check,49-60 Months,High,Q4,6360
8073-IJDCM,Month-to-month,Yes,Mailed check,0-12 Months,Low,Q1,6361
5309-TAIKL,Month-to-month,No,Bank transfer (automatic),0-12 Months,Medium,Q2,6362
6856-RAURS,Month-to-month,Yes,Mailed check,0-12 Months,High,Q1,6363
8778-LMWTJ,Month-to-month,Yes,Electronic check,0-12 Months,High,Q2,6364
9717-IOAAF,Two year,Yes,Credit card (automatic),25-48 Months,Low,Q2,6365
8884-ADFVN,Month-to-month,Yes,Electronic check,0-12 Months,Premium,Q2,6366
2845-KDHVX,Two year,Yes,Mailed check,61-72 Months,Medium,Q4,6367
0848-SOMKO,Two year,No,Bank transfer (automatic),61-72 Months,Medium,Q3,6368
2720-WGKHP,Month-to-month,Yes,Electronic check,0-12 Months,Premium,Q1,6369
6734-FQAJX,Two year,Yes,Electronic check,61-72 Months,Premium,Q4,6370
2869-ADAWR,Month-to-month,Yes,Credit card (automatic),25-48 Months,High,Q4,6371
1535-VTJOQ,Two year,No,Credit card (automatic),13-24 Months,Low,Q2,6372
6368-TZZDT,Two year,No,Credit card (automatic),0-12 Months,Low,Q1,6373
0943-ZQPXH,Month-to-month,Yes,Bank transfer (automatic),25-48 Months,Premium,Q4,6374
1293-BSEUN,Two year,Yes,Mailed check,61-72 Months,Low,Q3,6375
9894-EZEWG,Month-to-month,Yes,Credit card (automatic),0-12 Months,High,Q1,6376
1302-TPUBN,Two year,No,Bank transfer (automatic),61-72 Months,Low,Q2,6377
7851-FLGGQ,Month-to-month,Yes,Mailed check,0-12 Months,Medium,Q1,6378
0637-UBJRP,Month-to-month,No,Electronic check,13-24 Months,High,Q2,6379
0940-OUQEC,Month-to-month,Yes,Bank transfer (automatic),0-12 Months,High,Q2,6380
2378-VTKDH,Month-to-month,Yes,Electronic check,61-72 Months,Premium,Q4,6381
0927-CNGRH,Month-to-month,No,Mailed check,0-12 Months,Low,Q1,6382
8608-OZTLB,One year,No,Electronic check,25-48 Months,High,Q3,6383
2335-GSODA,Two year,No,Mailed check,13-24 Months,Medium,Q2,6384
1952-DVVSW,One year,No,Mailed check,0-12 Months,Low,Q1,6385
0702-PGIBZ,Month-to-month,Yes,Electronic check,0-12 Months,Premium,Q1,6386
6656-GULJQ,Two year,Yes,Credit card (automatic),61-72 Months,High,Q4,6387
9853-JFZDU,Month-to-month,No,Electronic check,25-48 Months,Medium,Q3,6388
1963-VAUKV,Month-to-month,No,Mailed check,0-12 Months,Low,Q1,6389
3777-XROBG,Two year,No,Credit card (automatic),49-60 Months,Low,Q2,6390
6994-FGRHH,One year,Yes,Electronic check,61-72 Months,Premium,Q4,6391
4000-VGMQP,One year,No,Credit card (automatic),25-48 Months,High,Q3,6392
3999-WRNGR,Month-to-month,Yes,Electronic check,49-60 Months,Medium,Q3,6393
3466-RITXD,Month-to-month,Yes,Credit card (automatic),25-48 Months,Premium,Q3,6394
2680-XKKNJ,One year,No,Bank transfer (automatic),0-12 Months,Medium,Q2,6395
3058-HJCUY,One year,Yes,Electronic check,25-48 Months,Premium,Q4,6396
2974-GGUXS,Month-to-month,Yes,Credit card (automatic),25-48 Months,Premium,Q3,6397
7994-XIRTR,One year,No,Bank transfer (automatic),49-60 Months,Medium,Q3,6398
3259-FDWOY,Two year,Yes,Bank transfer (automatic),61-72 Months,Premium,Q4,6399
2101-RANCD,Month-to-month,Yes,Electronic check,49-60 Months,High,Q4,6400
7921-BEPCI,Two year,No,Bank transfer (automatic),61-72 Months,Medium,Q4,6401
0807-ZABDG,Month-to-month,Yes,Mailed check,0-12 Months,Medium,Q1,6402
8510-TMWYB,Two year,Yes,Bank transfer (automatic),49-60 Months,Medium,Q3,6403
3258-ZKPAI,Two year,Yes,Bank transfer (automatic),61-72 Months,Premium,Q4,6404
1428-IEDPR,Two year,Yes,Electronic check,49-60 Months,Premium,Q4,6405
5298-GSTLM,One year,Yes,Bank transfer (automatic),49-60 Months,Premium,Q4,6406
4450-YOOHP,Month-to-month,Yes,Credit card (automatic),25-48 Months,Medium,Q3,6407
6728-CZFEI,One year,No,Mailed check,13-24 Months,Medium,Q2,6408
5748-RNCJT,Two year,Yes,Bank transfer (automatic),61-72 Months,Premium,Q4,6409
3653-NCRDJ,One year,Yes,Mailed check,25-48 Months,Low,Q2,6410
6121-TNHBO,One year,No,Bank transfer (automatic),61-72 Months,High,Q4,6411
5119-NZPTV,Month-to-month,No,Electronic check,0-12 Months,High,Q1,6412
6519-ZHPXP,Two year,Yes,Bank transfer (automatic),61-72 Months,Premium,Q4,6413
7739-LAXOG,Month-to-month,Yes,Bank transfer (automatic),25-48 Months,Premium,Q3,6414
3472-QPRCH,Two year,No,Credit card (automatic),25-48 Months,Low,Q2,6415
8224-UAXBZ,One year,Yes,Electronic check,49-60 Months,Medium,Q3,6416
9610-WCESF,Two year,No,Electronic check,61-72 Months,Medium,Q3,6417
9776-CLUJA,Month-to-month,Yes,Electronic check,49-60 Months,High,Q4,6418
2486-WYVVE,One year,Yes,Mailed check,25-48 Months,High,Q3,6419
3865-ZYKAD,Month-to-month,Yes,Credit card (automatic),61-72 Months,High,Q4,6420
1422-DGUBX,One year,Yes,Electronic check,25-48 Months,High,Q3,6421
2999-AANRQ,Two year,No,Credit card (automatic),13-24 Months,High,Q3,6422
8668-KNZTI,One year,No,Electronic check,49-60 Months,Medium,Q3,6423
0480-KYJVA,Two year,No,Credit card (automatic),61-72 Months,Low,Q3,6424
6034-ZRYCV,Two year,Yes,Electronic check,61-72 Months,Medium,Q4,6425
9746-YKGXB,One year,No,Bank transfer (automatic),49-60 Months,Medium,Q3,6426
3926-YZVVX,One year,No,Bank transfer (automatic),25-48 Months,Medium,Q3,6427
6000-UKLWI,Two year,No,Mailed check,25-48 Months,Low,Q2,6428
2079-FBMZK,Month-to-month,Yes,Mailed check,0-12 Months,Medium,Q2,6429
6332-FBZRI,One year,Yes,Credit card (automatic),61-72 Months,Medium,Q4,6430
2096-XOTMO,Month-to-month,No,Mailed check,13-24 Months,Low,Q1,6431
3266-FTKHB,Two year,No,Mailed check,13-24 Months,Low,Q1,6432
8221-EQDGL,Month-to-month,No,Mailed check,25-48 Months,Medium,Q3,6433
2346-LOCWC,Two year,No,Credit card (automatic),49-60 Months,Low,Q2,6434
6608-QQLVK,Month-to-month,Yes,Electronic check,0-12 Months,Medium,Q1,6435
0298-XACET,Two year,No,Mailed check,49-60 Months,Medium,Q3,6436
7560-QJAVJ,Two year,No,Bank transfer (automatic),61-72 Months,High,Q4,6437
2995-YWTCD,Two year,Yes,Bank transfer (automatic),13-24 Months,Low,Q2,6438
3551-HUAZH,Month-to-month,Yes,Electronic check,0-12 Months,High,Q1,6439
9137-UIYPG,Month-to-month,Yes,Electronic check,25-48 Months,Premium,Q3,6440
2809-ZMYOQ,Month-to-month,Yes,Electronic check,25-48 Months,Premium,Q3,6441
5084-OOVCJ,Month-to-month,Yes,Credit card (automatic),13-24 Months,Medium,Q2,6442
0254-WWRKD,One year,No,Credit card (automatic),61-72 Months,Medium,Q3,6443
7727-SHVZV,Month-to-month,No,Bank transfer (automatic),0-12 Months,Low,Q1,6444
6302-JGYRJ,One year,Yes,Mailed check,25-48 Months,High,Q3,6445
5339-PXDVH,Month-to-month,No,Electronic check,0-12 Months,Premium,Q1,6446
2205-LPVGL,One year,Yes,Bank transfer (automatic),49-60 Months,High,Q4,6447
8782-NUUOL,One year,No,Mailed check,49-60 Months,High,Q4,6448
3685-YLCMQ,One year,Yes,Electronic check,49-60 Months,Premium,Q4,6449
7601-WFVZV,Month-to-month,No,Mailed check,0-12 Months,Low,Q1,6450
4609-KNNWG,Two year,No,Mailed check,25-48 Months,Low,Q2,6451
4868-AADLV,One year,Yes,Electronic check,61-72 Months,Premium,Q4,6452
9529-OFXHY,Month-to-month,Yes,Bank transfer (automatic),13-24 Months,High,Q2,6453
8634-MPHTR,Month-to-month,Yes,Electronic check,25-48 Months,Premium,Q4,6454
2669-QVCRG,Month-to-month,Yes,Credit card (automatic),25-48 Months,High,Q3,6455
2478-EEWWM,Month-to-month,Yes,Electronic check,49-60 Months,Medium,Q3,6456
9174-IHETN,Two year,No,Credit card (automatic),49-60 Months,High,Q3,6457
2233-TXSIU,One year,No,Credit card (automatic),13-24 Months,Medium,Q2,6458
9644-UMGQA,Month-to-month,Yes,Electronic check,0-12 Months,Medium,Q1,6459
3256-EZDBI,Month-to-month,Yes,Credit card (automatic),49-60 Months,Low,Q3,6460
8761-NSOBC,Month-to-month,No,Electronic check,25-48 Months,Premium,Q4,6461
0419-YAAPX,Month-to-month,Yes,Credit card (automatic),49-60 Months,High,Q4,6462
8413-VONUO,Month-to-month,No,Electronic check,0-12 Months,Premium,Q1,6463
0872-CASZJ,One year,Yes,Mailed check,49-60 Months,Medium,Q4,6464
4726-DLWQN,Month-to-month,Yes,Bank transfer (automatic),49-60 Months,High,Q3,6465
8164-OCKUJ,Two year,No,Mailed check,49-60 Months,Low,Q2,6466
3094-JOJAI,Month-to-month,No,Mailed check,13-24 Months,High,Q2,6467
9494-MRNYX,Month-to-month,No,Electronic check,0-12 Months,High,Q2,6468
2599-CZABP,One year,No,Electronic check,13-24 Months,Medium,Q2,6469
7945-PRBVF,Two year,No,Bank transfer (automatic),25-48 Months,Low,Q2,6470
4544-RXFMG,One year,Yes,Mailed check,0-12 Months,Medium,Q1,6471
0859-YGKFW,One year,No,Bank transfer (automatic),13-24 Months,Low,Q1,6472
1150-FTQGN,One year,No,Bank transfer (automatic),49-60 Months,Premium,Q4,6473
9223-UCPVT,Month-to-month,No,Electronic check,0-12 Months,Premium,Q1,6474
7196-LIWRH,Two year,No,Mailed check,0-12 Months,Low,Q1,6475
5448-VWNAM,Month-to-month,Yes,Mailed check,13-24 Months,High,Q2,6476
1177-XZBJL,One year,No,Bank transfer (automatic),49-60 Months,Medium,Q3,6477
3518-FSTWG,Two year,Yes,Bank transfer (automatic),61-72 Months,Premium,Q4,6478
9330-VOFSZ,Two year,Yes,Credit card (automatic),49-60 Months,Premium,Q4,6479
4351-QLCSU,Month-to-month,Yes,Credit card (automatic),0-12 Months,Medium,Q1,6480
0939-EREMR,Month-to-month,No,Mailed check,13-24 Months,Medium,Q2,6481
9389-ACWBI,Month-to-month,No,Credit card (automatic),0-12 Months,Medium,Q1,6482
5419-JPRRN,Month-to-month,Yes,Electronic check,0-12 Months,Premium,Q1,6483
3644-QXEHN,Month-to-month,No,Electronic check,13-24 Months,Premium,Q2,6484
2911-IJORQ,One year,Yes,Bank transfer (automatic),25-48 Months,Premium,Q3,6485
5921-NGYRH,Month-to-month,Yes,Mailed check,61-72 Months,High,Q4,6486
2100-BDNSN,Month-to-month,No,Bank transfer (automatic),0-12 Months,Medium,Q1,6487
5998-DZLYR,Two year,Yes,Bank transfer (automatic),61-72 Months,Premium,Q4,6488
0488-GSLFR,Month-to-month,Yes,Electronic check,0-12 Months,Medium,Q1,6489
9318-NKNFC,Month-to-month,Yes,Mailed check,0-12 Months,Low,Q1,6490
3985-HOYPM,One year,No,Mailed check,25-48 Months,Low,Q2,6491
9728-FTTVZ,Month-to-month,Yes,Electronic check,0-12 Months,Medium,Q1,6492
9548-LERKT,Two year,No,Mailed check,13-24 Months,Low,Q2,6493
6576-FBXOJ,One year,No,Electronic check,13-24 Months,Medium,Q2,6494
4310-KEDTB,Month-to-month,Yes,Mailed check,25-48 Months,Low,Q2,6495
7254-IQWOZ,Month-to-month,Yes,Electronic check,0-12 Months,Medium,Q1,6496
2474-BRUCM,Month-to-month,No,Electronic check,25-48 Months,Premium,Q4,6497
4062-HBMOS,Month-to-month,Yes,Electronic check,49-60 Months,Premium,Q4,6498
0742-NXBGR,Month-to-month,Yes,Electronic check,0-12 Months,High,Q1,6499
2676-ISHSF,Month-to-month,No,Mailed check,0-12 Months,Low,Q1,6500
9236-NDUCW,Two year,No,Mailed check,13-24 Months,Medium,Q2,6501
4753-PADAS,One year,Yes,Bank transfer (automatic),61-72 Months,Premium,Q4,6502
6103-QCKFX,Month-to-month,No,Bank transfer (automatic),25-48 Months,Medium,Q3,6503
7781-EWARA,One year,No,Electronic check,61-72 Months,Medium,Q4,6504
6110-OHIHY,Month-to-month,No,Electronic check,0-12 Months,High,Q1,6505
7018-FPXHH,Two year,Yes,Bank transfer (automatic),49-60 Months,Medium,Q3,6506
5889-LFOLL,Month-to-month,Yes,Electronic check,13-24 Months,High,Q2,6507
5708-EVONK,Month-to-month,Yes,Bank transfer (automatic),49-60 Months,Premium,Q4,6508
8708-XPXHZ,Month-to-month,Yes,Electronic check,25-48 Months,Premium,Q4,6509
0616-ATFGB,Month-to-month,No,Electronic check,0-12 Months,Low,Q1,6510
0572-ZJKLT,Two year,No,Mailed check,25-48 Months,Premium,Q4,6511
5135-RDDQL,Two year,Yes,Bank transfer (automatic),61-72 Months,Medium,Q3,6512
1353-LJWEM,Month-to-month,Yes,Electronic check,0-12 Months,Medium,Q2,6513
1794-SWWKL,Month-to-month,Yes,Bank transfer (automatic),13-24 Months,Medium,Q2,6514
6166-YIPFO,Two year,Yes,Electronic check,61-72 Months,Medium,Q4,6515
7016-BPGEU,Month-to-month,Yes,Credit card (automatic),25-48 Months,Low,Q2,6516
6876-ADESB,Month-to-month,No,Electronic check,0-12 Months,Medium,Q1,6517
9332-GYWLO,Month-to-month,No,Electronic check,0-12 Months,Medium,Q1,6518
1963-SVUCV,Month-to-month,No,Electronic check,0-12 Months,Medium,Q1,6519
4184-VODJZ,One year,Yes,Electronic check,61-72 Months,Premium,Q4,6520
0220-EBGCE,Month-to-month,Yes,Electronic check,0-12 Months,High,Q1,6521
1092-WPIVQ,Two year,No,Mailed check,13-24 Months,Low,Q2,6522
7233-IOQNP,Month-to-month,No,Bank transfer (automatic),25-48 Months,Low,Q3,6523
2834-JKOOW,One year,No,Mailed check,13-24 Months,Medium,Q2,6524
2754-VDLTR,Month-to-month,No,Electronic check,0-12 Months,Premium,Q2,6525
2400-FEQME,Two year,No,Mailed check,49-60 Months,Low,Q2,6526
3190-XFANI,One year,Yes,Bank transfer (automatic),49-60 Months,Premium,Q4,6527
7551-DACSP,Month-to-month,Yes,Mailed check,0-12 Months,Medium,Q1,6528
4957-SREEC,Two year,No,Credit card (automatic),61-72 Months,Low,Q3,6529
7235-NXZCP,Month-to-month,Yes,Mailed check,0-12 Months,High,Q1,6530
0230-UBYPQ,One year,No,Bank transfer (automatic),61-72 Months,Medium,Q3,6531
4923-ADWXJ,Month-to-month,Yes,Bank transfer (automatic),25-48 Months,Medium,Q3,6532
1763-KUAAW,One year,No,Bank transfer (automatic),13-24 Months,Low,Q1,6533
1104-TNLZA,Month-to-month,Yes,Electronic check,25-48 Months,Premium,Q3,6534
5195-KPUNQ,One year,Yes,Mailed check,49-60 Months,Premium,Q4,6535
0520-FDVVT,One year,Yes,Bank transfer (automatic),25-48 Months,Premium,Q3,6536
3439-GVUSX,Month-to-month,No,Mailed check,0-12 Months,Low,Q1,6537
1444-VVSGW,One year,No,Credit card (automatic),61-72 Months,Premium,Q4,6538
5712-PTIWW,Month-to-month,Yes,Electronic check,0-12 Months,High,Q1,6539
5949-HGVJL,Month-to-month,Yes,Electronic check,25-48 Months,High,Q3,6540
5203-XEHAX,One year,No,Electronic check,25-48 Months,Medium,Q3,6541
1635-HDGFT,Two year,No,Mailed check,13-24 Months,Low,Q1,6542
3315-TOTBP,Month-to-month,Yes,Mailed check,13-24 Months,High,Q2,6543
8050-XGRVL,One year,No,Credit card (automatic),61-72 Months,Medium,Q3,6544
6661-HBGWL,Month-to-month,Yes,Bank transfer (automatic),25-48 Months,Premium,Q4,6545
1518-VOWAV,Month-to-month,Yes,Electronic check,0-12 Months,High,Q2,6546
9828-QHFBK,Month-to-month,Yes,Electronic check,13-24 Months,Medium,Q2,6547
3908-MKIMJ,Two year,Yes,Electronic check,61-72 Months,Medium,Q3,6548
5012-YSPJJ,Month-to-month,No,Mailed check,25-48 Months,Medium,Q3,6549
5909-ECHUI,Month-to-month,Yes,Electronic check,0-12 Months,Medium,Q1,6550
1309-BXVOQ,Month-to-month,Yes,Electronic check,13-24 Months,Premium,Q3,6551
6728-VOIFY,One year,Yes,Electronic check,61-72 Months,Premium,Q4,6552
9317-WZPGV,Month-to-month,Yes,Bank transfer (automatic),0-12 Months,High,Q1,6553
4891-NLUBA,Two year,Yes,Bank transfer (automatic),61-72 Months,Medium,Q3,6554
2856-HYAPG,Month-to-month,No,Electronic check,0-12 Months,Medium,Q1,6555
8969-PRHFK,One year,No,Mailed check,13-24 Months,Low,Q2,6556
0661-KQHNK,One year,No,Credit card (automatic),0-12 Months,Low,Q1,6557
8709-KRDVL,Month-to-month,Yes,Electronic check,25-48 Months,Premium,Q3,6558
4488-PSYCG,Month-to-month,No,Bank transfer (automatic),13-24 Months,Low,Q1,6559
1427-VERSM,Month-to-month,Yes,Electronic check,49-60 Months,Premium,Q4,6560
9801-NOSHQ,One year,No,Mailed check,13-24 Months,Low,Q2,6561
6339-YPSAH,Month-to-month,Yes,Electronic check,0-12 Months,High,Q2,6562
3621-CEOVK,Month-to-month,Yes,Electronic check,13-24 Months,Premium,Q2,6563
6906-ANDWJ,Month-to-month,Yes,Bank transfer (automatic),13-24 Months,High,Q2,6564
2159-TURXX,Month-to-month,No,Credit card (automatic),0-12 Months,Low,Q1,6565
1548-FEHVL,Month-to-month,Yes,Electronic check,61-72 Months,Premium,Q4,6566
3795-CAWEX,Two year,Yes,Credit card (automatic),61-72 Months,Premium,Q4,6567
6215-NQCPY,Month-to-month,Yes,Electronic check,13-24 Months,Premium,Q3,6568
5647-URDKA,Two year,No,Mailed check,0-12 Months,Low,Q1,6569
2229-DPMBI,Two year,No,Mailed check,0-12 Months,Low,Q1,6570
9626-WEQRM,Month-to-month,Yes,Mailed check,0-12 Months,Low,Q1,6571
2188-SXWVT,One year,No,Mailed check,25-48 Months,Medium,Q3,6572
6258-PVZWJ,Two year,Yes,Credit card (automatic),61-72 Months,Premium,Q4,6573
1094-BKOSX,One year,No,Bank transfer (automatic),25-48 Months,Medium,Q3,6574
6969-MVBAI,Month-to-month,Yes,Electronic check,0-12 Months,Premium,Q2,6575
2978-XXSOG,Month-to-month,Yes,Mailed check,13-24 Months,Medium,Q2,6576
2342-CKIAO,Month-to-month,No,Mailed check,0-12 Months,Low,Q1,6577
6953-PBDIN,Two year,No,Bank transfer (automatic),61-72 Months,High,Q4,6578
3898-BSJYF,One year,No,Credit card (automatic),0-12 Months,High,Q2,6579
3938-YFPXD,Two year,No,Credit card (automatic),61-72 Months,High,Q4,6580
7696-AMHOD,One year,No,Credit card (automatic),49-60 Months,High,Q4,6581
2453-SAFNS,One year,No,Mailed check,49-60 Months,High,Q4,6582
9558-IHEZX,Two year,Yes,Credit card (automatic),61-72 Months,Premium,Q4,6583
9617-UDPEU,One year,Yes,Mailed check,13-24 Months,Low,Q2,6584
6340-DACFT,Two year,No,Credit card (automatic),49-60 Months,Low,Q2,6585
4955-VCWBI,One year,No,Mailed check,25-48 Months,Low,Q2,6586
6813-GZQCG,Two year,Yes,Credit card (automatic),25-48 Months,Low,Q2,6587
7426-GSWPO,Month-to-month,Yes,Bank transfer (automatic),61-72 Months,Premium,Q4,6588
3389-KTRXV,Two year,No,Mailed check,13-24 Months,Low,Q2,6589
3118-UHVVQ,Two year,No,Credit card (automatic),61-72 Months,Low,Q3,6590
1031-IIDEO,Month-to-month,Yes,Electronic check,0-12 Months,High,Q1,6591
5832-XKAES,Month-to-month,Yes,Credit card (automatic),0-12 Months,Medium,Q1,6592
3205-MXZRA,One year,No,Credit card (automatic),25-48 Months,Medium,Q3,6593
4701-AHWMW,Month-to-month,Yes,Bank transfer (automatic),49-60 Months,Medium,Q3,6594
8317-BVKSO,Month-to-month,Yes,Electronic check,13-24 Months,Low,Q1,6595
5702-KVQRD,Two year,Yes,Electronic check,61-72 Months,High,Q4,6596
0083-PIVIK,One year,No,Electronic check,61-72 Months,High,Q4,6597
9210-IAHGH,Month-to-month,Yes,Credit card (automatic),0-12 Months,High,Q2,6598
6169-PGNCD,Two year,Yes,Credit card (automatic),49-60 Months,High,Q4,6599
0023-XUOPT,Month-to-month,No,Electronic check,13-24 Months,Premium,Q2,6600
4592-IWTJI,Month-to-month,No,Credit card (automatic),0-12 Months,Low,Q1,6601
4909-JOUPP,Two year,No,Credit card (automatic),61-72 Months,Premium,Q4,6602
4657-FWVFY,Month-to-month,Yes,Credit card (automatic),25-48 Months,Premium,Q4,6603
2257-BOVXD,Month-to-month,Yes,Credit card (automatic),13-24 Months,Medium,Q2,6604
7729-JTEEC,Month-to-month,Yes,Electronic check,0-12 Months,Medium,Q1,6605
7632-MNYOY,One year,No,Credit card (automatic),61-72 Months,Premium,Q4,6606
6518-LGAOV,Month-to-month,Yes,Electronic check,25-48 Months,Premium,Q4,6607
7242-QZLXF,Month-to-month,Yes,Electronic check,0-12 Months,Low,Q1,6608
4576-CSAJH,One year,Yes,Credit card (automatic),13-24 Months,Medium,Q2,6609
1000-AJSLD,Month-to-month,Yes,Mailed check,0-12 Months,Low,Q1,6610
9696-RMYBA,Month-to-month,Yes,Mailed check,0-12 Months,High,Q1,6611
8690-UPCZI,One year,No,Bank transfer (automatic),25-48 Months,Medium,Q3,6612
1062-LHZOD,Month-to-month,Yes,Mailed check,0-12 Months,Medium,Q1,6613
9770-LXDBK,Month-to-month,No,Mailed check,0-12 Months,Low,Q1,6614
4086-WITJG,Two year,No,Credit card (automatic),61-72 Months,Low,Q2,6615
8344-WFMFH,Month-to-month,Yes,Electronic check,0-12 Months,Medium,Q2,6616
9600-NAXZN,Month-to-month,Yes,Electronic check,25-48 Months,Premium,Q4,6617
8822-KNBHV,One year,Yes,Credit card (automatic),25-48 Months,High,Q4,6618
8404-FYDIB,Month-to-month,Yes,Credit card (automatic),25-48 Months,High,Q3,6619
2791-SFVEW,Month-to-month,No,Bank transfer (automatic),0-12 Months,Low,Q1,6620
6457-USBER,Month-to-month,Yes,Electronic check,0-12 Months,High,Q1,6621
6762-NSODU,Two year,No,Credit card (automatic),25-48 Months,Low,Q2,6622
4662-EKDPQ,Month-to-month,No,Bank transfer (automatic),0-12 Months,Medium,Q1,6623
9248-OJYKK,Month-to-month,Yes,Electronic check,0-12 Months,High,Q1,6624
9888-ZCUMM,Two year,Yes,Bank transfer (automatic),61-72 Months,Medium,Q4,6625
3398-FSHON,Month-to-month,Yes,Electronic check,0-12 Months,Premium,Q2,6626
3319-DWOEP,Month-to-month,Yes,Electronic check,0-12 Months,Premium,Q2,6627
1074-WVEVG,One year,No,Mailed check,49-60 Months,Low,Q2,6628
9979-RGMZT,One year,Yes,Mailed check,0-12 Months,Premium,Q2,6629
6437-UDQJM,Two year,Yes,Credit card (automatic),61-72 Months,High,Q4,6630
1226-IENZN,Month-to-month,Yes,Electronic check,13-24 Months,High,Q2,6631
2108-GLPQB,Month-to-month,No,Credit card (automatic),25-48 Months,Medium,Q3,6632
9259-PACGQ,Month-to-month,No,Electronic check,25-48 Months,Medium,Q3,6633
4415-IJZTP,Month-to-month,Yes,Electronic check,0-12 Months,High,Q1,6634
1465-VINDH,Month-to-month,Yes,Credit card (automatic),0-12 Months,Premium,Q2,6635
5474-LAMUQ,One year,No,Mailed check,13-24 Months,Low,Q2,6636
3468-DRVQJ,One year,No,Electronic check,0-12 Months,High,Q2,6637
1122-YJBCS,One year,Yes,Credit card (automatic),61-72 Months,Medium,Q4,6638
4990-ALDGW,Two year,No,Mailed check,49-60 Months,Low,Q2,6639
4816-OKWNX,One year,Yes,Bank transfer (automatic),49-60 Months,Premium,Q4,6640
3315-IKYZQ,One year,No,Mailed check,25-48 Months,Medium,Q2,6641
2810-FTLEM,Month-to-month,Yes,Electronic check,13-24 Months,Medium,Q2,6642
4747-LCAQL,Month-to-month,Yes,Mailed check,25-48 Months,High,Q3,6643
3411-WLRSQ,Month-to-month,Yes,Bank transfer (automatic),0-12 Months,High,Q1,6644
0898-XCGTF,One year,Yes,Bank transfer (automatic),61-72 Months,Premium,Q4,6645
8006-PYCSW,Month-to-month,No,Mailed check,0-12 Months,Low,Q1,6646
8249-THVEC,One year,No,Mailed check,49-60 Months,Low,Q2,6647
8722-PRFDV,Two year,No,Credit card (automatic),61-72 Months,High,Q4,6648
2164-SOQXL,Month-to-month,No,Mailed check,13-24 Months,Low,Q2,6649
4020-KIUDI,Month-to-month,No,Credit card (automatic),0-12 Months,Low,Q1,6650
5850-BDWCY,Month-to-month,No,Mailed check,0-12 Months,Low,Q1,6651
2038-YSEZE,Month-to-month,No,Mailed check,25-48 Months,Medium,Q3,6652
0827-ITJPH,Two year,Yes,Credit card (automatic),25-48 Months,Low,Q2,6653
8799-OXZMD,Month-to-month,Yes,Mailed check,25-48 Months,Low,Q2,6654
1925-TIBLE,Month-to-month,Yes,Electronic check,0-12 Months,High,Q2,6655
1705-GUHPV,Two year,No,Mailed check,61-72 Months,Low,Q3,6656
4779-ZGICK,Two year,No,Mailed check,25-48 Months,Low,Q2,6657
0048-PIHNL,One year,No,Bank transfer (automatic),49-60 Months,Low,Q2,6658
0818-OCPZO,Month-to-month,Yes,Electronic check,25-48 Months,High,Q3,6659
3967-KXAPS,Two year,No,Credit card (automatic),61-72 Months,Premium,Q4,6660
1447-GIQMR,Month-to-month,Yes,Electronic check,0-12 Months,Medium,Q1,6661
3704-IEAXF,Two year,No,Credit card (automatic),61-72 Months,Medium,Q3,6662
6810-VCAEX,One year,No,Credit card (automatic),25-48 Months,Medium,Q3,6663
0674-EYYZV,Month-to-month,Yes,Electronic check,0-12 Months,Medium,Q1,6664
4480-MBMLB,One year,Yes,Bank transfer (automatic),25-48 Months,Premium,Q4,6665
1395-OFUWC,Month-to-month,No,Credit card (automatic),25-48 Months,Low,Q2,6666
0822-QGCXA,Month-to-month,No,Electronic check,25-48 Months,High,Q3,6667
0872-NXJYS,Month-to-month,Yes,Electronic check,0-12 Months,High,Q2,6668
2832-KJCRD,Month-to-month,Yes,Electronic check,25-48 Months,Premium,Q4,6669
3588-WSTTJ,Month-to-month,Yes,Electronic check,25-48 Months,Premium,Q3,6670
4075-WKNIU,Two year,No,Mailed check,0-12 Months,High,Q2,6671
5090-EMGTC,Two year,Yes,Mailed check,49-60 Months,Premium,Q4,6672
2346-CZYIL,Two year,No,Credit card (automatic),25-48 Months,Low,Q2,6673
3798-EPWRR,Month-to-month,No,Electronic check,0-12 Months,Medium,Q1,6674
6258-NGCNG,Month-to-month,No,Mailed check,0-12 Months,Low,Q1,6675
4186-ZBUEW,One year,Yes,Mailed check,25-48 Months,High,Q3,6676
5274-XHAKY,Month-to-month,Yes,Bank transfer (automatic),25-48 Months,Premium,Q4,6677
1442-BQPVU,Month-to-month,No,Electronic check,13-24 Months,Low,Q1,6678
3978-YNKDD,Two year,No,Credit card (automatic),13-24 Months,Low,Q2,6679
4940-KHCWD,Two year,No,Bank transfer (automatic),49-60 Months,Medium,Q3,6680
9412-ARGBX,Two year,Yes,Mailed check,25-48 Months,Premium,Q4,6681
1389-CXMLU,Month-to-month,No,Electronic check,0-12 Months,Premium,Q1,6682
9589-ABEPT,Two year,Yes,Mailed check,61-72 Months,Premium,Q4,6683
9388-ZEYVT,One year,No,Electronic check,25-48 Months,Medium,Q3,6684
0305-SQECB,One year,Yes,Mailed check,0-12 Months,Medium,Q2,6685
7605-SNLQG,Month-to-month,Yes,Credit card (automatic),25-48 Months,Medium,Q3,6686
4670-TABXH,Two year,Yes,Credit card (automatic),61-72 Months,Premium,Q4,6687
5561-NWEVX,Month-to-month,No,Electronic check,0-12 Months,High,Q1,6688
0064-SUDOG,Two year,No,Bank transfer (automatic),0-12 Months,Low,Q1,6689
8561-NMTBD,One year,Yes,Credit card (automatic),61-72 Months,Premium,Q4,6690
5161-XEUVX,Two year,No,Mailed check,25-48 Months,Premium,Q3,6691
8292-FRFZQ,One year,No,Bank transfer (automatic),25-48 Months,Medium,Q3,6692
8591-NXRCV,Month-to-month,Yes,Bank transfer (automatic),25-48 Months,High,Q3,6693
7895-VONWT,Month-to-month,Yes,Electronic check,25-48 Months,Medium,Q2,6694
4526-RMTLL,Two year,Yes,Credit card (automatic),0-12 Months,High,Q2,6695
6253-GNHWH,Two year,No,Mailed check,61-72 Months,High,Q4,6696
4566-NECEV,Month-to-month,No,Electronic check,0-12 Months,Premium,Q2,6697
8080-POTJR,One year,Yes,Credit card (automatic),25-48 Months,High,Q3,6698
6906-MPARY,One year,Yes,Credit card (automatic),25-48 Months,High,Q3,6699
3662-FXJFO,Two year,Yes,Mailed check,49-60 Months,Low,Q2,6700
8107-RZLNV,Two year,Yes,Bank transfer (automatic),61-72 Months,Premium,Q4,6701
0516-OOHAR,One year,No,Bank transfer (automatic),25-48 Months,Premium,Q3,6702
2027-CWDNU,Month-to-month,Yes,Electronic check,13-24 Months,High,Q3,6703
2737-WFVYW,Month-to-month,Yes,Electronic check,0-12 Months,Medium,Q1,6704
9912-OMZDS,One year,Yes,Electronic check,49-60 Months,Premium,Q4,6705
3733-ZEECP,Month-to-month,Yes,Electronic check,13-24 Months,Medium,Q2,6706
7878-RTCZG,Month-to-month,No,Mailed check,0-12 Months,Low,Q1,6707
2452-MRMZF,Two year,Yes,Credit card (automatic),61-72 Months,Low,Q3,6708
2272-QAGFO,Month-to-month,Yes,Electronic check,13-24 Months,High,Q2,6709
7103-IPXPJ,One year,No,Electronic check,49-60 Months,Premium,Q4,6710
4342-HFXWS,One year,No,Bank transfer (automatic),25-48 Months,Medium,Q3,6711
3545-CNWRG,Month-to-month,Yes,Electronic check,49-60 Months,Premium,Q4,6712
1785-BPHTP,Month-to-month,No,Electronic check,25-48 Months,High,Q3,6713
4989-LIXVT,Month-to-month,Yes,Electronic check,61-72 Months,Premium,Q4,6714
7315-WYOAW,Month-to-month,No,Electronic check,13-24 Months,Premium,Q2,6715
1173-XZPYF,Month-to-month,Yes,Electronic check,0-12 Months,High,Q2,6716
9850-OWRHQ,Month-to-month,Yes,Credit card (automatic),0-12 Months,High,Q1,6717
3768-NLUBH,Month-to-month,No,Electronic check,49-60 Months,Premium,Q4,6718
8676-TRMJS,Month-to-month,No,Mailed check,0-12 Months,High,Q1,6719
2509-TFPJU,Two year,No,Credit card (automatic),61-72 Months,Low,Q3,6720
9530-GRMJG,Two year,Yes,Electronic check,61-72 Months,High,Q4,6721
6898-RBTLU,Two year,No,Bank transfer (automatic),49-60 Months,High,Q4,6722
5481-NTDOH,One year,Yes,Credit card (automatic),61-72 Months,Premium,Q4,6723
2068-WWXQZ,Two year,No,Bank transfer (automatic),25-48 Months,Low,Q2,6724
7359-SSBJK,Two year,Yes,Credit card (automatic),61-72 Months,High,Q4,6725
2061-VVFST,Month-to-month,No,Bank transfer (automatic),25-48 Months,Low,Q2,6726
0685-MLYYM,Month-to-month,No,Electronic check,0-12 Months,High,Q1,6727
0749-IRGQE,Month-to-month,No,Electronic check,13-24 Months,Medium,Q2,6728
2380-DAMQP,Two year,No,Electronic check,61-72 Months,Premium,Q4,6729
2256-YLYLP,Two year,Yes,Bank transfer (automatic),61-72 Months,High,Q4,6730
1272-ILHFG,One year,No,Mailed check,13-24 Months,Low,Q1,6731
0164-XAIRP,Two year,Yes,Bank transfer (automatic),13-24 Months,Low,Q2,6732
5666-CYCYZ,Month-to-month,Yes,Electronic check,13-24 Months,High,Q3,6733
4011-ARPHK,Month-to-month,No,Mailed check,25-48 Months,Medium,Q3,6734
8182-PNAGI,Month-to-month,No,Bank transfer (automatic),0-12 Months,Medium,Q2,6735
6365-HITVU,Two year,No,Credit card (automatic),61-72 Months,High,Q4,6736
7558-IMLMT,Two year,Yes,Mailed check,61-72 Months,Low,Q3,6737
9488-FYQAU,Two year,Yes,Bank transfer (automatic),61-72 Months,Premium,Q4,6738
3590-TCXTB,Month-to-month,No,Mailed check,0-12 Months,Low,Q1,6739
6994-KERXL,Month-to-month,Yes,Electronic check,0-12 Months,Medium,Q1,6740
7957-RYHQD,Month-to-month,Yes,Credit card (automatic),25-48 Months,High,Q3,6741
2180-DXNEG,Month-to-month,Yes,Electronic check,0-12 Months,Premium,Q2,6742
1960-UOTYM,Two year,No,Electronic check,49-60 Months,High,Q4,6743
2740-JFBOK,Month-to-month,Yes,Electronic check,0-12 Months,Low,Q1,6744
6500-JVEGC,One year,No,Bank transfer (automatic),61-72 Months,Premium,Q4,6745
5515-AKOAJ,Month-to-month,Yes,Electronic check,49-60 Months,Premium,Q4,6746
8976-OQHGT,Month-to-month,No,Mailed check,0-12 Months,Medium,Q1,6747
5245-VDBUR,One year,No,Mailed check,49-60 Months,Medium,Q3,6748
6230-BSUXY,Month-to-month,Yes,Electronic check,0-12 Months,High,Q1,6749
8469-SNFFH,One year,No,Bank transfer (automatic),61-72 Months,High,Q4,6750
2144-ESWKO,One year,Yes,Credit card (automatic),25-48 Months,Medium,Q3,6751
1241-FPMOF,Two year,No,Mailed check,49-60 Months,Low,Q2,6752
9928-BZVLZ,Two year,No,Mailed check,0-12 Months,Medium,Q2,6753
4114-QMKVN,One year,No,Bank transfer (automatic),49-60 Months,Medium,Q4,6754
2775-SEFEE,Two year,Yes,Bank transfer (automatic),0-12 Months,Medium,Q2,6755
9003-CPATH,Month-to-month,No,Electronic check,25-48 Months,High,Q3,6756
1754-GKYPY,Month-to-month,Yes,Bank transfer (automatic),13-24 Months,High,Q3,6757
5294-CDGWY,One year,No,Electronic check,49-60 Months,Medium,Q3,6758
7956-XQWGU,Month-to-month,Yes,Credit card (automatic),25-48 Months,Low,Q2,6759
1591-MQJTP,One year,Yes,Bank transfer (automatic),49-60 Months,Premium,Q4,6760
5295-PCJOO,Month-to-month,Yes,Electronic check,0-12 Months,Medium,Q1,6761
2369-FEVNO,Month-to-month,Yes,Mailed check,0-12 Months,Low,Q1,6762
9863-JZAIC,Month-to-month,No,Mailed check,25-48 Months,Medium,Q3,6763
7471-MQPOS,One year,Yes,Bank transfer (automatic),61-72 Months,High,Q4,6764
7660-HDPJV,Month-to-month,Yes,Electronic check,0-12 Months,Medium,Q1,6765
5115-SQAAU,Two year,Yes,Bank transfer (automatic),61-72 Months,Low,Q3,6766
9845-QOMAD,One year,No,Mailed check,13-24 Months,Low,Q1,6767
7672-VFMXZ,Month-to-month,No,Electronic check,49-60 Months,Medium,Q3,6768
9739-JLPQJ,Two year,No,Credit card (automatic),61-72 Months,Premium,Q4,6769
9916-AYHTC,Two year,No,Credit card (automatic),25-48 Months,Low,Q2,6770
3855-ONCAR,Month-to-month,Yes,Mailed check,0-12 Months,High,Q1,6771
1488-SYSFC,Month-to-month,Yes,Electronic check,25-48 Months,Low,Q2,6772
7931-PXHFC,One year,Yes,Mailed check,25-48 Months,Medium,Q3,6773
3990-QYKBE,Month-to-month,Yes,Electronic check,25-48 Months,Premium,Q3,6774
0970-QXPXW,Month-to-month,No,Mailed check,0-12 Months,Low,Q1,6775
3259-KNMRR,Two year,Yes,Bank transfer (automatic),49-60 Months,High,Q4,6776
6120-RJKLU,Two year,Yes,Credit card (automatic),61-72 Months,High,Q4,6777
9572-WUKSB,Month-to-month,Yes,Electronic check,0-12 Months,Low,Q1,6778
5893-KCLGT,Two year,Yes,Mailed check,61-72 Months,Low,Q3,6779
0076-LVEPS,Month-to-month,Yes,Mailed check,25-48 Months,Medium,Q2,6780
3640-JQGJG,Month-to-month,No,Bank transfer (automatic),13-24 Months,Medium,Q2,6781
4919-MOAVT,Month-to-month,No,Electronic check,0-12 Months,Medium,Q1,6782
1596-OQSPS,Month-to-month,No,Electronic check,0-12 Months,Medium,Q2,6783
9867-XOBQA,Two year,No,Mailed check,13-24 Months,Medium,Q2,6784
9546-KDTRB,Month-to-month,No,Bank transfer (automatic),13-24 Months,Low,Q2,6785
3090-HAWSU,Two year,Yes,Credit card (automatic),61-72 Months,Premium,Q4,6786
9820-RMCQV,Month-to-month,No,Credit card (automatic),0-12 Months,Medium,Q2,6787
3174-RKMOW,Month-to-month,Yes,Electronic check,25-48 Months,Premium,Q3,6788
1760-CAZHT,Month-to-month,No,Mailed check,25-48 Months,Low,Q2,6789
7839-QRKXN,Month-to-month,Yes,Mailed check,0-12 Months,Low,Q1,6790
8441-SHIPE,Two year,Yes,Bank transfer (automatic),61-72 Months,Low,Q3,6791
5204-QZXPU,Month-to-month,Yes,Electronic check,13-24 Months,Medium,Q2,6792
4597-ELFTS,One year,No,Electronic check,49-60 Months,Low,Q2,6793
1320-GVNHT,Two year,Yes,Credit card (automatic),61-72 Months,Premium,Q4,6794
1047-RNXZV,Two year,No,Mailed check,25-48 Months,Low,Q2,6795
3541-ZNUHK,Month-to-month,Yes,Electronic check,49-60 Months,High,Q4,6796
8450-JOVAH,Month-to-month,No,Mailed check,0-12 Months,Medium,Q1,6797
8725-JEDFD,Month-to-month,Yes,Mailed check,25-48 Months,Medium,Q3,6798
7562-UXTPG,Month-to-month,Yes,Mailed check,13-24 Months,High,Q2,6799
8071-SBTRN,Two year,Yes,Mailed check,61-72 Months,Premium,Q4,6800
1113-IUJYX,One year,No,Mailed check,13-24 Months,Premium,Q2,6801
6668-CNMFP,One year,Yes,Bank transfer (automatic),13-24 Months,High,Q3,6802
5626-MGTUK,Month-to-month,Yes,Bank transfer (automatic),13-24 Months,High,Q3,6803
5681-LLOEI,One year,Yes,Credit card (automatic),25-48 Months,Premium,Q4,6804
8212-DJRCH,Month-to-month,Yes,Mailed check,0-12 Months,Premium,Q2,6805
4323-OHFOW,One year,Yes,Bank transfer (automatic),61-72 Months,Premium,Q4,6806
4933-BSAIP,Two year,No,Mailed check,25-48 Months,Low,Q2,6807
2030-BTZRO,Two year,Yes,Credit card (automatic),0-12 Months,Low,Q1,6808
1116-DXXDF,Two year,Yes,Electronic check,25-48 Months,Premium,Q4,6809
9274-CNFMO,Month-to-month,No,Electronic check,0-12 Months,High,Q1,6810
7758-XKCBS,Month-to-month,Yes,Electronic check,13-24 Months,Low,Q2,6811
8992-JQYUN,Month-to-month,Yes,Electronic check,0-12 Months,Medium,Q1,6812
6563-VNPMN,Month-to-month,Yes,Bank transfer (automatic),25-48 Months,High,Q3,6813
0617-AQNWT,Two year,No,Electronic check,61-72 Months,Medium,Q3,6814
2267-WTPYD,Month-to-month,No,Credit card (automatic),49-60 Months,Premium,Q4,6815
0270-THENM,Two year,No,Bank transfer (automatic),61-72 Months,Medium,Q4,6816
2446-PLQVO,Month-to-month,Yes,Electronic check,0-12 Months,High,Q1,6817
4707-MAXGU,Two year,No,Credit card (automatic),61-72 Months,Low,Q3,6818
2710-WYVXG,Two year,No,Mailed check,0-12 Months,High,Q1,6819
3005-NFMTA,Month-to-month,Yes,Electronic check,49-60 Months,Premium,Q4,6820
6300-BWMJX,Month-to-month,No,Electronic check,49-60 Months,Premium,Q4,6821
8784-CGILN,Month-to-month,Yes,Bank transfer (automatic),13-24 Months,Premium,Q3,6822
5389-FFVKB,Month-to-month,Yes,Credit card (automatic),25-48 Months,High,Q3,6823
7009-LGECI,Month-to-month,Yes,Bank transfer (automatic),0-12 Months,Medium,Q1,6824
8444-WRIDW,Month-to-month,Yes,Credit card (automatic),61-72 Months,High,Q4,6825
5022-KVDQT,Month-to-month,Yes,Electronic check,25-48 Months,High,Q3,6826
7976-CICYS,Month-to-month,Yes,Credit card (automatic),0-12 Months,Low,Q1,6827
1036-GUDCL,Month-to-month,Yes,Credit card (automatic),49-60 Months,High,Q4,6828
2005-DWQZJ,Two year,No,Mailed check,0-12 Months,Low,Q1,6829
8148-WOCMK,Two year,No,Credit card (automatic),0-12 Months,Low,Q1,6830
7815-PDTHL,Two year,Yes,Mailed check,25-48 Months,Low,Q2,6831
9451-LPGOO,Month-to-month,Yes,Electronic check,0-12 Months,High,Q2,6832
9173-IVZVP,Two year,No,Mailed check,49-60 Months,Low,Q2,6833
9129-UXERG,Month-to-month,Yes,Credit card (automatic),13-24 Months,Premium,Q3,6834
3635-JBPSG,Two year,Yes,Mailed check,13-24 Months,Medium,Q2,6835
7964-ZRKKG,One year,Yes,Bank transfer (automatic),61-72 Months,High,Q4,6836
5868-YWPDW,Month-to-month,Yes,Electronic check,0-12 Months,High,Q2,6837
6229-LSCKB,Month-to-month,Yes,Electronic check,0-12 Months,High,Q2,6838
2025-JKFWI,Month-to-month,Yes,Mailed check,13-24 Months,Premium,Q2,6839
4078-SAYYN,Month-to-month,Yes,Electronic check,0-12 Months,Premium,Q2,6840
1724-IQWNM,Month-to-month,Yes,Mailed check,0-12 Months,Low,Q1,6841
8217-QYOHV,Month-to-month,Yes,Mailed check,0-12 Months,Medium,Q1,6842
5546-QUERU,One year,Yes,Mailed check,13-24 Months,Low,Q1,6843
9940-HPQPG,Month-to-month,No,Bank transfer (automatic),0-12 Months,Premium,Q2,6844
6897-UUBNU,Month-to-month,No,Mailed check,25-48 Months,High,Q3,6845
6127-IYJOZ,Month-to-month,Yes,Mailed check,0-12 Months,Medium,Q1,6846
6618-RYATB,Month-to-month,Yes,Mailed check,0-12 Months,High,Q1,6847
8930-XOTDP,Month-to-month,No,Mailed check,13-24 Months,Medium,Q2,6848
5916-QEWPT,Month-to-month,No,Credit card (automatic),0-12 Months,Medium,Q1,6849
5060-TQUQN,Month-to-month,Yes,Bank transfer (automatic),25-48 Months,High,Q3,6850
0531-XBKMM,Two year,No,Bank transfer (automatic),61-72 Months,Medium,Q4,6851
8465-SBRXP,Two year,Yes,Bank transfer (automatic),25-48 Months,Premium,Q3,6852
2408-PSJVE,Month-to-month,Yes,Mailed check,25-48 Months,Medium,Q3,6853
9079-YEXQJ,Month-to-month,No,Electronic check,49-60 Months,Premium,Q4,6854
9700-ZCLOT,Month-to-month,No,Mailed check,0-12 Months,Low,Q1,6855
8738-JOKAR,One year,Yes,Mailed check,25-48 Months,Medium,Q3,6856
4534-WGCIR,Two year,No,Credit card (automatic),49-60 Months,Low,Q3,6857
1930-WNXSB,Month-to-month,Yes,Electronic check,49-60 Months,Premium,Q4,6858
2685-SREOM,Month-to-month,Yes,Electronic check,25-48 Months,High,Q3,6859
3508-CFVZL,Two year,No,Mailed check,61-72 Months,Premium,Q4,6860
0402-CQAJN,Month-to-month,Yes,Bank transfer (automatic),25-48 Months,Premium,Q3,6861
6692-UDPJC,Month-to-month,Yes,Electronic check,13-24 Months,Premium,Q2,6862
1273-MTETI,Month-to-month,Yes,Electronic check,0-12 Months,High,Q1,6863
0657-DOGUM,One year,Yes,Bank transfer (automatic),25-48 Months,Medium,Q3,6864
5480-HPRRX,Month-to-month,No,Electronic check,0-12 Months,Low,Q1,6865
8792-AOROI,Two year,No,Mailed check,0-12 Months,Medium,Q2,6866
0295-PPHDO,Month-to-month,Yes,Electronic check,0-12 Months,Premium,Q1,6867
5146-YYFRZ,Two year,No,Bank transfer (automatic),61-72 Months,Low,Q2,6868
1195-OIYEJ,Month-to-month,Yes,Electronic check,13-24 Months,Premium,Q2,6869
5906-CVLHP,One year,Yes,Credit card (automatic),25-48 Months,Medium,Q3,6870
3452-SRFEG,Month-to-month,Yes,Bank transfer (automatic),49-60 Months,High,Q3,6871
4070-OKWVH,Month-to-month,No,Bank transfer (automatic),49-60 Months,Premium,Q4,6872
5297-MDOIR,One year,Yes,Credit card (automatic),61-72 Months,High,Q4,6873
6369-MCAKO,Two year,Yes,Bank transfer (automatic),61-72 Months,High,Q4,6874
4926-UMJZD,Month-to-month,Yes,Mailed check,25-48 Months,Medium,Q3,6875
6848-HJTXY,Two year,No,Credit card (automatic),61-72 Months,Low,Q2,6876
6341-AEVKX,One year,Yes,Electronic check,61-72 Months,Premium,Q4,6877
4501-EQDRN,Month-to-month,No,Bank transfer (automatic),0-12 Months,Medium,Q1,6878
2990-HWIML,Month-to-month,Yes,Electronic check,0-12 Months,High,Q2,6879
0682-USIXD,Month-to-month,Yes,Electronic check,13-24 Months,High,Q3,6880
6976-BWGLQ,Two year,No,Bank transfer (automatic),61-72 Months,Low,Q3,6881
7078-NVFAM,Month-to-month,Yes,Electronic check,25-48 Months,Medium,Q2,6882
8065-QBYTO,One year,Yes,Credit card (automatic),61-72 Months,Premium,Q4,6883
2133-TSRRM,Month-to-month,Yes,Bank transfer (automatic),25-48 Months,Premium,Q3,6884
7384-GHBPI,Month-to-month,Yes,Electronic check,0-12 Months,Medium,Q1,6885
7603-USHJS,Month-to-month,Yes,Credit card (automatic),0-12 Months,High,Q2,6886
7234-FECYN,Month-to-month,No,Electronic check,0-12 Months,Premium,Q2,6887
2511-ALLCS,Two year,No,Bank transfer (automatic),25-48 Months,Low,Q2,6888
3191-CSNMG,Month-to-month,Yes,Electronic check,0-12 Months,High,Q1,6889
7952-OBOYL,Month-to-month,Yes,Mailed check,0-12 Months,High,Q1,6890
7470-DYNOE,One year,Yes,Electronic check,49-60 Months,Medium,Q3,6891
7853-OETYL,Month-to-month,Yes,Electronic check,0-12 Months,Low,Q1,6892
1545-ACTAS,One year,Yes,Bank transfer (automatic),25-48 Months,Premium,Q4,6893
5876-HZVZM,Month-to-month,No,Credit card (automatic),0-12 Months,Medium,Q1,6894
1400-MMYXY,Month-to-month,Yes,Electronic check,0-12 Months,Premium,Q1,6895
5126-RCXYW,Two year,No,Credit card (automatic),49-60 Months,Medium,Q3,6896
3085-QUOZK,Month-to-month,No,Mailed check,0-12 Months,Medium,Q1,6897
2363-BJLSL,Month-to-month,Yes,Bank transfer (automatic),61-72 Months,High,Q4,6898
1956-YIFGE,One year,Yes,Mailed check,13-24 Months,Premium,Q3,6899
3926-CUQZX,Month-to-month,Yes,Bank transfer (automatic),0-12 Months,Medium,Q1,6900
7921-LMDFQ,One year,Yes,Bank transfer (automatic),49-60 Months,Premium,Q4,6901
2925-MXLSX,One year,Yes,Credit card (automatic),25-48 Months,Medium,Q3,6902
5820-PTRYM,One year,Yes,Credit card (automatic),49-60 Months,Medium,Q4,6903
9609-BENEA,One year,Yes,Electronic check,25-48 Months,Medium,Q3,6904
6211-WHMYA,Month-to-month,Yes,Electronic check,61-72 Months,Medium,Q3,6905
4459-BBGHE,Month-to-month,Yes,Electronic check,25-48 Months,Medium,Q2,6906
9945-PSVIP,Two year,Yes,Mailed check,25-48 Months,Low,Q1,6907
1041-RXHRA,Month-to-month,No,Bank transfer (automatic),25-48 Months,High,Q3,6908
1750-CSKKM,Month-to-month,No,Electronic check,0-12 Months,Medium,Q2,6909
9108-EJFJP,Month-to-month,Yes,Mailed check,0-12 Months,Medium,Q1,6910
0530-IJVDB,Two year,Yes,Electronic check,61-72 Months,Premium,Q4,6911
0508-SQWPL,Two year,Yes,Bank transfer (automatic),49-60 Months,Low,Q2,6912
2215-ZAFGX,Month-to-month,Yes,Electronic check,0-12 Months,High,Q2,6913
8213-TAZPM,One year,Yes,Bank transfer (automatic),61-72 Months,Premium,Q4,6914
7142-HVGBG,Month-to-month,Yes,Electronic check,25-48 Months,Premium,Q4,6915
1304-SEGFY,Two year,Yes,Electronic check,61-72 Months,Premium,Q4,6916
7242-EDTYC,Two year,No,Bank transfer (automatic),25-48 Months,Low,Q2,6917
2904-GGUAZ,Two year,Yes,Bank transfer (automatic),61-72 Months,High,Q4,6918
8267-ZNYVZ,One year,Yes,Electronic check,25-48 Months,Premium,Q3,6919
5136-GFPMB,Month-to-month,No,Credit card (automatic),49-60 Months,High,Q4,6920
2595-KIWPV,Two year,No,Credit card (automatic),25-48 Months,Low,Q2,6921
5243-SAOTC,Month-to-month,Yes,Bank transfer (automatic),49-60 Months,High,Q4,6922
9398-MMQTO,Month-to-month,No,Credit card (automatic),0-12 Months,High,Q1,6923
7619-PLRLP,One year,No,Bank transfer (automatic),49-60 Months,High,Q4,6924
6457-GIRWB,Month-to-month,Yes,Electronic check,0-12 Months,Medium,Q1,6925
6508-NJYRO,One year,No,Mailed check,13-24 Months,Low,Q1,6926
1450-SKCVI,Month-to-month,Yes,Electronic check,49-60 Months,High,Q4,6927
4710-NKCAW,Month-to-month,No,Credit card (automatic),0-12 Months,Medium,Q1,6928
5306-BVTKJ,One year,Yes,Credit card (automatic),25-48 Months,Medium,Q3,6929
0357-NVCRI,Month-to-month,No,Credit card (automatic),25-48 Months,Low,Q2,6930
5570-PTWEH,Month-to-month,Yes,Credit card (automatic),0-12 Months,High,Q1,6931
2371-KFUOG,One year,No,Bank transfer (automatic),49-60 Months,Premium,Q4,6932
0463-ZSDNT,Month-to-month,Yes,Bank transfer (automatic),0-12 Months,Medium,Q2,6933
6502-MJQAE,Month-to-month,Yes,Electronic check,0-12 Months,Medium,Q1,6934
6257-DTAYD,Two year,Yes,Credit card (automatic),61-72 Months,Premium,Q4,6935
4616-ULAOA,Two year,Yes,Credit card (automatic),61-72 Months,Premium,Q4,6936
7693-LCKZL,Month-to-month,Yes,Electronic check,0-12 Months,High,Q1,6937
7746-AWNQW,Month-to-month,Yes,Mailed check,25-48 Months,Medium,Q2,6938
5996-EBTKM,Two year,Yes,Bank transfer (automatic),61-72 Months,Medium,Q4,6939
2758-RNWXS,One year,Yes,Electronic check,25-48 Months,High,Q3,6940
2314-TNDJQ,Two year,No,Credit card (automatic),61-72 Months,Medium,Q4,6941
2405-LBMUW,One year,Yes,Bank transfer (automatic),61-72 Months,Medium,Q3,6942
3454-JFUBC,Two year,Yes,Credit card (automatic),61-72 Months,Low,Q2,6943
0032-PGELS,Month-to-month,No,Bank transfer (automatic),0-12 Months,Low,Q1,6944
9039-ZVJDC,Month-to-month,Yes,Mailed check,0-12 Months,Low,Q1,6945
6797-LNAQX,Two year,No,Bank transfer (automatic),61-72 Months,Premium,Q4,6946
9013-AQORL,Month-to-month,No,Credit card (automatic),25-48 Months,Medium,Q3,6947
2898-MRKPI,One year,Yes,Credit card (automatic),61-72 Months,Premium,Q4,6948
2750-BJLSB,One year,Yes,Electronic check,25-48 Months,Premium,Q4,6949
3648-GZPHF,One year,Yes,Mailed check,25-48 Months,Medium,Q2,6950
2075-RMJIK,Month-to-month,Yes,Mailed check,0-12 Months,Medium,Q1,6951
9588-YRFHY,Two year,Yes,Credit card (automatic),49-60 Months,Low,Q2,6952
6394-MFYNG,Month-to-month,Yes,Bank transfer (automatic),25-48 Months,Premium,Q4,6953
1564-NTYXF,Month-to-month,Yes,Electronic check,13-24 Months,High,Q2,6954
9364-YKUVW,Month-to-month,Yes,Mailed check,13-24 Months,Low,Q1,6955
5392-AKEMH,Month-to-month,Yes,Electronic check,0-12 Months,Medium,Q2,6956
2451-YMUXS,Two year,Yes,Bank transfer (automatic),61-72 Months,Medium,Q4,6957
3914-FDRHP,Month-to-month,No,Electronic check,0-12 Months,High,Q2,6958
3078-ZKNTS,Two year,Yes,Bank transfer (automatic),13-24 Months,Low,Q1,6959
1024-KPRBB,One year,Yes,Mailed check,25-48 Months,High,Q3,6960
4690-PKDQG,Month-to-month,Yes,Electronic check,25-48 Months,Premium,Q4,6961
8155-IBNHG,Month-to-month,Yes,Credit card (automatic),13-24 Months,High,Q3,6962
0886-QGENL,Month-to-month,Yes,Electronic check,25-48 Months,Premium,Q3,6963
9547-ITEFG,Month-to-month,Yes,Credit card (automatic),0-12 Months,Premium,Q2,6964
1264-FUHCX,One year,Yes,Credit card (automatic),49-60 Months,Medium,Q3,6965
7789-CRUVC,Month-to-month,Yes,Credit card (automatic),61-72 Months,Premium,Q4,6966
6598-KELSS,One year,Yes,Bank transfer (automatic),49-60 Months,Medium,Q3,6967
8739-WWKDU,Month-to-month,Yes,Electronic check,25-48 Months,High,Q3,6968
8685-WHQPW,Month-to-month,Yes,Bank transfer (automatic),13-24 Months,High,Q3,6969
4745-LSPLO,Month-to-month,No,Mailed check,0-12 Months,Low,Q1,6970
8083-YTZES,Month-to-month,Yes,Electronic check,0-12 Months,High,Q1,6971
7240-FQLHE,Month-to-month,No,Bank transfer (automatic),13-24 Months,Premium,Q3,6972
6664-FPDAC,One year,Yes,Electronic check,49-60 Months,Premium,Q4,6973
9972-VAFJJ,One year,Yes,Electronic check,49-60 Months,Premium,Q4,6974
0422-UXFAP,One year,Yes,Electronic check,49-60 Months,Premium,Q4,6975
1904-WAJAA,Two year,No,Electronic check,13-24 Months,Medium,Q3,6976
5130-YPIRV,Two year,Yes,Credit card (automatic),61-72 Months,High,Q4,6977
2843-CQMEG,Month-to-month,Yes,Mailed check,13-24 Months,Medium,Q2,6978
6439-PKTRR,Two year,No,Electronic check,61-72 Months,High,Q4,6979
5351-QESIO,Month-to-month,No,Mailed check,0-12 Months,Low,Q1,6980
0786-VSSUD,Month-to-month,Yes,Mailed check,13-24 Months,Medium,Q2,6981
5568-DMXZS,Month-to-month,Yes,Electronic check,0-12 Months,Medium,Q2,6982
8468-FZTOE,Two year,Yes,Electronic check,61-72 Months,High,Q4,6983
6633-SYEUS,Month-to-month,No,Bank transfer (automatic),13-24 Months,High,Q3,6984
6447-GORXK,Month-to-month,No,Credit card (automatic),25-48 Months,Low,Q2,6985
6967-PEJLL,One year,Yes,Electronic check,25-48 Months,Medium,Q3,6986
3976-BWUCK,Month-to-month,Yes,Credit card (automatic),25-48 Months,Premium,Q3,6987
5981-ZVXOT,One year,Yes,Electronic check,25-48 Months,Premium,Q3,6988
1684-FLBGS,Month-to-month,Yes,Credit card (automatic),13-24 Months,Medium,Q3,6989
1389-WNUIB,One year,No,Bank transfer (automatic),13-24 Months,High,Q3,6990
0376-OIWME,Month-to-month,Yes,Electronic check,25-48 Months,Premium,Q3,6991
3585-ISXZP,Month-to-month,No,Bank transfer (automatic),0-12 Months,Premium,Q2,6992
0218-QNVAS,One year,No,Bank transfer (automatic),61-72 Months,Premium,Q4,6993
6583-QGCSI,Month-to-month,Yes,Electronic check,49-60 Months,High,Q4,6994
0804-YGEQV,One year,Yes,Bank transfer (automatic),25-48 Months,Low,Q2,6995
7164-BPTUT,Two year,No,Mailed check,49-60 Months,High,Q4,6996
4174-LPGTI,One year,Yes,Bank transfer (automatic),25-48 Months,Medium,Q3,6997
2523-EWWZL,Month-to-month,Yes,Electronic check,25-48 Months,High,Q3,6998
0928-XUTSN,Month-to-month,Yes,Electronic check,13-24 Months,High,Q2,6999
2108-XWMPY,Month-to-month,Yes,Mailed check,0-12 Months,Medium,Q1,7000
0052-YNYOT,One year,No,Electronic check,61-72 Months,Low,Q2,7001
6304-IJFSQ,Month-to-month,Yes,Mailed check,0-12 Months,Medium,Q1,7002
9586-JGQKH,Two year,Yes,Bank transfer (automatic),61-72 Months,Premium,Q4,7003
4501-VCPFK,Month-to-month,No,Electronic check,25-48 Months,Medium,Q2,7004
6075-SLNIL,Month-to-month,Yes,Credit card (automatic),25-48 Months,Premium,Q3,7005
9347-AERRL,One year,No,Credit card (automatic),13-24 Months,Low,Q2,7006
0093-XWZFY,Month-to-month,Yes,Credit card (automatic),25-48 Months,Premium,Q4,7007
2274-XUATA,Two year,Yes,Bank transfer (automatic),61-72 Months,Medium,Q4,7008
1980-KXVPM,Month-to-month,Yes,Credit card (automatic),0-12 Months,High,Q1,7009
7703-ZEKEF,Month-to-month,Yes,Electronic check,13-24 Months,High,Q3,7010
0723-DRCLG,Month-to-month,Yes,Electronic check,0-12 Months,High,Q1,7011
5482-NUPNA,Month-to-month,Yes,Mailed check,0-12 Months,Medium,Q1,7012
6691-CCIHA,Two year,Yes,Electronic check,61-72 Months,High,Q4,7013
1685-BQULA,Month-to-month,Yes,Bank transfer (automatic),25-48 Months,Premium,Q3,7014
9053-EJUNL,Month-to-month,Yes,Electronic check,25-48 Months,High,Q3,7015
0666-UXTJO,Month-to-month,Yes,Credit card (automatic),25-48 Months,High,Q3,7016
1471-GIQKQ,Month-to-month,No,Electronic check,0-12 Months,Medium,Q1,7017
4807-IZYOZ,Two year,No,Bank transfer (automatic),49-60 Months,Low,Q2,7018
1122-JWTJW,Month-to-month,Yes,Mailed check,0-12 Months,High,Q1,7019
9710-NJERN,Two year,No,Mailed check,25-48 Months,Low,Q2,7020
9837-FWLCH,Month-to-month,Yes,Electronic check,0-12 Months,Low,Q1,7021
1699-HPSBG,One year,Yes,Electronic check,0-12 Months,Medium,Q2,7022
7203-OYKCT,One year,Yes,Electronic check,61-72 Months,Premium,Q4,7023
1035-IPQPU,Month-to-month,Yes,Electronic check,61-72 Months,Premium,Q4,7024
7398-LXGYX,Month-to-month,Yes,Credit card (automatic),25-48 Months,High,Q3,7025
2823-LKABH,Month-to-month,Yes,Bank transfer (automatic),13-24 Months,Premium,Q3,7026
8775-CEBBJ,Month-to-month,Yes,Bank transfer (automatic),0-12 Months,Medium,Q2,7027
0550-DCXLH,Month-to-month,No,Mailed check,13-24 Months,High,Q2,7028
9281-CEDRU,Two year,No,Bank transfer (automatic),61-72 Months,Medium,Q4,7029
2235-DWLJU,Month-to-month,Yes,Electronic check,0-12 Months,Medium,Q1,7030
0871-OPBXW,Month-to-month,Yes,Mailed check,0-12 Months,Low,Q1,7031
3605-JISKB,One year,No,Credit card (automatic),49-60 Months,Medium,Q3,7032
6894-LFHLY,Month-to-month,Yes,Electronic check,0-12 Months,High,Q1,7033
9767-FFLEM,Month-to-month,Yes,Credit card (automatic),25-48 Months,Medium,Q3,7034
0639-TSIQW,Month-to-month,Yes,Credit card (automatic),61-72 Months,Premium,Q4,7035
8456-QDAVC,Month-to-month,Yes,Bank transfer (automatic),13-24 Months,High,Q3,7036
7750-EYXWZ,One year,No,Electronic check,0-12 Months,Medium,Q2,7037
2569-WGERO,Two year,Yes,Bank transfer (automatic),61-72 Months,Low,Q3,7038
6840-RESVB,One year,Yes,Mailed check,13-24 Months,High,Q3,7039
2234-XADUH,One year,Yes,Credit card (automatic),61-72 Months,Premium,Q4,7040
4801-JZAZL,Month-to-month,Yes,Electronic check,0-12 Months,Low,Q1,7041
8361-LTMKD,Month-to-month,Yes,Mailed check,0-12 Months,High,Q1,7042
3186-AJIEK,Two year,Yes,Bank transfer (automatic),61-72 Months,Premium,Q4,7043
