customerID,gender,SeniorCitizen,Partner,Dependents,customer_key
7590-VHVEG,Female,No,Yes,No,1
5575-GNVDE,Male,No,No,No,2
3668-QPYBK,Male,No,No,No,3
7795-CFOCW,Male,No,No,No,4
9237-HQITU,Female,No,No,No,5
9305-CDSKC,Female,No,No,No,6
1452-KIOVK,Male,No,No,Yes,7
6713-OKOMC,Female,No,No,No,8
7892-POOKP,Female,No,Yes,No,9
6388-TABGU,Male,No,No,Yes,10
9763-GRSKD,Male,No,Yes,Yes,11
7469-LKBCI,Male,No,No,No,12
8091-TTVAX,Male,No,Yes,No,13
0280-XJGEX,Male,No,No,No,14
5129-JLPIS,Male,No,No,No,15
3655-SNQYZ,Female,No,Yes,Yes,16
8191-XWSZG,Female,No,No,No,17
9959-WOFKT,Male,No,No,Yes,18
4190-MFLUW,Female,No,Yes,Yes,19
4183-MYFRB,Female,No,No,No,20
8779-QRDMV,Male,Yes,No,No,21
1680-VDCWW,Male,No,Yes,No,22
1066-JKSGK,Male,No,No,No,23
3638-WEABW,Female,No,Yes,No,24
6322-HRPFA,Male,No,Yes,Yes,25
6865-JZNKO,Female,No,No,No,26
6467-CHFZW,Male,No,Yes,Yes,27
8665-UTDHZ,Male,No,Yes,Yes,28
5248-YGIJN,Male,No,Yes,No,29
8773-HHUOZ,Female,No,No,Yes,30
3841-NFECX,Female,Yes,Yes,No,31
4929-XIHVW,Male,Yes,Yes,No,32
6827-IEAUQ,Female,No,Yes,Yes,33
7310-EGVHZ,Male,No,No,No,34
3413-BMNZE,Male,Yes,No,No,35
6234-RAAPL,Female,No,Yes,Yes,36
6047-YHPVI,Male,No,No,No,37
6572-ADKRS,Female,No,No,No,38
5380-WJKOV,Male,No,No,No,39
8168-UQWWF,Female,No,No,No,40
8865-TNMNX,Male,No,Yes,Yes,41
9489-DEDVP,Female,No,Yes,Yes,42
9867-JCZSP,Female,No,Yes,Yes,43
4671-VJLCL,Female,No,No,No,44
4080-IIARD,Female,No,Yes,No,45
3714-NTNFO,Female,No,No,No,46
5948-UJZLF,Male,No,No,No,47
7760-OYPDY,Female,No,No,No,48
7639-LIAYI,Male,No,No,No,49
2954-PIBKO,Female,No,Yes,Yes,50
8012-SOUDQ,Female,Yes,No,No,51
9420-LOJKX,Female,No,No,No,52
6575-SUVOI,Female,Yes,Yes,No,53
7495-OOKFY,Female,Yes,Yes,No,54
4667-QONEA,Female,Yes,Yes,Yes,55
1658-BYGOY,Male,Yes,No,No,56
8769-KKTPH,Female,No,Yes,Yes,57
5067-XJQFU,Male,Yes,Yes,Yes,58
3957-SQXML,Female,No,Yes,Yes,59
5954-BDFSG,Female,No,No,No,60
0434-CSFON,Female,No,Yes,No,61
1215-FIGMP,Male,No,No,No,62
0526-SXDJP,Male,No,Yes,No,63
0557-ASKVU,Female,No,Yes,Yes,64
5698-BQJOH,Female,No,No,No,65
5122-CYFXA,Female,No,No,No,66
8627-ZYGSZ,Male,No,Yes,No,67
3410-YOQBQ,Female,No,No,No,68
3170-NMYVV,Female,No,Yes,Yes,69
7410-OIEDU,Male,No,No,No,70
2273-QCKXA,Male,No,No,No,71
0731-EBJQB,Female,No,Yes,Yes,72
1891-QRQSA,Male,Yes,Yes,Yes,73
8028-PNXHQ,Male,No,Yes,Yes,74
5630-AHZIL,Female,No,No,Yes,75
2673-CXQEU,Female,Yes,No,No,76
6416-JNVRK,Female,No,No,No,77
5590-ZSKRV,Female,No,Yes,Yes,78
0191-ZHSKZ,Male,Yes,No,No,79
3887-PBQAO,Female,No,Yes,Yes,80
5919-TMRGD,Female,No,No,Yes,81
8108-UXRQN,Female,No,Yes,Yes,82
9191-MYQKX,Female,No,Yes,No,83
9919-YLNNG,Female,No,No,No,84
0318-ZOPWS,Female,No,Yes,No,85
4445-ZJNMU,Male,No,No,No,86
4808-YNLEU,Female,No,Yes,No,87
1862-QRWPE,Female,No,Yes,Yes,88
2796-NNUFI,Female,No,Yes,Yes,89
3016-KSVCP,Male,No,Yes,No,90
4767-HZZHQ,Male,No,Yes,Yes,91
2424-WVHPL,Male,Yes,No,No,92
7233-PAHHL,Male,No,Yes,Yes,93
6067-NGCEU,Female,No,No,No,94
9848-JQJTX,Male,No,No,No,95
8637-XJIVR,Female,No,No,No,96
9803-FTJCG,Male,No,Yes,Yes,97
0278-YXOOG,Male,No,No,No,98
3212-KXOCR,Male,No,No,No,99
4598-XLKNJ,Female,Yes,Yes,No,100
6380-ARCEH,Male,No,No,No,101
3679-XASPY,Female,No,Yes,Yes,102
7123-WQUHX,Male,No,No,No,103
5386-THSLQ,Female,Yes,Yes,No,104
3192-NQECA,Male,No,Yes,No,105
6180-YBIQI,Male,No,No,No,106
6728-DKUCO,Female,No,Yes,Yes,107
9750-BOOHV,Female,No,No,No,108
8597-CWYHH,Male,No,No,No,109
2848-YXSMW,Male,No,Yes,Yes,110
0486-HECZI,Male,No,Yes,No,111
4549-ZDQYY,Female,No,No,No,112
5712-AHQNN,Female,No,No,No,113
4846-WHAFZ,Female,Yes,Yes,No,114
5256-SKJGO,Female,No,Yes,Yes,115
3071-VBYPO,Male,No,Yes,Yes,116
9560-BBZXK,Female,No,No,No,117
5299-RULOA,Female,No,Yes,Yes,118
8402-OOOHJ,Female,No,No,No,119
9445-ZUEQE,Male,No,Yes,Yes,120
1091-SOZGA,Female,No,Yes,Yes,121
2928-HLDBA,Female,No,No,No,122
0404-SWRVG,Male,No,No,No,123
6497-TILVL,Female,No,Yes,Yes,124
7219-TLZHO,Female,No,Yes,Yes,125
4622-YNKIJ,Male,No,No,No,126
4412-YLTKF,Female,Yes,No,No,127
6734-PSBAW,Male,No,Yes,No,128
3930-ZGWVE,Male,No,No,No,129
2639-UGMAZ,Male,Yes,No,No,130
2876-GZYZC,Female,No,No,No,131
6207-WIOLX,Female,No,Yes,Yes,132
8587-XYZSF,Male,No,No,No,133
3091-FYHKI,Male,No,No,No,134
2372-HWUHI,Male,No,No,No,135
7799-LGRDP,Female,No,No,No,136
7850-VWJUU,Female,No,No,No,137
3774-VBNXY,Female,No,Yes,Yes,138
6217-KDYWC,Male,No,No,Yes,139
0390-DCFDQ,Female,Yes,Yes,No,140
3146-MSEGF,Female,Yes,Yes,Yes,141
4080-OGPJL,Female,No,No,No,142
1095-WGNGG,Female,No,Yes,No,143
2636-SJDOU,Male,No,No,No,144
1131-QQZEB,Male,Yes,Yes,No,145
5716-EZXZN,Female,No,Yes,Yes,146
6837-BJYDQ,Male,No,No,No,147
2135-RXIHG,Male,No,No,No,148
6440-DKQGE,Male,No,No,Yes,149
3466-BYAVD,Male,No,Yes,Yes,150
3780-YVMFA,Female,No,Yes,Yes,151
3874-EQOEP,Male,No,No,No,152
1679-JRFBR,Female,No,Yes,Yes,153
9073-ZZIAY,Male,No,Yes,Yes,154
3077-RSNTJ,Female,No,Yes,Yes,155
6551-GNYDG,Female,No,Yes,Yes,156
9167-APMXZ,Female,No,No,No,157
2749-CTKAJ,Male,No,Yes,Yes,158
6371-NZYEG,Male,No,Yes,Yes,159
7554-NEWDD,Male,No,No,No,160
8992-VONJD,Female,No,No,Yes,161
0867-MKZVY,Female,No,Yes,No,162
4482-EWFMI,Female,No,No,No,163
4648-YPBTM,Male,No,No,No,164
2907-ILJBN,Female,No,Yes,Yes,165
6345-FZOQH,Male,No,Yes,No,166
3376-BMGFE,Female,No,No,No,167
5997-OPVFA,Male,No,Yes,No,168
3445-HXXGF,Male,Yes,Yes,No,169
1159-WFSGR,Female,No,Yes,Yes,170
7654-YWJUF,Male,No,Yes,No,171
1875-QIVME,Female,No,Yes,No,172
6727-IOTLZ,Male,No,Yes,No,173
0691-JVSYA,Female,No,Yes,No,174
5918-VUKWP,Female,No,No,No,175
1744-JHKYS,Female,No,Yes,No,176
2656-FMOKZ,Female,Yes,No,No,177
2070-FNEXE,Female,Yes,No,No,178
5947-SGKCL,Female,No,Yes,Yes,179
3712-PKXZA,Male,No,Yes,No,180
6317-YPKDH,Female,No,No,No,181
6582-OIVSP,Female,No,No,No,182
9367-WXLCH,Male,No,No,No,183
5524-KHNJP,Male,No,Yes,Yes,184
1918-ZBFQJ,Female,No,No,No,185
1024-GUALD,Female,No,Yes,No,186
4827-USJHP,Male,No,No,No,187
8167-GJLRN,Male,No,No,No,188
0956-SYCWG,Female,No,No,No,189
8017-UVSZU,Female,No,Yes,No,190
7100-FQPRV,Male,No,Yes,Yes,191
2472-OVKUP,Male,No,Yes,No,192
2984-RGEYA,Female,No,Yes,Yes,193
9680-NIAUV,Female,No,Yes,Yes,194
2146-EGVDT,Male,No,Yes,Yes,195
2604-IJPDU,Female,No,Yes,No,196
9178-JHUVJ,Male,No,Yes,Yes,197
6168-YBYNP,Male,No,No,No,198
7255-SSFBC,Male,No,Yes,Yes,199
3645-DEYGF,Male,No,No,Yes,200
9323-HGFWY,Female,No,Yes,No,201
8544-GOQSH,Female,No,No,No,202
3363-DTIVD,Male,No,Yes,Yes,203
7018-WBJNK,Male,No,No,Yes,204
9142-KZXOP,Male,No,No,No,205
7674-YTAFD,Female,No,No,No,206
6348-SNFUS,Male,No,Yes,Yes,207
1285-OKIPP,Male,No,No,No,208
7825-ECJRF,Female,No,No,No,209
1347-KTTTA,Male,No,Yes,No,210
7841-TZDMQ,Male,No,No,No,211
4195-NZGTA,Female,No,No,No,212
7157-SMCFK,Male,No,No,Yes,213
4709-LKHYG,Female,No,Yes,Yes,214
2504-DSHIH,Male,Yes,Yes,No,215
0699-NDKJM,Female,No,Yes,No,216
9286-BHDQG,Male,No,Yes,Yes,217
0230-WEQUW,Male,No,Yes,No,218
2040-LDIWQ,Male,No,Yes,Yes,219
6496-JDSSB,Female,No,No,No,220
9408-SSNVZ,Female,No,No,No,221
4443-EMBNA,Female,No,Yes,No,222
6469-MRVET,Male,No,Yes,Yes,223
0742-MOABM,Male,No,Yes,No,224
5961-VUSRV,Female,No,No,No,225
6778-JFCMK,Male,No,No,No,226
6341-JVQGF,Female,No,Yes,Yes,227
2232-DMLXU,Female,No,Yes,No,228
4811-JBUVU,Male,No,No,No,229
0945-TSONX,Female,No,Yes,Yes,230
2651-ZCBXV,Male,No,No,No,231
3316-UWXUY,Male,No,No,No,232
8937-RDTHP,Male,No,No,No,233
7083-MIOPC,Female,No,No,No,234
1984-GPTEH,Female,No,No,No,235
1251-KRREG,Male,No,No,No,236
0621-JFHOL,Female,No,No,No,237
9903-LYSAB,Male,No,Yes,No,238
0094-OIFMO,Female,Yes,No,No,239
9227-UAQFT,Male,No,No,No,240
7301-ABVAD,Female,No,No,No,241
6614-FHDBO,Male,No,No,No,242
7576-ASEJU,Female,No,Yes,Yes,243
9058-HRZSV,Female,Yes,Yes,No,244
4522-AKYLR,Female,Yes,No,No,245
0221-WMXNQ,Male,Yes,No,No,246
0303-UNCIP,Male,No,No,No,247
9947-OTFQU,Male,Yes,No,No,248
0322-YINQP,Male,No,No,No,249
0959-WHOKV,Male,No,No,No,250
4075-JFPGR,Female,No,Yes,No,251
4629-NRXKX,Female,No,Yes,Yes,252
9514-JDSKI,Male,Yes,Yes,No,253
3282-ZISZV,Male,No,No,Yes,254
3675-YDUPJ,Male,No,No,No,255
4111-BNXIF,Female,No,Yes,Yes,256
7017-VFHAY,Female,No,Yes,Yes,257
6655-LHBYW,Male,No,No,No,258
4959-JOSRX,Female,No,Yes,No,259
5046-NUHWD,Female,Yes,Yes,No,260
7273-TEFQD,Male,Yes,No,No,261
3606-TWKGI,Male,Yes,No,No,262
7529-ZDFXI,Male,Yes,Yes,No,263
7605-BDWDC,Female,No,No,No,264
1950-KSVVJ,Female,No,Yes,No,265
0123-CRBRT,Female,No,Yes,Yes,266
6292-TOSSS,Male,No,No,No,267
3197-ARFOY,Female,Yes,No,No,268
6323-AYBRX,Male,No,No,No,269
7014-ZZXAW,Female,No,Yes,No,270
4385-GZQXV,Female,Yes,No,No,271
7633-MVPUY,Male,No,Yes,No,272
6366-ZGQGL,Male,No,No,No,273
4716-HHKQH,Male,Yes,Yes,No,274
5940-AHUHD,Male,No,No,No,275
6432-TWQLB,Male,No,Yes,No,276
4484-GLZOU,Female,No,Yes,No,277
3179-GBRWV,Male,Yes,Yes,No,278
8645-KWHJO,Male,No,No,No,279
4130-MZLCC,Female,No,No,No,280
0314-TKOSI,Female,No,No,No,281
8229-MYEJZ,Female,No,No,No,282
2080-SRCDE,Female,No,No,Yes,283
9577-WJVCQ,Female,No,No,No,284
9512-UIBFX,Male,No,Yes,Yes,285
6202-DYYFX,Female,No,No,No,286
3808-HFKDE,Female,No,No,No,287
5583-SXDAG,Male,No,Yes,No,288
3488-PGMQJ,Male,Yes,No,No,289
3580-REOAC,Male,No,No,No,290
7534-BFESC,Male,Yes,No,No,291
3727-OWVYD,Male,No,No,No,292
2294-SALNE,Male,No,Yes,Yes,293
4847-TAJYI,Female,Yes,No,No,294
1563-IWQEX,Female,No,No,No,295
8203-XJZRC,Male,No,No,No,296
6556-DBKZF,Female,No,Yes,Yes,297
6851-WEFYX,Male,Yes,Yes,No,298
2985-JUUBZ,Male,No,Yes,Yes,299
6390-DSAZX,Female,No,No,Yes,300
0895-LMRSF,Male,No,No,No,301
8098-LLAZX,Female,Yes,No,No,302
8266-VBFQL,Male,No,No,No,303
8181-YHCMF,Female,No,Yes,Yes,304
2240-HSJQD,Male,No,No,Yes,305
1248-DYXUB,Male,No,Yes,Yes,306
0265-EDXBD,Male,Yes,Yes,No,307
4115-BNPJY,Male,No,Yes,Yes,308
3167-SNQPL,Male,Yes,Yes,Yes,309
4091-TVOCN,Male,No,No,Yes,310
1098-TDVUQ,Female,No,No,No,311
7277-OZCGZ,Female,No,No,No,312
1557-EMYVT,Female,No,No,No,313
2799-ARNLO,Female,Yes,Yes,No,314
7563-BIUPC,Male,No,No,No,315
5027-YOCXN,Male,No,Yes,Yes,316
3973-SKMLN,Male,No,No,No,317
2321-OMBXY,Female,No,Yes,Yes,318
2840-XANRC,Male,Yes,Yes,No,319
6745-JEFZB,Male,No,Yes,No,320
5020-ZSTTY,Female,Yes,No,No,321
9880-TDQAC,Female,No,Yes,Yes,322
8705-WZCYL,Male,No,No,No,323
7102-JJVTX,Female,No,Yes,Yes,324
8626-PTQGE,Male,No,No,No,325
4983-CLMLV,Female,No,Yes,No,326
5701-YVSVF,Female,Yes,Yes,No,327
5804-LEPIM,Female,Yes,No,No,328
5697-GOMBF,Female,Yes,Yes,Yes,329
2739-CACDQ,Female,Yes,No,No,330
9385-EHGDO,Female,No,Yes,Yes,331
9498-FIMXL,Female,No,No,No,332
2379-GYFLQ,Male,No,No,No,333
0122-OAHPZ,Female,No,No,No,334
2868-SNELZ,Female,No,No,No,335
4322-RCYMT,Male,No,Yes,Yes,336
6680-NENYN,Female,No,No,No,337
2088-IEBAU,Female,No,No,No,338
7982-VCELR,Female,No,No,No,339
1343-EHPYB,Male,No,Yes,No,340
6035-BXTTY,Female,Yes,No,No,341
6885-PKOAM,Female,No,Yes,No,342
7520-HQWJU,Female,No,Yes,Yes,343
9639-BUJXT,Male,No,No,No,344
5924-SNGKP,Female,No,No,Yes,345
0021-IKXGC,Female,Yes,No,No,346
2034-GDRCN,Female,No,No,No,347
8966-SNIZF,Female,No,Yes,No,348
6243-OZGFH,Female,No,No,No,349
4654-DLAMQ,Female,Yes,Yes,No,350
0513-RBGPE,Male,No,Yes,Yes,351
5160-UXJED,Male,No,No,Yes,352
4115-NZRKS,Female,Yes,No,No,353
0219-YTZUE,Male,No,Yes,Yes,354
0623-IIHUG,Female,Yes,No,No,355
4572-DVCGN,Female,No,No,No,356
3351-NGXYI,Female,Yes,No,No,357
8984-EYLLL,Male,No,Yes,No,358
9057-MSWCO,Male,Yes,Yes,No,359
9833-TGFHX,Male,No,Yes,Yes,360
9294-TDIPC,Male,No,No,Yes,361
5229-DTFYB,Female,No,No,No,362
0104-PPXDV,Male,No,Yes,No,363
5176-LMJXE,Female,No,No,No,364
3583-KRKMD,Male,No,No,No,365
1010-DIAUQ,Male,No,No,No,366
9069-LGEUL,Male,No,Yes,No,367
7302-ZHMHP,Female,No,No,No,368
9571-EDEBV,Male,No,Yes,No,369
3520-FJGCV,Male,No,Yes,Yes,370
6563-VRERX,Male,No,Yes,Yes,371
0259-GBZSH,Male,No,No,No,372
6122-EFVKN,Male,No,No,Yes,373
2805-EDJPQ,Female,No,Yes,Yes,374
6862-CQUMB,Male,No,No,No,375
7156-MXBJE,Female,No,No,No,376
6158-HDPXZ,Male,No,No,No,377
9601-BRXPO,Female,No,Yes,No,378
2863-IMQDR,Female,No,No,No,379
5686-CMAWK,Male,No,No,No,380
5651-CRHKQ,Female,No,Yes,No,381
6905-NIQIN,Male,No,No,No,382
8204-YJCLA,Male,Yes,Yes,Yes,383
5167-ZFFMM,Male,No,No,No,384
6583-SZVGP,Male,No,No,No,385
4895-TMWIR,Male,Yes,Yes,No,386
0533-BNWKF,Female,Yes,Yes,No,387
1708-PBBOA,Female,No,No,No,388
8782-LKFPK,Male,No,No,No,389
5522-JBWMO,Male,No,No,Yes,390
3597-MVHJT,Female,No,No,No,391
9774-NRNAU,Male,Yes,Yes,No,392
0224-RLWWD,Female,Yes,No,No,393
9967-ATRFS,Female,No,No,No,394
3951-NJCVI,Female,Yes,Yes,No,395
2977-CEBSX,Female,No,No,No,396
0177-PXBAT,Male,Yes,Yes,No,397
6599-CEBNN,Female,No,No,No,398
2519-ERQOJ,Male,Yes,No,No,399
5876-QMYLD,Female,No,Yes,Yes,400
2277-AXSDC,Female,No,No,No,401
9442-JTWDL,Female,No,No,No,402
0979-PHULV,Male,No,Yes,Yes,403
3067-SVMTC,Female,No,Yes,No,404
5495-GPSRW,Male,No,No,No,405
7606-BPHHN,Male,No,No,No,406
4742-DRORA,Male,No,Yes,Yes,407
0111-KLBQG,Male,Yes,Yes,Yes,408
4800-VHZKI,Female,No,No,No,409
7989-CHGTL,Male,No,No,No,410
0334-GDDSO,Male,Yes,No,No,411
4163-NCJAK,Female,No,Yes,No,412
5233-AOZUF,Female,No,Yes,No,413
5973-EJGDP,Male,No,No,No,414
1996-DBMUS,Female,Yes,Yes,No,415
7916-VCCPB,Female,No,Yes,Yes,416
4686-GEFRM,Male,No,Yes,No,417
5249-QYHEX,Female,No,Yes,Yes,418
0578-SKVMF,Female,No,Yes,Yes,419
5564-NEMQO,Female,Yes,No,No,420
2233-FAGXV,Female,No,Yes,Yes,421
5605-IYGFG,Female,No,No,No,422
7663-ZTEGJ,Male,No,No,Yes,423
3935-TBRZZ,Male,No,Yes,Yes,424
8111-BKVDS,Female,No,No,No,425
2055-SIFSS,Female,Yes,Yes,No,426
2806-MLNTI,Male,Yes,Yes,No,427
8734-DKSTZ,Female,No,Yes,Yes,428
4360-PNRQB,Male,No,No,No,429
6152-ONASV,Female,No,Yes,No,430
9063-ZGTUY,Female,No,Yes,Yes,431
7781-HVGMK,Female,No,Yes,Yes,432
2181-UAESM,Male,No,No,No,433
2957-LOLHO,Male,No,No,No,434
6048-NJXHX,Male,No,Yes,No,435
2320-SLKMB,Female,No,No,No,436
4980-URKXC,Male,No,Yes,No,437
4376-KFVRS,Male,No,Yes,Yes,438
5886-VLQVU,Male,No,Yes,No,439
3577-AMVUX,Male,No,No,No,440
0771-WLCLA,Female,No,Yes,Yes,441
5628-RKIFK,Female,Yes,No,No,442
0206-TBWLC,Female,No,Yes,No,443
2937-FTHUR,Female,No,No,Yes,444
1910-FMXJM,Female,No,Yes,No,445
7752-XUSCI,Female,No,No,No,446
4110-PFEUZ,Female,No,No,No,447
0732-OCQOC,Female,No,Yes,Yes,448
5168-MSWXT,Male,No,Yes,Yes,449
1090-ESELR,Male,No,Yes,Yes,450
8592-PLTMQ,Female,No,No,No,451
5760-WRAHC,Female,Yes,No,No,452
8847-GEOOQ,Male,No,Yes,No,453
0256-LTHVJ,Female,No,Yes,Yes,454
4785-FCIFB,Female,No,Yes,No,455
8313-NDOIA,Female,No,No,No,456
5149-CUZUJ,Male,No,Yes,Yes,457
0942-KOWSM,Female,No,Yes,Yes,458
4237-CLSMM,Male,No,Yes,No,459
1452-VOQCH,Male,No,No,No,460
4719-UMSIY,Male,No,No,Yes,461
6614-VBEGU,Female,No,Yes,No,462
0880-TKATG,Male,No,Yes,Yes,463
3811-VBYBZ,Male,No,No,No,464
1480-BKXGA,Male,Yes,Yes,No,465
2996-XAUVF,Male,No,No,No,466
9076-AXYIK,Male,Yes,Yes,No,467
5968-XQIVE,Male,No,Yes,Yes,468
8896-RAZCR,Female,No,No,Yes,469
4640-UHDOS,Female,No,Yes,Yes,470
4933-IKULF,Female,Yes,No,No,471
3583-EKAPL,Male,No,No,No,472
1304-BCCFO,Male,No,Yes,No,473
4104-PVRPS,Male,No,Yes,No,474
9399-APLBT,Female,No,Yes,Yes,475
2359-KMGLI,Male,No,No,No,476
3780-DDGSE,Male,Yes,Yes,Yes,477
4431-EDMIQ,Female,No,Yes,Yes,478
0306-JAELE,Male,No,No,No,479
6227-HWPWX,Female,No,No,Yes,480
0486-LGCCH,Male,No,Yes,Yes,481
0447-BEMNG,Female,No,Yes,No,482
4612-SSVHJ,Female,Yes,No,No,483
5168-MQQCA,Female,No,Yes,No,484
5949-XIKAE,Female,No,Yes,Yes,485
7971-HLVXI,Male,No,Yes,Yes,486
9094-AZPHK,Female,No,No,No,487
3649-JPUGY,Male,No,No,No,488
4472-LVYGI,Female,No,Yes,Yes,489
8372-JUXUI,Male,No,No,Yes,490
3552-CTCYF,Male,No,Yes,Yes,491
6778-YSNIH,Female,No,No,No,492
0388-EOPEX,Female,No,Yes,No,493
5756-OZRIO,Male,Yes,Yes,No,494
6579-JPICP,Male,No,No,No,495
8205-OTCHB,Male,No,No,No,496
4134-BSXLX,Male,No,Yes,No,497
0505-SPOOW,Female,No,Yes,No,498
6235-VDHOM,Female,Yes,No,No,499
7783-YKGDV,Female,No,No,No,500
4374-YMUSQ,Male,No,No,No,501
4513-CXYIX,Female,Yes,Yes,No,502
3957-HHLMR,Female,No,Yes,Yes,503
7803-XOCCZ,Female,No,Yes,Yes,504
5736-YEJAX,Male,No,No,Yes,505
5609-CEBID,Female,Yes,No,No,506
8981-FJGLA,Male,No,No,Yes,507
7218-HKQFK,Male,No,Yes,No,508
4636-QRJKY,Female,No,Yes,Yes,509
1135-LMECX,Female,No,No,No,510
4332-MUOEZ,Male,Yes,Yes,Yes,511
8535-SFUTN,Male,No,No,No,512
5956-VKDTT,Female,Yes,Yes,No,513
8677-HDZEE,Female,No,No,No,514
2475-MROZF,Male,No,No,No,515
9412-GHEEC,Male,No,No,No,516
3482-ABPKK,Female,No,No,No,517
6705-LXORM,Female,Yes,Yes,No,518
0257-ZESQC,Female,Yes,Yes,No,519
7531-GQHME,Male,No,No,No,520
5174-ITUMV,Male,No,Yes,Yes,521
4109-CYRBD,Male,Yes,Yes,No,522
0913-XWSCN,Male,No,Yes,Yes,523
6825-UYPFK,Female,No,No,No,524
8397-MVTAZ,Male,No,Yes,No,525
0750-EBAIU,Male,No,No,No,526
8606-CIQUL,Male,Yes,Yes,Yes,527
3571-DPYUH,Male,No,Yes,Yes,528
7601-GNDYK,Male,No,Yes,Yes,529
0356-OBMAC,Female,Yes,No,No,530
8067-NIOYM,Female,No,Yes,Yes,531
1403-GYAFU,Male,No,Yes,Yes,532
4234-XTNEA,Male,No,No,No,533
1297-VQDRP,Male,Yes,Yes,Yes,534
9282-IZGQK,Female,No,No,No,535
5348-CAGXB,Male,No,No,No,536
0621-HJWXJ,Female,No,Yes,No,537
5844-QVTAT,Female,No,Yes,Yes,538
8905-IAZPF,Female,No,Yes,No,539
5394-MEITZ,Female,No,Yes,Yes,540
6859-QNXIQ,Female,No,Yes,Yes,541
2782-LFZVW,Female,No,No,No,542
2866-IKBTM,Female,No,No,No,543
1342-JPNKI,Male,No,No,No,544
2817-NTQDO,Male,No,No,No,545
7129-AZJDE,Male,No,Yes,Yes,546
6986-IJDHX,Male,No,Yes,Yes,547
2560-PPCHE,Female,No,No,No,548
4676-MQUEA,Male,Yes,Yes,No,549
8138-EALND,Male,No,No,No,550
3580-HYCSP,Male,No,Yes,Yes,551
1352-HNSAW,Female,No,Yes,Yes,552
2075-PUEPR,Male,No,Yes,Yes,553
1982-FEBTD,Female,No,Yes,Yes,554
5301-GAUUY,Male,No,No,No,555
5791-KAJFD,Female,No,Yes,Yes,556
2654-VBVPB,Female,No,No,No,557
1154-HYWWO,Male,No,No,No,558
2501-XWWTZ,Male,No,No,No,559
3716-UVSPD,Male,No,No,No,560
6815-ABQFQ,Male,No,Yes,No,561
7343-EOBEU,Male,No,Yes,No,562
3701-SFMUH,Male,No,Yes,Yes,563
6103-LIANB,Male,No,Yes,Yes,564
7319-VENRZ,Male,No,No,No,565
5846-NEQVZ,Male,No,Yes,Yes,566
6967-QIQRV,Male,No,Yes,Yes,567
5781-RFZRP,Male,No,Yes,No,568
0939-YAPAF,Female,No,No,No,569
0308-IVGOK,Female,No,No,No,570
7293-LSCDV,Female,No,Yes,Yes,571
7025-WCBNE,Male,Yes,No,No,572
5756-JYOJT,Female,No,No,No,573
4710-FDUIZ,Male,No,Yes,No,574
6030-REHUX,Female,Yes,Yes,No,575
9548-LIGTA,Male,No,Yes,No,576
5150-LJNSR,Male,No,Yes,Yes,577
8270-RKSAP,Male,No,No,No,578
6522-YRBXD,Male,Yes,Yes,No,579
2640-LYMOV,Male,No,No,No,580
1218-VKFPE,Female,No,Yes,Yes,581
3627-FHKBK,Female,No,No,No,582
2865-TCHJW,Female,Yes,No,No,583
1423-BMPBQ,Female,No,Yes,Yes,584
2393-DIVAI,Female,No,No,No,585
5192-EBGOV,Female,Yes,No,No,586
4568-KNYWR,Male,No,No,No,587
8752-IMQOS,Male,No,Yes,Yes,588
0742-LAFQK,Male,No,Yes,No,589
0795-LAFGP,Male,No,Yes,Yes,590
0619-OLYUR,Male,No,Yes,No,591
5512-IDZEI,Male,No,Yes,Yes,592
0459-SPZHJ,Male,No,Yes,Yes,593
0215-BQKGS,Male,No,No,No,594
9244-ZVAPM,Male,No,No,No,595
0719-SYFRB,Female,No,No,No,596
8208-EUMTE,Male,No,No,No,597
5172-MIGPM,Male,No,No,No,598
1710-RCXUS,Male,No,Yes,No,599
0374-FIUCA,Male,No,Yes,No,600
5839-SUYVZ,Male,No,No,No,601
5173-ZXXXL,Male,No,No,No,602
1096-ADRUX,Female,No,Yes,Yes,603
2001-MCUUW,Male,No,No,No,604
2731-GJRDG,Female,No,No,No,605
4723-BEGSG,Male,No,Yes,No,606
6516-NKQBO,Male,No,Yes,Yes,607
8672-OAUPW,Male,No,No,Yes,608
8207-DMRVL,Male,No,Yes,Yes,609
3419-SNJJD,Female,Yes,Yes,No,610
6543-CPZMK,Male,No,Yes,Yes,611
4765-OXPPD,Female,No,Yes,Yes,612
2804-ETQDK,Male,No,No,Yes,613
6689-VRRTK,Female,Yes,No,No,614
7138-GIRSH,Male,No,No,No,615
9396-ZSFLL,Female,No,No,No,616
6464-KEXXH,Male,No,No,No,617
7134-MJPDY,Female,Yes,No,No,618
5240-CAOYT,Female,No,No,No,619
4059-IIEBK,Female,No,No,No,620
4881-JVQOD,Male,Yes,Yes,Yes,621
0516-UXRMT,Female,No,No,No,622
4851-BQDNX,Male,No,Yes,Yes,623
5148-HKFIR,Female,No,No,No,624
1009-IRMNA,Female,No,No,No,625
3003-CMDUU,Female,No,Yes,No,626
5016-IBERQ,Male,No,Yes,No,627
6797-UCJHZ,Female,Yes,Yes,No,628
2469-DTSGX,Female,Yes,No,No,629
4554-YGZIH,Male,Yes,Yes,No,630
5099-BAILX,Male,Yes,Yes,Yes,631
9931-KGHOA,Female,No,Yes,No,632
1775-KWJKQ,Male,No,Yes,Yes,633
7665-VIGUD,Male,No,No,No,634
9411-TPQQV,Female,No,No,No,635
7207-RMRDB,Female,No,Yes,Yes,636
7954-MLBUN,Male,No,No,No,637
2077-DDHJK,Female,No,Yes,No,638
4913-EHYUI,Male,Yes,Yes,Yes,639
0195-IESCP,Male,No,Yes,No,640
9574-BOSMD,Male,No,Yes,Yes,641
4580-TMHJU,Female,No,Yes,Yes,642
0970-ETWGE,Male,No,No,No,643
4908-XAXAY,Female,Yes,No,No,644
8404-VLQFB,Female,No,Yes,Yes,645
1626-ERCMM,Male,Yes,Yes,No,646
0887-HJGAR,Male,No,No,No,647
2391-IPLOP,Male,No,Yes,Yes,648
5644-PDMZC,Female,Yes,No,No,649
3509-GWQGF,Male,Yes,No,No,650
9576-ANLXO,Female,No,No,No,651
2024-BASKD,Female,No,No,No,652
5845-BZZIB,Male,No,Yes,Yes,653
1140-UKVZG,Female,No,No,No,654
4160-AMJTL,Female,Yes,No,No,655
5183-SNMJQ,Male,No,No,No,656
8100-PNJMH,Male,No,Yes,Yes,657
7838-LAZFO,Male,No,Yes,No,658
4464-JCOLN,Male,No,Yes,Yes,659
2085-JVGAD,Male,No,Yes,No,660
5650-VDUDS,Female,No,No,No,661
8095-WANWK,Female,No,No,No,662
3030-ZKIWL,Male,No,No,No,663
9565-FLVCG,Male,No,Yes,Yes,664
8755-OGKNA,Female,No,Yes,Yes,665
2800-VEQXM,Female,No,No,No,666
7538-GWHML,Female,No,No,No,667
5533-RJFTJ,Male,No,No,No,668
3859-CVCET,Female,No,No,No,669
0214-JHPFW,Female,No,Yes,No,670
5642-MHDQT,Female,No,Yes,Yes,671
3088-FVYWK,Male,No,Yes,Yes,672
3276-HDUEG,Female,No,No,No,673
9092-GDZKO,Male,No,No,No,674
0823-HSCDJ,Male,Yes,No,No,675
3729-OWRVL,Male,Yes,No,No,676
2324-AALNO,Female,No,No,No,677
0822-GAVAP,Female,No,No,No,678
5760-IFJOZ,Male,No,No,No,679
2826-UWHIS,Male,No,Yes,No,680
1448-PWKYE,Male,No,Yes,Yes,681
7501-IWUNG,Female,No,Yes,Yes,682
4957-TREIR,Male,No,No,No,683
7251-LJBQN,Female,Yes,No,No,684
8040-MNRTF,Female,No,No,No,685
1536-HBSWP,Female,No,No,No,686
5313-FPXWG,Male,No,No,No,687
0067-DKWBL,Male,Yes,No,No,688
0946-FKYTX,Male,No,No,No,689
5076-YVXCM,Male,No,No,No,690
8262-COGGB,Male,No,No,No,691
6663-JOCQO,Male,No,Yes,Yes,692
9620-QJREV,Male,No,No,Yes,693
2276-YDAVZ,Female,No,No,No,694
2682-KEVRP,Female,Yes,No,No,695
2480-JZOSN,Female,No,Yes,No,696
0078-XZMHT,Male,No,Yes,No,697
5896-NPFWW,Male,No,Yes,Yes,698
9978-HYCIN,Male,Yes,Yes,Yes,699
8338-QIUNR,Male,No,Yes,Yes,700
1525-LNLOJ,Male,No,Yes,Yes,701
9450-TRJUU,Male,No,No,No,702
1766-GKNMI,Male,No,No,No,703
6942-LBFDP,Female,No,No,No,704
1456-TWCGB,Male,No,No,No,705
7133-VBDCG,Female,No,No,No,706
7596-ZYWBB,Female,No,No,No,707
8329-UTMVM,Male,Yes,No,No,708
3014-WJKSM,Male,No,Yes,No,709
3347-YJZZE,Male,No,Yes,Yes,710
1029-QFBEN,Male,No,No,No,711
7929-DMBCV,Female,No,Yes,No,712
9661-JALZV,Female,No,No,No,713
5433-KYGHE,Female,No,No,Yes,714
4312-KFRXN,Male,No,Yes,No,715
5575-TPIZQ,Male,No,No,No,716
0114-IGABW,Female,No,Yes,No,717
9944-AEXBM,Male,No,No,No,718
1853-ARAAQ,Female,No,No,No,719
6952-OMNWB,Male,Yes,Yes,No,720
4697-LUPSU,Male,No,Yes,Yes,721
8434-VGEQQ,Male,No,Yes,Yes,722
4952-YSOGZ,Female,No,Yes,Yes,723
1589-AGTLK,Male,No,No,No,724
5244-IRFIH,Male,Yes,Yes,No,725
6549-YMFAW,Male,Yes,Yes,No,726
4950-HKQTE,Female,No,No,No,727
6786-OBWQR,Female,No,Yes,Yes,728
2684-EIWEO,Female,Yes,No,No,729
2753-JMMCV,Male,No,No,No,730
6439-GTPCA,Female,No,No,No,731
6621-YOBKI,Male,No,No,No,732
1216-JWVUX,Male,No,Yes,Yes,733
7564-GHCVB,Female,No,Yes,Yes,734
1173-NOEYG,Female,No,Yes,No,735
7595-EHCDL,Male,No,Yes,Yes,736
6647-ZEDXT,Female,No,No,No,737
2521-NPUZR,Male,No,Yes,No,738
1307-TVUFB,Male,Yes,No,No,739
7503-MIOGA,Female,Yes,Yes,No,740
4381-MHQDC,Female,No,No,No,741
6923-JHPMP,Female,No,No,No,742
5138-WVKYJ,Male,No,No,No,743
4018-PPNDW,Female,No,Yes,Yes,744
1635-FJFCC,Female,No,No,No,745
2499-AJYUA,Female,Yes,Yes,No,746
6919-ELBGL,Male,Yes,Yes,Yes,747
3966-HRMZA,Female,Yes,No,No,748
6425-JWTDV,Male,No,Yes,No,749
8405-IGQFX,Female,No,No,No,750
8224-IVVPA,Female,No,No,No,751
9477-LGWQI,Male,No,Yes,Yes,752
1410-RSCMR,Male,No,Yes,Yes,753
3115-CZMZD,Male,No,No,Yes,754
0139-IVFJG,Female,No,Yes,No,755
6683-VLCTZ,Male,Yes,No,No,756
5730-DBDSI,Male,No,No,No,757
0030-FNXPP,Female,No,No,No,758
2189-WWOEW,Female,No,No,Yes,759
5684-FJVYR,Female,No,Yes,Yes,760
4013-GUXND,Male,No,No,No,761
1894-IGFSG,Female,No,No,No,762
7379-POKDZ,Male,No,Yes,No,763
1266-NZYUI,Female,No,Yes,Yes,764
7969-FFOWG,Male,No,Yes,Yes,765
4718-DHSMV,Female,No,No,No,766
5175-WLYXL,Male,No,No,No,767
7817-OMJNA,Male,No,No,No,768
8728-SKJLR,Male,No,No,No,769
3137-NYQQI,Male,No,Yes,No,770
7706-DZNKK,Male,No,No,No,771
0236-HFWSV,Male,No,No,No,772
3900-AQPHZ,Female,No,No,No,773
5842-POCOP,Female,No,Yes,No,774
2037-XJFUP,Male,No,Yes,No,775
8823-RLPWL,Female,No,Yes,No,776
9505-SQFSW,Female,No,Yes,Yes,777
7314-OXENN,Male,No,No,No,778
3758-CKOQL,Female,No,Yes,No,779
0322-CHQRU,Male,No,No,No,780
5676-CFLYY,Male,No,Yes,Yes,781
7521-AFHAB,Female,No,Yes,Yes,782
0285-INHLN,Male,No,Yes,Yes,783
4678-DVQEO,Female,No,No,No,784
5125-CNDSP,Male,No,No,Yes,785
0691-IFBQW,Female,Yes,No,No,786
4992-LTJNE,Male,No,Yes,Yes,787
2202-OUTMO,Female,No,Yes,No,788
0810-BDHAW,Female,No,Yes,Yes,789
0229-LFJAF,Male,No,No,No,790
7131-ZQZNK,Female,No,Yes,Yes,791
3442-ZHHCC,Male,No,No,No,792
5726-CVNYA,Female,No,Yes,Yes,793
9871-ELEYA,Female,No,No,Yes,794
4257-GAESD,Female,No,No,No,795
5173-WXOQV,Male,No,Yes,No,796
2040-OBMLJ,Male,No,No,No,797
6286-ZHAOK,Female,No,Yes,Yes,798
3807-XHCJH,Female,No,Yes,Yes,799
3009-JWMPU,Male,No,No,No,800
5671-RQRLP,Female,Yes,Yes,No,801
1450-GALXR,Female,No,No,No,802
8859-AXJZP,Male,No,Yes,Yes,803
3174-AKMAS,Female,No,Yes,No,804
3138-BKYAV,Male,No,No,No,805
9926-PJHDQ,Female,No,Yes,Yes,806
7382-DFJTU,Male,No,No,No,807
2798-NYLMZ,Male,No,Yes,No,808
4289-DTDKW,Male,No,Yes,No,809
1820-TQVEV,Male,No,No,No,810
2239-JALAW,Male,No,No,No,811
4853-RULSV,Male,No,No,No,812
8098-TDCBU,Female,No,Yes,No,813
3551-GAEGL,Male,No,Yes,Yes,814
4785-NKHCX,Male,Yes,No,No,815
3196-NVXLZ,Female,No,No,No,816
6275-YDUVO,Female,No,No,No,817
0036-IHMOT,Female,No,Yes,Yes,818
0115-TFERT,Male,No,Yes,No,819
4178-EGMON,Male,No,Yes,No,820
4220-TINQT,Female,No,Yes,No,821
5318-YKDPV,Male,No,Yes,Yes,822
7975-TZMLR,Male,No,No,No,823
0295-QVKPB,Male,No,No,No,824
4335-BSMJS,Female,No,No,No,825
2311-QYMUQ,Female,No,Yes,Yes,826
3643-AHCFP,Male,Yes,Yes,No,827
9146-JRIOX,Female,No,Yes,Yes,828
3104-OWCGK,Male,No,Yes,Yes,829
5337-IIWKZ,Male,No,Yes,Yes,830
9101-BWFSS,Female,No,Yes,No,831
9650-VBUOG,Male,No,Yes,Yes,832
3487-EARAT,Female,No,Yes,Yes,833
2672-TGEFF,Female,No,Yes,Yes,834
9231-ZJYAM,Female,Yes,No,No,835
4250-WAROZ,Male,Yes,Yes,Yes,836
8184-WMOFI,Male,No,Yes,Yes,837
6982-SSHFK,Male,No,No,No,838
6092-QZVPP,Male,No,No,No,839
4625-LAMOB,Male,No,No,No,840
0727-BMPLR,Female,Yes,No,No,841
0392-BZIUW,Female,No,Yes,No,842
1038-ZAGBI,Female,No,Yes,Yes,843
6549-NNDYT,Female,No,No,No,844
3027-ZTDHO,Male,No,No,No,845
0422-OHQHQ,Female,No,Yes,Yes,846
6916-HIJSE,Female,No,No,No,847
2316-ESMLS,Female,No,Yes,Yes,848
9778-OGKQZ,Male,No,Yes,No,849
7408-OFWXJ,Female,No,Yes,Yes,850
6007-TCTST,Female,No,Yes,Yes,851
2252-NKNSI,Male,No,No,Yes,852
8713-IGZSO,Male,No,No,No,853
7905-TVXTA,Female,No,No,No,854
7695-PKLCZ,Female,No,No,No,855
2382-BCKQJ,Female,No,No,Yes,856
8374-UULRV,Male,No,No,No,857
2207-NHRJK,Male,No,No,No,858
3224-DFQNQ,Female,No,Yes,No,859
5275-PMFUT,Male,No,Yes,Yes,860
4795-UXVCJ,Male,No,No,No,861
9777-IQHWP,Male,No,Yes,Yes,862
0947-MUGVO,Male,Yes,Yes,No,863
9944-HKVVB,Female,No,No,No,864
4124-MMETB,Male,No,No,No,865
3671-SHRSP,Male,No,Yes,No,866
0979-MOZQI,Male,No,Yes,No,867
2732-ISEZX,Female,No,No,No,868
3313-QKNKB,Male,No,Yes,No,869
0323-XWWTN,Male,No,No,Yes,870
1937-OTUKY,Female,No,Yes,No,871
1573-LGXBA,Male,No,Yes,Yes,872
1764-VUUMT,Male,No,No,Yes,873
5073-WXOYN,Female,No,No,No,874
4713-ZBURT,Male,No,No,Yes,875
3050-GBUSH,Female,No,No,No,876
0207-MDKNV,Female,No,No,No,877
7876-AEHIG,Female,No,No,Yes,878
7945-HLKEA,Female,No,No,No,879
9342-VNIMQ,Male,No,No,No,880
9851-KIELU,Male,No,No,No,881
3523-BRGUW,Male,Yes,No,No,882
3908-BLSYF,Female,No,No,No,883
3199-NPKCN,Female,No,Yes,No,884
5170-PTRKA,Female,No,Yes,Yes,885
4661-NJEUX,Male,No,No,No,886
2123-AGEEN,Female,Yes,No,No,887
1258-YMZNM,Female,Yes,No,No,888
0048-LUMLS,Male,No,Yes,Yes,889
7549-MYGPK,Female,No,Yes,Yes,890
5898-IGSLP,Male,No,Yes,Yes,891
3804-RVTGV,Male,No,Yes,Yes,892
6259-WJQLC,Male,Yes,No,No,893
9227-LUNBG,Female,No,No,No,894
7997-EASSD,Female,No,Yes,No,895
0730-KOAVE,Male,No,No,No,896
8975-SKGRX,Male,No,Yes,No,897
0678-RLHVP,Female,No,No,No,898
4315-MURBD,Female,No,No,No,899
2267-FPIMA,Male,No,Yes,No,900
1051-GEJLJ,Female,No,No,No,901
9734-YWGEX,Female,No,No,No,902
2719-BDAQO,Male,No,No,No,903
5285-MVEHD,Female,No,Yes,No,904
0379-DJQHR,Male,No,Yes,Yes,905
0781-LKXBR,Male,Yes,No,No,906
5543-QDCRY,Male,No,No,No,907
0297-RBCSG,Male,No,No,No,908
4694-PHWFW,Female,No,No,Yes,909
0835-JKADZ,Female,No,No,No,910
1907-UBQFC,Male,Yes,No,No,911
7508-SMHXL,Female,Yes,No,No,912
3865-YIOTT,Male,No,Yes,Yes,913
5993-BQHEA,Male,No,No,No,914
6024-RUGGH,Male,No,Yes,Yes,915
6513-EECDB,Male,Yes,Yes,No,916
3956-CJUST,Female,Yes,No,No,917
4079-WWQQQ,Male,No,No,No,918
6103-BOCOU,Female,No,No,No,919
5149-TGWDZ,Female,No,No,No,920
7471-WNSUF,Male,No,Yes,No,921
8942-DBMHZ,Male,No,No,No,922
4301-VVZKA,Male,No,Yes,No,923
9199-PWQVC,Female,No,Yes,No,924
4824-GUCBY,Female,Yes,No,No,925
5393-HJZSM,Female,No,Yes,Yes,926
7074-IEVOJ,Female,Yes,No,No,927
9625-QSTYE,Female,No,No,No,928
0862-PRCBS,Female,No,Yes,Yes,929
8812-ZRHFP,Female,No,Yes,Yes,930
5146-CBVOE,Female,No,No,No,931
0454-OKRCT,Male,No,No,No,932
5787-KXGIY,Male,No,Yes,No,933
4750-ZRXIU,Female,Yes,No,No,934
4198-VFOEA,Female,No,No,No,935
6630-UJZMY,Female,Yes,Yes,No,936
5709-LVOEQ,Female,No,Yes,Yes,937
6400-BWQKW,Female,No,No,No,938
2692-AQCPF,Female,No,Yes,No,939
0347-UBKUZ,Female,No,No,No,940
0835-DUUIQ,Female,No,No,Yes,941
0811-GSDTP,Female,No,No,Yes,942
7567-ECMCM,Male,No,No,No,943
6115-ZTBFQ,Female,No,Yes,No,944
6353-BRMMA,Female,No,Yes,Yes,945
6680-WKXRZ,Female,No,No,No,946
6231-WFGFH,Male,No,Yes,Yes,947
9904-EHEVJ,Female,Yes,Yes,Yes,948
7028-DVOIQ,Male,Yes,No,No,949
6169-PPETC,Male,No,Yes,Yes,950
4208-UFFGW,Male,Yes,No,No,951
8584-KMVXD,Female,No,No,No,952
8467-WYNSR,Male,No,No,No,953
0851-DFJKB,Female,No,No,No,954
5382-SOYZL,Male,No,No,No,955
9448-REEVD,Male,No,Yes,No,956
3261-CQXOL,Female,No,Yes,Yes,957
8388-FYNPZ,Male,No,No,No,958
4002-BQWPQ,Male,No,No,No,959
5651-YLPRD,Female,No,Yes,Yes,960
2826-DXLQO,Male,Yes,Yes,No,961
4378-BZYFP,Male,No,No,No,962
9489-UTFKA,Male,Yes,Yes,No,963
4849-PYRLQ,Female,Yes,No,No,964
9117-SHLZX,Male,No,No,No,965
9889-TMAHG,Male,Yes,No,No,966
4541-RMRLG,Male,No,No,No,967
7764-BDPEE,Male,No,No,Yes,968
3429-IFLEM,Female,No,No,No,969
3158-MOERK,Female,No,No,No,970
7294-TMAOP,Female,No,No,No,971
5002-GCQFH,Male,No,Yes,No,972
0556-FJEGU,Male,No,No,No,973
8919-FYFQZ,Male,Yes,Yes,No,974
0604-THJFP,Female,No,Yes,Yes,975
2834-JRTUA,Male,No,No,No,976
5875-YPQFJ,Male,No,No,No,977
5879-SESNB,Female,No,No,No,978
6646-QVXLR,Male,Yes,Yes,No,979
6461-PPAXN,Female,No,Yes,Yes,980
3318-ISQFQ,Female,No,No,No,981
1106-HRLKZ,Male,No,Yes,Yes,982
2483-XSSMZ,Female,No,No,No,983
8603-IJWDN,Male,No,No,No,984
8165-ZJRNM,Female,No,Yes,Yes,985
9369-XFEHK,Female,Yes,Yes,No,986
2604-XVDAM,Female,No,No,No,987
3717-OFRTN,Male,No,No,No,988
9046-JBFWA,Male,No,No,Yes,989
3280-NMUVX,Male,No,Yes,Yes,990
1206-EHBDD,Female,No,Yes,No,991
8361-LBRDI,Female,No,No,No,992
4883-KCPZJ,Female,No,Yes,Yes,993
9108-EQPNQ,Female,No,Yes,Yes,994
7277-KAMWT,Male,No,No,No,995
3842-IYKUE,Female,No,No,No,996
6641-XRPSU,Female,No,No,No,997
1374-DMZUI,Female,Yes,No,No,998
2545-LXYVJ,Male,No,Yes,No,999
3234-VKACU,Male,No,No,No,1000
8357-EQXFO,Female,No,No,No,1001
1989-PRJHP,Male,Yes,Yes,No,1002
8120-JDCAM,Male,No,Yes,Yes,1003
8917-FAEMR,Female,No,No,No,1004
7047-YXDMZ,Male,No,No,No,1005
2858-EIMXH,Female,Yes,Yes,No,1006
9524-EGPJC,Female,No,No,No,1007
6993-OHLXR,Female,No,No,No,1008
8818-XYFCQ,Male,No,Yes,Yes,1009
6419-ZTTLE,Male,Yes,Yes,No,1010
0929-HYQEW,Male,No,No,No,1011
6614-YOLAC,Female,No,Yes,Yes,1012
7426-RHZGU,Male,No,No,No,1013
4065-JJAVA,Female,No,No,No,1014
4695-VADHF,Male,No,Yes,Yes,1015
3863-IUBJR,Male,No,Yes,Yes,1016
7649-SIJJF,Male,No,Yes,No,1017
9361-YNQWJ,Female,No,No,No,1018
3748-FVMZZ,Male,No,No,No,1019
9391-TTOYH,Female,No,No,No,1020
1452-XRSJV,Female,No,Yes,Yes,1021
3422-WJOYD,Male,No,Yes,No,1022
8242-SOQUO,Female,Yes,No,No,1023
7460-ITWWP,Female,Yes,Yes,No,1024
7147-AYBAA,Male,No,No,No,1025
7868-TMWMZ,Female,Yes,Yes,No,1026
4822-RVYBB,Male,Yes,No,No,1027
6732-FZUGP,Female,No,No,No,1028
8436-BJUMM,Male,No,Yes,Yes,1029
4184-TJFAN,Female,Yes,Yes,Yes,1030
8329-GWVPJ,Female,No,Yes,Yes,1031
1352-VHKAJ,Male,No,Yes,Yes,1032
4145-UQXUQ,Female,Yes,No,No,1033
2632-TACXW,Female,No,Yes,No,1034
8146-QQKZH,Female,No,Yes,No,1035
1767-CJKBA,Male,No,No,No,1036
6445-TNRXS,Male,No,Yes,Yes,1037
4581-LNWUM,Female,No,No,No,1038
4869-EPIUS,Male,No,Yes,No,1039
9948-YPTDG,Male,No,Yes,No,1040
1236-WFCDV,Male,Yes,No,No,1041
1915-OAKWD,Female,No,No,Yes,1042
7296-PIXQY,Female,No,Yes,Yes,1043
4883-QICIH,Male,No,Yes,Yes,1044
3354-OADJP,Female,No,No,No,1045
3524-WQDSG,Female,No,Yes,Yes,1046
0810-DHDBD,Female,No,No,No,1047
4026-SKKHW,Male,No,No,No,1048
2829-HYVZP,Male,No,No,No,1049
8329-IBCTI,Female,No,No,No,1050
1271-SJBGZ,Male,Yes,No,No,1051
3845-JHAMY,Female,No,Yes,Yes,1052
7013-PSXHK,Female,No,No,No,1053
5669-SRAIP,Female,No,No,No,1054
5981-ITEMU,Male,No,Yes,No,1055
3486-NPGST,Female,No,No,No,1056
6941-PMGEP,Female,No,No,No,1057
1624-WOIWJ,Female,No,No,No,1058
2074-GKOWZ,Male,No,Yes,Yes,1059
0376-YMCJC,Male,No,No,No,1060
6100-FJZDG,Male,No,Yes,Yes,1061
4829-ZLJTK,Female,Yes,Yes,No,1062
1730-VFMWO,Female,No,Yes,No,1063
7143-BQIBA,Male,No,No,No,1064
3800-LYTRK,Female,No,No,No,1065
0634-SZPQA,Female,No,No,No,1066
9646-NMHXE,Male,No,Yes,No,1067
7030-NJVDP,Male,No,Yes,No,1068
5536-RTPWK,Male,No,Yes,No,1069
8883-GRDWQ,Male,Yes,No,No,1070
6166-ILMNY,Female,No,No,No,1071
3097-NNSPB,Female,No,No,No,1072
7771-ZONAT,Male,No,No,No,1073
0655-RBDUG,Male,No,No,No,1074
2111-DWYHN,Male,No,No,No,1075
4194-WHFCB,Female,No,Yes,Yes,1076
4121-AGSIN,Female,No,Yes,Yes,1077
4361-BKAXE,Female,No,No,No,1078
9845-PEEKO,Female,Yes,No,No,1079
0455-XFASS,Female,No,Yes,Yes,1080
0301-KOBTQ,Male,No,No,No,1081
1751-NCDLI,Male,Yes,Yes,No,1082
4367-NUYAO,Male,No,Yes,Yes,1083
9878-TNQGW,Male,No,No,No,1084
9170-ARBTB,Female,No,Yes,Yes,1085
4441-NIHPT,Female,Yes,No,No,1086
8999-BOHSE,Female,Yes,No,No,1087
7241-AJHFS,Male,No,No,No,1088
7029-RPUAV,Male,Yes,Yes,No,1089
4546-FOKWR,Female,No,No,No,1090
9036-CSKBW,Female,No,No,No,1091
5832-TRLPB,Male,No,No,No,1092
8590-YFFQO,Male,No,Yes,No,1093
8659-IOOPU,Female,No,Yes,Yes,1094
1338-CECEE,Male,No,Yes,Yes,1095
7439-DKZTW,Male,No,No,No,1096
4646-QZXTF,Female,No,Yes,No,1097
4607-CHPCA,Male,No,Yes,Yes,1098
9742-XOKTS,Male,No,Yes,Yes,1099
6921-OZMFH,Male,No,Yes,Yes,1100
9578-FOMUK,Male,No,No,Yes,1101
4712-UYOOI,Female,No,Yes,Yes,1102
8824-RWFXJ,Male,No,Yes,Yes,1103
7722-CVFXN,Male,No,Yes,Yes,1104
8717-VCTXJ,Male,No,No,No,1105
7363-QTBIW,Female,No,Yes,No,1106
4159-NAAIX,Female,No,No,No,1107
0971-QIFJK,Female,No,Yes,No,1108
9397-TZSHA,Female,No,No,No,1109
3391-JSQEW,Male,No,Yes,No,1110
0343-QLUZP,Male,No,No,No,1111
9763-PDTKK,Female,No,No,No,1112
2176-LVPNX,Female,Yes,No,No,1113
7627-JKIAZ,Female,No,Yes,No,1114
3312-UUMZW,Male,No,Yes,No,1115
1271-UODNO,Male,No,No,No,1116
8461-EFQYM,Female,No,No,No,1117
6900-RBKER,Male,No,No,No,1118
6891-JPYFF,Female,No,Yes,Yes,1119
1459-QNFQT,Male,No,Yes,Yes,1120
1047-NNCBF,Male,No,No,No,1121
3696-XRIEN,Female,No,No,No,1122
4081-DYXAV,Female,No,No,No,1123
0074-HDKDG,Male,No,Yes,Yes,1124
8791-GFXLZ,Male,No,No,No,1125
8111-SLLHI,Male,Yes,Yes,No,1126
0927-LCSMG,Male,No,No,No,1127
9330-DHBFL,Female,No,Yes,Yes,1128
0098-BOWSO,Male,No,No,No,1129
3452-ABWRL,Male,Yes,No,No,1130
5859-HZYLF,Male,No,Yes,Yes,1131
8257-RZAHR,Female,No,Yes,No,1132
5293-WXJAK,Female,Yes,Yes,No,1133
3156-QLHBO,Male,No,No,Yes,1134
2208-NQBCT,Female,No,Yes,Yes,1135
1779-PWPMG,Female,Yes,Yes,No,1136
6621-NRZAK,Female,No,Yes,Yes,1137
0831-JNISG,Male,No,Yes,Yes,1138
0774-IFUVM,Male,No,Yes,Yes,1139
3082-WQRVY,Male,Yes,Yes,No,1140
9553-DLCLU,Female,No,No,Yes,1141
1641-BYBTK,Male,No,No,Yes,1142
2460-NGXBJ,Male,Yes,Yes,Yes,1143
2446-ZKVAF,Male,No,Yes,No,1144
0841-NULXI,Male,No,No,No,1145
3522-CDKHF,Female,No,Yes,No,1146
1430-SFQSA,Male,No,No,No,1147
0411-EZJZE,Female,No,No,No,1148
7851-WZEKY,Female,No,No,No,1149
8844-TONUD,Male,No,Yes,Yes,1150
8807-ARQET,Female,No,No,No,1151
8992-CEUEN,Female,No,No,No,1152
4320-QMLLA,Male,No,No,No,1153
8777-PVYGU,Female,No,Yes,No,1154
8292-ITGYJ,Female,No,Yes,Yes,1155
6870-ZWMNX,Male,No,Yes,No,1156
0621-CXBKL,Female,No,No,No,1157
5268-DSMNQ,Female,Yes,Yes,No,1158
5334-JLAXU,Female,No,Yes,No,1159
4086-YQSNZ,Female,Yes,Yes,No,1160
6242-MBHPK,Female,Yes,Yes,No,1161
5868-CZJDR,Male,No,No,Yes,1162
9359-UGBTK,Female,No,No,No,1163
0135-NMXAP,Female,No,No,No,1164
4782-OSFXZ,Female,Yes,Yes,No,1165
6479-OAUSD,Male,No,No,No,1166
7129-ACFOG,Female,No,No,No,1167
4189-NAKJS,Male,No,No,No,1168
5562-BETPV,Male,No,Yes,Yes,1169
1282-IHQAC,Male,Yes,No,No,1170
9127-FHJBZ,Male,No,Yes,Yes,1171
6270-OMFIW,Male,No,Yes,No,1172
1641-RQDAY,Female,Yes,Yes,Yes,1173
0107-WESLM,Male,No,No,No,1174
6994-ORCWG,Female,No,No,No,1175
1346-UFHAX,Female,No,No,No,1176
3992-YWPKO,Female,No,No,No,1177
2933-XEUJM,Female,No,No,No,1178
0125-LZQXK,Male,No,No,No,1179
5461-QKNTN,Male,Yes,Yes,No,1180
4835-YSJMR,Male,No,No,No,1181
8399-YNDCH,Male,Yes,No,No,1182
3164-YAXFY,Male,No,No,No,1183
0887-WBJVH,Female,No,Yes,No,1184
4660-IRIBM,Male,No,Yes,Yes,1185
5673-FSSMF,Female,No,No,No,1186
7670-ZBPOQ,Female,No,Yes,No,1187
8089-UZWLX,Female,Yes,No,No,1188
0080-OROZO,Female,No,No,No,1189
3916-NRPAP,Male,No,No,No,1190
6807-SIWJI,Male,No,No,No,1191
8221-HVAYI,Male,No,Yes,Yes,1192
1579-KLYDT,Male,No,No,No,1193
5232-NXPAY,Female,No,No,No,1194
8967-SZQAS,Female,No,No,No,1195
4468-KAZHE,Female,Yes,Yes,No,1196
0455-ENTCR,Male,No,Yes,No,1197
8944-AILEF,Male,No,Yes,No,1198
5542-NKVRU,Female,No,No,No,1199
7126-RBHSD,Female,No,Yes,No,1200
5370-IIVVL,Male,No,No,No,1201
6789-HJBWG,Female,No,No,No,1202
3927-NLNRY,Male,No,Yes,No,1203
9087-EYCPR,Female,No,No,No,1204
6791-YBNAK,Male,No,Yes,Yes,1205
6358-LYNGM,Male,No,No,No,1206
6077-BDPXA,Female,No,No,No,1207
0013-MHZWF,Female,No,No,Yes,1208
5494-HECPR,Female,No,No,No,1209
8268-YDIXR,Male,No,Yes,No,1210
9824-BEMCV,Male,No,Yes,Yes,1211
1373-ORVIZ,Female,No,Yes,Yes,1212
4291-SHSBH,Male,No,No,No,1213
6980-IMXXE,Female,No,Yes,Yes,1214
9866-QEVEE,Male,No,No,No,1215
9897-KXHCM,Female,No,Yes,Yes,1216
0040-HALCW,Male,No,Yes,Yes,1217
0784-GTUUK,Male,No,Yes,No,1218
7979-CORPM,Male,No,No,No,1219
2294-DMMUS,Female,No,Yes,Yes,1220
0872-JCPIB,Male,No,No,No,1221
3055-MJDSB,Male,No,No,No,1222
9091-WTUUY,Male,No,Yes,Yes,1223
1618-CFHME,Female,No,No,No,1224
3165-HDOEW,Male,No,Yes,Yes,1225
6581-NQCBA,Female,No,Yes,No,1226
7115-IRDHS,Female,No,Yes,No,1227
8496-DMZUK,Male,No,No,No,1228
2040-VZIKE,Female,No,Yes,No,1229
9068-VPWQQ,Male,No,Yes,No,1230
0178-SZBHO,Male,No,Yes,Yes,1231
0384-RVBPI,Male,No,No,No,1232
1689-MRZQR,Male,No,Yes,Yes,1233
1299-AURJA,Female,No,Yes,Yes,1234
4525-VZCZG,Male,No,No,Yes,1235
1543-LLLFT,Male,Yes,Yes,No,1236
5835-BEQEU,Male,No,No,No,1237
2788-CJQAQ,Male,No,No,No,1238
5565-FILXA,Female,Yes,No,No,1239
0319-QZTCO,Female,No,Yes,Yes,1240
2120-SMPEX,Male,No,No,No,1241
0096-FCPUF,Male,No,No,No,1242
0668-OGMHD,Female,No,Yes,No,1243
5552-ZNFSJ,Male,No,No,No,1244
2223-KAGMX,Female,No,No,No,1245
6507-ZJSUR,Male,Yes,Yes,No,1246
9408-HRXRK,Female,No,Yes,Yes,1247
5593-SUAOO,Female,No,Yes,Yes,1248
7321-PKUYW,Female,No,No,No,1249
2833-SLKDQ,Male,No,No,No,1250
6766-HFKLA,Female,No,Yes,No,1251
7595-EUIVN,Female,No,No,No,1252
7617-EYGLW,Male,No,No,No,1253
2026-TGDHM,Female,No,No,No,1254
9220-ZNKJI,Female,Yes,Yes,No,1255
4030-VPZBD,Female,No,No,No,1256
2226-ICFDO,Female,No,Yes,Yes,1257
0723-VSOBE,Female,Yes,No,No,1258
5529-GIBVH,Female,No,No,No,1259
4187-CINZD,Female,Yes,No,No,1260
9992-UJOEL,Male,No,No,No,1261
4741-WWJQZ,Female,No,Yes,No,1262
6625-UTXEW,Female,No,Yes,No,1263
6818-WOBHJ,Female,Yes,Yes,No,1264
6244-BESBM,Male,No,Yes,Yes,1265
1004-NOZNR,Male,Yes,No,Yes,1266
1251-STYSZ,Female,Yes,No,No,1267
2612-PHGOX,Male,No,Yes,No,1268
2408-TZMJL,Male,No,Yes,No,1269
8480-PPONV,Male,No,Yes,Yes,1270
8780-IHCRN,Male,No,Yes,Yes,1271
4598-ZADCK,Female,No,No,No,1272
1257-SXUXQ,Male,No,Yes,Yes,1273
9681-KYGYB,Male,Yes,Yes,No,1274
7182-OVLBJ,Female,No,Yes,Yes,1275
5095-ETBRJ,Female,No,Yes,No,1276
7005-CYUIL,Female,Yes,Yes,No,1277
4821-WQOYN,Female,No,Yes,Yes,1278
4730-AWNAU,Male,No,Yes,Yes,1279
3452-FLHYD,Male,No,Yes,No,1280
2388-LAESQ,Female,Yes,Yes,No,1281
9531-NSBMR,Female,No,No,No,1282
6260-ONULR,Male,No,No,No,1283
4389-UEFCZ,Female,No,Yes,No,1284
8711-LOBKY,Male,No,Yes,Yes,1285
9134-CEQMF,Male,Yes,Yes,No,1286
8985-OOPOS,Female,No,No,No,1287
8800-ZKRFW,Female,No,Yes,Yes,1288
2616-FLVQC,Male,No,No,No,1289
9968-FFVVH,Male,No,No,No,1290
3108-PCCGG,Male,Yes,Yes,No,1291
7993-PYKOF,Male,No,Yes,No,1292
8390-FESFV,Female,No,No,No,1293
3022-BEXHZ,Male,No,Yes,Yes,1294
5027-XWQHA,Male,No,No,No,1295
6248-TKCQV,Female,No,Yes,Yes,1296
6729-GDNGC,Female,Yes,No,No,1297
6198-ZFIOJ,Female,No,No,No,1298
5989-OMNJE,Female,No,Yes,Yes,1299
4566-QVRRW,Female,No,Yes,No,1300
1291-CUOCY,Male,No,Yes,No,1301
9795-SHUHB,Female,No,Yes,Yes,1302
3230-IUALN,Female,No,Yes,Yes,1303
0042-RLHYP,Female,No,Yes,Yes,1304
8519-IMDHU,Male,Yes,Yes,No,1305
4945-RVMTE,Female,No,No,No,1306
0201-OAMXR,Female,No,No,No,1307
1866-NXPSP,Female,No,No,No,1308
3372-KWFBM,Male,Yes,No,No,1309
7831-QGOXH,Female,No,No,No,1310
6393-WRYZE,Female,No,Yes,No,1311
3941-XTSKM,Male,No,Yes,Yes,1312
1661-CZBAU,Male,No,No,No,1313
6599-RCLCJ,Male,No,Yes,No,1314
9831-BPFRI,Female,No,Yes,Yes,1315
5158-RIVOP,Female,No,Yes,Yes,1316
9788-YTFGE,Male,No,No,No,1317
9277-JOOMO,Female,No,No,No,1318
1907-YLNYW,Male,No,No,No,1319
1725-MIMXW,Male,No,No,Yes,1320
8947-YRTDV,Male,No,Yes,Yes,1321
3161-ONRWK,Male,No,Yes,Yes,1322
0114-RSRRW,Female,No,Yes,No,1323
4565-NLZBV,Female,No,Yes,No,1324
0031-PVLZI,Female,No,Yes,Yes,1325
7206-GZCDC,Female,Yes,No,No,1326
6682-VCIXC,Female,No,Yes,Yes,1327
4791-QRGMF,Male,No,Yes,No,1328
6475-VHUIZ,Female,No,Yes,No,1329
3910-MRQOY,Female,No,Yes,No,1330
0661-WCQNQ,Male,No,Yes,No,1331
7537-RBWEA,Female,No,No,No,1332
4656-CAURT,Male,No,No,No,1333
0121-SNYRK,Male,No,No,No,1334
1768-ZAIFU,Female,Yes,No,No,1335
4671-LXRDQ,Male,No,No,No,1336
3733-LSYCE,Female,No,Yes,No,1337
6265-FRMTQ,Male,No,No,No,1338
1934-SJVJK,Male,No,No,No,1339
3838-OZURD,Male,No,Yes,No,1340
1371-DWPAZ,Female,No,Yes,Yes,1341
9269-CQOOL,Male,No,No,Yes,1342
2017-CCBLH,Female,No,No,No,1343
7690-KPNCU,Male,No,Yes,Yes,1344
0536-BGFMZ,Female,No,Yes,No,1345
2293-IJWPS,Female,No,Yes,No,1346
2845-HSJCY,Female,No,Yes,Yes,1347
5469-NUJUR,Male,No,No,No,1348
1184-PJVDB,Male,No,Yes,No,1349
2625-TRCZQ,Female,No,Yes,No,1350
4102-HLENU,Female,No,Yes,No,1351
7266-GSSJX,Male,No,Yes,Yes,1352
7722-VJRQD,Male,No,Yes,Yes,1353
7073-QETQY,Male,No,Yes,Yes,1354
9415-DPEWS,Female,No,No,No,1355
5624-RYAMH,Female,No,No,No,1356
0196-JTUQI,Female,No,No,No,1357
7130-YXBRO,Male,No,Yes,No,1358
9272-LSVYH,Male,No,No,No,1359
7943-RQCHR,Female,No,No,No,1360
3793-MMFUH,Female,Yes,No,No,1361
3249-ZPQRG,Male,No,No,No,1362
2568-BRGYX,Male,No,No,No,1363
3084-DOWLE,Female,No,Yes,No,1364
1084-MNSMJ,Female,No,Yes,Yes,1365
7721-JXEAW,Male,No,Yes,No,1366
7249-WBIYX,Male,No,Yes,No,1367
4238-HFHSN,Male,Yes,Yes,No,1368
6250-CGGUN,Male,No,No,No,1369
5478-JJVZK,Female,No,No,No,1370
7596-IIWYC,Female,No,No,No,1371
6567-HOOPW,Female,Yes,No,No,1372
9793-WECQC,Male,No,No,No,1373
4291-HPAXL,Male,No,No,Yes,1374
8999-YPYBV,Male,No,Yes,Yes,1375
1839-FBNFR,Female,No,Yes,Yes,1376
3164-AALRN,Male,No,No,No,1377
3071-MVJCD,Male,No,Yes,Yes,1378
1697-BCSHV,Female,No,Yes,Yes,1379
0562-KBDVM,Female,No,No,No,1380
1131-SUEKT,Male,No,Yes,Yes,1381
3717-OEAUQ,Male,No,No,No,1382
4538-WNTMJ,Female,No,Yes,Yes,1383
3334-CTHOL,Female,No,No,No,1384
4704-ERYFC,Female,No,Yes,No,1385
9432-RUVSL,Female,No,No,No,1386
8060-HIWJJ,Male,No,No,No,1387
7684-XSZIY,Male,No,Yes,Yes,1388
9089-UOWJG,Female,No,Yes,Yes,1389
8621-MNIHH,Female,Yes,Yes,No,1390
8039-ACLPL,Female,No,Yes,Yes,1391
9885-AIBVB,Male,No,Yes,No,1392
1934-MKPXS,Male,No,Yes,Yes,1393
2592-YKDIF,Female,No,No,No,1394
2272-JKMSI,Female,No,Yes,Yes,1395
0471-LVHGK,Male,No,Yes,No,1396
9518-RWHZL,Female,No,No,No,1397
8714-CTZJW,Female,No,No,No,1398
3569-EDBPQ,Female,No,No,No,1399
3131-NWVFJ,Female,No,Yes,Yes,1400
7521-YXVZY,Male,No,No,Yes,1401
5419-CONWX,Female,Yes,No,No,1402
6240-EURKS,Female,No,No,Yes,1403
2373-NTKOD,Male,No,No,No,1404
1970-KKFWL,Female,No,No,No,1405
6960-HVYXR,Female,No,No,No,1406
9337-SRRNI,Male,No,No,Yes,1407
0895-UADGO,Male,No,No,Yes,1408
5678-VFNEQ,Female,No,Yes,No,1409
5977-CKHON,Female,No,Yes,Yes,1410
7024-OHCCK,Female,Yes,No,No,1411
2692-BUCFV,Male,Yes,No,No,1412
7861-UVUFT,Female,No,Yes,No,1413
1830-GGFNM,Male,No,Yes,Yes,1414
5302-BDJNT,Male,No,No,No,1415
5223-UZAVK,Male,No,No,No,1416
4859-ZSRDZ,Female,No,Yes,Yes,1417
5651-WYIPH,Female,Yes,No,No,1418
9350-VLHMB,Male,No,Yes,Yes,1419
3498-LZGQZ,Male,No,Yes,Yes,1420
8785-CJSHH,Female,No,Yes,No,1421
5357-TZHPP,Male,Yes,No,No,1422
3870-SPZSI,Female,No,Yes,Yes,1423
0680-DFNNY,Male,No,Yes,No,1424
7560-QRBXH,Female,No,No,Yes,1425
7077-XJMET,Male,No,Yes,No,1426
8752-GHJFU,Male,Yes,Yes,No,1427
6896-SRVYQ,Male,Yes,No,No,1428
7767-UXAGJ,Male,No,No,No,1429
4652-ODEVH,Male,No,Yes,Yes,1430
6510-UPNKS,Female,No,No,No,1431
6718-BDGHG,Female,No,Yes,No,1432
9046-DQMTP,Male,No,No,No,1433
6439-LAJXL,Male,No,Yes,No,1434
1571-SAVHK,Male,No,No,No,1435
9052-VKDUW,Female,Yes,Yes,No,1436
9546-CQJSU,Female,No,No,No,1437
1666-JZPZT,Male,No,No,No,1438
5777-KJIRB,Female,No,No,No,1439
0506-LVNGN,Female,Yes,No,No,1440
7677-SJJJK,Male,No,Yes,Yes,1441
2480-EJWYP,Female,Yes,Yes,No,1442
3253-HKOKL,Female,No,Yes,Yes,1443
7055-HNEOJ,Male,No,Yes,No,1444
5514-YQENT,Male,No,No,Yes,1445
3211-AAPKX,Male,No,No,No,1446
8445-DNBAE,Male,No,No,Yes,1447
2951-QOQTK,Male,No,No,Yes,1448
2958-NHPPS,Male,No,No,No,1449
6806-YDEUL,Female,Yes,No,No,1450
1735-XMJVH,Male,No,Yes,Yes,1451
6890-PFRQX,Male,No,No,No,1452
0222-CNVPT,Male,Yes,No,No,1453
5899-OUVKV,Male,No,No,No,1454
8681-ICONS,Male,No,Yes,Yes,1455
1621-YNCJH,Female,No,Yes,No,1456
3473-XIIIT,Female,No,Yes,No,1457
6362-QHAFM,Male,No,Yes,No,1458
7893-IXHRQ,Male,No,No,No,1459
3070-BDOQC,Female,No,No,No,1460
2952-QAYZF,Male,No,No,No,1461
6234-PFPXL,Male,No,Yes,No,1462
9824-QCJPK,Male,No,Yes,No,1463
4763-PGDPO,Female,No,No,No,1464
4283-IVYCI,Male,No,No,No,1465
1866-OBPNR,Male,No,Yes,Yes,1466
8205-MQUGY,Male,No,Yes,Yes,1467
8970-ANWXO,Female,No,No,No,1468
9480-BQJEI,Male,No,No,No,1469
5394-SVGJV,Male,No,No,No,1470
6979-TNDEU,Female,No,No,No,1471
9777-WJJPR,Male,No,Yes,No,1472
9283-LZQOH,Male,No,Yes,Yes,1473
7079-QRCBC,Female,No,No,No,1474
9495-SKLKD,Male,No,Yes,Yes,1475
6048-UWKAL,Female,Yes,Yes,No,1476
5067-DGXLL,Male,No,No,No,1477
5469-CTCWN,Male,No,Yes,Yes,1478
9851-QXEEQ,Male,No,No,No,1479
6281-FKEWS,Female,No,No,No,1480
8898-KASCD,Male,No,No,No,1481
9242-TKFSV,Male,No,Yes,Yes,1482
9290-SHCMB,Female,Yes,No,No,1483
0743-HNPFG,Female,No,Yes,Yes,1484
2277-BKJKN,Female,Yes,Yes,No,1485
9809-IMGCQ,Male,Yes,No,No,1486
5208-HFSBT,Female,No,No,No,1487
5035-PGZXH,Female,No,No,No,1488
8695-WDYEA,Male,No,No,No,1489
6543-JXSOO,Female,No,Yes,Yes,1490
8016-ZMGMO,Female,Yes,Yes,No,1491
8605-ITULD,Female,No,No,No,1492
3254-YRILK,Male,Yes,No,No,1493
6416-YJTTB,Male,No,No,No,1494
2667-WYLWJ,Female,No,Yes,Yes,1495
4472-VESGY,Female,No,Yes,Yes,1496
3195-TQDZX,Male,No,No,No,1497
3128-YOVTD,Female,No,Yes,Yes,1498
0529-ONKER,Male,Yes,No,No,1499
1728-CXQBE,Male,Yes,Yes,No,1500
7041-TXQJH,Female,No,No,No,1501
5014-GSOUQ,Male,No,No,No,1502
5724-BIDBU,Male,No,Yes,No,1503
0481-SUMCB,Female,Yes,No,No,1504
1769-GRUIK,Female,No,No,No,1505
5240-IJOQT,Male,Yes,No,No,1506
8819-WFGGJ,Male,No,Yes,No,1507
7427-AUFPY,Male,No,No,No,1508
2811-POVEX,Female,Yes,Yes,Yes,1509
1092-GANHU,Male,No,No,No,1510
7898-PDWQE,Male,No,Yes,No,1511
9972-EWRJS,Female,No,Yes,Yes,1512
9314-IJWSQ,Female,No,Yes,Yes,1513
0661-XEYAN,Female,Yes,No,No,1514
5799-JRCZO,Female,No,No,Yes,1515
1921-KYSAY,Female,No,No,No,1516
6198-RTPMF,Female,No,Yes,No,1517
2924-KHUVI,Male,No,Yes,No,1518
1925-GMVBW,Female,No,No,No,1519
7881-EVUAD,Female,No,No,No,1520
6184-DYUOB,Female,No,Yes,No,1521
9207-ZPANB,Male,No,No,No,1522
5766-XQXMQ,Female,No,No,No,1523
9327-QSDED,Male,No,No,No,1524
1656-DRSMG,Female,No,No,No,1525
3012-VFFMN,Female,No,Yes,Yes,1526
2984-AFWNC,Female,No,No,No,1527
0640-YJTPY,Male,No,Yes,Yes,1528
8096-LOIST,Female,No,No,No,1529
9764-REAFF,Female,No,Yes,No,1530
3703-VAVCL,Male,No,Yes,Yes,1531
7107-UBYKY,Female,No,Yes,Yes,1532
4881-GQJTW,Male,No,No,No,1533
8519-QJGJD,Female,No,No,No,1534
7876-DNYAP,Female,No,Yes,Yes,1535
7905-NJMXS,Male,Yes,Yes,No,1536
2882-WDTBA,Male,No,Yes,Yes,1537
2091-GPPIQ,Female,No,Yes,Yes,1538
6326-MTTXK,Male,No,No,No,1539
5071-FBJFS,Female,No,Yes,Yes,1540
2796-UUZZO,Male,No,Yes,Yes,1541
2429-AYKKO,Male,No,No,No,1542
9798-OPFEM,Female,No,No,No,1543
0330-IVZHA,Female,No,Yes,No,1544
3794-NFNCH,Male,No,Yes,No,1545
5193-QLVZB,Male,No,No,No,1546
7114-AEOZE,Female,No,No,No,1547
2886-KEFUM,Female,No,Yes,No,1548
5522-NYKPB,Male,No,Yes,Yes,1549
4237-RLAQD,Male,No,No,No,1550
9957-YODKZ,Male,Yes,Yes,No,1551
6518-KZXCB,Male,No,No,No,1552
2245-ADZFJ,Female,No,Yes,Yes,1553
7776-QGYJC,Female,No,Yes,Yes,1554
9313-QOLTZ,Male,No,No,No,1555
9651-GTSAQ,Female,No,Yes,No,1556
3186-BAXNB,Female,No,No,No,1557
4672-FOTSD,Male,No,No,No,1558
0637-YLETY,Female,No,No,No,1559
9818-XQCUV,Female,No,No,No,1560
7338-ERIVA,Male,No,No,Yes,1561
1157-BQCUW,Male,No,No,No,1562
8259-NFJTV,Female,No,Yes,Yes,1563
3223-DWFIO,Male,Yes,No,No,1564
2660-EMUBI,Male,Yes,No,No,1565
6968-GMKPR,Female,No,No,No,1566
4751-ERMAN,Male,No,Yes,Yes,1567
1436-ZMJAN,Female,No,Yes,No,1568
3292-PBZEJ,Male,Yes,No,No,1569
0799-DDIHE,Female,No,Yes,Yes,1570
3070-FNFZQ,Female,No,Yes,Yes,1571
2812-SFXMJ,Male,No,No,Yes,1572
7675-OZCZG,Female,Yes,No,No,1573
5014-WUQMG,Male,No,Yes,Yes,1574
5312-TSZVC,Female,No,No,Yes,1575
2003-CKLOR,Male,No,No,No,1576
0993-OSGPT,Female,Yes,Yes,No,1577
9254-RBFON,Female,No,Yes,Yes,1578
1205-WNWPJ,Female,No,No,No,1579
9391-EOYLI,Male,Yes,Yes,No,1580
7108-DGVUU,Female,Yes,Yes,No,1581
2782-JEEBU,Male,No,No,No,1582
5127-BZENZ,Female,No,Yes,Yes,1583
2720-FVBQP,Female,No,Yes,Yes,1584
9906-NHHVC,Female,Yes,No,No,1585
4522-XRWWI,Male,No,Yes,No,1586
3766-EJLFL,Female,No,Yes,Yes,1587
5939-SXWHM,Male,No,Yes,Yes,1588
8152-UOBNY,Female,Yes,No,No,1589
7351-KYHQH,Female,Yes,No,No,1590
7643-RCHXS,Female,No,Yes,Yes,1591
8246-SHFGA,Male,No,No,No,1592
8387-MOJJT,Female,No,Yes,Yes,1593
0620-XEFWH,Male,No,Yes,Yes,1594
6485-QXWWE,Female,No,No,Yes,1595
2761-OCIAX,Male,Yes,No,No,1596
7321-VGNKU,Female,No,Yes,No,1597
5327-CNLUQ,Male,No,Yes,No,1598
7552-KEYGT,Male,No,Yes,No,1599
5816-JMLGY,Female,No,Yes,Yes,1600
3068-OMWZA,Male,Yes,No,No,1601
2927-QRRQV,Male,No,Yes,No,1602
6032-KRXXO,Male,No,No,No,1603
7459-RRWQZ,Female,No,No,No,1604
6265-SXWBU,Male,No,Yes,Yes,1605
7941-RCJOW,Male,No,No,No,1606
6374-NTQLP,Male,Yes,Yes,Yes,1607
4154-AQUGT,Male,Yes,Yes,No,1608
2387-KDZQY,Male,No,No,No,1609
3584-WKTTW,Male,No,Yes,No,1610
3399-BMLVW,Male,No,Yes,Yes,1611
1971-DTCZB,Female,No,Yes,No,1612
3092-IGHWF,Male,No,Yes,Yes,1613
3374-PZLXD,Male,No,No,No,1614
3813-DHBBB,Male,No,Yes,No,1615
2812-REYAT,Female,No,Yes,No,1616
6518-PPLMZ,Male,No,Yes,Yes,1617
4939-KYYPY,Male,No,No,No,1618
8017-LXHFA,Female,Yes,No,No,1619
5930-GBIWP,Male,No,No,No,1620
6022-KOUQO,Female,No,Yes,Yes,1621
6352-TWCAU,Female,No,No,No,1622
2361-UPSND,Female,No,Yes,No,1623
6035-RIIOM,Female,No,No,No,1624
2929-QNSRW,Female,No,Yes,No,1625
1262-OPMFY,Female,No,Yes,No,1626
9504-DSHWM,Male,No,No,No,1627
5035-BVCXS,Male,No,No,No,1628
6267-DCFFZ,Female,Yes,Yes,No,1629
3533-UVMOM,Male,No,Yes,No,1630
2439-LYPMQ,Male,Yes,Yes,No,1631
4248-QPAVC,Female,Yes,Yes,No,1632
1899-VXWXM,Male,No,No,No,1633
1478-VPOAD,Female,No,No,No,1634
9995-HOTOH,Male,No,Yes,Yes,1635
2988-PLAHS,Female,No,No,No,1636
1371-OJCEK,Female,No,No,No,1637
4999-IEZLT,Male,No,No,No,1638
8883-ANODQ,Female,No,Yes,Yes,1639
4690-LLKUA,Male,Yes,No,No,1640
2351-RRBUE,Female,No,Yes,Yes,1641
5980-BDHPY,Male,No,Yes,No,1642
1498-DQNRX,Female,No,Yes,No,1643
9469-WEJBT,Male,No,Yes,No,1644
3331-HQDTW,Female,No,No,No,1645
9490-DFPMD,Female,Yes,No,No,1646
2581-VKIRT,Female,No,Yes,Yes,1647
5442-XSDCW,Male,No,Yes,Yes,1648
7426-WEIJX,Male,Yes,Yes,Yes,1649
2851-MMUTZ,Female,No,No,No,1650
3049-NDXFL,Female,No,No,No,1651
8580-AECUZ,Male,Yes,No,No,1652
3307-TLCUD,Male,No,Yes,No,1653
6625-FLENO,Male,No,Yes,No,1654
2967-MXRAV,Male,No,Yes,Yes,1655
7963-GQRMY,Female,No,Yes,Yes,1656
8189-HBVRW,Female,No,No,No,1657
4163-KIUHY,Male,No,No,No,1658
1228-FZFRV,Male,No,Yes,Yes,1659
3500-NSDOA,Male,No,Yes,Yes,1660
1171-TYKUR,Male,No,Yes,No,1661
3761-FLYZI,Female,Yes,Yes,No,1662
2058-DCJBE,Male,No,No,No,1663
5364-XYIRR,Male,No,Yes,No,1664
4829-AUOAX,Female,No,No,No,1665
1219-NNDDO,Female,No,No,No,1666
8388-DMKAE,Female,No,No,No,1667
4403-BWPAY,Male,No,No,No,1668
9659-QEQSY,Female,No,No,No,1669
5405-ZMYXQ,Female,No,No,No,1670
5047-LHVLY,Male,Yes,No,Yes,1671
1442-OKRJE,Male,No,Yes,Yes,1672
4737-AQCPU,Male,No,Yes,Yes,1673
9158-VCTQB,Female,No,Yes,No,1674
2808-CHTDM,Female,No,Yes,Yes,1675
6311-UEUME,Female,No,No,No,1676
0793-TWELN,Female,No,No,No,1677
3283-WCWXT,Male,No,Yes,Yes,1678
1060-ENTOF,Female,Yes,Yes,No,1679
0999-QXNSA,Male,Yes,No,Yes,1680
5451-MHQOF,Male,No,Yes,Yes,1681
4836-WNFNO,Female,No,Yes,No,1682
9225-BZLNZ,Male,No,Yes,No,1683
0354-VXMJC,Male,No,Yes,Yes,1684
4422-QVIJA,Female,No,No,Yes,1685
9365-SRSZE,Male,Yes,Yes,No,1686
6839-ITVZJ,Female,No,Yes,Yes,1687
8332-OSJDW,Male,No,Yes,Yes,1688
4735-BJKOU,Female,No,No,No,1689
0274-JKUJR,Male,No,Yes,Yes,1690
5740-YHGTW,Male,No,Yes,Yes,1691
8917-SZTTJ,Male,No,Yes,Yes,1692
1696-MZVAU,Male,No,Yes,Yes,1693
7359-WWYJV,Male,No,Yes,No,1694
0375-HVGXO,Female,No,No,No,1695
4906-ZHGPK,Male,No,Yes,Yes,1696
8593-WHYHV,Male,No,No,No,1697
3795-GWTRD,Female,No,Yes,Yes,1698
1298-PHBTI,Male,No,Yes,Yes,1699
6223-DHJGV,Female,No,No,No,1700
6961-MJKBO,Male,No,No,No,1701
6097-EQISJ,Female,No,Yes,Yes,1702
4423-YLHDV,Female,No,Yes,No,1703
8158-WPEZG,Male,No,No,No,1704
0107-YHINA,Male,No,No,Yes,1705
4918-FYJNT,Female,Yes,Yes,No,1706
0727-BNRLG,Male,No,No,No,1707
4854-CIDCF,Female,Yes,No,No,1708
8640-SDGKB,Male,No,No,No,1709
3280-MRDOF,Male,Yes,No,No,1710
6435-SRWBJ,Female,No,No,No,1711
9964-WBQDJ,Female,No,Yes,No,1712
6303-KFWSL,Female,No,No,No,1713
1702-CCFNJ,Male,No,Yes,No,1714
8932-CZHRQ,Male,No,No,No,1715
0386-CWRGM,Female,No,Yes,Yes,1716
5515-RUGKN,Male,No,No,No,1717
0404-AHASP,Male,No,Yes,No,1718
7279-NMVJC,Female,No,No,No,1719
2081-VEYEH,Male,No,No,No,1720
6407-UTSLV,Female,Yes,No,No,1721
4116-TZAQJ,Female,No,No,No,1722
9060-HJJRW,Female,No,No,No,1723
2587-YNLES,Female,No,Yes,Yes,1724
7398-SKNQZ,Female,No,Yes,No,1725
5935-FCCNB,Female,Yes,No,No,1726
1958-RNRKS,Male,No,Yes,No,1727
5136-RGMZO,Male,No,No,No,1728
8345-MVDYC,Female,No,No,No,1729
8226-BXGES,Male,No,Yes,No,1730
3877-JRJIP,Male,No,No,No,1731
8375-DKEBR,Female,Yes,No,No,1732
9705-IOVQQ,Male,Yes,Yes,Yes,1733
1015-OWJKI,Male,No,No,No,1734
7511-YMXVQ,Male,No,No,No,1735
2040-XBAVJ,Male,No,Yes,Yes,1736
7551-JOHTI,Female,No,No,No,1737
8887-IPQNC,Female,No,Yes,No,1738
8646-JCOMS,Female,No,Yes,No,1739
9804-ICWBG,Male,No,No,No,1740
1222-KJNZD,Male,No,Yes,Yes,1741
0106-GHRQR,Male,No,No,No,1742
5318-IXUZF,Female,No,No,No,1743
3768-VHXQO,Male,No,Yes,No,1744
8952-WCVCD,Female,No,Yes,No,1745
2418-TPEUN,Female,No,Yes,Yes,1746
3963-RYFNS,Female,No,No,No,1747
3198-VELRD,Female,No,Yes,Yes,1748
8540-ZQGEA,Female,No,Yes,No,1749
1320-REHCS,Male,Yes,No,No,1750
4137-JOPHL,Female,No,No,No,1751
9436-ZBZCT,Male,No,No,No,1752
7801-CEDNV,Male,No,Yes,No,1753
2057-BOYKM,Female,Yes,Yes,No,1754
3658-QQJYD,Male,No,No,No,1755
1803-BGNBD,Female,No,No,No,1756
0134-XWXCE,Female,Yes,No,No,1757
6950-TWMYB,Male,No,Yes,Yes,1758
5848-FHRFC,Female,No,No,No,1759
2243-FNMMI,Male,No,No,No,1760
2511-MORQY,Male,No,Yes,Yes,1761
5356-KZCKT,Male,No,No,No,1762
9470-XCCEM,Male,No,Yes,Yes,1763
6519-CFDBX,Female,No,No,No,1764
3902-MIVLE,Male,No,Yes,Yes,1765
0409-WTMPL,Female,No,Yes,No,1766
8763-KIAFH,Female,No,Yes,Yes,1767
3669-WHAFY,Female,No,Yes,No,1768
3055-VTCGS,Female,No,No,No,1769
3144-KMTWZ,Male,No,Yes,No,1770
7279-BUYWN,Female,Yes,No,No,1771
7156-MHUGY,Male,Yes,No,No,1772
7198-GLXTC,Male,No,No,No,1773
2007-QVGAW,Female,No,Yes,Yes,1774
5207-PLSTK,Male,No,Yes,Yes,1775
2307-FYNNL,Male,Yes,No,No,1776
5605-XNWEN,Male,Yes,Yes,No,1777
2155-AMQRX,Female,No,No,No,1778
6181-AXXYF,Male,No,Yes,Yes,1779
5091-HFAZW,Female,No,No,No,1780
0516-VRYBW,Female,No,No,Yes,1781
2519-LBNQL,Male,Yes,Yes,No,1782
8623-ULFNQ,Female,Yes,No,No,1783
8380-PEFPE,Male,No,No,Yes,1784
5687-DKDTV,Female,No,No,No,1785
1568-LJSZU,Male,No,Yes,Yes,1786
7530-HDYDS,Female,No,No,No,1787
7789-HKSBS,Female,Yes,Yes,No,1788
7416-CKTEP,Female,No,Yes,No,1789
2586-CWXVV,Male,No,Yes,No,1790
3096-IZETN,Female,No,No,No,1791
2348-KCJLT,Female,No,Yes,No,1792
8401-EMUWF,Male,No,Yes,Yes,1793
4193-IBKSW,Male,No,Yes,Yes,1794
5377-NDTOU,Female,No,Yes,Yes,1795
5922-ABDVO,Female,No,Yes,No,1796
2474-LCNUE,Female,No,Yes,No,1797
0839-QNXME,Female,No,No,No,1798
3506-OVLKD,Male,No,No,No,1799
9172-ANCRX,Female,No,No,No,1800
6650-VJONK,Male,No,No,No,1801
2178-PMGCJ,Male,No,No,No,1802
7492-TAFJD,Male,No,Yes,Yes,1803
2773-MADBQ,Female,No,No,No,1804
6016-LVTJQ,Female,No,Yes,Yes,1805
7860-KSUGX,Male,No,Yes,Yes,1806
8966-KZXXA,Male,No,Yes,Yes,1807
6910-HADCM,Female,No,No,No,1808
4816-LXZYW,Female,No,No,No,1809
9606-PBKBQ,Male,Yes,Yes,No,1810
5149-QYTTU,Female,No,Yes,Yes,1811
2070-XYMFH,Female,Yes,No,No,1812
2085-BOJKI,Male,No,Yes,No,1813
0817-HSUSE,Male,No,No,No,1814
5442-PPTJY,Male,No,Yes,Yes,1815
1927-QEWMY,Female,No,Yes,No,1816
1663-MHLHE,Male,No,No,No,1817
5663-QBGIS,Male,Yes,Yes,No,1818
4450-MDZFX,Male,No,Yes,Yes,1819
6701-DHKWQ,Female,No,Yes,Yes,1820
7554-AKDQF,Female,No,Yes,No,1821
3536-IQCTX,Male,Yes,Yes,No,1822
4911-BANWH,Female,No,No,Yes,1823
8496-EJAUI,Male,No,No,No,1824
0794-YVSGE,Male,No,Yes,Yes,1825
5423-BHIXO,Female,No,No,No,1826
6908-VVYHM,Male,No,Yes,No,1827
2959-EEXWB,Female,No,Yes,Yes,1828
1839-UMACK,Male,No,No,No,1829
3030-YDNRM,Male,No,No,No,1830
7321-KKSDU,Male,No,No,Yes,1831
3402-XRIUO,Female,Yes,Yes,No,1832
3132-TVFDZ,Male,Yes,Yes,No,1833
8286-AFUYI,Male,No,No,No,1834
8080-DDEMJ,Male,Yes,No,No,1835
8356-WUAOJ,Female,No,Yes,No,1836
6365-MTGZX,Male,No,No,No,1837
1349-WXNGG,Male,No,No,No,1838
8058-DMYRU,Male,Yes,No,No,1839
9350-ZXYJC,Female,No,No,No,1840
6990-YNRIO,Male,No,Yes,Yes,1841
8958-JPTRR,Female,No,Yes,No,1842
6959-GQEGV,Male,No,No,No,1843
3173-WSSUE,Female,No,Yes,Yes,1844
1265-HVPZB,Male,No,Yes,No,1845
4115-UMJFQ,Male,No,No,No,1846
7369-TRPFD,Male,No,No,No,1847
1098-KFQEC,Female,No,Yes,Yes,1848
7190-XHTWJ,Female,No,No,No,1849
0621-TWIEM,Male,No,No,No,1850
3537-RYBHH,Female,Yes,Yes,No,1851
2485-ITVKB,Female,No,Yes,No,1852
3669-OYSJI,Male,No,No,No,1853
1612-EOHDH,Female,No,No,No,1854
6702-OHFWR,Male,Yes,No,No,1855
5296-BFCYD,Male,No,Yes,Yes,1856
4510-PYUSH,Female,Yes,No,No,1857
9359-JANWS,Female,No,Yes,No,1858
7517-SAWMO,Female,No,Yes,No,1859
4143-HHPMK,Male,No,No,No,1860
3279-DYZQM,Male,No,Yes,Yes,1861
7054-LGEQW,Female,No,No,No,1862
0523-VNGTF,Female,Yes,No,No,1863
9575-IWCAZ,Male,No,Yes,No,1864
7105-MXJLL,Female,Yes,Yes,No,1865
7064-FRRSW,Male,Yes,No,No,1866
7940-UQQUG,Female,No,Yes,Yes,1867
0923-PNFUB,Female,No,No,No,1868
3961-SXAXY,Male,No,No,No,1869
7010-BRBUU,Male,No,Yes,Yes,1870
3566-HJGPK,Male,No,No,No,1871
3062-ICYZQ,Female,No,Yes,Yes,1872
9938-PRCVK,Female,No,Yes,Yes,1873
0973-KYVNF,Female,No,Yes,Yes,1874
5129-HHMZC,Female,No,Yes,No,1875
9637-CDTKZ,Male,No,Yes,No,1876
3946-JEWRQ,Male,No,Yes,No,1877
7873-CVMAW,Male,No,No,No,1878
0463-WZZKO,Male,No,No,No,1879
3494-JCHRQ,Male,No,No,No,1880
6474-FVJLC,Male,No,No,No,1881
4524-QCSSM,Male,No,No,No,1882
5832-EXGTT,Male,No,Yes,Yes,1883
8840-DQLGN,Female,Yes,Yes,No,1884
2039-JONDJ,Male,No,No,No,1885
7217-JYHOQ,Male,No,Yes,Yes,1886
6695-FRVEC,Male,No,Yes,Yes,1887
4547-LYTDD,Female,No,No,No,1888
9894-QMIMJ,Female,No,No,No,1889
8069-YQQAJ,Male,No,No,No,1890
6770-XUAGN,Female,No,Yes,Yes,1891
4193-ORFCL,Female,Yes,No,No,1892
1636-NTNCO,Male,Yes,No,No,1893
3466-WAESX,Male,No,No,Yes,1894
9281-PKKZE,Female,No,Yes,No,1895
3638-VBZTA,Male,No,No,Yes,1896
7459-IMVYU,Male,No,No,No,1897
7776-QWNFX,Male,Yes,Yes,No,1898
6689-TCZHQ,Female,Yes,No,No,1899
8563-OYMQY,Male,No,No,No,1900
0754-EEBDC,Male,No,Yes,Yes,1901
5777-ZPQNC,Female,No,No,No,1902
1951-IEYXM,Male,No,Yes,Yes,1903
3318-NMQXL,Male,No,No,No,1904
3143-ILDAL,Male,No,No,No,1905
1022-RKXDR,Female,No,No,No,1906
2361-FJWNO,Male,No,No,No,1907
2272-UOINI,Female,No,No,No,1908
8232-UTFOZ,Male,No,No,No,1909
3750-YHRYO,Male,No,Yes,Yes,1910
6637-KYRCV,Female,No,Yes,Yes,1911
5668-MEISB,Female,No,Yes,Yes,1912
0129-QMPDR,Male,No,Yes,Yes,1913
7188-CBBBA,Female,No,No,No,1914
5356-CSVSQ,Female,No,No,No,1915
3221-CJMSG,Male,No,No,No,1916
4720-VSTSI,Female,No,No,No,1917
3219-JQRSL,Female,Yes,Yes,No,1918
2801-NISEI,Male,No,No,No,1919
3946-MHCZW,Male,No,No,No,1920
4623-ZKHLY,Male,No,Yes,No,1921
6732-VAILE,Male,No,Yes,Yes,1922
8201-AAXCB,Male,No,Yes,Yes,1923
7696-CFTAT,Male,No,Yes,Yes,1924
1845-CSBRZ,Female,Yes,Yes,Yes,1925
2123-VSCOT,Female,No,Yes,Yes,1926
6651-AZVTJ,Male,No,Yes,Yes,1927
4566-GOLUK,Male,No,Yes,Yes,1928
2484-DGXPZ,Female,No,Yes,Yes,1929
2018-QKYGT,Male,No,Yes,Yes,1930
2792-VPPET,Male,No,No,No,1931
7409-JURKQ,Female,No,Yes,No,1932
3247-MHJKM,Male,No,No,No,1933
1964-SVLEA,Male,No,No,No,1934
4587-NUKOX,Female,No,No,No,1935
7297-DVYGA,Female,No,No,No,1936
2239-CGBUZ,Female,No,Yes,No,1937
0854-UYHZD,Female,No,Yes,Yes,1938
7243-LCGGZ,Female,No,No,No,1939
8267-KFGYD,Male,No,No,Yes,1940
4890-VMUAV,Male,No,No,No,1941
9261-WDCAF,Male,No,No,No,1942
3764-MNMOI,Male,No,No,No,1943
7442-YGZFK,Male,No,No,No,1944
0420-BWTPW,Male,No,No,Yes,1945
8229-BUJHX,Female,No,Yes,Yes,1946
7449-HVPIV,Male,No,Yes,Yes,1947
5504-WSIUR,Female,No,No,No,1948
8183-ONMXC,Female,No,No,No,1949
8466-PZBLH,Male,No,Yes,Yes,1950
9614-RMGHA,Male,No,Yes,No,1951
8735-IJJEG,Male,No,Yes,No,1952
0564-MUUQK,Female,No,Yes,Yes,1953
5054-IEXZT,Male,No,No,Yes,1954
5834-ASPWA,Male,No,No,No,1955
0701-RFGFI,Female,No,Yes,Yes,1956
0019-EFAEP,Female,No,No,No,1957
5619-PTMIK,Female,No,Yes,No,1958
3737-XBQDD,Male,No,No,No,1959
5882-CMAZQ,Female,No,Yes,Yes,1960
5846-QFDFI,Female,No,Yes,Yes,1961
4445-KWOKW,Female,No,No,No,1962
3511-APPBJ,Male,No,No,No,1963
7967-HYCDE,Male,No,No,No,1964
2430-RRYUW,Male,No,No,No,1965
3948-XHGNA,Male,No,No,No,1966
3723-BFBGR,Male,Yes,No,No,1967
0565-IYCGT,Male,No,No,No,1968
5447-WZAFP,Female,No,No,No,1969
5110-CHOPY,Female,No,No,No,1970
5445-UTODQ,Female,No,Yes,No,1971
4425-OWHWB,Female,No,No,No,1972
7892-QVYKW,Female,No,Yes,Yes,1973
9675-ICXCT,Male,No,Yes,Yes,1974
1024-VRZHF,Male,No,Yes,No,1975
4703-MQYKT,Male,No,No,No,1976
9497-QCMMS,Male,Yes,No,No,1977
5692-ICXLW,Male,Yes,No,No,1978
0602-DDUML,Female,No,No,No,1979
2208-MPXIO,Female,No,Yes,Yes,1980
1960-UYCNN,Male,No,No,No,1981
0348-SDKOL,Female,No,Yes,No,1982
3190-FZATL,Male,No,No,Yes,1983
7336-RLLRH,Male,No,Yes,No,1984
4373-MAVJG,Female,No,Yes,Yes,1985
8901-HJXTF,Female,No,Yes,Yes,1986
7710-JSYOA,Female,No,Yes,Yes,1987
5419-KLXBN,Female,No,Yes,Yes,1988
3424-NMNBO,Male,Yes,Yes,No,1989
9885-MFVSU,Female,No,Yes,Yes,1990
4514-GFCFI,Female,Yes,No,No,1991
0607-MVMGC,Male,No,Yes,Yes,1992
3365-SAIGS,Female,No,No,No,1993
9828-AOQLM,Female,No,Yes,Yes,1994
8022-BECSI,Male,No,No,No,1995
8000-REIQB,Female,Yes,No,No,1996
9993-LHIEB,Male,No,Yes,Yes,1997
0266-CLZKZ,Female,No,Yes,Yes,1998
7615-ESMYF,Female,No,Yes,No,1999
3858-VOBET,Male,No,No,No,2000
7020-OZKXZ,Female,Yes,No,No,2001
3977-QCRSL,Female,No,No,No,2002
0017-DINOC,Male,No,No,No,2003
1447-PJGGA,Female,No,No,No,2004
8565-CLBZW,Male,No,No,No,2005
9139-WQQDY,Female,No,Yes,Yes,2006
0224-HJAPT,Male,No,No,No,2007
8086-OVPWV,Male,No,No,No,2008
9430-FRQOC,Female,No,No,Yes,2009
7639-OPLNG,Male,No,Yes,Yes,2010
3074-GQWYX,Male,No,No,No,2011
1492-QGCLU,Male,No,Yes,Yes,2012
6845-RGTYS,Female,No,Yes,No,2013
7328-OWMOM,Female,No,No,Yes,2014
4418-LZMSV,Male,No,Yes,Yes,2015
5155-AZQPB,Female,No,Yes,Yes,2016
8861-HGGKB,Female,No,No,No,2017
1087-GRUYI,Male,No,Yes,No,2018
7065-YUNRY,Female,No,No,No,2019
7694-VLBWQ,Male,No,Yes,No,2020
2546-KZAAT,Male,No,Yes,No,2021
0181-RITDD,Male,No,Yes,Yes,2022
5989-PGKJB,Female,No,No,No,2023
4795-KTRTH,Female,Yes,Yes,No,2024
8272-ONJLV,Male,No,No,No,2025
1488-PBLJN,Female,No,Yes,Yes,2026
0308-GIQJT,Male,Yes,No,No,2027
3778-FOAQW,Female,No,Yes,No,2028
4452-ROHMO,Female,No,No,No,2029
6481-OGDOO,Male,No,Yes,No,2030
3090-LETTY,Male,No,No,Yes,2031
5349-AZPEW,Female,No,Yes,Yes,2032
3753-TSEMP,Female,No,Yes,No,2033
8305-VHZBZ,Male,No,No,No,2034
9720-JJJOR,Male,No,Yes,Yes,2035
8100-HZZLJ,Female,No,No,Yes,2036
8775-ERLNB,Male,Yes,Yes,No,2037
8309-IEYJD,Female,Yes,No,No,2038
9172-JITSM,Female,No,Yes,Yes,2039
6298-QDFNH,Male,No,No,No,2040
7398-HPYZQ,Male,No,Yes,No,2041
3546-GHEAE,Male,No,No,No,2042
7361-YPXFS,Female,Yes,No,No,2043
6557-BZXLQ,Male,Yes,No,No,2044
2550-QHZGP,Male,No,No,No,2045
7519-JTWQH,Female,No,No,No,2046
2538-OIMXF,Female,No,No,Yes,2047
8543-MSDMF,Male,No,No,No,2048
9961-JBNMK,Male,Yes,No,No,2049
1170-SASML,Female,No,Yes,No,2050
4872-JCVCA,Female,No,Yes,No,2051
5346-BZCHP,Female,No,Yes,Yes,2052
2038-LLMLM,Female,No,No,No,2053
6173-ITPWD,Male,No,Yes,No,2054
9734-UYXQI,Female,No,No,No,2055
1216-BGTSP,Male,No,No,No,2056
4138-NAXED,Male,No,No,No,2057
2189-UXTKY,Female,No,Yes,No,2058
0744-BIKKF,Male,No,No,No,2059
7483-IQWIB,Male,No,Yes,Yes,2060
5248-KWLAR,Male,No,Yes,Yes,2061
4958-GZWIY,Male,No,Yes,Yes,2062
7996-MHXLW,Female,No,No,No,2063
7833-PKIHD,Male,No,Yes,Yes,2064
7061-OVMIM,Female,No,Yes,Yes,2065
5153-RTHKF,Female,No,No,No,2066
1852-QSWCD,Male,No,Yes,Yes,2067
4832-VRBMR,Male,Yes,Yes,No,2068
9079-LWTFD,Male,No,No,No,2069
6356-ELRKD,Female,No,No,No,2070
8624-GIOUT,Female,No,No,No,2071
3392-EHMNK,Female,No,Yes,Yes,2072
5986-WWXDV,Male,No,No,Yes,2073
3061-BCKYI,Male,No,No,No,2074
6179-GJPSO,Female,Yes,No,No,2075
7901-TBKJX,Male,Yes,No,No,2076
7228-PAQPD,Female,No,No,No,2077
3177-LASXD,Female,No,No,No,2078
7746-QYVCO,Male,No,Yes,Yes,2079
5804-HYIEZ,Male,No,Yes,Yes,2080
9919-FZDED,Male,Yes,Yes,No,2081
5934-TSSAU,Female,No,Yes,Yes,2082
3486-KHMLI,Male,No,No,Yes,2083
4897-QSUYC,Female,No,No,No,2084
1084-UQCHV,Male,No,No,Yes,2085
8290-YWKHZ,Female,Yes,Yes,No,2086
2955-BJZHG,Male,No,Yes,Yes,2087
3806-DXQOM,Female,No,No,No,2088
6784-XYJAE,Female,No,No,No,2089
3933-DQPWX,Female,No,No,No,2090
6661-EIPZC,Female,No,Yes,Yes,2091
8957-THMOA,Female,No,No,Yes,2092
2251-PYLPB,Male,No,Yes,No,2093
5555-RNPGT,Male,No,No,Yes,2094
1057-FOGLZ,Female,No,No,No,2095
9300-RENDD,Male,No,No,No,2096
0761-AETCS,Female,No,No,No,2097
8087-LGYHQ,Male,No,No,No,2098
4137-BTIKL,Male,No,No,No,2099
2190-BCXEC,Female,No,Yes,No,2100
6227-FBDXH,Male,No,Yes,No,2101
2153-MREFK,Female,No,Yes,No,2102
2911-WDXMV,Male,No,No,Yes,2103
7206-PQBBZ,Male,Yes,Yes,No,2104
3106-ULWFW,Female,No,Yes,No,2105
0925-VYDLG,Female,No,No,No,2106
4547-FZJWE,Male,No,Yes,Yes,2107
7422-WNBTY,Male,No,Yes,No,2108
0842-IWYCP,Female,No,No,No,2109
3521-HTQTV,Male,No,No,No,2110
3744-ZBHON,Female,No,No,No,2111
3373-DIUUN,Male,No,Yes,Yes,2112
8383-SGHJU,Female,No,No,No,2113
7607-QKKTJ,Male,No,Yes,Yes,2114
7707-PYBBH,Male,No,No,No,2115
8984-HPEMB,Female,No,No,No,2116
4349-GFQHK,Male,No,No,No,2117
4139-DETXS,Female,No,Yes,Yes,2118
9779-DPNEJ,Female,No,Yes,Yes,2119
9805-FILKB,Male,No,Yes,Yes,2120
5793-YOLJN,Female,No,Yes,Yes,2121
0673-IGUQO,Male,No,No,No,2122
4123-FCVCB,Female,No,No,No,2123
8819-IMISP,Male,No,No,No,2124
7802-EFKNY,Male,No,Yes,No,2125
8311-UEUAB,Female,No,Yes,Yes,2126
5858-EAFCZ,Male,No,No,No,2127
8035-BUYVG,Male,No,Yes,No,2128
1163-ONYEY,Male,No,Yes,Yes,2129
9787-XVQIU,Male,No,No,No,2130
8945-MUQUF,Male,No,No,No,2131
5656-MJEFC,Male,No,Yes,Yes,2132
6082-OQFBA,Male,No,Yes,Yes,2133
8051-HJRLT,Female,Yes,No,No,2134
8974-OVACP,Female,No,No,No,2135
4010-YLMVT,Female,No,No,No,2136
1379-FRVEB,Male,No,No,Yes,2137
8612-GXIDD,Male,No,Yes,Yes,2138
6288-CHQJB,Female,No,Yes,Yes,2139
8160-HOWOX,Female,No,No,No,2140
3023-GFLBR,Female,No,Yes,Yes,2141
6648-INWPS,Male,No,Yes,Yes,2142
4223-BKEOR,Female,No,No,Yes,2143
4079-VTGLK,Male,Yes,Yes,No,2144
1763-WQFUK,Male,No,No,No,2145
1391-UBDAR,Male,No,No,No,2146
8894-JVDCV,Female,No,No,No,2147
2023-VQFDL,Male,No,No,No,2148
1345-GKDZZ,Male,No,No,Yes,2149
2014-MKGMH,Female,No,No,No,2150
5628-FCGYG,Male,No,No,No,2151
2560-WBWXF,Male,No,No,No,2152
0248-IPDFW,Female,No,No,No,2153
7978-DKUQH,Female,No,Yes,No,2154
4335-UPJSI,Female,No,No,Yes,2155
0524-IAVZO,Female,No,Yes,No,2156
2737-YNGYW,Female,No,No,No,2157
1784-EZDKJ,Male,No,Yes,No,2158
9297-FVVDH,Female,No,Yes,Yes,2159
8007-YYPWD,Female,No,No,No,2160
7101-HRBLJ,Female,No,Yes,Yes,2161
5159-YFPKQ,Female,No,No,No,2162
6635-CPNUN,Male,No,Yes,No,2163
4021-RQSNY,Male,Yes,Yes,No,2164
5453-YBTWV,Male,No,Yes,Yes,2165
5039-LZRQT,Female,No,No,No,2166
2931-VUVJN,Female,Yes,Yes,No,2167
9061-TIHDA,Male,Yes,Yes,No,2168
8699-ASUFO,Male,Yes,Yes,No,2169
6418-PIQSP,Female,No,Yes,No,2170
8220-OCUFY,Female,No,No,No,2171
3995-WFCSM,Female,No,No,No,2172
1895-QTKDO,Female,No,No,No,2173
2038-OEQZH,Male,No,No,No,2174
1178-PZGAB,Female,No,No,No,2175
7927-AUXBZ,Female,No,No,No,2176
2626-VEEWG,Male,No,Yes,Yes,2177
2878-RMWXY,Male,Yes,Yes,No,2178
1657-DYMBM,Male,No,Yes,No,2179
7311-MQJCH,Female,No,No,No,2180
7375-WMVMT,Male,Yes,Yes,No,2181
1136-XGEQU,Female,No,Yes,Yes,2182
2530-FMFXO,Male,No,Yes,Yes,2183
6844-DZKRF,Male,No,No,No,2184
4695-WJZUE,Female,Yes,No,No,2185
7619-ODSGN,Male,No,Yes,Yes,2186
5970-GHJAW,Male,No,Yes,Yes,2187
8879-XUAHX,Male,No,Yes,No,2188
3689-MOZGR,Female,No,No,No,2189
4195-PNGZS,Male,No,Yes,Yes,2190
5003-XZWWO,Male,No,Yes,No,2191
3988-RQIXO,Female,Yes,No,No,2192
7622-FWGEW,Male,Yes,Yes,No,2193
6922-NCEDI,Male,No,No,Yes,2194
2514-GINMM,Male,No,No,No,2195
9891-NQDBD,Female,No,Yes,No,2196
6131-IUNXN,Female,No,Yes,Yes,2197
8548-AWOFC,Male,No,Yes,No,2198
9798-DRYDS,Female,No,Yes,Yes,2199
8532-UEFWH,Male,No,Yes,Yes,2200
6296-DDOOR,Female,No,No,No,2201
7951-VRDVK,Female,No,No,No,2202
5931-FLJJF,Male,Yes,Yes,No,2203
4815-YOSUK,Male,No,Yes,Yes,2204
2659-VXMWZ,Male,No,Yes,Yes,2205
0380-NEAVX,Male,Yes,No,No,2206
3207-OYBWH,Male,Yes,Yes,No,2207
4285-GYRQC,Female,No,Yes,No,2208
7216-EWTRS,Female,Yes,Yes,No,2209
4365-MSDYN,Male,No,Yes,No,2210
7036-TYDEC,Female,No,No,No,2211
5802-ADBRC,Female,No,Yes,No,2212
8076-FEZKJ,Male,No,No,No,2213
5197-YPYBZ,Female,No,Yes,Yes,2214
8337-MSSXB,Female,No,No,No,2215
4312-GVYNH,Female,No,Yes,No,2216
8495-LJDFO,Female,Yes,No,No,2217
0839-JTCUD,Female,No,Yes,Yes,2218
5494-WOZRZ,Female,No,Yes,Yes,2219
1302-UHBDD,Male,Yes,No,No,2220
2234-EOFPT,Male,No,Yes,No,2221
8619-IJNDK,Female,No,Yes,Yes,2222
8378-LKJAF,Male,No,Yes,Yes,2223
8182-BJDSI,Female,No,No,No,2224
2528-HFYZX,Male,Yes,Yes,No,2225
1153-GNOLC,Male,No,No,No,2226
3298-QEICA,Female,No,Yes,Yes,2227
0788-DXBFY,Male,No,Yes,Yes,2228
3597-YASZG,Female,Yes,Yes,No,2229
3496-LFSZU,Male,No,Yes,No,2230
5242-UOWHD,Male,No,Yes,Yes,2231
2482-CZGBB,Male,No,No,No,2232
6479-SZPLM,Male,No,Yes,Yes,2233
8097-VBQTZ,Male,No,No,No,2234
4500-HKANN,Male,No,Yes,Yes,2235
9917-KWRBE,Female,No,Yes,Yes,2236
3420-ZDBMA,Male,Yes,No,No,2237
2212-LYASK,Male,No,Yes,Yes,2238
1393-IMKZG,Female,No,No,No,2239
8069-RHUXK,Female,No,Yes,Yes,2240
3398-GCPMU,Female,Yes,Yes,Yes,2241
2908-WGAXL,Female,No,Yes,Yes,2242
3378-AJRAO,Male,No,Yes,Yes,2243
1013-QCWAM,Female,Yes,Yes,No,2244
0866-QLSIR,Female,No,No,No,2245
6050-FFXES,Female,No,Yes,No,2246
7181-BQYBV,Female,No,Yes,Yes,2247
0362-RAOQO,Female,No,No,No,2248
9554-DFKIC,Male,No,Yes,Yes,2249
5527-ACHSO,Female,No,No,No,2250
0829-DDVLK,Female,No,No,No,2251
1399-UBQIU,Male,No,No,No,2252
1813-JLKWR,Female,No,Yes,Yes,2253
0336-PIKEI,Male,Yes,Yes,No,2254
7322-OCWHC,Male,Yes,Yes,No,2255
9537-VHDTA,Female,No,No,Yes,2256
4957-TIALW,Female,No,No,Yes,2257
2054-PJOCK,Female,No,No,No,2258
9150-HEPMB,Male,No,No,No,2259
9030-QGZNL,Female,No,No,No,2260
6204-IEUXJ,Female,No,No,No,2261
3126-WQMGH,Female,No,Yes,No,2262
4529-CKBCL,Female,No,No,No,2263
2506-CLAKW,Female,No,No,No,2264
7176-WRTNX,Male,No,No,No,2265
1583-IHQZE,Male,No,No,No,2266
5732-IKGQH,Male,Yes,Yes,No,2267
9239-GZHZE,Female,No,Yes,No,2268
7205-BAIAD,Female,No,No,No,2269
0151-ONTOV,Female,No,No,No,2270
4140-MUHUG,Female,Yes,No,No,2271
0093-EXYQL,Female,Yes,No,No,2272
8064-RAVOH,Male,No,No,Yes,2273
0219-QAERP,Male,No,Yes,No,2274
0320-JDNQG,Male,No,Yes,Yes,2275
7180-PISOG,Male,No,Yes,Yes,2276
9168-INPSZ,Female,Yes,Yes,No,2277
3571-RFHAR,Male,No,No,No,2278
0015-UOCOJ,Female,Yes,No,No,2279
5334-AFQJB,Male,Yes,No,No,2280
2754-SDJRD,Female,Yes,No,No,2281
9578-VRMNM,Female,No,No,No,2282
1587-FKLZB,Male,Yes,Yes,Yes,2283
6140-QNRQQ,Male,No,No,No,2284
8963-JLGJT,Male,No,No,Yes,2285
4307-KTUMW,Male,No,Yes,No,2286
1465-LNTLJ,Male,Yes,Yes,No,2287
5440-FLBQG,Male,Yes,Yes,No,2288
2135-DQWAQ,Female,No,No,No,2289
4056-QHXHZ,Female,No,Yes,Yes,2290
7470-MCQTK,Female,No,Yes,No,2291
7488-MXJIV,Female,No,No,No,2292
7401-JIXNM,Female,No,Yes,Yes,2293
9339-FIIJL,Male,No,Yes,No,2294
2027-FECZV,Male,No,No,No,2295
2672-DZUOY,Male,No,No,No,2296
4706-DGAHW,Male,Yes,No,No,2297
3870-MQAMG,Female,No,Yes,No,2298
6670-MFRPK,Male,No,Yes,Yes,2299
6177-PEVRA,Female,No,No,No,2300
4800-CZMPC,Female,No,Yes,Yes,2301
4813-HQMGZ,Female,No,Yes,No,2302
7579-KKLOE,Male,No,Yes,Yes,2303
7377-DMMRI,Male,No,No,No,2304
8402-EIVQS,Male,No,Yes,No,2305
4947-DSMXK,Male,No,Yes,Yes,2306
7245-NIIWQ,Female,No,No,No,2307
0002-ORFBO,Female,No,Yes,Yes,2308
3324-OIRTO,Male,No,Yes,Yes,2309
5414-OFQCB,Male,No,No,No,2310
4967-WPNCF,Male,No,No,No,2311
8552-OBVRU,Female,Yes,Yes,Yes,2312
8499-BRXTD,Male,No,No,No,2313
9154-QDGTH,Male,No,Yes,Yes,2314
8197-BFWVU,Female,No,Yes,Yes,2315
2577-GVSIL,Male,No,Yes,Yes,2316
9367-OIUXP,Male,No,No,No,2317
6770-UAYGJ,Female,No,Yes,Yes,2318
6463-HHXJR,Female,No,Yes,Yes,2319
7928-VJYAB,Male,No,Yes,Yes,2320
1187-WILMM,Male,No,Yes,Yes,2321
9776-OJUZI,Female,Yes,No,No,2322
1306-RPWXZ,Female,No,No,Yes,2323
8949-JTMAY,Female,No,No,No,2324
2774-LVQUS,Female,Yes,Yes,No,2325
3097-PYWXL,Female,No,Yes,Yes,2326
2266-SJNAT,Female,No,Yes,No,2327
0869-PAPRP,Female,Yes,Yes,No,2328
4238-JSSWH,Female,Yes,Yes,No,2329
2972-YDYUW,Female,No,No,No,2330
1104-FEJAM,Male,No,Yes,Yes,2331
2809-ILCYT,Female,No,Yes,No,2332
5499-ECUTN,Female,No,Yes,No,2333
4981-FLTMF,Female,No,Yes,Yes,2334
9121-PHQSR,Male,Yes,Yes,No,2335
3113-IWHLC,Male,No,No,No,2336
3211-ILJTT,Male,No,Yes,No,2337
4612-THJBS,Female,Yes,No,No,2338
4277-BWBML,Male,No,Yes,Yes,2339
4094-NSEDU,Female,Yes,No,No,2340
0234-TEVTT,Female,No,Yes,Yes,2341
4304-TSPVK,Female,No,Yes,No,2342
1552-AAGRX,Female,No,No,No,2343
2637-FKFSY,Female,No,Yes,No,2344
9796-MVYXX,Female,Yes,No,No,2345
7874-ECPQJ,Female,No,No,Yes,2346
0020-INWCK,Female,No,Yes,Yes,2347
7089-RKVSZ,Male,No,Yes,Yes,2348
2683-JXWQQ,Male,No,Yes,Yes,2349
9548-ZMVTX,Male,No,Yes,Yes,2350
8739-XNIKG,Female,No,No,No,2351
9755-JHNMN,Female,No,No,No,2352
3981-QSVQI,Male,No,No,No,2353
2789-HQBOU,Male,No,No,No,2354
9424-CMPOG,Male,No,Yes,Yes,2355
5067-WJEUN,Male,No,Yes,Yes,2356
3450-WXOAT,Male,No,No,No,2357
9251-WNSOD,Female,No,Yes,No,2358
6974-DAFLI,Female,No,Yes,No,2359
2616-UUTFK,Male,No,Yes,No,2360
7064-JHXCE,Male,No,Yes,Yes,2361
5103-MHMHY,Female,No,No,Yes,2362
7989-AWGEH,Male,No,Yes,Yes,2363
4373-VVHQL,Male,No,No,No,2364
4559-UWIHT,Male,No,Yes,No,2365
7268-IGMFD,Male,Yes,No,No,2366
1846-XWOQN,Female,Yes,No,No,2367
0235-KGSLC,Female,No,No,No,2368
6650-BWFRT,Female,No,Yes,No,2369
9570-KYEUA,Male,No,No,No,2370
6993-YGFJV,Male,No,Yes,No,2371
2712-SYWAY,Female,No,No,No,2372
0730-BGQGF,Male,No,Yes,Yes,2373
5498-IBWPI,Female,No,Yes,Yes,2374
9101-NTIXF,Male,No,No,No,2375
0013-SMEOE,Female,Yes,Yes,No,2376
9314-QDMDW,Male,No,No,No,2377
9308-ANMVE,Male,No,No,Yes,2378
2884-GBPFB,Female,No,Yes,No,2379
3757-NJYBX,Male,Yes,Yes,No,2380
3413-DHLPB,Male,No,Yes,Yes,2381
7649-PHJVR,Male,No,No,No,2382
6114-TCFID,Female,No,No,No,2383
3787-TRIAL,Male,No,Yes,Yes,2384
2573-GYRUU,Male,Yes,Yes,No,2385
5156-UMKOW,Female,No,No,Yes,2386
1247-QBVSH,Female,No,Yes,Yes,2387
6734-GMPVK,Male,No,No,No,2388
9822-OAOVB,Female,No,No,No,2389
6161-ERDGD,Male,No,Yes,Yes,2390
1226-JZNKR,Female,No,Yes,Yes,2391
7318-EIVKO,Male,No,No,No,2392
3771-PZOBW,Male,No,No,No,2393
5136-KCKGI,Female,No,Yes,Yes,2394
8231-BSWXX,Male,No,No,No,2395
6486-LHTMA,Female,Yes,Yes,No,2396
4083-BFNYK,Female,Yes,Yes,No,2397
3722-WPXTK,Male,No,No,No,2398
7389-KBFIT,Female,No,Yes,Yes,2399
7176-WIONM,Female,No,Yes,No,2400
5141-ZUVBH,Female,No,No,Yes,2401
1089-HDMKP,Male,Yes,No,Yes,2402
7623-HKYRK,Male,No,No,Yes,2403
0310-SUCIN,Female,No,Yes,No,2404
5197-PYEPU,Female,No,Yes,Yes,2405
2929-ERCFZ,Female,No,Yes,Yes,2406
7548-SEPYI,Female,No,No,No,2407
8835-VSDSE,Female,No,Yes,No,2408
6619-RPLQZ,Female,No,Yes,Yes,2409
3275-RHRNE,Male,No,Yes,Yes,2410
3503-TYDAY,Female,No,Yes,No,2411
6901-GOGZG,Male,No,No,Yes,2412
1623-NLDOT,Female,No,Yes,No,2413
7021-XSNYE,Male,No,Yes,Yes,2414
9621-OUPYD,Female,No,Yes,No,2415
9898-KZQDZ,Female,Yes,Yes,Yes,2416
8982-NHAVY,Male,No,No,No,2417
4307-KWMXE,Male,No,No,No,2418
0141-YEAYS,Female,Yes,No,No,2419
2450-ZKEED,Female,No,No,No,2420
3694-DELSO,Male,No,Yes,Yes,2421
3893-JRNFS,Male,No,No,No,2422
9603-OAIHC,Male,Yes,No,No,2423
1133-KXCGE,Female,No,No,No,2424
5236-PERKL,Female,No,No,No,2425
0142-GVYSN,Male,No,No,No,2426
1049-FYSYG,Female,No,Yes,No,2427
7854-FOKSF,Male,No,No,No,2428
2519-FAKOD,Male,No,No,Yes,2429
8406-LNMHF,Male,Yes,Yes,No,2430
1821-BUCWY,Male,No,No,No,2431
8263-JQAIK,Male,Yes,No,No,2432
0023-UYUPN,Female,Yes,Yes,No,2433
8314-DPQHL,Male,No,No,No,2434
1465-WCZVT,Female,No,Yes,Yes,2435
9481-SFCQY,Female,No,No,Yes,2436
6360-SVNWV,Female,Yes,No,No,2437
0567-GGCAC,Female,No,No,No,2438
7089-IVVAZ,Female,No,No,No,2439
8884-MRNSU,Male,No,Yes,Yes,2440
2171-UDMFD,Male,No,Yes,Yes,2441
9050-IKDZA,Female,Yes,No,No,2442
2205-YMZZJ,Male,Yes,No,No,2443
9802-CAQUT,Female,No,Yes,Yes,2444
1254-IZEYF,Female,Yes,No,No,2445
0187-WZNAB,Female,No,Yes,Yes,2446
9492-TOKRI,Female,No,No,No,2447
1475-VWVDO,Male,No,No,No,2448
9221-OTIVJ,Female,Yes,No,No,2449
1357-MVDOZ,Male,No,Yes,Yes,2450
7602-MVRMB,Female,No,Yes,Yes,2451
3325-FUYCG,Male,No,Yes,Yes,2452
5908-QMGOE,Male,Yes,No,No,2453
1197-BVMVG,Female,Yes,No,No,2454
5406-KGRMX,Female,No,No,No,2455
8481-YYXWG,Female,No,No,No,2456
5968-HYJRZ,Male,No,Yes,Yes,2457
5198-EFNBM,Male,Yes,Yes,No,2458
7516-GMHUV,Male,Yes,Yes,No,2459
7140-ADSMJ,Male,No,No,No,2460
2230-XTUWL,Female,No,Yes,Yes,2461
7706-YLMQA,Female,No,No,No,2462
2585-KTFRE,Male,No,No,Yes,2463
7994-UYIVZ,Male,No,Yes,No,2464
2609-IAICY,Female,No,No,No,2465
1740-CSDJP,Male,No,No,No,2466
7717-BICXI,Male,No,Yes,Yes,2467
6559-RAKOZ,Male,No,Yes,Yes,2468
2636-OHFMN,Male,No,Yes,No,2469
4716-MRVEN,Female,No,No,No,2470
2143-LJULT,Female,No,Yes,No,2471
1323-OOEPC,Female,No,Yes,No,2472
3200-MNQTF,Male,No,Yes,No,2473
6164-HXUGH,Female,No,Yes,Yes,2474
5630-IXDXV,Female,No,No,No,2475
0320-DWVTU,Female,No,No,No,2476
9135-MGVPY,Male,No,Yes,No,2477
1212-GLHMD,Male,No,No,No,2478
7878-JGDKK,Male,No,No,No,2479
1088-AUUZZ,Male,No,Yes,Yes,2480
0397-GZBBC,Male,Yes,Yes,No,2481
6614-YWYSC,Male,Yes,Yes,No,2482
9588-OZDMQ,Female,No,Yes,No,2483
7641-EUYET,Male,Yes,Yes,Yes,2484
6476-EPYZR,Male,No,Yes,Yes,2485
9921-ZVRHG,Female,No,No,No,2486
1174-FGIFN,Female,No,Yes,Yes,2487
6620-HVDUJ,Male,No,No,No,2488
4701-MLJPN,Male,No,No,No,2489
1032-MAELW,Female,No,Yes,Yes,2490
7641-TQFHN,Male,No,No,Yes,2491
1552-TKMXS,Female,No,Yes,No,2492
9206-GVPEQ,Male,No,Yes,No,2493
8622-ZLFKO,Female,No,Yes,No,2494
1596-BBVTG,Male,No,No,No,2495
6188-UXBBR,Female,No,Yes,No,2496
2333-KWEWW,Male,No,No,No,2497
5702-SKUOB,Female,No,Yes,No,2498
1134-YWTYF,Male,No,Yes,No,2499
6061-GWWAV,Male,No,No,Yes,2500
0679-TDGAK,Male,No,Yes,Yes,2501
6585-WCEWR,Male,No,Yes,Yes,2502
9067-YGSCA,Female,No,No,No,2503
9067-SQTNS,Male,No,Yes,Yes,2504
8433-WXGNA,Male,No,No,No,2505
1776-SPBWV,Female,No,Yes,Yes,2506
8735-SDUFN,Female,Yes,Yes,No,2507
9668-PUGNU,Male,No,Yes,No,2508
9405-GPBBG,Female,No,No,No,2509
1926-QUZNN,Female,No,Yes,No,2510
3707-GNWHM,Male,No,No,No,2511
7016-NVRIC,Male,Yes,Yes,No,2512
5829-NVSQN,Female,No,Yes,No,2513
9565-AXSMR,Male,No,Yes,Yes,2514
8922-LIEGH,Female,Yes,No,No,2515
8869-LIHMK,Female,No,No,No,2516
8245-UMPYT,Female,Yes,No,No,2517
5186-SAMNZ,Male,Yes,No,No,2518
0447-RXSGD,Male,No,No,No,2519
4927-WWOOZ,Male,No,Yes,No,2520
5788-YPOEG,Female,No,Yes,Yes,2521
5373-SFODM,Male,Yes,Yes,No,2522
0661-KBKPA,Male,No,Yes,Yes,2523
9081-WWXKP,Female,No,Yes,Yes,2524
0784-ZQJZX,Male,No,No,Yes,2525
3133-PZNSR,Male,No,Yes,Yes,2526
5766-ZJYBB,Male,No,No,No,2527
8931-GJJIQ,Female,No,No,No,2528
4277-PVRAN,Female,No,No,No,2529
0022-TCJCI,Male,Yes,No,No,2530
0722-SVSFK,Female,No,No,No,2531
3612-YVGSJ,Female,No,Yes,No,2532
9825-YCXWZ,Female,Yes,No,No,2533
5397-NSKQG,Male,No,Yes,Yes,2534
8565-HBFNN,Male,No,Yes,No,2535
2000-DHJUY,Female,Yes,Yes,No,2536
0203-HHYIJ,Male,No,No,No,2537
8670-ERCJH,Male,No,No,No,2538
7758-UJWYS,Male,No,Yes,Yes,2539
2050-ONYDQ,Female,No,Yes,Yes,2540
7055-JCGNI,Female,No,No,No,2541
0739-UUAJR,Female,No,Yes,Yes,2542
4826-DXMUP,Male,No,No,Yes,2543
0952-KMEEH,Male,No,No,No,2544
7285-KLOTR,Female,No,Yes,No,2545
0654-PQKDW,Female,No,Yes,Yes,2546
7175-NTIXE,Female,No,No,No,2547
7963-SHNDT,Female,No,No,No,2548
9796-BPKIW,Male,Yes,No,No,2549
0188-GWFLE,Male,No,No,No,2550
8129-GMVGI,Female,No,Yes,Yes,2551
2882-DDZPG,Female,No,No,No,2552
3547-LQRIK,Female,No,Yes,No,2553
9137-NOQKA,Male,Yes,No,No,2554
5843-TTHGI,Female,No,No,No,2555
1849-RJYIG,Female,No,No,No,2556
8868-GAGIO,Male,No,Yes,No,2557
4061-UKJWL,Male,No,No,No,2558
5380-XPJNZ,Female,No,No,No,2559
8263-QMNTJ,Male,No,Yes,No,2560
8178-EYZUO,Male,No,No,No,2561
3230-JCNZS,Female,No,Yes,Yes,2562
0277-ORXQS,Male,No,Yes,Yes,2563
5130-IEKQT,Male,Yes,No,No,2564
3230-WYKIR,Male,No,No,No,2565
7996-BPXHY,Female,No,Yes,Yes,2566
3227-WLKLI,Female,No,Yes,Yes,2567
0407-BDJKB,Male,No,Yes,No,2568
2266-FUBDZ,Male,No,Yes,Yes,2569
8237-ULIXL,Female,No,Yes,No,2570
9600-UDOPK,Male,No,Yes,No,2571
8216-AZUUZ,Female,No,Yes,Yes,2572
9153-BTBVV,Female,No,Yes,No,2573
4074-SJFFA,Female,No,No,No,2574
3269-ATYWD,Male,Yes,No,No,2575
5186-PEIZU,Female,No,No,No,2576
1074-AMIOH,Female,No,Yes,Yes,2577
4910-GMJOT,Female,No,No,No,2578
0354-WYROK,Female,Yes,Yes,Yes,2579
4361-FEBGN,Male,No,No,No,2580
7748-UMTRK,Female,Yes,No,Yes,2581
0380-ZCSBI,Male,No,No,No,2582
7145-FEJWU,Female,No,No,Yes,2583
6463-MVYRY,Female,Yes,No,No,2584
3969-JQABI,Female,No,Yes,No,2585
9624-EGDEQ,Female,No,No,No,2586
1051-EQPZR,Female,No,Yes,Yes,2587
5849-ASHZJ,Male,No,No,Yes,2588
5780-INQIK,Female,No,No,No,2589
7576-OYWBN,Male,Yes,No,No,2590
4526-ZJJTM,Female,Yes,Yes,No,2591
8384-FZBJK,Female,No,Yes,Yes,2592
3750-RNQKR,Female,No,No,No,2593
0962-CQPWQ,Female,No,Yes,Yes,2594
3096-YXENJ,Female,No,Yes,No,2595
1265-BCFEO,Female,No,Yes,No,2596
5837-LXSDN,Female,No,Yes,Yes,2597
5945-AZYHT,Male,No,Yes,No,2598
8325-QRPZR,Female,No,No,No,2599
6384-VMJHP,Female,No,No,No,2600
2262-SLNVK,Female,No,No,No,2601
7730-CLDSV,Female,No,Yes,Yes,2602
1135-HIORI,Female,No,Yes,Yes,2603
0164-APGRB,Female,No,No,No,2604
6481-ESCNL,Female,No,No,No,2605
1790-NESIO,Female,No,No,No,2606
1550-EENBN,Female,No,No,No,2607
5539-TMZLF,Male,Yes,No,No,2608
4323-SADQS,Male,No,Yes,Yes,2609
4446-BZKHU,Male,No,Yes,No,2610
5202-IVJNU,Female,No,No,Yes,2611
5976-JCJRH,Male,No,Yes,No,2612
8198-RKSZG,Female,No,Yes,Yes,2613
0137-OCGAB,Female,No,No,No,2614
3351-NQLDI,Female,No,Yes,Yes,2615
9297-EONCV,Female,No,No,No,2616
7593-JNWRU,Male,No,Yes,Yes,2617
4588-YBNIB,Female,No,No,No,2618
1069-QJOEE,Male,No,Yes,Yes,2619
3336-JORSO,Female,Yes,No,No,2620
7799-DSEWS,Male,No,No,No,2621
8766-PAFNE,Male,No,Yes,No,2622
5315-CKEQK,Male,Yes,Yes,Yes,2623
3130-ICDUP,Female,No,No,Yes,2624
0820-FNRNX,Male,No,Yes,Yes,2625
0880-FVFWF,Male,No,No,No,2626
4611-ANLQC,Female,No,Yes,No,2627
4213-HKBJO,Female,No,No,No,2628
2792-LSHWX,Female,No,No,No,2629
5028-GZLDO,Male,No,No,No,2630
0014-BMAQU,Male,No,Yes,No,2631
6861-XWTWQ,Male,Yes,Yes,No,2632
9018-PCIOK,Female,No,No,No,2633
4837-QUSFT,Female,No,Yes,No,2634
6877-TJMBR,Male,No,Yes,No,2635
9953-ZMKSM,Male,No,No,No,2636
0907-HQNTS,Female,Yes,Yes,No,2637
7665-NKLAV,Female,No,Yes,Yes,2638
6769-DCQLI,Male,No,No,No,2639
2433-KMEAS,Male,No,No,No,2640
4391-LNRXK,Male,No,No,No,2641
8250-ZNGGW,Female,Yes,No,No,2642
2195-ZRVAX,Female,No,Yes,No,2643
3550-SAHFP,Female,No,No,No,2644
2011-TRQYE,Male,No,No,No,2645
8562-GHPPI,Female,No,No,No,2646
5893-PYOLZ,Male,No,No,No,2647
4986-MXSFP,Female,No,No,No,2648
6131-FOYAS,Male,No,No,No,2649
3027-YNWZU,Female,No,Yes,No,2650
5609-IMCGG,Female,No,No,No,2651
4873-ILOLJ,Male,No,No,No,2652
4727-MCYZG,Male,No,No,No,2653
9481-WHGWY,Female,No,Yes,Yes,2654
2725-KXXWT,Male,No,Yes,No,2655
9565-DJPIB,Female,No,No,Yes,2656
4328-VUFWD,Female,No,No,No,2657
3301-LSLWQ,Female,No,No,No,2658
7473-ZBDSN,Female,No,Yes,Yes,2659
3166-PNEOF,Female,No,No,No,2660
5639-NTUPK,Male,No,No,Yes,2661
8780-YRMTT,Female,No,No,No,2662
8348-HFYIV,Male,No,No,No,2663
5140-FOMCQ,Female,No,Yes,No,2664
6242-SGYTS,Male,No,Yes,Yes,2665
8166-ORCHU,Male,Yes,Yes,No,2666
8414-OOEEL,Male,No,No,Yes,2667
8454-AATJP,Female,No,No,No,2668
6849-WLEYG,Male,No,No,Yes,2669
4659-NZRUF,Female,No,No,No,2670
4531-AUZNK,Female,No,Yes,Yes,2671
4191-XOVOM,Male,No,No,No,2672
2150-OEGBV,Male,No,No,No,2673
8429-XIBUM,Male,No,No,No,2674
1855-CFULU,Female,Yes,No,No,2675
4878-BUNFV,Male,No,Yes,Yes,2676
1872-EBWSC,Female,No,No,No,2677
2608-BHKFN,Female,No,No,No,2678
7026-YMSBE,Male,No,No,No,2679
7341-LXCAF,Male,No,Yes,No,2680
6997-UVGOX,Male,No,Yes,Yes,2681
9674-EHPPG,Male,No,Yes,No,2682
9462-MJUAW,Male,No,No,No,2683
8128-YVJRG,Female,No,No,No,2684
5440-VHLUL,Male,No,No,No,2685
5781-BKHOP,Female,No,Yes,No,2686
4283-FUTGF,Male,Yes,No,No,2687
5213-TWWJU,Male,No,No,No,2688
1569-TTNYJ,Male,No,Yes,No,2689
8628-MFKAX,Female,Yes,Yes,No,2690
2397-BRLOM,Male,Yes,Yes,Yes,2691
7629-WIXZF,Female,No,No,No,2692
5445-GLVOT,Female,No,No,No,2693
3976-HXHCE,Male,No,No,No,2694
2466-NEJOJ,Male,No,Yes,Yes,2695
0254-KCJGT,Male,No,Yes,No,2696
5472-CVMDX,Female,No,No,No,2697
6461-SZMCV,Female,No,Yes,No,2698
8150-QUDFX,Male,No,No,No,2699
9508-ILZDG,Female,Yes,No,No,2700
2346-DJQTB,Female,No,No,No,2701
1697-LYYYX,Female,No,Yes,Yes,2702
1942-OQFRW,Male,No,No,No,2703
4749-VFKVB,Female,No,No,No,2704
9640-ZSLDC,Female,No,Yes,Yes,2705
4231-LZUYM,Female,No,Yes,No,2706
7598-UAASY,Male,No,Yes,No,2707
7938-OUHIO,Male,No,No,No,2708
8510-AWCXC,Female,Yes,No,No,2709
6128-AQBMT,Male,Yes,Yes,No,2710
3594-BDSOA,Female,No,Yes,No,2711
0431-APWVY,Female,No,Yes,Yes,2712
5133-VRSAB,Male,No,No,No,2713
5996-DAOQL,Male,No,No,No,2714
6838-YAUVY,Female,No,No,No,2715
0484-JPBRU,Male,No,No,No,2716
7883-ROJOC,Female,No,Yes,No,2717
0244-LGNFY,Female,No,Yes,Yes,2718
7274-CGTOD,Male,No,No,No,2719
4295-YURET,Female,Yes,Yes,Yes,2720
3426-NIYYL,Male,No,No,No,2721
8225-BTJAU,Male,Yes,No,No,2722
4635-EJYPD,Male,No,Yes,Yes,2723
1866-ZSLJM,Male,No,No,No,2724
4636-TVXVG,Male,No,Yes,Yes,2725
4236-UJPWO,Female,No,No,No,2726
9392-XBGTD,Male,No,No,Yes,2727
3387-VATUS,Male,No,No,No,2728
6402-SSEJG,Female,No,No,No,2729
1143-NMNQJ,Female,No,No,No,2730
1169-SAOCL,Male,No,No,No,2731
1110-KYLGQ,Female,No,No,No,2732
9929-PLVPA,Female,No,No,Yes,2733
3518-PZXZQ,Female,No,Yes,No,2734
2371-JUNGC,Male,No,No,No,2735
7693-QPEFS,Male,Yes,No,No,2736
0924-BJCRC,Female,Yes,Yes,No,2737
5074-FBGHB,Male,No,No,No,2738
2351-BKRZW,Female,No,Yes,Yes,2739
4455-BFSPD,Female,No,Yes,No,2740
0415-MOSGF,Female,No,No,No,2741
1724-BQUHA,Male,Yes,No,No,2742
3948-KXDUF,Male,No,No,No,2743
2323-ARSVR,Male,No,Yes,No,2744
0815-MFZGM,Female,No,Yes,No,2745
4826-XTSOH,Male,Yes,Yes,No,2746
5480-XTFFL,Female,No,Yes,Yes,2747
8295-FHIVV,Male,No,No,No,2748
2495-INZWQ,Male,No,No,No,2749
9086-YJYXS,Male,No,Yes,Yes,2750
1179-INLAT,Male,No,No,No,2751
7909-FIOIY,Female,No,Yes,Yes,2752
4139-SUGLD,Male,No,Yes,Yes,2753
6857-VWJDT,Female,No,No,No,2754
6351-SCJKT,Male,No,No,No,2755
5468-BPMMO,Male,No,Yes,No,2756
5624-BQSSA,Female,No,No,No,2757
0197-PNKNK,Female,No,Yes,Yes,2758
2439-QKJUL,Male,No,No,No,2759
1194-SPVSP,Male,No,No,No,2760
9534-NSXEM,Male,No,No,No,2761
2408-WITXK,Female,Yes,No,No,2762
8929-KSWIH,Male,No,No,No,2763
2250-IVBWA,Male,No,Yes,Yes,2764
1810-MVMAI,Male,No,Yes,Yes,2765
9506-UXUSK,Male,No,No,No,2766
1229-RCALF,Female,No,Yes,No,2767
3572-UOLYZ,Female,No,No,Yes,2768
1429-UYJSV,Female,No,No,No,2769
5577-OTWWW,Female,No,No,No,2770
6100-QQHEB,Male,No,Yes,Yes,2771
6366-XIVKZ,Female,No,Yes,Yes,2772
3470-OBUET,Female,No,Yes,Yes,2773
2770-NSVDG,Male,No,Yes,No,2774
9375-MHRRS,Male,No,No,No,2775
2634-HCZGT,Male,Yes,Yes,No,2776
7503-QQRVF,Male,Yes,Yes,No,2777
4860-YZGZM,Male,No,No,No,2778
6599-GZWCM,Female,No,No,No,2779
2691-NZETQ,Male,No,No,No,2780
4404-HIBDJ,Female,No,No,No,2781
5533-NHFRF,Male,Yes,No,No,2782
7037-MTYVW,Male,No,Yes,Yes,2783
4760-THGOT,Female,No,Yes,No,2784
7295-JOMMD,Female,No,No,Yes,2785
4016-BJKTZ,Female,No,No,No,2786
6584-VQMYT,Male,No,No,Yes,2787
9838-BFCQT,Male,No,Yes,Yes,2788
2790-XUYMV,Male,No,No,Yes,2789
0581-MDMPW,Female,No,No,No,2790
5013-SBUIH,Female,No,No,No,2791
1023-BQXZE,Male,No,No,No,2792
9163-GHAYE,Female,No,No,No,2793
3904-UKFRE,Male,No,No,No,2794
5353-WILCI,Female,No,No,No,2795
0709-TVGUR,Female,Yes,No,No,2796
0058-EVZWM,Female,No,Yes,No,2797
6023-YEBUP,Male,No,No,No,2798
7209-JCUDS,Male,No,No,No,2799
7009-PCARS,Male,No,No,Yes,2800
0519-DRGTI,Female,No,Yes,Yes,2801
1017-FBQMM,Female,No,Yes,Yes,2802
3001-CBHLQ,Male,Yes,Yes,No,2803
1985-MBRYP,Female,No,No,No,2804
6158-DWPZT,Male,No,Yes,No,2805
9372-TXXPS,Female,No,Yes,No,2806
3259-QMXUN,Male,No,Yes,No,2807
1015-JPFYW,Male,No,No,Yes,2808
6645-MXQJT,Male,No,Yes,Yes,2809
4360-QRAVE,Male,Yes,No,No,2810
8433-WPJTV,Female,Yes,Yes,Yes,2811
5804-JMYIO,Female,No,Yes,Yes,2812
3763-GCZHZ,Male,No,Yes,No,2813
6484-LATFU,Male,No,No,No,2814
7599-NTMDP,Female,No,Yes,Yes,2815
0772-GYEQQ,Male,No,No,No,2816
0536-ACXIP,Female,No,Yes,No,2817
0936-NQLJU,Female,No,Yes,No,2818
4831-EOBFE,Male,No,Yes,Yes,2819
1575-KRZZE,Female,No,No,No,2820
3251-YMVWZ,Male,No,No,No,2821
4102-OQUPX,Male,Yes,Yes,No,2822
9170-GYZJC,Female,No,Yes,Yes,2823
4884-LEVMQ,Male,No,Yes,No,2824
8857-CUPFQ,Male,No,Yes,No,2825
7610-TVOPG,Male,No,No,No,2826
3638-DIMPH,Female,No,Yes,No,2827
1845-ZLLIG,Male,No,No,No,2828
8559-WNQZS,Male,No,No,No,2829
3999-QGRJH,Male,Yes,No,No,2830
1699-UOTXU,Male,No,No,No,2831
2454-RPBRZ,Female,Yes,Yes,No,2832
0635-WKOLD,Male,No,Yes,No,2833
5993-JSUWV,Female,No,No,No,2834
4518-FZBSX,Male,No,Yes,Yes,2835
5387-ASZNZ,Female,Yes,No,No,2836
6988-CJEYV,Male,No,No,No,2837
2002-MZHWP,Female,No,No,No,2838
3097-FQTVJ,Female,No,No,No,2839
5465-BUBFA,Female,No,Yes,Yes,2840
7299-GNVPL,Female,No,Yes,Yes,2841
9743-DQKQW,Male,No,No,No,2842
1215-VFYVK,Female,No,No,No,2843
9371-BITHB,Female,No,Yes,Yes,2844
2265-CYWIV,Female,Yes,Yes,No,2845
9093-FPDLG,Female,No,No,No,2846
0541-FITGH,Female,No,Yes,No,2847
6985-HAYWX,Female,No,Yes,No,2848
7508-KBIMB,Male,No,Yes,Yes,2849
6838-HVLXG,Female,No,No,No,2850
2277-DJJDL,Male,Yes,Yes,No,2851
1897-OKVMW,Female,No,Yes,Yes,2852
5485-ITNPC,Male,No,Yes,No,2853
0233-FTHAV,Female,No,No,No,2854
4644-PIZRT,Male,No,Yes,Yes,2855
8922-NPKBJ,Male,No,Yes,Yes,2856
2740-TVLFN,Male,No,No,No,2857
7771-CFQRQ,Female,No,Yes,Yes,2858
9512-PHSMG,Female,No,Yes,No,2859
6963-EZQEE,Male,Yes,Yes,No,2860
2452-KDRRH,Male,Yes,No,No,2861
2004-OCQXK,Female,No,No,No,2862
5027-QPKTE,Male,No,Yes,No,2863
4146-SVFUD,Male,No,No,No,2864
1564-HJUVY,Male,No,No,No,2865
3617-XLSGQ,Female,No,Yes,Yes,2866
7517-LDMPS,Female,No,No,No,2867
7244-KXYZN,Female,No,No,No,2868
5226-NOZFC,Male,No,No,No,2869
2672-HUYVI,Female,No,No,No,2870
1400-WIVLL,Male,No,Yes,No,2871
7508-MYBOG,Male,No,Yes,No,2872
8148-NLEGT,Female,No,Yes,Yes,2873
0148-DCDOS,Male,No,No,No,2874
8347-GDTMP,Female,No,Yes,No,2875
9992-RRAMN,Male,No,Yes,No,2876
6746-WAUWT,Male,No,No,No,2877
0310-MVLET,Female,No,Yes,Yes,2878
0428-IKYCP,Male,No,Yes,No,2879
4550-VBOFE,Male,Yes,Yes,No,2880
2187-PKZAY,Male,No,No,No,2881
4003-OCTMP,Female,No,Yes,No,2882
6652-YFFJO,Female,No,No,No,2883
7225-IILWY,Male,No,Yes,Yes,2884
5248-RPYWW,Female,Yes,Yes,Yes,2885
7923-IYJWY,Male,Yes,No,No,2886
3170-GWYKC,Female,No,No,No,2887
5696-QURRL,Male,No,No,No,2888
7409-KIUTL,Female,Yes,No,Yes,2889
9830-ECLEN,Male,No,Yes,Yes,2890
1732-VHUBQ,Female,Yes,Yes,Yes,2891
0495-RVCBF,Female,No,No,No,2892
2668-TZSPS,Male,No,No,No,2893
7854-EDSSA,Male,No,No,No,2894
8869-TORSS,Female,No,No,No,2895
7446-SFAOA,Female,No,Yes,No,2896
9522-ZSINC,Male,No,No,No,2897
8234-GSZYK,Male,No,No,No,2898
6505-OZNPG,Female,No,No,No,2899
6164-HAQTX,Male,No,No,No,2900
0679-IDSTG,Female,Yes,Yes,Yes,2901
7765-LWVVH,Female,No,Yes,Yes,2902
1658-TJVOA,Female,Yes,No,No,2903
0953-LGOVU,Male,No,Yes,Yes,2904
2115-BFTIW,Male,No,No,No,2905
4692-NNQRU,Female,No,Yes,No,2906
7742-MYPGI,Female,No,Yes,Yes,2907
0611-DFXKO,Male,No,Yes,No,2908
7780-OTDSO,Male,No,Yes,No,2909
9619-GSATL,Female,No,No,No,2910
5622-UEJFI,Female,No,Yes,Yes,2911
9747-DDZOS,Female,No,No,No,2912
0674-DGMAQ,Male,Yes,Yes,No,2913
6203-HBZPA,Male,No,No,No,2914
0484-FFVBJ,Male,No,No,No,2915
0301-FIDRB,Female,No,Yes,Yes,2916
4139-JPIAM,Male,No,No,No,2917
2181-TIDSV,Male,No,Yes,Yes,2918
2761-XECQW,Male,Yes,Yes,No,2919
1936-CZAKF,Male,No,Yes,No,2920
9453-PATOS,Female,No,Yes,No,2921
0564-JJHGS,Male,No,No,No,2922
3348-CFRNX,Female,No,Yes,No,2923
4402-FTBXC,Male,No,No,No,2924
1428-GTBJJ,Male,No,No,No,2925
2931-XIQBR,Female,No,Yes,Yes,2926
0106-UGRDO,Female,No,Yes,No,2927
5542-TBBWB,Male,No,No,No,2928
1930-QPBVZ,Male,No,Yes,Yes,2929
2606-PKWJB,Male,No,No,Yes,2930
5322-ZSMZY,Male,No,Yes,Yes,2931
8059-UDZFY,Female,Yes,No,Yes,2932
7740-BTPUX,Male,Yes,Yes,No,2933
5220-AGAAX,Male,No,Yes,Yes,2934
0208-BPQEJ,Female,No,Yes,Yes,2935
9435-JMLSX,Male,No,Yes,No,2936
3352-ALMCK,Male,No,No,No,2937
5312-IRCFR,Female,No,Yes,Yes,2938
5294-IMHHT,Male,No,Yes,No,2939
8802-UNOJF,Male,Yes,No,No,2940
6313-GIDIT,Male,Yes,No,No,2941
6176-YJWAS,Male,No,Yes,No,2942
5310-NOOVA,Male,No,No,No,2943
4526-EXKKN,Male,No,No,No,2944
5311-IHLEI,Male,No,No,No,2945
3987-KQDDU,Male,No,No,No,2946
3404-JNXAX,Female,No,Yes,Yes,2947
5131-PONJI,Male,No,Yes,Yes,2948
2845-AFFTX,Male,Yes,Yes,No,2949
3489-VSFRD,Female,No,No,No,2950
3345-JHUEO,Male,No,No,No,2951
5815-HGGHV,Male,No,Yes,No,2952
5260-UMPWX,Female,No,Yes,Yes,2953
2249-YPRNG,Female,No,Yes,Yes,2954
7410-YTJIK,Female,No,No,No,2955
4626-GYCZP,Male,No,No,No,2956
5649-RXQTV,Male,No,No,No,2957
2674-MIAHT,Female,No,No,No,2958
2576-HXMPA,Female,No,No,No,2959
7587-AOVVU,Male,No,Yes,Yes,2960
5590-BYNII,Male,No,No,No,2961
6898-MDLZW,Male,No,No,No,2962
3237-AJGEH,Female,No,Yes,Yes,2963
4707-YNOQA,Female,No,Yes,Yes,2964
9357-UJRUN,Male,No,Yes,No,2965
1591-NFNLQ,Male,No,No,No,2966
8648-PFRMP,Female,Yes,No,No,2967
7663-CUXZB,Male,No,Yes,No,2968
0258-NOKBL,Male,No,No,No,2969
1163-VIPRI,Female,No,Yes,Yes,2970
2815-CPTUL,Male,Yes,No,No,2971
9348-ROUAI,Female,No,Yes,Yes,2972
9443-JUBUO,Male,No,Yes,Yes,2973
0596-BQCEQ,Female,No,Yes,Yes,2974
1481-ZUWZA,Male,No,No,No,2975
3043-TYBNO,Male,No,No,No,2976
4830-FAXFM,Male,No,No,Yes,2977
5906-BFOZT,Male,No,No,No,2978
2960-NKRSO,Male,No,No,No,2979
8996-ZROXE,Male,Yes,No,No,2980
5598-IKHQQ,Female,No,No,No,2981
0397-ZXWQF,Male,No,No,No,2982
5266-PFRQK,Male,No,Yes,Yes,2983
4674-HGNUA,Male,No,Yes,Yes,2984
6765-MBQNU,Female,No,Yes,No,2985
9786-IJYDL,Female,No,No,No,2986
1303-SRDOK,Female,No,Yes,Yes,2987
3769-MHZNV,Female,No,Yes,Yes,2988
6295-OSINB,Male,No,Yes,No,2989
3308-MHOOC,Male,No,No,Yes,2990
2309-OSFEU,Male,No,No,No,2991
2207-QPJED,Female,Yes,Yes,No,2992
4177-JPDFU,Male,No,No,No,2993
2239-CFOUJ,Male,No,Yes,Yes,2994
8046-DNVTL,Male,No,Yes,No,2995
2209-XADXF,Female,No,No,No,2996
6620-JDYNW,Female,No,No,No,2997
1891-FZYSA,Male,Yes,Yes,No,2998
4770-UEZOX,Male,No,No,No,2999
1038-RQOST,Male,No,Yes,Yes,3000
7613-LLQFO,Male,No,No,No,3001
4568-TTZRT,Male,No,No,No,3002
9513-DXHDA,Male,No,No,No,3003
2640-PMGFL,Male,No,No,Yes,3004
3801-HMYNL,Male,No,Yes,Yes,3005
0516-QREYC,Female,Yes,No,No,3006
9685-WKZGT,Male,Yes,No,No,3007
6022-UGGSO,Female,Yes,No,No,3008
8084-OIVBS,Female,No,No,No,3009
8896-BQTTI,Male,No,No,No,3010
3865-QBWSJ,Male,Yes,No,Yes,3011
3352-RICWQ,Female,No,Yes,Yes,3012
2160-GPFXD,Male,No,Yes,Yes,3013
2065-MMKGR,Female,No,No,No,3014
5857-TYBCJ,Male,Yes,Yes,No,3015
1498-NHTLT,Male,No,Yes,Yes,3016
4484-CGXFK,Female,No,No,No,3017
1402-PTHGN,Female,No,Yes,Yes,3018
4176-RELJR,Male,Yes,No,No,3019
6214-EDAKZ,Female,No,Yes,Yes,3020
5199-FPUSP,Male,No,No,Yes,3021
6377-KSLXC,Male,No,No,No,3022
1796-JANOW,Female,No,No,No,3023
0238-WHBIQ,Male,No,Yes,Yes,3024
8735-NBLWT,Male,No,No,Yes,3025
6651-RLGGM,Male,No,Yes,Yes,3026
6127-ISGTU,Female,No,Yes,No,3027
1614-JBEBI,Female,No,No,No,3028
8740-XLHDR,Male,No,No,No,3029
1208-DNHLN,Male,No,Yes,Yes,3030
1761-AEZZR,Male,No,No,No,3031
3923-CSIHK,Female,Yes,Yes,No,3032
5696-EXCYS,Male,No,No,No,3033
5795-KTGUD,Female,No,Yes,No,3034
7120-RFMVS,Male,No,No,No,3035
7924-GJZFI,Female,Yes,Yes,No,3036
4702-HDRKD,Male,No,No,No,3037
8512-WIWYV,Male,No,No,No,3038
5897-ZYEKH,Female,Yes,Yes,No,3039
5456-ITGIC,Male,Yes,Yes,No,3040
7317-GGVPB,Male,No,Yes,No,3041
1406-PUQVY,Male,No,No,Yes,3042
1322-AGOQM,Male,No,No,No,3043
3677-IYRBF,Female,Yes,No,No,3044
5692-FPTAH,Female,No,No,No,3045
9114-AAFQH,Female,No,Yes,No,3046
8715-KKTFG,Female,No,Yes,No,3047
1550-LOAHA,Female,No,Yes,No,3048
1728-BQDMA,Female,No,No,No,3049
0268-QKIWO,Female,No,No,No,3050
0876-WDUUZ,Female,No,No,No,3051
5117-ZSMHQ,Female,No,Yes,Yes,3052
5151-HQRDG,Male,No,Yes,No,3053
0960-HUWBM,Male,No,Yes,Yes,3054
6465-GSRCL,Female,No,No,Yes,3055
0617-FHSGK,Male,No,No,Yes,3056
0263-FJTQO,Male,No,Yes,Yes,3057
7319-ZNRTR,Male,No,Yes,Yes,3058
2858-MOFSQ,Female,No,No,Yes,3059
7503-EPSZW,Female,No,Yes,Yes,3060
7089-XXAYG,Male,No,Yes,No,3061
8118-LSUEL,Male,Yes,No,No,3062
8070-AAWZP,Male,Yes,Yes,No,3063
1666-JXLKU,Female,No,No,No,3064
7855-DIWPO,Female,No,No,No,3065
5133-POWUA,Male,No,No,No,3066
5652-MSDEY,Female,No,No,No,3067
7005-CCBKV,Male,No,No,No,3068
1810-BOHSY,Male,No,Yes,No,3069
1784-BXEFA,Female,No,No,No,3070
7351-MHQVU,Female,No,No,No,3071
9224-VTYID,Male,No,Yes,Yes,3072
9500-IWPXQ,Female,No,Yes,Yes,3073
5762-TJXGK,Female,No,No,No,3074
4504-YOULA,Female,No,Yes,Yes,3075
5569-IDSEY,Male,No,Yes,No,3076
4250-FDVOU,Female,No,No,No,3077
7284-ZZLOH,Male,No,Yes,No,3078
5277-ZLOOR,Female,Yes,No,No,3079
2141-RRYGO,Female,No,No,No,3080
1777-JYQPJ,Male,No,No,No,3081
6376-GAHQE,Male,No,No,No,3082
3401-URHDA,Male,No,No,No,3083
1599-EAHXY,Male,No,Yes,Yes,3084
8631-XVRZL,Male,No,No,No,3085
5052-PNLOS,Male,No,No,No,3086
3853-LYGAM,Male,No,No,No,3087
6979-ZNSFF,Female,No,No,No,3088
5751-USDBL,Male,No,Yes,Yes,3089
5680-LQOGP,Female,No,No,No,3090
2386-LAHRK,Male,No,No,No,3091
8189-DUKMV,Female,No,Yes,No,3092
6032-IGALN,Female,No,No,No,3093
9931-DCEZH,Male,No,No,Yes,3094
1898-JSNDC,Female,No,No,No,3095
0315-LVCRK,Male,No,No,No,3096
3911-RSNHI,Female,No,Yes,No,3097
2410-CIYFZ,Male,No,No,Yes,3098
4248-HCETZ,Male,Yes,Yes,No,3099
5505-OVWQW,Female,No,No,No,3100
7271-AJDTL,Female,No,Yes,No,3101
1867-TJHTS,Female,No,No,No,3102
0516-WJVXC,Female,No,No,No,3103
9174-FKWZE,Female,Yes,No,No,3104
6860-YRJZP,Male,Yes,No,No,3105
4429-WYGFR,Male,No,No,No,3106
2817-LVCPP,Female,No,No,No,3107
5038-ETMLM,Female,No,Yes,No,3108
5056-FIMPT,Female,No,No,Yes,3109
4521-WFJAI,Male,No,No,No,3110
6569-KTMDU,Female,No,No,No,3111
8809-RIHDD,Male,No,Yes,Yes,3112
8809-XKHMD,Male,No,Yes,No,3113
0396-YCHWO,Male,No,Yes,No,3114
0867-LDTTC,Male,No,No,No,3115
4822-NGOCH,Female,No,No,No,3116
9391-DXGGG,Female,Yes,No,No,3117
9844-FELAJ,Female,Yes,Yes,Yes,3118
2122-SZZZD,Male,No,No,No,3119
5307-DZCVC,Female,Yes,Yes,No,3120
3148-AOIQT,Female,No,Yes,No,3121
8679-JOEVF,Female,Yes,No,No,3122
8395-ETZKQ,Male,Yes,Yes,Yes,3123
6692-YQHXC,Male,No,No,No,3124
3889-VWBID,Male,No,Yes,Yes,3125
5222-JCXZT,Male,No,No,No,3126
9754-CLVZW,Female,No,Yes,Yes,3127
1432-FPAXX,Female,No,No,No,3128
2739-CCZMB,Male,No,No,Yes,3129
7080-TNUWP,Male,No,Yes,No,3130
0496-AHOOK,Male,No,Yes,No,3131
8336-TAVKX,Female,Yes,Yes,No,3132
2468-SJFLM,Male,No,No,No,3133
3181-VTHOE,Male,No,Yes,No,3134
7168-HDQHG,Female,No,Yes,Yes,3135
4803-AXVYP,Female,Yes,No,No,3136
3884-HCSWG,Female,No,No,No,3137
4567-AKPIA,Female,No,Yes,Yes,3138
5077-DXTCG,Female,No,No,No,3139
1142-WACZW,Male,No,No,No,3140
7901-HXJVA,Male,No,No,No,3141
5649-ANRML,Male,Yes,No,No,3142
4892-VLANZ,Male,No,No,No,3143
5924-IFQTT,Male,No,Yes,Yes,3144
7968-QUXNS,Male,No,No,No,3145
2919-HBCJO,Female,No,No,No,3146
4236-XPXAV,Female,No,Yes,Yes,3147
8903-WMRNW,Female,No,Yes,No,3148
2452-SNHFZ,Female,No,No,No,3149
3629-WEAAM,Female,No,No,No,3150
6029-CSMJE,Male,No,No,No,3151
7993-NQLJE,Male,No,Yes,Yes,3152
9909-DFRJA,Female,No,No,No,3153
9099-FTUHS,Female,No,No,No,3154
0581-BXBUB,Female,Yes,No,No,3155
4962-CHQPW,Male,No,No,Yes,3156
9467-ROOLM,Female,No,No,No,3157
3030-YZADT,Male,No,No,No,3158
7410-KTVFV,Male,No,Yes,No,3159
5150-ITWWB,Male,Yes,No,No,3160
2253-KPMNB,Female,No,Yes,Yes,3161
1345-ZUKID,Male,No,No,No,3162
6429-SHBCB,Male,No,No,No,3163
9281-OFDMF,Male,Yes,No,No,3164
2603-HVKCG,Male,No,No,No,3165
1834-WULEG,Male,No,Yes,Yes,3166
9097-ZUBYC,Male,No,Yes,No,3167
5148-ORICT,Female,No,Yes,No,3168
4893-GYUJU,Female,No,No,No,3169
4578-PHJYZ,Male,No,Yes,Yes,3170
7272-QDCKA,Male,No,No,No,3171
8908-SLFCJ,Female,No,No,No,3172
8393-DLHGA,Male,No,No,Yes,3173
9766-HGEDE,Female,No,Yes,No,3174
6968-MHOMU,Male,No,Yes,No,3175
7395-IGJOS,Male,Yes,Yes,No,3176
5044-XDPYX,Female,No,Yes,No,3177
1814-WFGVS,Male,No,Yes,Yes,3178
2834-SPCJV,Male,No,Yes,No,3179
3721-WKIIL,Female,No,No,No,3180
6734-CKRSM,Female,No,No,No,3181
1265-ZFOSD,Female,No,Yes,No,3182
6568-POCUI,Female,No,Yes,No,3183
7890-VYYWG,Male,Yes,Yes,No,3184
5197-LQXXH,Female,No,Yes,No,3185
9907-SWKKF,Female,Yes,No,No,3186
3457-PQBYH,Female,No,Yes,Yes,3187
7682-AZNDK,Male,No,Yes,Yes,3188
0587-DMGBH,Female,No,No,No,3189
5384-ZTTWP,Female,No,Yes,Yes,3190
3745-HRPHI,Male,No,Yes,Yes,3191
7636-OWBPG,Male,Yes,No,No,3192
1231-YNDEK,Male,No,No,No,3193
1407-DIGZV,Female,No,Yes,Yes,3194
6397-JNZZG,Female,Yes,Yes,No,3195
0570-BFQHT,Female,No,No,No,3196
4393-OBCRR,Female,No,No,No,3197
3523-QRQLL,Female,No,Yes,Yes,3198
8564-LDKFL,Male,No,Yes,No,3199
3696-DFHHB,Female,No,No,No,3200
0895-DQHEW,Male,No,Yes,No,3201
4717-GHADL,Female,No,No,No,3202
5501-TVMGM,Male,No,No,No,3203
5879-HMFFH,Female,No,Yes,No,3204
6772-WFQRD,Male,No,No,Yes,3205
3810-DVDQQ,Female,No,Yes,Yes,3206
6972-SNKKW,Female,No,No,No,3207
3694-GLTJM,Female,No,No,No,3208
8550-XSXUQ,Male,No,Yes,No,3209
8149-RSOUN,Female,No,No,No,3210
9055-MOJJJ,Female,No,Yes,Yes,3211
4359-INNWN,Female,No,No,No,3212
0585-EGDDA,Male,No,Yes,No,3213
4032-RMHCI,Female,No,Yes,Yes,3214
0549-CYCQN,Male,Yes,No,No,3215
3481-JHUZH,Male,No,Yes,No,3216
7250-EQKIY,Female,No,Yes,Yes,3217
3594-IVHJZ,Female,No,No,No,3218
6869-FGJJC,Male,No,No,No,3219
3896-ZVNET,Female,No,Yes,Yes,3220
8205-VSLRB,Male,No,Yes,No,3221
5960-MVTUK,Male,No,No,No,3222
6817-WTYHE,Male,No,No,No,3223
3082-VQXNH,Male,No,Yes,No,3224
4013-UBXWQ,Female,No,No,No,3225
4931-TRZWN,Female,No,No,No,3226
0750-EKNGL,Male,No,No,No,3227
7669-LCRSD,Male,No,Yes,Yes,3228
3567-PQTSO,Male,No,Yes,Yes,3229
5519-NPHVG,Female,No,No,No,3230
8043-PNYSD,Male,No,Yes,Yes,3231
9938-EKRGF,Female,No,No,No,3232
2703-AMTUL,Male,No,Yes,Yes,3233
0928-JMXNP,Male,Yes,Yes,No,3234
8173-RXAYP,Female,No,Yes,Yes,3235
4825-XJGDM,Female,No,No,No,3236
5402-HTOTQ,Male,No,No,No,3237
6734-JDTTV,Male,No,Yes,Yes,3238
7850-THJMU,Female,No,Yes,Yes,3239
3890-RTCMS,Male,No,No,No,3240
8849-GYOKR,Female,No,Yes,No,3241
3148-BLQJT,Male,No,No,No,3242
3717-FDJFU,Male,No,No,Yes,3243
3665-JATSN,Female,No,No,No,3244
7966-YOTQW,Male,No,No,No,3245
0461-CVKMU,Female,No,Yes,Yes,3246
8806-EAGWC,Male,No,No,No,3247
8853-TZDGH,Female,No,No,No,3248
7779-LGOVN,Male,Yes,Yes,No,3249
4324-BZCKL,Female,No,Yes,Yes,3250
6924-TDGMT,Male,No,Yes,No,3251
9710-ZUSHQ,Female,Yes,No,No,3252
1536-YHDOE,Male,No,Yes,Yes,3253
8123-QBNAZ,Female,No,Yes,Yes,3254
3629-ZNKXA,Male,Yes,No,No,3255
4827-LTQRJ,Female,Yes,Yes,Yes,3256
7711-YIJWC,Male,No,Yes,Yes,3257
5482-VXSXJ,Male,No,No,No,3258
7365-BVCJH,Male,No,No,No,3259
9620-ENEJV,Female,No,No,No,3260
4183-WCSEP,Male,No,No,No,3261
2378-YIZKA,Female,No,Yes,Yes,3262
5498-TXHLF,Female,No,Yes,Yes,3263
0689-DSXGL,Female,No,Yes,Yes,3264
6818-DJXAA,Female,No,No,Yes,3265
9722-UJOJR,Male,No,Yes,Yes,3266
0464-WJTKO,Female,No,Yes,Yes,3267
8902-ZEOVF,Male,No,Yes,Yes,3268
6778-EICRF,Male,No,Yes,Yes,3269
2662-NNTDK,Male,No,No,No,3270
4132-KALRO,Female,No,No,No,3271
3902-FOIGH,Male,Yes,Yes,No,3272
6772-KSATR,Male,No,No,No,3273
7112-OPOTK,Male,No,No,No,3274
2874-YXVVA,Female,No,No,No,3275
1245-HARPS,Female,No,Yes,No,3276
4210-QFJMF,Female,No,No,No,3277
4323-ELYYB,Male,No,Yes,Yes,3278
4293-ETKAP,Female,No,Yes,Yes,3279
6064-PUPMC,Male,No,Yes,Yes,3280
6504-VBLFL,Male,No,Yes,No,3281
6322-PJJDJ,Male,No,Yes,No,3282
0330-BGYZE,Male,No,Yes,No,3283
1085-LDWAM,Female,No,Yes,Yes,3284
7586-ZATGZ,Male,No,No,No,3285
7197-VOJMM,Male,No,Yes,No,3286
3318-OSATS,Male,Yes,No,No,3287
5828-AVIPD,Male,No,Yes,Yes,3288
1843-TLSGD,Female,No,Yes,Yes,3289
9626-VFRGG,Female,No,No,Yes,3290
7075-BNDVQ,Female,No,No,No,3291
9143-CANJF,Female,No,Yes,Yes,3292
7284-BUYEC,Female,No,No,No,3293
2041-JIJCI,Female,No,No,No,3294
1086-LXKFY,Female,No,Yes,Yes,3295
4900-MSOMT,Female,No,Yes,Yes,3296
2229-VWQJH,Female,No,No,No,3297
9194-GFVOI,Female,No,Yes,No,3298
1336-EZFZY,Female,No,No,No,3299
4282-MSACW,Male,No,No,No,3300
1403-LKLIK,Female,No,Yes,Yes,3301
2636-ALXXZ,Female,Yes,No,No,3302
7774-OJSXI,Male,No,No,No,3303
7786-WBJYI,Female,No,No,No,3304
0136-IFMYD,Male,Yes,Yes,No,3305
5144-TVGLP,Male,Yes,No,No,3306
9643-AVVWI,Female,No,Yes,Yes,3307
0253-ZTEOB,Female,No,Yes,Yes,3308
2706-QZIHY,Female,No,Yes,No,3309
6061-PQHMK,Female,No,No,No,3310
9885-CSMWE,Female,Yes,No,No,3311
6137-MFAJN,Female,No,No,No,3312
9122-UMROB,Male,No,No,No,3313
4232-JGKIY,Male,No,No,No,3314
2402-TAIRZ,Female,No,No,No,3315
9659-ZTWSM,Male,Yes,Yes,No,3316
9139-TWBAS,Female,No,Yes,No,3317
6685-GBWJZ,Male,No,Yes,No,3318
5016-ETTFF,Male,No,No,No,3319
3866-MDTUB,Female,No,No,No,3320
2195-VVRJF,Male,Yes,Yes,No,3321
3913-RDSJZ,Female,No,Yes,No,3322
8058-JMEQO,Female,Yes,No,No,3323
4203-QGNZA,Female,No,No,Yes,3324
5043-TRZWM,Female,No,No,No,3325
0697-ZMSWS,Male,No,No,No,3326
7657-DYEPJ,Male,Yes,No,No,3327
9494-BDNNC,Male,No,Yes,No,3328
1640-PLFMP,Female,No,No,No,3329
5366-OBVMR,Female,No,Yes,No,3330
8276-MQBYC,Male,Yes,No,No,3331
7644-OMVMY,Male,No,Yes,Yes,3332
7593-XFKDI,Male,No,No,No,3333
4573-JKNAE,Male,No,No,Yes,3334
0337-CNPZE,Female,No,No,No,3335
9817-APLHW,Male,No,No,No,3336
8380-MQINP,Female,No,Yes,Yes,3337
0840-DFEZH,Female,No,No,No,3338
1513-XNPPH,Female,No,No,No,3339
8690-ZVLCL,Female,No,Yes,Yes,3340
6015-VVHHE,Female,Yes,No,No,3341
1125-SNVCK,Female,Yes,No,No,3342
0384-LPITE,Male,No,No,No,3343
4616-EWBNJ,Female,No,No,No,3344
6347-DCUIK,Male,No,No,No,3345
1335-HQMKX,Female,No,Yes,No,3346
2545-EBUPK,Female,Yes,No,No,3347
6923-AQONU,Male,No,Yes,Yes,3348
2172-EJXVF,Female,Yes,No,No,3349
0897-FEGMU,Female,No,Yes,No,3350
7663-RGWBC,Male,No,No,No,3351
1120-BMWUB,Female,No,No,No,3352
9124-LHCJQ,Female,No,No,No,3353
4536-PLEQY,Male,No,Yes,No,3354
7029-IJEJK,Female,No,No,No,3355
8871-JLMHM,Female,No,Yes,No,3356
2235-ZGKPT,Female,No,Yes,Yes,3357
3891-PUQOD,Female,No,No,Yes,3358
5447-VYTKW,Male,No,No,No,3359
3623-FQBOX,Male,No,No,No,3360
0689-NKYLF,Male,No,No,No,3361
8659-HDIYE,Female,Yes,No,No,3362
3658-KIBGF,Female,No,No,No,3363
3474-BAFSJ,Male,No,Yes,No,3364
5519-YLDGW,Female,No,Yes,No,3365
3865-ZFZIB,Male,No,No,No,3366
1855-AGAWH,Male,No,Yes,No,3367
7109-CQYUZ,Male,No,No,No,3368
1370-GGAWX,Female,No,No,No,3369
4680-KUTAJ,Female,Yes,No,No,3370
5307-UVGNB,Female,No,Yes,Yes,3371
4946-EDSEW,Female,No,Yes,Yes,3372
2883-ILGWO,Male,Yes,No,No,3373
2516-VQRRV,Female,Yes,No,No,3374
7580-UGXNC,Female,Yes,No,No,3375
3642-BYHDO,Female,No,Yes,Yes,3376
9629-NHXFW,Female,No,Yes,Yes,3377
2696-RZVZW,Male,No,Yes,No,3378
5766-FTRTS,Male,No,Yes,No,3379
0396-HUJBP,Female,No,No,No,3380
5178-LMXOP,Male,Yes,Yes,No,3381
8879-ZKJOF,Female,No,No,No,3382
6285-FTQBF,Male,No,Yes,Yes,3383
8185-UPYBR,Male,No,Yes,No,3384
4585-HETAI,Female,No,Yes,Yes,3385
7526-BEZQB,Male,No,No,No,3386
1474-JUWSM,Female,No,Yes,No,3387
3530-CRZSB,Female,No,No,No,3388
8498-XXGWA,Female,No,Yes,No,3389
9617-INGJY,Male,No,No,No,3390
0621-TSSMU,Male,No,Yes,No,3391
7234-KMNRQ,Male,No,No,No,3392
7636-PEPNS,Female,No,Yes,Yes,3393
4683-WYDOU,Male,No,Yes,No,3394
9052-DHNKM,Male,No,No,No,3395
6794-HKIAJ,Male,No,No,No,3396
5578-NKCXI,Female,No,Yes,Yes,3397
1642-HMARX,Female,No,Yes,No,3398
3096-WPXBT,Female,No,Yes,Yes,3399
8434-PNQZX,Female,No,No,No,3400
5950-AAAGJ,Male,No,No,No,3401
4299-OPXEJ,Female,No,No,No,3402
4951-UKAAQ,Female,No,No,No,3403
9618-LFJRU,Female,No,No,No,3404
6693-DJWTY,Female,No,No,Yes,3405
0744-GKNGE,Female,No,Yes,Yes,3406
6447-EGDIV,Female,No,No,No,3407
1167-OYZJF,Female,Yes,Yes,No,3408
2108-YKQTY,Female,No,No,No,3409
4806-DXQCE,Female,Yes,Yes,No,3410
4918-QLLIW,Male,No,No,No,3411
7056-IMHCC,Male,Yes,Yes,No,3412
4854-SSLTN,Male,No,Yes,Yes,3413
5294-DMSFH,Female,No,Yes,Yes,3414
4837-PZTIC,Female,No,No,No,3415
1625-JAIIY,Female,No,Yes,Yes,3416
0603-OLQDC,Male,No,No,Yes,3417
3272-VUHPV,Female,No,Yes,Yes,3418
4176-FXYBO,Male,No,Yes,No,3419
1063-DHQJF,Male,No,Yes,Yes,3420
8663-UPDGF,Female,No,No,No,3421
6719-FGEDO,Female,No,Yes,No,3422
1837-YQUCE,Female,No,No,No,3423
2947-DOMLJ,Male,No,No,Yes,3424
4112-LUEIZ,Male,No,No,No,3425
0369-ZGOVK,Female,No,Yes,Yes,3426
4510-HIMLV,Male,No,No,No,3427
9919-KNPOO,Female,No,Yes,No,3428
8749-JMNKX,Male,Yes,Yes,No,3429
7872-BAAZR,Female,No,Yes,Yes,3430
9391-LMANN,Male,No,No,Yes,3431
2430-USGXP,Male,No,Yes,No,3432
8174-TBVCF,Female,No,Yes,No,3433
1698-XFZCI,Male,No,No,No,3434
1877-HKBQX,Female,No,No,No,3435
4450-DLLMH,Male,No,No,No,3436
0428-AXXLJ,Male,No,No,No,3437
2746-DIJLO,Female,No,No,No,3438
5955-ERIHD,Male,No,Yes,No,3439
0917-EZOLA,Male,Yes,Yes,No,3440
3508-VLHCZ,Female,No,Yes,Yes,3441
4086-ATNFV,Female,No,Yes,Yes,3442
0468-YRPXN,Male,No,No,No,3443
5996-NRVXR,Male,Yes,Yes,No,3444
3739-YBWAB,Male,No,Yes,No,3445
7047-FWEYA,Female,No,Yes,No,3446
2000-MPKCA,Female,No,No,No,3447
9762-YAQAA,Male,No,No,No,3448
5949-EBSQK,Male,No,Yes,Yes,3449
5473-KHBPS,Female,No,Yes,Yes,3450
0100-DUVFC,Male,Yes,Yes,No,3451
5397-TUPSH,Male,Yes,Yes,No,3452
8950-MTZNV,Male,No,No,No,3453
0326-VDYXE,Female,No,Yes,No,3454
6773-LQTVT,Female,Yes,Yes,Yes,3455
7274-RTAPZ,Male,No,No,No,3456
0436-TWFFZ,Female,No,No,No,3457
8566-YPRGL,Female,No,No,No,3458
0311-UNPFF,Female,No,No,No,3459
6609-MXJHJ,Female,No,Yes,Yes,3460
2669-OIDSD,Female,No,Yes,No,3461
8400-WZICQ,Female,No,Yes,Yes,3462
3834-XUIFC,Male,No,No,No,3463
9576-SYUHJ,Male,No,No,No,3464
0410-IPFTY,Female,No,Yes,No,3465
2831-EBWRN,Male,No,No,No,3466
9430-NKQLY,Male,No,Yes,Yes,3467
8414-MYSHR,Male,Yes,No,No,3468
0247-SLUJI,Male,No,Yes,Yes,3469
9402-ORRAH,Female,Yes,No,No,3470
6483-OATDN,Male,No,Yes,Yes,3471
1293-HHSHJ,Female,No,No,No,3472
4840-ORQXB,Female,Yes,No,No,3473
7599-FKVXZ,Male,No,Yes,No,3474
3982-DQLUS,Male,Yes,Yes,Yes,3475
8610-ZIKJJ,Female,No,Yes,Yes,3476
3756-VNWDH,Male,Yes,Yes,No,3477
7801-KICAO,Female,No,No,No,3478
7673-LPRNY,Female,No,No,No,3479
8229-TNIQA,Female,No,No,No,3480
6060-QBMGV,Male,No,Yes,No,3481
7339-POGZN,Female,No,No,No,3482
2828-SLQPF,Male,No,No,No,3483
4465-VDKIQ,Female,No,No,No,3484
2921-XWDJH,Female,Yes,Yes,No,3485
6221-AVQYL,Male,No,No,No,3486
2558-BUOZZ,Male,No,No,No,3487
9257-AZMTZ,Female,No,Yes,Yes,3488
0003-MKNFE,Male,No,No,No,3489
0975-UYDTX,Female,No,Yes,No,3490
7743-EXURX,Male,No,Yes,Yes,3491
4682-BLBUC,Male,No,Yes,No,3492
0975-VOOVL,Female,No,No,No,3493
5968-VXZLG,Male,No,No,No,3494
5569-KGJHX,Female,No,Yes,Yes,3495
4988-IQIGL,Male,Yes,No,No,3496
5201-FRKKS,Male,No,No,No,3497
9799-CAYJJ,Female,Yes,Yes,No,3498
7730-IUTDZ,Male,No,No,No,3499
0426-TIRNE,Female,No,No,No,3500
5443-SCMKX,Female,No,Yes,No,3501
8295-KMENE,Female,No,Yes,Yes,3502
6738-ISCBM,Male,No,No,No,3503
9821-BESNZ,Male,No,No,No,3504
3678-MNGZX,Male,No,Yes,Yes,3505
1335-NTIUC,Male,No,No,No,3506
2916-BQZLN,Male,No,No,No,3507
4558-CGYCZ,Male,No,No,No,3508
2368-GAKKQ,Female,No,No,No,3509
8710-YGLWG,Male,No,No,No,3510
3199-XGZCY,Female,No,No,No,3511
3785-KTYSH,Male,No,No,No,3512
6814-ZPWFQ,Male,Yes,No,No,3513
4063-EIKNQ,Male,No,Yes,Yes,3514
6993-YCOBK,Male,No,Yes,Yes,3515
5206-HPJKM,Male,No,No,No,3516
7587-RZNME,Male,No,No,No,3517
0748-RDGGM,Male,No,Yes,No,3518
8393-JMVMB,Male,No,No,No,3519
5019-GQVCR,Male,Yes,No,No,3520
6036-TTFYU,Female,No,Yes,No,3521
2550-AEVRU,Female,No,Yes,Yes,3522
0969-RGKCU,Male,No,Yes,Yes,3523
0378-CJKPV,Female,No,Yes,No,3524
4706-AXVKM,Female,Yes,No,No,3525
5889-JTMUL,Female,Yes,Yes,No,3526
9026-RNUJS,Male,Yes,No,No,3527
3746-EUBYR,Male,No,Yes,No,3528
2332-EFBJY,Male,No,No,No,3529
2880-FPNAE,Male,Yes,Yes,No,3530
1703-MGIAB,Female,No,No,No,3531
4311-QTTAI,Female,No,No,No,3532
9474-PHLYD,Female,No,No,No,3533
4318-RAJVY,Female,No,No,No,3534
2165-VOEGB,Female,No,No,Yes,3535
3612-YUNGG,Male,No,Yes,Yes,3536
2254-DLXRI,Female,No,No,No,3537
5062-CJJKH,Male,No,Yes,Yes,3538
9028-LIHRP,Male,No,Yes,Yes,3539
2219-MVUSO,Male,No,No,No,3540
1053-MXTTK,Female,No,Yes,Yes,3541
1530-ZTDOZ,Female,No,Yes,No,3542
1301-LOPVR,Male,No,Yes,Yes,3543
0853-TWRVK,Male,No,Yes,No,3544
8914-RBTSB,Male,No,Yes,No,3545
6212-ATMLK,Female,No,No,No,3546
8200-LGKSR,Male,No,Yes,No,3547
1568-BEKZM,Male,Yes,Yes,No,3548
0670-ANMUU,Male,No,No,No,3549
6897-RWMUB,Male,No,Yes,Yes,3550
0963-ZBDRN,Male,No,No,No,3551
7594-RQHXR,Female,No,No,Yes,3552
6999-CHVCF,Male,No,No,No,3553
6134-KWTBV,Male,No,No,No,3554
1077-HUUJM,Female,No,No,Yes,3555
6331-EWIEB,Male,No,No,No,3556
0895-LNKRC,Male,No,Yes,Yes,3557
2045-BMBTJ,Female,Yes,No,No,3558
8417-GSODA,Male,No,Yes,Yes,3559
5171-EPLKN,Male,No,No,No,3560
4452-QIIEB,Male,No,No,No,3561
5998-VVEJY,Male,No,No,No,3562
1624-NALOJ,Male,Yes,No,No,3563
6741-EGCBI,Male,Yes,No,No,3564
7820-ZYGNY,Male,No,No,No,3565
4317-VTEOA,Male,No,No,No,3566
9677-AVKED,Female,No,No,Yes,3567
1670-SVOWZ,Female,No,Yes,Yes,3568
2227-JRSJX,Female,No,No,No,3569
9847-HNVGP,Male,No,No,No,3570
6696-YDAYZ,Male,No,Yes,Yes,3571
8980-WQFWL,Female,No,No,No,3572
1730-ZMAME,Female,Yes,No,No,3573
6506-EYCNH,Female,No,Yes,Yes,3574
4634-JLRJT,Female,No,No,No,3575
9501-UKKNL,Male,No,No,No,3576
2560-QTSBS,Female,No,Yes,Yes,3577
7541-YLXCL,Male,No,No,No,3578
4795-WRNVT,Female,No,No,No,3579
6080-TCMYC,Male,No,Yes,Yes,3580
0260-ZDLGK,Female,No,No,Yes,3581
7860-UXCRM,Male,No,Yes,Yes,3582
6357-JJPQT,Female,No,No,No,3583
2292-XQWSV,Male,No,Yes,Yes,3584
9552-TGUZV,Male,No,Yes,No,3585
5913-INRQV,Male,Yes,Yes,No,3586
8722-NGNBH,Male,No,No,No,3587
6210-KBBPI,Male,Yes,No,No,3588
9643-YBLUR,Male,No,Yes,No,3589
8734-FNWVH,Male,No,Yes,Yes,3590
9447-YPTBX,Female,No,Yes,No,3591
0133-BMFZO,Female,No,No,No,3592
6128-CZOMY,Female,No,No,No,3593
9540-JYROE,Male,No,No,No,3594
9026-LHEVG,Female,No,No,No,3595
2260-USTRB,Female,Yes,No,No,3596
3656-TKRVZ,Female,No,No,No,3597
7011-CVEUC,Male,No,Yes,No,3598
6185-TASNN,Male,Yes,No,No,3599
7925-PNRGI,Female,No,Yes,Yes,3600
8623-TMRBY,Male,Yes,Yes,Yes,3601
1552-CZCLL,Female,No,Yes,Yes,3602
3038-PQIUY,Female,No,No,No,3603
1501-SGHBW,Male,No,No,No,3604
9313-CDOGY,Male,No,Yes,Yes,3605
8148-BPLZQ,Male,No,No,No,3606
2623-DRYAM,Female,No,Yes,No,3607
9987-LUTYD,Female,No,No,No,3608
3208-YPIOE,Male,No,No,No,3609
4488-KQFDT,Female,No,No,No,3610
2612-RANWT,Female,No,No,No,3611
5693-PIPCS,Male,No,No,No,3612
0491-KAPQG,Male,No,No,No,3613
1925-LFCZZ,Male,Yes,No,No,3614
8039-EQPIM,Male,No,Yes,No,3615
6900-PXRMS,Male,Yes,Yes,Yes,3616
8707-RMEZH,Female,Yes,Yes,No,3617
3346-BRMIS,Female,Yes,Yes,No,3618
3209-ZPKFI,Male,No,Yes,Yes,3619
6479-VDGRK,Female,No,Yes,Yes,3620
9373-WSLOY,Male,Yes,Yes,No,3621
2933-FILNV,Female,No,Yes,Yes,3622
3569-JFODW,Female,No,Yes,Yes,3623
9819-FBNSV,Male,Yes,Yes,No,3624
9544-PYPSJ,Female,Yes,Yes,Yes,3625
1591-XWLGB,Female,No,Yes,No,3626
0396-UKGAI,Male,No,No,Yes,3627
3243-ZHOHY,Female,No,No,No,3628
5186-EJEGL,Male,No,No,No,3629
7527-QNRUS,Male,No,Yes,Yes,3630
9986-BONCE,Female,No,No,No,3631
2722-JMONI,Female,Yes,Yes,No,3632
2203-GHNWN,Female,No,Yes,No,3633
3878-AVSOQ,Female,Yes,No,No,3634
3258-SYSWS,Male,Yes,No,No,3635
5296-PSYVW,Female,No,Yes,No,3636
6319-QSUSR,Female,No,No,Yes,3637
4083-EUGRJ,Male,No,No,No,3638
7579-OOPEC,Female,Yes,Yes,No,3639
0512-FLFDW,Female,Yes,Yes,No,3640
1771-OADNZ,Male,Yes,Yes,No,3641
0487-CRLZF,Female,No,No,No,3642
2107-FBPTK,Female,Yes,No,No,3643
9451-WLYRI,Female,No,Yes,No,3644
8219-VYBVI,Male,No,No,Yes,3645
1991-VOPLL,Female,No,No,No,3646
9738-QLWTP,Male,No,No,No,3647
1016-DJTSV,Male,Yes,No,No,3648
9419-IPPBE,Female,No,Yes,Yes,3649
0174-QRVVY,Male,No,Yes,Yes,3650
5699-BNCAS,Male,Yes,No,No,3651
2900-PHPLN,Female,Yes,Yes,No,3652
0612-RTZZA,Female,Yes,No,No,3653
8106-GWQOK,Male,No,Yes,No,3654
8751-EDEKA,Female,No,Yes,No,3655
6878-GGDWG,Female,No,Yes,No,3656
4039-PIMHX,Male,Yes,Yes,No,3657
8450-LUGUK,Female,No,Yes,Yes,3658
3604-WLABM,Female,No,No,No,3659
0795-GMVQO,Male,No,Yes,No,3660
2259-OUUSZ,Male,No,No,No,3661
1142-IHLOO,Female,No,No,No,3662
6410-LEFEN,Female,No,No,No,3663
4633-MKHYU,Female,No,No,No,3664
6257-RJOHI,Male,No,No,No,3665
1545-JFUML,Male,No,Yes,No,3666
3194-ORPIK,Female,No,Yes,Yes,3667
7826-VVKWT,Female,Yes,Yes,Yes,3668
1353-GHZOS,Male,No,Yes,No,3669
2587-EKXTS,Male,No,No,No,3670
5442-BXVND,Female,No,Yes,Yes,3671
8816-VXNZD,Female,No,No,No,3672
9378-FXTIZ,Female,No,Yes,No,3673
1723-HKXJQ,Male,No,No,No,3674
7825-GKXMW,Female,No,No,No,3675
9753-OYLBX,Female,No,No,No,3676
2364-UFROM,Male,No,No,No,3677
6656-JWRQX,Female,No,No,No,3678
6473-ULUHT,Male,No,Yes,Yes,3679
1240-KNSEZ,Male,No,No,No,3680
0836-SEYLU,Male,No,Yes,No,3681
4433-JCGCG,Male,Yes,Yes,No,3682
3716-BDVDB,Male,No,No,No,3683
7688-AWMDX,Male,No,Yes,No,3684
2842-BCQGE,Male,No,No,No,3685
7244-QWYHG,Male,No,Yes,No,3686
5899-MQZZL,Female,No,No,No,3687
6849-OYAMU,Male,No,Yes,Yes,3688
5312-UXESG,Female,No,No,No,3689
9488-HGMJH,Female,Yes,No,No,3690
6038-GCYEC,Female,No,No,No,3691
2150-WLKUW,Female,No,Yes,No,3692
7159-FVYPK,Female,No,Yes,Yes,3693
7032-LMBHI,Female,No,No,No,3694
1150-WFARN,Female,No,Yes,Yes,3695
6088-BXMRG,Female,No,Yes,Yes,3696
3144-AUDBS,Female,No,Yes,No,3697
4821-SJHJV,Female,No,Yes,Yes,3698
7346-MEDWM,Female,No,No,No,3699
1137-DGOWI,Female,No,Yes,No,3700
5616-PRTNT,Male,No,No,Yes,3701
3812-LRZIR,Female,No,Yes,Yes,3702
4818-QIUFN,Female,Yes,No,No,3703
9483-GCPWE,Male,No,No,Yes,3704
4227-OJHAL,Female,No,Yes,Yes,3705
9220-CXRSC,Female,No,Yes,Yes,3706
4993-JCRGJ,Male,No,No,No,3707
9537-JALFH,Male,No,Yes,Yes,3708
6698-OXETB,Male,No,No,No,3709
2103-ZRXFN,Male,No,No,No,3710
3724-BSCVH,Male,No,Yes,Yes,3711
4877-TSOFF,Female,No,Yes,Yes,3712
9209-NWPGU,Male,No,No,No,3713
6961-VCPMC,Male,Yes,Yes,No,3714
7306-YDSOI,Male,No,Yes,Yes,3715
5288-AHOUP,Male,Yes,No,No,3716
6688-UZPWD,Female,No,Yes,No,3717
0655-YDGFJ,Male,No,No,No,3718
8468-EHYJA,Female,No,Yes,No,3719
6823-SIDFQ,Male,No,No,No,3720
1097-FSPVW,Female,No,No,No,3721
2839-RFSQE,Female,No,No,No,3722
8328-SKJNO,Male,No,No,Yes,3723
7010-ZMVBF,Female,No,Yes,Yes,3724
5201-CBWYG,Male,No,Yes,Yes,3725
0968-GSIKN,Female,No,No,No,3726
1965-DDBWU,Male,No,No,No,3727
9057-SIHCH,Female,No,No,No,3728
6352-GIGGQ,Male,No,No,No,3729
3635-QQRQD,Male,No,No,No,3730
6771-XWBDM,Female,No,Yes,No,3731
2897-DOVND,Male,No,No,No,3732
3082-YVEKW,Female,No,Yes,Yes,3733
0191-EQUUH,Female,No,No,Yes,3734
7134-HBPBS,Female,Yes,No,No,3735
3489-HHPFY,Female,No,Yes,No,3736
2926-JEJJC,Female,No,No,No,3737
8601-QACRS,Female,No,No,No,3738
4950-BDEUX,Male,No,No,No,3739
5789-LDFXO,Male,No,No,No,3740
0508-OOLTO,Female,No,Yes,Yes,3741
2984-TBYKU,Male,No,Yes,Yes,3742
9822-WMWVG,Female,No,No,No,3743
2391-SOORI,Male,No,No,Yes,3744
9040-KZVWO,Male,No,No,No,3745
2645-QTLMB,Male,No,No,No,3746
4806-HIPDW,Female,No,Yes,No,3747
1548-ARAGG,Female,No,Yes,Yes,3748
6339-RZCBJ,Male,No,No,No,3749
4424-TKOPW,Male,Yes,No,No,3750
4415-WNGVR,Female,Yes,Yes,No,3751
2522-AHJXR,Male,No,Yes,No,3752
0412-UCCNP,Male,No,No,No,3753
1816-FLZDK,Male,No,No,No,3754
7096-UCLNH,Male,No,No,No,3755
8443-ZRDBZ,Male,No,No,No,3756
9136-ALYBR,Male,No,No,No,3757
4615-PIVVU,Female,No,No,No,3758
8885-QSQBX,Female,No,No,No,3759
7479-NITWS,Male,No,No,No,3760
8617-ENBDS,Male,No,No,No,3761
9385-NXKDA,Female,No,Yes,No,3762
0430-IHCDJ,Male,No,No,No,3763
2959-MJHIC,Male,No,Yes,No,3764
6674-KVJHG,Female,No,No,No,3765
1814-DKOLC,Female,No,No,No,3766
4201-JMNGR,Female,Yes,No,No,3767
9351-HXDMR,Male,No,Yes,No,3768
3537-HPKQT,Female,No,Yes,No,3769
2129-ALKBS,Female,No,Yes,Yes,3770
5821-MMEIL,Female,No,Yes,No,3771
5960-WPXQM,Male,No,No,No,3772
0684-AOSIH,Male,No,Yes,No,3773
8260-NGFNY,Female,No,No,No,3774
1309-XGFSN,Male,Yes,Yes,Yes,3775
1866-RZZQS,Male,Yes,No,No,3776
6968-URWQU,Male,No,Yes,No,3777
4742-TXUEX,Female,No,Yes,Yes,3778
9631-XEYKE,Male,No,No,No,3779
8631-NBHFZ,Male,Yes,Yes,Yes,3780
1335-MXCSE,Male,No,Yes,Yes,3781
8873-TMKGR,Male,No,No,No,3782
8800-JOOCF,Female,No,No,Yes,3783
1469-LBJQJ,Female,No,Yes,No,3784
4958-XCBDQ,Male,Yes,No,No,3785
8337-UPOAQ,Male,Yes,Yes,No,3786
0064-YIJGF,Male,No,Yes,Yes,3787
2386-OWURY,Female,No,No,No,3788
1725-IQNIY,Male,No,Yes,No,3789
0310-VQXAM,Male,No,No,No,3790
6598-RFFVI,Male,No,No,No,3791
3453-RTHJQ,Male,No,No,No,3792
6712-OAWRH,Female,Yes,No,No,3793
6278-FEPBZ,Female,No,No,No,3794
4280-DLSHD,Male,No,Yes,No,3795
1508-DFXCU,Male,No,No,No,3796
8614-VGMMV,Female,No,No,No,3797
7868-BGSZA,Male,No,Yes,No,3798
2800-QQUSO,Male,No,No,No,3799
2930-UOTMB,Female,No,No,No,3800
7973-DZRKH,Female,No,No,Yes,3801
5914-DVBWJ,Female,Yes,No,No,3802
7698-YFGEZ,Male,No,No,No,3803
2533-QVMSK,Male,No,Yes,No,3804
9773-PEQBZ,Male,No,No,No,3805
8644-XLFBW,Male,Yes,No,No,3806
0650-BWOZN,Female,Yes,No,No,3807
8625-AZYZY,Male,No,Yes,No,3808
7785-RDVIG,Female,No,Yes,Yes,3809
9602-WCXPI,Male,No,No,No,3810
2903-YYTBW,Male,No,Yes,Yes,3811
3620-MWJNE,Male,No,No,No,3812
8573-JGCZW,Male,No,No,No,3813
6837-HAEVO,Male,No,Yes,Yes,3814
6701-YVNQG,Male,No,Yes,No,3815
9306-CPCBC,Female,No,No,No,3816
4304-XUMGI,Male,Yes,Yes,Yes,3817
9504-YAZWB,Female,No,No,No,3818
8819-ZBYNA,Female,No,Yes,No,3819
6174-NRBTZ,Male,No,No,No,3820
9481-IEBZY,Male,Yes,Yes,No,3821
1833-VGRUM,Female,Yes,No,No,3822
6137-NICCO,Female,No,Yes,Yes,3823
9065-ZCPQX,Male,No,Yes,No,3824
6402-EJMWF,Male,No,No,No,3825
3620-EHIMZ,Female,No,Yes,Yes,3826
3213-VVOLG,Male,No,Yes,Yes,3827
6870-ECSHE,Female,No,No,No,3828
8747-UDCOI,Female,No,Yes,No,3829
8374-XGEJJ,Male,Yes,Yes,No,3830
2656-TABEH,Male,No,Yes,No,3831
6946-LMSQS,Male,Yes,Yes,No,3832
4626-OZDTJ,Female,No,Yes,No,3833
9169-BSVIN,Male,No,No,No,3834
2325-ZUSFD,Female,No,Yes,Yes,3835
8194-PEEBY,Female,No,Yes,Yes,3836
6872-HXFNF,Female,No,Yes,No,3837
3932-CMDTD,Female,No,No,No,3838
7714-YXSMB,Female,No,No,No,3839
8387-UGUSU,Female,No,Yes,Yes,3840
1080-BWSYE,Male,Yes,Yes,No,3841
4039-HEUNW,Male,Yes,Yes,No,3842
1194-HVAIF,Female,No,Yes,No,3843
0812-WUPTB,Male,Yes,Yes,No,3844
3594-UVONA,Female,No,No,No,3845
0004-TLHLJ,Male,No,No,No,3846
1767-TGTKO,Female,No,Yes,Yes,3847
8439-LTUGF,Male,No,No,No,3848
8805-JNRAZ,Female,No,No,No,3849
5089-IFSDP,Female,No,Yes,No,3850
6418-HNFED,Male,No,Yes,No,3851
0206-OYVOC,Female,No,Yes,Yes,3852
7291-CDTMJ,Male,No,No,No,3853
7128-GGCNO,Male,No,No,No,3854
0237-YFUTL,Female,No,Yes,No,3855
7691-KGKGP,Male,No,Yes,Yes,3856
6710-HSJRD,Male,No,Yes,No,3857
3675-EQOZA,Male,No,No,No,3858
0840-DCNZE,Male,No,No,No,3859
1732-FEKLD,Female,No,No,No,3860
9862-KJTYK,Male,No,No,Yes,3861
0479-HMSWA,Female,No,No,Yes,3862
5854-KSRBJ,Male,No,Yes,Yes,3863
0365-BZUWY,Male,No,Yes,No,3864
4817-VYYWS,Female,No,No,No,3865
5701-SVCWR,Female,No,No,Yes,3866
3129-AAQOU,Female,No,Yes,Yes,3867
4922-CVPDX,Female,No,Yes,No,3868
1396-QWFBJ,Female,No,Yes,Yes,3869
1357-BIJKI,Male,No,Yes,No,3870
1099-BTKWT,Female,No,Yes,No,3871
5299-SJCZT,Male,No,No,No,3872
2018-PZKMU,Male,No,Yes,Yes,3873
7340-KEFQE,Female,No,Yes,Yes,3874
4570-QHXHL,Female,No,No,No,3875
2403-BCASL,Male,Yes,Yes,Yes,3876
7392-YYPYJ,Male,No,No,No,3877
2898-LSJGD,Female,No,Yes,Yes,3878
2223-GDSHL,Male,No,Yes,Yes,3879
7359-PTSXY,Male,No,No,No,3880
9470-RTWDV,Male,No,Yes,Yes,3881
2176-OSJUV,Male,No,Yes,No,3882
9348-YVOMK,Male,No,No,No,3883
8104-OSKWT,Female,No,No,No,3884
4521-YEEHE,Female,No,Yes,No,3885
4090-KPJIP,Female,No,No,No,3886
3786-WOVKF,Female,Yes,Yes,No,3887
4503-BDXBD,Male,No,No,No,3888
6086-ESGRL,Female,No,No,No,3889
2592-HODOV,Male,No,No,No,3890
3886-CERTZ,Female,No,Yes,No,3891
7995-ZHHNZ,Male,No,Yes,No,3892
3824-RHKVR,Female,No,No,No,3893
5816-SCGFC,Female,Yes,No,No,3894
5989-AXPUC,Female,No,Yes,No,3895
4979-HPRFL,Male,No,Yes,Yes,3896
8590-OHDIW,Female,No,Yes,Yes,3897
8015-IHCGW,Female,No,Yes,Yes,3898
2332-TODQS,Female,No,No,No,3899
9278-VZKCD,Female,Yes,Yes,No,3900
8008-OTEZX,Female,No,Yes,Yes,3901
2773-OVBPK,Male,No,Yes,No,3902
5999-LCXAO,Female,No,No,No,3903
5206-XZZQI,Male,No,No,No,3904
4803-LBYPN,Male,No,Yes,Yes,3905
5759-RCVCB,Female,No,No,No,3906
6372-RFVNS,Female,No,Yes,No,3907
2139-FQHLM,Male,No,No,No,3908
8261-GWDBQ,Female,Yes,Yes,No,3909
1093-YSWCA,Male,No,No,No,3910
8938-UMKPI,Female,No,No,No,3911
0991-BRRFB,Male,No,No,No,3912
3882-IYOIJ,Female,No,Yes,Yes,3913
8749-TZYEC,Male,No,Yes,No,3914
1755-FZQEC,Male,No,No,No,3915
3115-JPJDD,Female,No,Yes,No,3916
5600-KTXFM,Male,No,Yes,Yes,3917
3871-IKPYH,Male,Yes,No,No,3918
6319-IEJWJ,Male,No,Yes,Yes,3919
9025-AOMKI,Female,No,No,No,3920
6339-TBELP,Male,No,No,No,3921
7964-YESJC,Female,No,Yes,No,3922
6173-GOLSU,Male,Yes,Yes,No,3923
5275-SQEIZ,Male,No,No,No,3924
7716-YTYHG,Female,No,Yes,Yes,3925
9938-ZREHM,Female,No,Yes,No,3926
7950-XWOVN,Male,No,No,No,3927
4390-KYULV,Male,No,Yes,No,3928
4647-MUZON,Female,No,Yes,No,3929
9702-AIUJO,Male,No,Yes,Yes,3930
8849-PRIQJ,Female,No,Yes,Yes,3931
8851-RAGOV,Female,No,Yes,No,3932
1304-NECVQ,Female,Yes,No,No,3933
5396-IZEPB,Male,No,No,No,3934
1729-VLAZJ,Female,No,No,Yes,3935
8285-ABVLB,Female,No,Yes,No,3936
0701-TJSEF,Male,No,No,No,3937
5712-VBOXD,Female,No,No,No,3938
6629-LADHQ,Female,No,No,No,3939
8945-GRKHX,Female,No,No,Yes,3940
1559-DTODC,Male,No,No,No,3941
4797-MIWUM,Male,No,Yes,Yes,3942
6959-UWKHF,Male,No,No,No,3943
8720-RQSBJ,Male,Yes,No,No,3944
4537-CIBHB,Female,No,Yes,Yes,3945
3815-SLMEF,Female,No,No,No,3946
5154-VEKBL,Female,No,No,No,3947
4324-AHJKS,Female,No,No,No,3948
4355-CVPVS,Female,No,Yes,Yes,3949
4495-LHSSK,Female,No,No,Yes,3950
5655-JSMZM,Male,Yes,No,No,3951
5915-ANOEI,Male,No,Yes,No,3952
9861-PDSZP,Female,No,No,No,3953
4505-EXZHB,Female,Yes,No,No,3954
7225-CBZPL,Male,Yes,Yes,No,3955
6704-UTUKK,Male,No,Yes,No,3956
4587-VVTOX,Female,No,Yes,No,3957
2019-HDCZY,Male,No,Yes,No,3958
4652-NNHNY,Male,No,Yes,No,3959
8788-DOXSU,Male,No,No,No,3960
7404-JLKQG,Female,No,No,No,3961
7421-ZLUPA,Female,No,No,No,3962
8972-HJWNV,Female,Yes,Yes,No,3963
3274-NSDWE,Female,No,No,No,3964
2632-IVXVF,Female,No,Yes,Yes,3965
3692-JHONH,Female,Yes,Yes,No,3966
8915-NNTRC,Male,No,Yes,Yes,3967
5914-GXMDA,Female,No,Yes,No,3968
7463-IFMQU,Female,No,Yes,No,3969
2920-RNCEZ,Male,No,Yes,Yes,3970
2541-YGPKE,Male,No,Yes,Yes,3971
8515-OCTJS,Female,No,No,No,3972
5382-TEMLV,Male,No,No,No,3973
3441-CGZJH,Female,No,Yes,Yes,3974
9592-ERDKV,Male,No,Yes,No,3975
2860-RANUS,Female,Yes,No,No,3976
5261-QSHQM,Female,No,No,No,3977
4778-IZARL,Male,No,Yes,No,3978
0432-CAJZV,Male,No,No,No,3979
7008-LZVOZ,Male,No,Yes,Yes,3980
8868-WOZGU,Male,No,No,No,3981
1200-TUZHR,Female,Yes,No,No,3982
9365-CSLBQ,Male,No,No,Yes,3983
1334-FJSVR,Male,No,No,No,3984
5884-FBCTL,Female,No,Yes,Yes,3985
7130-CTCUS,Male,Yes,Yes,No,3986
6242-FEGFD,Male,No,Yes,No,3987
7625-XCQRH,Female,No,No,No,3988
6194-HBGQN,Male,No,No,No,3989
7634-WSWDB,Female,No,No,Yes,3990
6986-IXNDM,Male,No,No,No,3991
1731-TVIUK,Female,No,No,No,3992
2987-BJXIK,Female,No,No,No,3993
9769-TSBZE,Female,No,No,Yes,3994
0406-BPDVR,Female,Yes,Yes,No,3995
0618-XWMSS,Male,No,No,Yes,3996
1395-WSWXR,Male,No,No,No,3997
6023-GSSXW,Female,No,Yes,No,3998
6752-APNJL,Male,No,Yes,Yes,3999
5276-KQWHG,Female,Yes,No,No,4000
0420-HLGXF,Female,Yes,No,No,4001
7446-KQISO,Male,No,Yes,Yes,4002
9823-EALYC,Male,No,Yes,Yes,4003
0582-AVCLN,Female,No,No,No,4004
5803-NQJZO,Male,No,Yes,No,4005
2565-JSLRY,Male,No,No,No,4006
2607-DHDAK,Male,No,Yes,Yes,4007
1073-XXCZD,Male,No,Yes,No,4008
0743-HRVFF,Female,No,Yes,Yes,4009
4006-HKYHO,Male,No,No,No,4010
3727-JEZTU,Female,No,No,No,4011
8143-ETQTI,Female,No,Yes,Yes,4012
6689-KXGBO,Female,No,No,No,4013
9667-TKTVZ,Female,No,No,No,4014
3657-COGMW,Female,Yes,No,No,4015
8570-KLJYJ,Female,No,No,No,4016
7754-IXRMC,Female,No,No,No,4017
9473-CBZOP,Female,No,No,No,4018
2969-WGHQO,Female,No,Yes,Yes,4019
6615-NGGZJ,Male,No,No,No,4020
4334-HOWRP,Male,Yes,Yes,No,4021
4255-DDUOU,Female,No,Yes,Yes,4022
5863-OOKCL,Female,No,No,No,4023
1686-STUHN,Male,No,No,No,4024
1329-VHWNP,Female,No,No,No,4025
2984-MIIZL,Male,No,No,No,4026
0266-GMEAO,Male,No,Yes,Yes,4027
5590-YRFJT,Female,No,Yes,No,4028
5574-NXZIU,Male,No,No,No,4029
0019-GFNTW,Female,No,No,No,4030
4256-ZWTZI,Female,No,No,Yes,4031
8309-PPCED,Female,No,Yes,No,4032
4098-NAUKP,Male,Yes,Yes,Yes,4033
5196-WPYOW,Male,No,Yes,Yes,4034
4608-LCIMN,Male,No,Yes,Yes,4035
1485-YDHMM,Male,No,Yes,Yes,4036
4054-CUMIA,Female,No,Yes,Yes,4037
0603-TPMIB,Female,No,Yes,Yes,4038
2525-GVKQU,Female,No,No,No,4039
8161-QYMTT,Male,No,No,No,4040
9581-GVBXT,Male,No,Yes,Yes,4041
5862-BRIXZ,Male,No,No,No,4042
5404-GGUKR,Male,No,No,No,4043
3308-JSGML,Male,Yes,Yes,No,4044
2126-GSEGL,Female,No,Yes,No,4045
3677-TNKIO,Female,No,No,No,4046
0440-QEXBZ,Female,No,No,No,4047
2434-EEVDB,Female,No,Yes,No,4048
6762-QVYJO,Female,No,Yes,Yes,4049
6199-IWKGC,Female,Yes,Yes,No,4050
2675-DHUTR,Male,Yes,Yes,No,4051
8152-VETUR,Female,No,Yes,No,4052
9667-EQRXU,Female,Yes,No,No,4053
7446-YPODE,Male,Yes,No,No,4054
9522-BNTHX,Female,Yes,No,No,4055
4676-WLUHT,Male,No,No,No,4056
3329-WDIOK,Female,No,No,No,4057
7980-MHFLQ,Female,No,Yes,Yes,4058
2873-ZLIWT,Female,No,Yes,Yes,4059
3415-TAILE,Female,No,Yes,Yes,4060
0757-WCUUZ,Male,No,Yes,Yes,4061
1629-DQQVB,Female,No,No,No,4062
1915-IOFGU,Female,No,No,No,4063
3045-XETSH,Female,No,No,No,4064
0374-AACSZ,Female,No,No,No,4065
7239-HZZCX,Male,No,No,No,4066
4872-VXRIL,Male,No,No,No,4067
9140-CZQZZ,Female,No,Yes,No,4068
3423-HHXAO,Female,No,Yes,Yes,4069
9938-TKDGL,Male,No,Yes,Yes,4070
0531-ZZJWQ,Male,Yes,Yes,No,4071
6537-QLGEX,Female,No,No,No,4072
2688-BHGOG,Male,Yes,No,No,4073
7683-CBDKJ,Male,No,Yes,Yes,4074
0946-CLJTI,Male,Yes,Yes,No,4075
3160-TYXLT,Male,No,No,No,4076
1325-USMEC,Male,No,Yes,No,4077
0916-QOFDP,Female,Yes,Yes,Yes,4078
0628-CNQRM,Male,No,Yes,Yes,4079
5606-AMZBO,Female,No,Yes,No,4080
6199-IPCAO,Female,No,Yes,Yes,4081
7665-TOALD,Female,No,No,No,4082
0112-QWPNC,Male,No,Yes,No,4083
0324-BRPCJ,Female,Yes,Yes,No,4084
2777-PHDEI,Female,No,No,No,4085
5640-CAXOA,Female,No,No,No,4086
2235-EZAIK,Female,No,Yes,No,4087
3847-BAERP,Female,No,No,No,4088
1196-AMORA,Male,No,No,No,4089
4282-YMKNA,Female,No,No,No,4090
1453-RZFON,Female,No,No,Yes,4091
8263-OKETD,Female,No,No,No,4092
0670-KDOMA,Female,No,No,No,4093
2476-YGEFM,Female,No,No,No,4094
8687-BAFGU,Male,No,No,No,4095
0641-EVBOJ,Male,No,No,No,4096
0829-XXPLX,Female,No,No,No,4097
9974-JFBHQ,Male,No,No,Yes,4098
5356-RHIPP,Male,No,No,No,4099
6624-JDRDS,Female,No,No,No,4100
0608-JDVEC,Male,No,Yes,No,4101
9780-FKVVF,Male,No,No,No,4102
1919-RTPQD,Male,No,Yes,Yes,4103
5214-NLTIT,Male,No,Yes,Yes,4104
3345-PBBFH,Male,No,Yes,No,4105
5055-BRMNE,Female,No,Yes,Yes,4106
9189-JWSHV,Female,Yes,Yes,No,4107
2190-PHBHR,Female,No,Yes,No,4108
2650-GYRYL,Male,No,Yes,Yes,4109
0746-JTRFU,Male,No,No,No,4110
5208-FVQKB,Male,No,Yes,No,4111
7184-LRUUR,Female,No,No,No,4112
6627-CFOSN,Female,No,No,No,4113
3982-JGSFD,Male,No,No,No,4114
1574-DYCWE,Female,No,Yes,Yes,4115
7247-XOZPB,Male,No,Yes,No,4116
2466-FCCPT,Female,No,Yes,Yes,4117
6211-WWLTF,Male,No,Yes,No,4118
4826-TZEVA,Female,No,No,No,4119
6016-NXBNJ,Male,No,No,No,4120
9138-EFSMO,Male,No,Yes,Yes,4121
0576-WNXXC,Male,Yes,Yes,No,4122
4632-XJMEX,Male,No,No,Yes,4123
8910-LEDAG,Male,Yes,Yes,No,4124
3452-GWUIN,Female,Yes,Yes,No,4125
2716-GFZOR,Male,No,Yes,No,4126
3724-UCSHY,Male,No,Yes,Yes,4127
8626-XHBIE,Male,No,No,Yes,4128
4628-CTTLA,Male,No,No,No,4129
3192-LNKRK,Male,No,Yes,Yes,4130
4439-YRNVD,Female,No,No,No,4131
2876-VBBBL,Female,No,No,No,4132
6834-NXDCA,Female,No,No,No,4133
2208-UGTGR,Male,No,No,No,4134
3005-TYFRD,Female,No,Yes,No,4135
8670-MEFCP,Female,No,Yes,Yes,4136
3079-BCHLN,Male,No,Yes,No,4137
7777-UNYHB,Female,No,Yes,Yes,4138
5597-GLBUC,Female,No,No,No,4139
7278-CKDNC,Male,Yes,No,No,4140
2748-MYRVK,Female,No,No,No,4141
8450-UYIBU,Female,Yes,No,No,4142
2969-VAPYH,Female,No,No,No,4143
4822-YCXMX,Male,No,No,No,4144
7181-OQCUT,Male,No,No,No,4145
8474-UMLNT,Female,No,No,No,4146
9821-POOTN,Male,No,Yes,No,4147
3836-FZSDJ,Male,Yes,Yes,No,4148
9142-XMYJH,Female,No,No,No,4149
6559-ILWKJ,Male,No,Yes,No,4150
0187-QSXOE,Male,Yes,Yes,No,4151
7733-UDMTP,Female,Yes,No,No,4152
2649-HWLYB,Male,No,Yes,No,4153
5214-CHIWJ,Male,No,No,No,4154
4229-CZMLL,Male,No,No,No,4155
6904-JLBGY,Female,Yes,No,No,4156
2465-BLLEU,Male,No,No,No,4157
1685-VAYJF,Male,No,No,No,4158
8874-EJNSR,Male,No,Yes,Yes,4159
6917-YACBP,Female,Yes,No,No,4160
5049-MUBWG,Male,No,No,No,4161
4223-WOZCM,Male,Yes,No,No,4162
0769-MURVM,Female,No,Yes,Yes,4163
9253-VIFJQ,Male,No,Yes,No,4164
7030-FZTFM,Male,No,Yes,Yes,4165
9741-YLNTD,Male,No,No,No,4166
5917-RYRMG,Male,Yes,No,No,4167
5120-ZBLAI,Female,No,Yes,No,4168
1194-BHJYC,Male,No,Yes,No,4169
3663-MITLP,Female,No,No,No,4170
0906-QVPMS,Male,No,Yes,No,4171
9025-ZRPVR,Male,No,No,No,4172
1905-OEILC,Female,No,No,No,4173
7858-GTZSP,Female,No,No,No,4174
3285-UCQVC,Female,No,No,No,4175
6248-BSHKG,Male,No,Yes,Yes,4176
4685-TFLLS,Male,No,Yes,Yes,4177
3470-BTGQO,Male,No,No,Yes,4178
1209-VFFOC,Male,No,Yes,Yes,4179
8224-DWCKX,Male,Yes,No,No,4180
5482-PLVPE,Female,Yes,No,No,4181
4553-DVPZG,Female,No,Yes,No,4182
4902-OHLSK,Female,Yes,No,No,4183
6917-IAYHD,Male,No,No,Yes,4184
0495-ZBNGW,Male,Yes,Yes,No,4185
8620-RJPZN,Female,No,No,No,4186
7572-KPVKK,Male,No,No,Yes,4187
2642-MAWLJ,Female,No,Yes,Yes,4188
2357-COQEK,Female,Yes,No,No,4189
7103-ZGVNT,Female,No,Yes,Yes,4190
3737-GCSPV,Female,No,Yes,No,4191
2027-WKXMW,Female,No,Yes,No,4192
7137-NAXML,Male,No,No,No,4193
2428-ZMCTB,Male,No,No,No,4194
2961-VNFKL,Female,No,Yes,No,4195
1768-HNVGJ,Female,Yes,No,No,4196
6963-KQYQB,Female,No,Yes,Yes,4197
5934-RMPOV,Female,No,No,Yes,4198
1207-BLKSA,Female,No,Yes,Yes,4199
4088-YLDSU,Male,No,Yes,No,4200
8316-BBQAY,Female,No,No,No,4201
1166-PQLGG,Female,No,Yes,Yes,4202
3146-JTQHR,Male,No,Yes,No,4203
4291-YZODP,Female,No,No,Yes,4204
4395-PZMSN,Male,Yes,No,No,4205
6427-FEFIG,Female,No,Yes,Yes,4206
0017-IUDMW,Female,No,Yes,Yes,4207
8706-HRADD,Male,No,No,No,4208
9955-QOPOY,Male,No,Yes,No,4209
4385-ZKVNW,Male,No,Yes,Yes,4210
5446-DKWYW,Female,Yes,Yes,Yes,4211
2034-CGRHZ,Male,Yes,No,No,4212
5797-APWZC,Female,No,No,No,4213
3683-QKIUE,Female,No,No,No,4214
4228-ZGYUW,Male,No,No,No,4215
9031-ZVQPT,Male,No,Yes,No,4216
2990-IAJSV,Male,No,No,No,4217
8107-KNCIM,Male,Yes,Yes,No,4218
9027-YFHQJ,Male,No,No,No,4219
5176-LDKUH,Female,No,No,No,4220
4644-OBGFZ,Male,No,Yes,Yes,4221
7926-IJOOU,Male,No,No,No,4222
6480-YAGIY,Male,No,No,No,4223
4029-HPFVY,Male,No,No,No,4224
7602-DBTOU,Female,No,Yes,No,4225
5345-BMKWB,Male,No,Yes,No,4226
3519-ZKXGG,Female,No,Yes,No,4227
5457-COLHT,Male,No,Yes,Yes,4228
6416-TVAIH,Male,No,Yes,Yes,4229
5451-YHYPW,Female,Yes,Yes,No,4230
5108-ADXWO,Male,No,No,No,4231
7998-WNZEM,Male,No,No,No,4232
3066-RRJIO,Female,No,No,No,4233
4664-NJCMS,Female,No,Yes,No,4234
0307-BCOPK,Female,No,No,No,4235
7629-WFGLW,Female,Yes,Yes,No,4236
2542-HYGIQ,Female,No,No,No,4237
6715-OFDBP,Male,No,No,No,4238
5016-LIPDW,Male,No,Yes,Yes,4239
6481-LXPWL,Male,No,Yes,Yes,4240
1567-DSCIC,Male,No,No,No,4241
2150-UWTFY,Female,No,Yes,Yes,4242
6124-ACRHJ,Female,No,No,No,4243
9362-MWODR,Female,No,No,Yes,4244
9975-GPKZU,Male,No,Yes,Yes,4245
9625-RZFUK,Male,No,Yes,Yes,4246
5153-LXKDT,Male,No,Yes,Yes,4247
5161-UBZXI,Male,No,Yes,Yes,4248
1020-JPQOW,Female,No,Yes,No,4249
7919-ZODZZ,Female,No,Yes,Yes,4250
0565-JUPYD,Male,No,No,No,4251
6867-ACCZI,Female,No,Yes,Yes,4252
5939-XAIXZ,Female,No,No,No,4253
9054-FOWNV,Male,No,Yes,Yes,4254
2683-BPJSO,Male,No,Yes,No,4255
2157-MXBJS,Male,No,Yes,No,4256
8207-VVMYB,Female,No,Yes,No,4257
9732-EQMWY,Female,No,Yes,No,4258
9360-AHGNL,Female,Yes,Yes,No,4259
1087-UDSIH,Female,No,No,No,4260
5269-NRGDP,Male,No,Yes,Yes,4261
6195-MELTI,Male,No,No,No,4262
5485-WUYWF,Male,Yes,No,No,4263
2121-JAFOM,Female,No,Yes,No,4264
8818-DOPVL,Female,Yes,No,No,4265
2632-UCGVD,Male,Yes,Yes,No,4266
5445-PZWGX,Male,No,No,No,4267
1227-UDMZR,Female,No,Yes,No,4268
5198-HQAEN,Male,No,Yes,Yes,4269
9170-CCKOU,Male,No,Yes,No,4270
2167-FQSTQ,Female,No,Yes,No,4271
2819-GWENI,Female,No,Yes,Yes,4272
1043-YCUTE,Male,No,Yes,No,4273
3814-MLAXC,Female,No,No,No,4274
3572-UUHRS,Male,No,No,No,4275
2692-PFYTJ,Female,No,No,No,4276
1226-UDFZR,Female,No,No,No,4277
5955-EPOAZ,Female,No,No,No,4278
6821-JPCDC,Female,No,Yes,No,4279
8815-LMFLX,Male,No,Yes,Yes,4280
9135-HSWOC,Male,No,Yes,Yes,4281
8582-KRHPJ,Male,No,No,No,4282
5811-IWXYM,Female,No,Yes,Yes,4283
7044-YAACC,Male,Yes,Yes,No,4284
8189-XRIKE,Female,Yes,No,No,4285
1506-YJTYT,Male,No,Yes,Yes,4286
4123-DVHPH,Male,No,Yes,No,4287
6425-YQLLO,Female,Yes,Yes,No,4288
5442-UTCVD,Male,No,No,Yes,4289
2228-BZDEE,Female,No,No,No,4290
7734-DBOAI,Female,No,Yes,Yes,4291
2789-CZANW,Female,No,Yes,Yes,4292
2091-RFFBA,Female,Yes,No,No,4293
2114-MGINA,Female,No,No,No,4294
7596-LDUXP,Female,No,No,No,4295
3740-RLMVT,Male,Yes,Yes,No,4296
4489-SNOJF,Female,No,Yes,Yes,4297
2192-OZITF,Female,No,No,No,4298
5651-CPDND,Male,No,No,No,4299
2186-QZEYA,Female,Yes,No,No,4300
1131-ALZWV,Female,No,No,No,4301
7729-XBTWX,Male,No,Yes,Yes,4302
9134-WYRVP,Male,No,No,No,4303
3284-SVCRO,Female,No,Yes,No,4304
9732-OUYRN,Female,No,Yes,No,4305
0559-CKHUS,Female,No,Yes,No,4306
2931-SVLTV,Male,No,Yes,Yes,4307
6899-PPEEA,Female,Yes,No,No,4308
7504-UWHNB,Male,No,No,No,4309
2582-FFFZR,Female,No,No,No,4310
8908-NMQTX,Male,No,No,No,4311
2187-LZGPL,Female,No,No,No,4312
1431-AIDJQ,Male,No,Yes,Yes,4313
6288-LBEAR,Female,No,No,No,4314
4597-NUCQV,Male,Yes,No,No,4315
9019-QVLZD,Female,No,No,No,4316
8413-YNHNV,Male,No,No,No,4317
5808-TOTXO,Female,No,No,Yes,4318
4369-NYSCF,Male,No,No,No,4319
6333-YDVLT,Male,No,No,No,4320
5324-KTGCG,Male,No,Yes,No,4321
5599-HVLTW,Female,Yes,No,No,4322
7394-LWLYN,Female,No,No,No,4323
3707-LRWZD,Female,No,No,No,4324
6873-UDNLD,Male,No,No,No,4325
2700-LUEVA,Male,No,No,No,4326
1455-ESIQH,Male,No,No,No,4327
0958-YHXGP,Female,No,No,No,4328
1101-SSWAG,Female,No,Yes,No,4329
2979-SXESE,Female,No,Yes,Yes,4330
4013-TLDHQ,Male,No,No,No,4331
5743-KHMNA,Male,No,No,No,4332
4194-FJARJ,Female,No,Yes,Yes,4333
5325-UWTWJ,Male,No,Yes,No,4334
3969-GYXEL,Female,No,No,No,4335
9208-OLGAQ,Female,Yes,No,No,4336
3244-CQPHU,Female,Yes,No,No,4337
2674-MLXMN,Female,Yes,No,No,4338
9708-HPXWZ,Male,Yes,No,No,4339
6992-TKNYO,Male,No,Yes,No,4340
4468-YDOVK,Male,No,No,Yes,4341
3754-DXMRT,Male,Yes,No,No,4342
5792-JALQC,Female,Yes,No,No,4343
7130-VTEWQ,Female,Yes,No,No,4344
2200-DSAAL,Female,No,No,No,4345
4302-ZYFEL,Male,No,Yes,Yes,4346
9351-LZYGF,Female,No,Yes,No,4347
4366-CTOUZ,Female,No,No,No,4348
6121-VZNQB,Female,No,No,No,4349
7903-CMPEY,Male,Yes,Yes,No,4350
1518-OMDIK,Male,No,Yes,No,4351
6671-NGWON,Female,No,No,No,4352
0595-ITUDF,Male,No,Yes,Yes,4353
6996-KNSML,Female,No,No,No,4354
1955-IBMMB,Male,No,No,No,4355
0096-BXERS,Female,No,Yes,No,4356
3806-YAZOV,Female,No,No,No,4357
7998-ZLXWN,Female,No,Yes,No,4358
6253-WRFHY,Male,No,Yes,Yes,4359
9133-AYJZG,Female,No,No,No,4360
2675-OTVVJ,Male,Yes,Yes,No,4361
8680-CGLTP,Male,No,No,No,4362
8430-TWCBX,Female,No,Yes,No,4363
5018-GWURO,Female,No,Yes,No,4364
6741-QRLUP,Female,No,No,No,4365
4737-HOBAX,Male,No,Yes,No,4366
0537-QYZZN,Male,Yes,Yes,Yes,4367
3340-QBBFM,Male,Yes,Yes,No,4368
1704-NRWYE,Female,Yes,No,No,4369
2592-SEIFQ,Male,No,No,No,4370
8200-KLNYW,Female,No,Yes,No,4371
3372-CDXFJ,Male,No,Yes,Yes,4372
4781-ZXYGU,Male,No,Yes,Yes,4373
7632-YUTXB,Female,No,Yes,Yes,4374
2718-YSKCS,Male,No,Yes,Yes,4375
9896-UYMIE,Male,No,No,No,4376
0853-NWIFK,Female,No,No,No,4377
8212-CRQXP,Female,No,Yes,No,4378
6980-CDGFC,Female,No,Yes,No,4379
7691-XVTZH,Female,No,Yes,No,4380
2520-SGTTA,Female,No,Yes,Yes,4381
7481-ATQQS,Female,Yes,No,No,4382
2277-VWCNI,Female,Yes,No,No,4383
1088-CNNKB,Male,No,Yes,No,4384
8642-GVWRF,Female,No,Yes,No,4385
1930-BZLHI,Male,No,No,No,4386
3400-ESFUW,Male,No,Yes,Yes,4387
5868-YTYKS,Male,No,No,Yes,4388
3525-DVKFN,Female,No,No,No,4389
1482-OXZSY,Male,No,No,No,4390
0377-JBKKT,Male,No,Yes,Yes,4391
5778-BVOFB,Female,No,No,No,4392
3373-YZZYM,Male,No,Yes,Yes,4393
2057-ZBLPD,Female,No,Yes,No,4394
0228-MAUWC,Male,No,No,No,4395
5502-RLUYV,Female,No,Yes,Yes,4396
0023-HGHWL,Male,Yes,No,No,4397
7663-YJHSN,Female,No,Yes,No,4398
4915-BFSXL,Male,No,Yes,Yes,4399
3086-RUCRN,Female,No,No,No,4400
5215-LNLDJ,Female,No,Yes,Yes,4401
7576-JMYWV,Female,Yes,Yes,Yes,4402
9039-RBEEE,Male,No,No,No,4403
0257-KXZGU,Female,No,Yes,Yes,4404
1307-ATKGB,Male,No,No,No,4405
8417-FMLZI,Male,No,Yes,Yes,4406
3714-XPXBW,Female,No,No,No,4407
1850-AKQEP,Male,No,No,Yes,4408
2824-DXNKN,Female,No,Yes,Yes,4409
5227-JSCFE,Male,Yes,Yes,No,4410
0848-ZGQIJ,Female,No,Yes,No,4411
3621-CHYVB,Female,No,Yes,No,4412
8042-RNLKO,Male,No,No,No,4413
1792-UXAFY,Female,Yes,No,No,4414
5372-FBKBN,Female,No,No,Yes,4415
0420-TXVSG,Male,No,Yes,No,4416
6217-TOWGS,Female,No,Yes,No,4417
0515-YPMCW,Male,No,No,Yes,4418
0378-XSZPU,Male,No,Yes,No,4419
1045-LTCYT,Female,No,Yes,Yes,4420
1544-JJMYL,Male,No,No,No,4421
4636-JGAAI,Male,No,Yes,No,4422
6874-SGLHU,Male,No,No,No,4423
5951-AOFIH,Male,No,No,No,4424
4729-XKASR,Male,No,No,Yes,4425
3059-NGMXB,Male,No,Yes,Yes,4426
8652-YHIYU,Female,No,No,Yes,4427
5278-PNYOX,Female,No,No,No,4428
5449-FIBXJ,Male,No,Yes,Yes,4429
3486-HOOGQ,Female,No,Yes,Yes,4430
5061-PBXFW,Female,No,Yes,Yes,4431
8630-FJLIB,Female,No,No,No,4432
3891-NLXJB,Male,No,No,No,4433
4749-OJKQU,Female,No,No,No,4434
0577-WHMEV,Female,No,Yes,No,4435
5453-AXEPF,Male,No,Yes,No,4436
3639-XJHKQ,Female,No,No,Yes,4437
3716-LRGXK,Male,No,Yes,No,4438
2263-SFSQZ,Male,No,Yes,Yes,4439
9950-MTGYX,Male,No,Yes,Yes,4440
3397-AVTKU,Male,No,No,No,4441
4825-FUREZ,Male,No,Yes,No,4442
9837-BMCLM,Male,No,No,No,4443
2672-OJQZP,Female,No,No,No,4444
0137-UDEUO,Female,No,No,No,4445
3134-DSHVC,Female,No,No,No,4446
6161-UUUTA,Male,Yes,No,No,4447
7821-DPRQE,Male,No,Yes,No,4448
6543-XRMYR,Female,Yes,No,No,4449
2001-EWBQU,Female,No,No,No,4450
4925-LMHOK,Male,No,No,No,4451
1608-GMEWB,Male,Yes,No,No,4452
6695-AMZUF,Female,No,Yes,No,4453
1455-UGQVH,Male,No,Yes,No,4454
8410-BGQXN,Male,No,No,No,4455
8280-MQRQN,Female,No,No,No,4456
1619-YWUBB,Female,No,Yes,No,4457
7611-YKYTC,Male,No,Yes,Yes,4458
2037-SGXHH,Male,No,Yes,Yes,4459
3178-FESZO,Female,No,No,No,4460
0365-GXEZS,Male,No,Yes,No,4461
0082-OQIQY,Male,No,No,No,4462
6087-MVHJH,Female,No,No,No,4463
4603-JANFB,Male,No,No,No,4464
3018-TFTSU,Male,No,No,No,4465
3606-SBKRY,Male,No,No,No,4466
4806-KEXQR,Male,No,No,No,4467
0667-NSRGI,Female,No,Yes,No,4468
7083-YNSKY,Female,No,No,No,4469
6893-ODYYE,Male,No,No,No,4470
8242-JSVBO,Male,No,No,No,4471
2479-BRAMR,Male,Yes,Yes,No,4472
9541-ZPSEA,Male,No,Yes,Yes,4473
2665-NPTGL,Female,Yes,Yes,No,4474
1139-WUOAH,Male,No,No,No,4475
4693-VWVBO,Female,No,No,No,4476
7434-SHXLS,Female,No,No,No,4477
6937-GCDGQ,Male,No,Yes,Yes,4478
0988-JRWWP,Female,No,No,No,4479
5075-JSDKI,Female,No,No,No,4480
7908-QCBCA,Female,No,Yes,No,4481
8644-XYTSV,Male,No,Yes,No,4482
6711-FLDFB,Female,No,No,No,4483
3873-WOSBC,Male,No,Yes,No,4484
7465-ZZRVX,Male,No,No,No,4485
7975-JMZNT,Male,No,Yes,No,4486
7251-XFOIL,Female,No,No,No,4487
4116-IQRFR,Male,No,Yes,Yes,4488
3714-JTVOV,Female,Yes,Yes,No,4489
8259-DZLIZ,Female,No,Yes,Yes,4490
0442-ZXKVS,Female,Yes,Yes,No,4491
7853-WNZSY,Male,No,No,No,4492
3120-FAZKD,Male,No,Yes,Yes,4493
8606-OEGQZ,Female,No,No,Yes,4494
0225-ZORZP,Male,No,No,No,4495
4702-IOQDC,Female,No,No,No,4496
9489-JMTTN,Female,No,Yes,Yes,4497
0575-CUQOV,Male,Yes,Yes,No,4498
0967-BMLBD,Female,No,Yes,Yes,4499
6178-KFNHS,Female,No,No,Yes,4500
2830-LEWOA,Male,No,Yes,Yes,4501
5006-MXVRN,Female,No,No,No,4502
1264-BYWMS,Male,No,No,No,4503
9658-WYUFB,Female,No,No,No,4504
8327-WKMIE,Male,No,No,No,4505
6917-FIJHC,Female,No,Yes,No,4506
5329-KRDTM,Male,Yes,Yes,No,4507
7797-EJMDP,Female,No,No,No,4508
3530-VWVGU,Female,No,Yes,Yes,4509
2013-SGDXK,Female,No,No,No,4510
6368-NWMCE,Female,No,No,No,4511
3633-CDBUW,Male,No,No,Yes,4512
0707-HOVVN,Female,Yes,No,No,4513
8580-QVLOC,Female,Yes,Yes,Yes,4514
3956-MGXOG,Female,No,No,No,4515
9274-UARKJ,Female,No,No,No,4516
4077-HWUYD,Male,No,Yes,Yes,4517
2012-NWRPA,Female,Yes,Yes,No,4518
8808-ELEHO,Male,Yes,No,No,4519
0103-CSITQ,Female,No,Yes,No,4520
3506-LCJDC,Male,No,Yes,Yes,4521
8671-KKKOS,Female,No,Yes,No,4522
7305-ZWMAJ,Male,No,Yes,No,4523
9518-XXBXE,Male,Yes,Yes,No,4524
3934-HXCFZ,Male,No,Yes,No,4525
6578-KRMAW,Male,No,No,No,4526
4860-IJUDE,Male,No,No,No,4527
7666-WKRON,Female,No,No,No,4528
9688-YGXVR,Female,No,No,No,4529
0423-UDIJQ,Male,Yes,No,No,4530
1945-XISKS,Female,No,Yes,No,4531
4910-AQFFX,Male,No,Yes,Yes,4532
2154-KVJFF,Female,No,No,No,4533
5360-LJCNJ,Female,No,Yes,No,4534
2607-FBDFF,Male,No,No,No,4535
9647-ERGBE,Female,No,Yes,Yes,4536
3428-XZMAZ,Male,No,No,No,4537
1100-DDVRV,Male,No,Yes,No,4538
0378-TOVMS,Female,No,No,No,4539
4355-HBJHH,Male,No,Yes,Yes,4540
6728-WYQBC,Male,No,No,No,4541
9058-CBREO,Female,Yes,No,No,4542
9029-FEGVJ,Female,Yes,Yes,No,4543
7216-KAOID,Male,No,Yes,Yes,4544
0318-QUUOB,Male,No,Yes,No,4545
6145-NNPNO,Female,No,No,No,4546
5520-FVEWJ,Female,No,Yes,Yes,4547
5339-TJFEK,Male,No,Yes,Yes,4548
5572-ZDXHY,Female,No,No,No,4549
2074-GUHPQ,Female,No,No,Yes,4550
4625-XMOYM,Female,No,Yes,Yes,4551
5827-MWCZK,Male,No,Yes,Yes,4552
1385-TQOZW,Female,No,No,No,4553
5914-XRFQB,Male,No,Yes,No,4554
4329-YPDDQ,Male,No,No,No,4555
4804-NCPET,Male,No,Yes,Yes,4556
3750-CKVKH,Male,No,No,No,4557
5944-UGLLK,Male,No,No,No,4558
8063-GBATB,Female,Yes,No,No,4559
7787-BNTZM,Male,No,No,No,4560
2252-ISRNH,Male,No,Yes,Yes,4561
9415-TPKRV,Female,No,Yes,Yes,4562
5322-TEUJK,Female,No,Yes,Yes,4563
4547-KQRTM,Female,No,No,No,4564
4877-EVATK,Male,No,No,No,4565
1866-DIOQZ,Female,No,Yes,No,4566
8375-KVTHK,Male,No,Yes,No,4567
2697-NQBPF,Male,No,No,No,4568
3709-OIJEA,Male,No,No,No,4569
7639-SUPCW,Female,No,No,No,4570
1386-ZIKUV,Male,No,No,No,4571
0599-XNYDO,Female,No,Yes,No,4572
6377-WHAOX,Female,No,Yes,No,4573
6855-VLGOS,Male,No,Yes,Yes,4574
8999-XXGNS,Female,Yes,Yes,No,4575
8746-OQQRW,Male,No,No,No,4576
3181-MIZBN,Male,No,Yes,Yes,4577
0471-ARVMX,Female,Yes,Yes,No,4578
7766-CLTIC,Female,No,No,No,4579
5650-YLIBA,Male,No,No,No,4580
0825-CPPQH,Female,No,Yes,No,4581
9084-OAYKL,Male,No,No,No,4582
6122-LJADA,Male,No,Yes,Yes,4583
2400-XIWIO,Female,No,Yes,No,4584
7524-VRLPL,Male,Yes,No,No,4585
1069-XAIEM,Female,Yes,No,No,4586
7569-NMZYQ,Female,No,Yes,Yes,4587
5201-USSQZ,Female,No,Yes,No,4588
2105-PHWON,Female,No,Yes,No,4589
1494-EJZDW,Female,No,Yes,Yes,4590
4884-TVUQF,Female,Yes,No,No,4591
8003-EWNDZ,Female,No,No,No,4592
1897-RCFUM,Female,No,Yes,Yes,4593
9256-JTBNZ,Female,No,No,No,4594
4658-HCOHW,Female,No,Yes,Yes,4595
2211-RMNHO,Female,No,Yes,Yes,4596
2432-TFSMK,Male,No,No,No,4597
3440-JPSCL,Female,No,No,No,4598
4929-ROART,Male,No,No,No,4599
1834-ABKHQ,Female,No,Yes,Yes,4600
1741-WTPON,Male,No,Yes,Yes,4601
3932-IJWDZ,Male,No,No,No,4602
1240-HCBOH,Female,No,No,No,4603
3594-KADLU,Male,No,Yes,No,4604
8065-BVEPF,Male,Yes,No,No,4605
3796-ENZGF,Male,No,Yes,No,4606
1734-ZMNTZ,Female,No,Yes,Yes,4607
2853-CWQFQ,Male,No,No,Yes,4608
0813-TAXXS,Male,No,No,No,4609
2519-TWKFS,Male,No,Yes,Yes,4610
2889-FPWRM,Male,No,Yes,No,4611
0626-QXNGV,Female,No,Yes,No,4612
6723-CEGQI,Female,No,No,Yes,4613
6987-XQSJT,Female,Yes,No,No,4614
4732-RRJZC,Male,No,Yes,Yes,4615
9499-XPZXM,Female,No,Yes,No,4616
4338-EYCER,Male,No,Yes,No,4617
3007-FDPEA,Female,No,No,No,4618
6350-XFYGW,Male,Yes,No,No,4619
4290-BSXUX,Male,No,Yes,No,4620
8513-OLYGY,Male,No,Yes,No,4621
0311-QYWSS,Female,No,No,No,4622
8705-DWKTI,Male,No,No,No,4623
8755-IWJHN,Male,Yes,Yes,No,4624
0325-XBFAC,Male,No,No,No,4625
4480-QQRHC,Female,Yes,No,No,4626
0929-PECLO,Female,Yes,No,No,4627
3680-CTHUH,Male,No,No,No,4628
1202-KKGFU,Female,No,Yes,No,4629
6112-KTHFQ,Female,No,No,No,4630
1852-XEMDW,Male,No,No,No,4631
2462-XIIJB,Male,No,No,No,4632
4760-XOHVN,Female,No,Yes,Yes,4633
1820-DJFPH,Female,No,Yes,Yes,4634
9426-SXNHE,Female,No,No,No,4635
9068-FHQHD,Female,No,Yes,Yes,4636
1269-FOYWN,Male,No,Yes,Yes,4637
9470-YFUYI,Male,Yes,Yes,No,4638
7817-BOQPW,Female,No,No,No,4639
7402-EYFXX,Male,Yes,No,No,4640
1853-UDXBW,Male,No,Yes,Yes,4641
9895-VFOXH,Female,No,No,No,4642
5458-CQJTA,Male,No,Yes,Yes,4643
1230-QAJDW,Male,No,No,No,4644
5701-ZIKJE,Male,No,No,No,4645
5219-YIPTK,Female,No,Yes,No,4646
5032-MIYKT,Female,No,No,No,4647
7396-VJUZB,Male,No,Yes,Yes,4648
9717-QEBGU,Male,No,No,No,4649
5172-RKOCB,Male,No,Yes,No,4650
6509-TSGWN,Female,No,Yes,Yes,4651
3540-RZJYU,Female,No,No,No,4652
3178-CIFOT,Female,No,No,No,4653
2091-MJTFX,Female,No,Yes,Yes,4654
4530-NDRKU,Female,No,Yes,Yes,4655
5985-TBABQ,Female,No,No,No,4656
9800-ONTFE,Female,No,Yes,Yes,4657
6743-HHQPF,Male,No,Yes,No,4658
8455-HIRAQ,Female,No,No,No,4659
6616-AALSR,Female,No,Yes,Yes,4660
0883-EIBTI,Female,No,No,No,4661
9415-ZNBSX,Female,No,Yes,Yes,4662
4018-KJYUY,Male,No,No,Yes,4663
0722-TROQR,Female,Yes,No,No,4664
7571-YXDAD,Female,No,No,No,4665
3884-UEBXB,Female,No,Yes,Yes,4666
8780-RSYYU,Female,No,No,No,4667
5537-UXXVS,Female,No,Yes,No,4668
1791-PQHBB,Female,No,No,Yes,4669
8701-DGLVH,Male,No,No,No,4670
8741-LQOBK,Female,No,Yes,Yes,4671
3393-FMZPV,Female,No,No,No,4672
8082-GHXOP,Male,No,No,Yes,4673
6402-ZFPPI,Female,Yes,No,No,4674
0980-FEXWF,Male,No,Yes,Yes,4675
7486-KSRVI,Male,No,No,No,4676
3011-WQKSZ,Male,No,No,Yes,4677
8443-WVPSS,Male,No,Yes,No,4678
3006-XIMLN,Female,No,No,Yes,4679
8218-FFJDS,Female,No,Yes,No,4680
1986-PHGZF,Male,Yes,No,No,4681
9965-YOKZB,Male,Yes,No,No,4682
0504-HHAPI,Female,Yes,No,No,4683
9360-OMDZZ,Male,No,No,No,4684
6305-YLBMM,Male,No,No,No,4685
0345-XMMUG,Female,No,Yes,No,4686
8024-XNAFQ,Female,Yes,No,No,4687
3647-GMGDH,Male,No,Yes,No,4688
2988-GBIVW,Female,Yes,Yes,No,4689
2832-SCUCO,Female,No,No,No,4690
7036-ZZKBD,Male,No,Yes,No,4691
3791-LGQCY,Female,Yes,Yes,No,4692
0265-PSUAE,Female,No,Yes,Yes,4693
0463-TXOAK,Male,No,No,Yes,4694
0594-UFTUL,Male,No,Yes,Yes,4695
9509-MPYOD,Female,No,No,No,4696
9128-CPXKI,Female,No,No,No,4697
0129-KPTWJ,Male,No,Yes,No,4698
8166-ZZTFS,Female,Yes,Yes,No,4699
5855-EIBDE,Female,No,Yes,No,4700
5365-LLFYV,Female,No,No,No,4701
5956-YHHRX,Male,Yes,No,No,4702
6008-NAIXK,Male,Yes,No,No,4703
2956-GGUCQ,Male,Yes,Yes,No,4704
1928-BXYIV,Male,No,No,No,4705
5760-FXFVO,Male,No,No,No,4706
6595-COKXZ,Female,No,No,No,4707
0961-ZWLVI,Male,No,No,Yes,4708
5181-OABFK,Female,No,Yes,Yes,4709
4007-NHVHI,Female,Yes,No,No,4710
7816-VGHTO,Female,No,Yes,Yes,4711
5871-DGTXZ,Male,No,No,No,4712
7550-WIQVA,Male,No,Yes,Yes,4713
7544-ZVIKX,Male,No,Yes,Yes,4714
0016-QLJIS,Female,No,Yes,Yes,4715
7508-DQAKK,Female,No,No,No,4716
5176-OLSKT,Female,No,Yes,No,4717
9356-AXGMP,Male,No,Yes,No,4718
3556-BVQGL,Female,No,Yes,No,4719
0362-ZBZWJ,Male,No,No,No,4720
8979-CAMGB,Male,Yes,No,No,4721
4211-MMAZN,Male,No,No,No,4722
7581-EBBOU,Female,No,No,No,4723
4274-OWWYO,Male,No,No,No,4724
5073-RZGBK,Female,No,Yes,Yes,4725
1541-ETJZO,Male,No,No,No,4726
2192-CKRLV,Female,No,Yes,No,4727
3154-HMWUU,Male,No,Yes,No,4728
6119-SPUDB,Male,No,No,No,4729
6522-OIQSX,Female,No,Yes,Yes,4730
7813-ZGGAW,Male,Yes,No,No,4731
8748-HFWBO,Male,No,Yes,Yes,4732
1052-QJIBV,Female,No,Yes,Yes,4733
1319-YLZJG,Male,No,Yes,No,4734
4106-HADHQ,Male,No,Yes,Yes,4735
0723-FDLAY,Male,No,No,No,4736
3050-RLLXC,Female,No,Yes,Yes,4737
9298-WGMRW,Female,No,Yes,No,4738
2369-UAPKZ,Male,No,No,No,4739
3088-LHEFH,Female,No,No,No,4740
2778-OCLGR,Male,Yes,Yes,No,4741
6583-KQJLK,Female,Yes,Yes,No,4742
8544-JNBOX,Male,No,No,No,4743
6681-ZSEXG,Male,No,Yes,No,4744
6139-ZZRBQ,Male,Yes,No,No,4745
6116-RFVHN,Female,No,Yes,No,4746
0637-KVDLV,Male,No,No,No,4747
8884-FEEWR,Male,No,No,No,4748
3125-RAHBV,Male,No,No,No,4749
6633-MPWBS,Male,No,No,No,4750
0373-AIVNJ,Male,No,No,No,4751
8785-EPNCG,Male,No,No,No,4752
1682-VCOIO,Male,No,No,No,4753
5729-KLZAR,Female,No,Yes,Yes,4754
2072-ZVJJX,Male,No,Yes,No,4755
8849-AYPTR,Male,No,Yes,No,4756
9518-IMLHK,Male,No,No,No,4757
1582-RAFML,Male,No,No,No,4758
3646-ITDGM,Female,No,No,No,4759
8740-CRYFY,Male,No,No,No,4760
3569-VLDHH,Male,No,Yes,Yes,4761
8224-KDLKN,Male,No,Yes,Yes,4762
7594-LZNWR,Male,Yes,No,No,4763
4001-TSBTV,Female,No,Yes,Yes,4764
2962-XPMCQ,Male,No,No,No,4765
8727-XDPUD,Male,No,No,No,4766
1043-UXOVO,Female,No,No,No,4767
1064-FBXNK,Male,No,Yes,Yes,4768
3996-ZNWYK,Male,Yes,Yes,Yes,4769
2878-DHMIN,Male,No,Yes,Yes,4770
7762-ONLJY,Female,No,Yes,Yes,4771
1678-FYZOW,Female,No,No,No,4772
5795-BKOYE,Female,No,Yes,Yes,4773
8627-EHGIP,Male,No,No,No,4774
7402-PWYJJ,Female,No,Yes,No,4775
5480-TBGPH,Female,No,Yes,No,4776
0018-NYROU,Female,No,Yes,No,4777
7501-VTYLJ,Female,No,No,Yes,4778
7608-RGIRO,Male,No,No,Yes,4779
0480-BIXDE,Female,No,Yes,No,4780
5895-QSXOD,Male,No,No,No,4781
9814-AOUDH,Male,No,No,No,4782
6175-IRFIT,Male,No,No,No,4783
8760-ZRHKE,Female,Yes,Yes,Yes,4784
1622-HSHSF,Female,No,No,No,4785
8854-CCVSQ,Male,No,No,No,4786
6749-UTDVX,Male,No,No,No,4787
5542-DHSXL,Female,No,Yes,No,4788
9102-OXKFY,Male,No,No,No,4789
0511-JTEOY,Female,No,No,No,4790
5216-WASFJ,Female,Yes,Yes,No,4791
7808-DVWEP,Male,No,Yes,No,4792
7067-KSAZT,Female,Yes,Yes,No,4793
2284-VFLKH,Male,No,Yes,No,4794
0366-NQSHS,Male,No,No,No,4795
6532-YLWSI,Female,No,Yes,No,4796
3807-BPOMJ,Female,No,Yes,No,4797
3892-NXAZG,Male,No,Yes,Yes,4798
4948-WBBKL,Female,Yes,No,No,4799
4182-BGSIQ,Female,No,Yes,Yes,4800
9300-AGZNL,Male,Yes,No,No,4801
0988-AADSA,Female,No,Yes,Yes,4802
9972-NKTFD,Female,No,No,No,4803
3717-LNXKW,Male,No,Yes,No,4804
5734-EJKXG,Female,No,No,No,4805
2207-RYYRL,Male,No,Yes,Yes,4806
6729-FZWSY,Male,No,No,No,4807
9695-IDRZR,Female,No,No,Yes,4808
8144-DGHXP,Female,No,No,No,4809
7814-LEEVE,Female,No,Yes,No,4810
1112-CUNAO,Female,Yes,No,No,4811
5175-AOBHI,Female,No,No,No,4812
5174-RNGBH,Female,No,No,No,4813
8631-WUXGY,Female,No,No,Yes,4814
7270-BDIOA,Female,No,No,No,4815
9565-JSNFM,Male,No,No,No,4816
5906-DVAPM,Female,No,Yes,Yes,4817
6654-QGBZZ,Female,No,No,No,4818
8348-JLBUG,Male,Yes,Yes,No,4819
0607-DAAHE,Male,No,No,Yes,4820
5641-DMBFJ,Female,No,Yes,No,4821
9200-NLNPD,Male,No,Yes,No,4822
2664-XJZNO,Male,No,Yes,Yes,4823
9732-KPKBW,Male,No,No,No,4824
3339-EAQNV,Male,Yes,Yes,No,4825
0921-OHLVP,Male,No,No,No,4826
3389-YGYAI,Female,Yes,No,No,4827
9560-ARGQJ,Female,No,No,Yes,4828
8350-NYMVI,Female,No,No,No,4829
1600-DILPE,Female,No,No,No,4830
0536-ESJEP,Male,No,Yes,No,4831
4654-GGUII,Female,No,No,No,4832
6478-HRRCZ,Male,No,Yes,No,4833
8510-BBWMU,Female,No,No,No,4834
6857-TKDJV,Male,No,Yes,Yes,4835
2360-RDGRO,Male,No,Yes,No,4836
0584-BJQGZ,Female,No,No,No,4837
5134-IKDAY,Female,No,Yes,Yes,4838
1360-XFJMR,Female,No,Yes,No,4839
3070-DVEYC,Male,Yes,No,No,4840
5730-RIITO,Female,Yes,No,No,4841
9058-MJLZC,Female,No,No,No,4842
5707-ORNDZ,Male,Yes,No,No,4843
0902-XKXPN,Male,No,Yes,Yes,4844
5177-RVZNU,Female,No,No,Yes,4845
0056-EPFBG,Male,No,Yes,Yes,4846
8993-IZEUX,Male,No,No,No,4847
8696-JKZNU,Female,Yes,No,No,4848
5380-AFSSK,Female,No,No,No,4849
8190-ZTQFB,Male,No,No,No,4850
0931-MHTEM,Female,No,No,No,4851
2055-PDADH,Female,Yes,No,No,4852
7515-LODFU,Male,Yes,No,No,4853
0440-UEDAI,Female,No,No,No,4854
1337-BOZWO,Male,No,Yes,Yes,4855
0868-VJRDR,Male,No,Yes,No,4856
8714-EUHJO,Female,No,Yes,Yes,4857
6344-SFJVH,Female,No,No,No,4858
3950-VPYJB,Male,No,Yes,Yes,4859
8041-TMEID,Male,Yes,Yes,No,4860
7321-ZNSLA,Male,No,Yes,Yes,4861
6941-KXRRV,Female,Yes,Yes,No,4862
3721-CNEYS,Female,No,No,No,4863
8727-JQFHV,Male,No,Yes,Yes,4864
9475-NNDGC,Male,No,Yes,No,4865
1355-KUSBG,Female,No,Yes,Yes,4866
3688-FTHLT,Female,No,No,No,4867
0899-LIIBW,Male,No,Yes,No,4868
2568-OIADY,Female,No,Yes,No,4869
1384-RCUXW,Male,No,No,No,4870
5825-XJOCM,Male,No,No,Yes,4871
6848-YLDFR,Male,No,Yes,Yes,4872
8125-QPFJD,Female,No,Yes,No,4873
2320-YKQBO,Female,No,No,No,4874
1193-RTSLK,Female,No,No,No,4875
2302-ANTDP,Female,Yes,Yes,No,4876
5923-GXUOC,Male,No,No,No,4877
4973-RLZVI,Female,No,No,No,4878
7869-ZYDST,Male,No,Yes,No,4879
4501-UYKBC,Female,Yes,No,No,4880
1215-EXRMO,Male,No,Yes,No,4881
2305-MRGLV,Male,No,Yes,No,4882
8404-VIOMB,Female,No,No,No,4883
5233-GEEAX,Male,Yes,No,No,4884
2359-KLTEK,Female,No,Yes,Yes,4885
5304-EFJLP,Male,Yes,Yes,No,4886
2673-ZALNP,Female,No,No,No,4887
9184-GALIL,Female,No,Yes,Yes,4888
4393-RYCRE,Male,No,No,No,4889
9746-MDMBK,Male,No,Yes,Yes,4890
3162-ZJZFU,Male,No,Yes,Yes,4891
8404-GFGCZ,Male,No,Yes,No,4892
8875-AKBYH,Male,Yes,No,No,4893
4432-ADRLB,Male,No,No,No,4894
0533-UCAAU,Male,Yes,Yes,No,4895
1394-SUIUH,Female,Yes,Yes,No,4896
3521-MNKLV,Male,No,No,No,4897
2533-TIBIX,Male,No,Yes,Yes,4898
8993-PHFWD,Female,No,No,No,4899
1565-RHDJD,Female,No,No,Yes,4900
7137-RYLPP,Male,Yes,Yes,No,4901
3765-JXVKY,Female,No,No,No,4902
5092-STPKP,Female,No,No,No,4903
7330-WZLNC,Female,No,No,No,4904
0114-PEGZZ,Female,No,No,No,4905
3359-DSRKA,Female,No,Yes,Yes,4906
8639-NHQEI,Female,No,Yes,Yes,4907
7161-DFHUF,Female,No,Yes,No,4908
3957-LXOLK,Female,Yes,No,No,4909
3720-DBRWL,Male,No,Yes,No,4910
6635-MYYYZ,Female,No,No,No,4911
8565-WUXZU,Male,Yes,Yes,No,4912
5281-BUZGT,Male,Yes,No,No,4913
4994-OBRSZ,Male,No,No,Yes,4914
0562-FGDCR,Female,No,Yes,Yes,4915
2436-QBZFP,Female,No,Yes,Yes,4916
3420-YJLQT,Female,No,No,No,4917
6040-CGACY,Female,No,No,No,4918
6582-PLFUU,Male,No,Yes,Yes,4919
8242-PDSGJ,Male,No,Yes,No,4920
0264-CNITK,Female,No,Yes,Yes,4921
0089-IIQKO,Female,No,Yes,Yes,4922
7839-NUIAA,Female,No,Yes,Yes,4923
6075-QMNRR,Female,No,No,No,4924
5378-IKEEG,Female,No,No,No,4925
5966-EMAZU,Male,No,Yes,No,4926
0440-EKDCF,Male,No,Yes,No,4927
4774-HHGGS,Male,No,Yes,No,4928
2718-GAXQD,Female,Yes,Yes,Yes,4929
2055-BFOCC,Male,Yes,Yes,No,4930
8180-AKMJV,Female,No,No,No,4931
4298-OYIFC,Male,No,Yes,No,4932
5566-SOEZD,Male,No,Yes,Yes,4933
9842-EFSYY,Female,No,No,Yes,4934
2272-WUSPA,Female,No,Yes,No,4935
4584-LBNMK,Male,Yes,Yes,No,4936
3898-GUYTS,Female,Yes,No,No,4937
0930-EHUZA,Female,No,No,No,4938
6413-XKKPU,Male,No,Yes,Yes,4939
9975-SKRNR,Male,No,No,No,4940
3703-KBKZP,Male,Yes,No,No,4941
1449-XQEMT,Male,No,No,No,4942
2626-URJFX,Male,No,Yes,Yes,4943
4973-MGTON,Female,No,Yes,No,4944
3682-YEUWS,Male,No,Yes,Yes,4945
1223-UNPKS,Male,No,Yes,Yes,4946
2612-RRIDN,Male,No,No,No,4947
4735-ASGMA,Male,No,No,No,4948
3446-QDSZF,Female,No,No,No,4949
3669-LVWZB,Male,No,No,No,4950
6892-EZDTG,Female,No,Yes,No,4951
5117-IFGPS,Male,Yes,Yes,No,4952
7379-FNIUJ,Male,No,No,No,4953
1627-AFWVJ,Female,No,No,No,4954
9725-SCPZG,Male,No,No,Yes,4955
5884-GCYMI,Male,No,No,No,4956
3217-FZDMN,Female,Yes,No,No,4957
4486-EFAEB,Male,No,No,No,4958
0060-FUALY,Female,No,Yes,No,4959
7853-GVUDZ,Female,No,Yes,Yes,4960
7480-QNVZJ,Male,Yes,No,No,4961
6954-OOYZZ,Male,No,Yes,No,4962
7088-FBAWU,Female,No,Yes,Yes,4963
8313-AFGBW,Male,No,Yes,No,4964
3943-KDREE,Female,No,No,No,4965
9239-ZBZZV,Female,No,No,No,4966
3097-IDVPU,Male,No,Yes,Yes,4967
4398-HSCJH,Female,No,No,No,4968
2197-OMWGI,Female,Yes,Yes,Yes,4969
2303-PJYHN,Female,No,Yes,No,4970
9795-VOWON,Male,No,No,No,4971
1237-WIYYZ,Female,No,No,No,4972
1987-AUELQ,Female,No,Yes,No,4973
7852-LECYP,Male,Yes,Yes,No,4974
4430-UZIPO,Male,No,No,No,4975
4822-LPTYJ,Male,No,Yes,No,4976
8165-CBKXO,Male,No,Yes,Yes,4977
6527-PZFPV,Male,No,Yes,Yes,4978
4855-SNKMY,Female,No,No,No,4979
9593-CVZKR,Female,No,Yes,Yes,4980
8595-SIZNC,Female,Yes,Yes,No,4981
8008-HAWED,Male,No,No,No,4982
7124-UGSUR,Female,Yes,Yes,No,4983
1862-SKORY,Female,Yes,Yes,No,4984
5236-XMZJY,Female,No,No,No,4985
4827-DPADN,Female,No,Yes,Yes,4986
2694-CIUMO,Female,No,No,No,4987
5846-ABOBJ,Male,No,Yes,No,4988
1439-LCGVL,Female,No,Yes,No,4989
0909-SDHNU,Female,No,No,Yes,4990
4647-XXZAM,Female,No,Yes,Yes,4991
1502-XFCVR,Female,No,No,No,4992
7740-KKCXF,Male,No,Yes,No,4993
5360-XGYAZ,Male,No,Yes,Yes,4994
9692-TUSXH,Female,No,No,No,4995
7912-SYRQT,Female,No,No,No,4996
3557-HTYWR,Female,No,No,No,4997
4816-JBHOV,Male,Yes,No,No,4998
8920-NAVAY,Male,Yes,No,No,4999
1699-TLDLZ,Female,No,Yes,Yes,5000
5600-PDUJF,Male,No,No,No,5001
8292-TYSPY,Male,No,No,No,5002
0567-XRHCU,Female,No,Yes,Yes,5003
1867-BDVFH,Male,No,Yes,Yes,5004
2067-QYTCF,Female,No,Yes,No,5005
2359-QWQUL,Female,No,Yes,No,5006
9103-TCIHJ,Female,No,No,No,5007
7407-SUJIZ,Male,No,No,No,5008
9150-KPBJQ,Female,No,No,No,5009
0052-DCKON,Male,No,Yes,No,5010
3654-ARMGP,Female,No,No,No,5011
9699-UBQFS,Female,Yes,Yes,No,5012
9367-TCUYN,Female,No,No,No,5013
1261-FWTTE,Male,Yes,No,No,5014
3528-HFRIQ,Male,Yes,Yes,No,5015
0708-SJDIS,Female,No,No,No,5016
4140-WJAWW,Female,No,No,No,5017
2073-QBVBI,Female,No,Yes,No,5018
6928-ONTRW,Female,No,Yes,Yes,5019
3320-VEOYC,Male,Yes,No,No,5020
5231-FIQPA,Female,No,No,No,5021
6617-WLBQC,Female,No,Yes,Yes,5022
2599-CIPQE,Male,No,Yes,Yes,5023
6653-CBBOM,Female,No,No,No,5024
8774-GSBUN,Male,No,Yes,No,5025
7326-RIGQZ,Male,No,Yes,Yes,5026
1401-FTHFQ,Male,No,Yes,Yes,5027
3247-ZVOUO,Male,Yes,Yes,No,5028
0254-FNMCI,Female,No,No,No,5029
1848-LBZHY,Female,No,Yes,No,5030
6101-IMRMM,Male,No,No,Yes,5031
8118-TJAFG,Male,No,Yes,Yes,5032
5429-LWCMV,Female,No,No,No,5033
7298-IZWLY,Female,No,No,No,5034
9758-MFWGD,Female,Yes,Yes,Yes,5035
3955-JBZZM,Male,No,No,No,5036
1268-ASBGA,Female,Yes,Yes,No,5037
8943-URTMR,Female,No,No,No,5038
4815-TUMEQ,Female,No,No,No,5039
4713-LZDRV,Female,Yes,No,No,5040
9909-IDLEK,Male,No,Yes,Yes,5041
4092-OFQZS,Male,No,Yes,No,5042
1561-BWHIN,Male,No,Yes,Yes,5043
4325-NFSKC,Male,Yes,No,No,5044
9927-DSWDF,Male,No,Yes,No,5045
9500-LTVBP,Female,No,No,No,5046
7252-NTGSS,Female,No,No,No,5047
8149-AIQCG,Male,No,No,No,5048
1360-JYXKQ,Female,Yes,Yes,No,5049
2955-PSXOE,Female,No,No,No,5050
7762-URZQH,Male,No,Yes,No,5051
0899-WZRSD,Male,No,No,No,5052
3255-GRXMG,Male,No,No,Yes,5053
4828-FAZPK,Female,No,Yes,Yes,5054
6094-ZIVKX,Female,No,No,No,5055
6925-BAYGL,Female,Yes,Yes,No,5056
3262-EIDHV,Female,No,Yes,Yes,5057
7354-OIJLX,Male,No,No,No,5058
1376-HHBDV,Female,No,No,No,5059
6907-NZZIJ,Female,No,No,No,5060
6133-OZILE,Female,No,No,No,5061
4135-FRWKJ,Female,Yes,Yes,Yes,5062
2911-UREFD,Female,No,Yes,No,5063
3744-ZRRDZ,Male,No,No,No,5064
5673-TIYIB,Male,No,No,No,5065
6551-ZCOTS,Male,Yes,No,No,5066
7191-ADRGF,Male,No,Yes,No,5067
5018-LXQQG,Female,No,Yes,Yes,5068
6892-BOGQE,Female,No,Yes,No,5069
1602-IJQQE,Female,No,No,No,5070
4628-WQCQQ,Male,No,No,Yes,5071
1746-TGTWV,Male,No,Yes,No,5072
5995-SNNEW,Male,Yes,Yes,No,5073
8050-WYBND,Female,No,No,Yes,5074
2821-WARNZ,Female,No,No,Yes,5075
4879-GZLFH,Female,No,Yes,Yes,5076
1644-IRKSF,Female,No,Yes,Yes,5077
8314-HTWVE,Female,No,Yes,Yes,5078
9402-ROUMJ,Female,No,Yes,Yes,5079
2507-QZPQS,Male,No,No,No,5080
7159-NOKYQ,Male,No,Yes,No,5081
5707-ZMDJP,Male,No,Yes,Yes,5082
8779-YIQQA,Male,No,Yes,Yes,5083
7136-IHZJA,Female,No,Yes,Yes,5084
8966-OIQHG,Female,No,Yes,Yes,5085
7074-STDCN,Male,No,No,No,5086
3705-PSNGL,Male,No,No,No,5087
8739-QOTTN,Female,No,Yes,No,5088
1399-OUPJN,Female,No,Yes,Yes,5089
0277-BKSQP,Male,No,Yes,Yes,5090
6502-HCJTI,Male,Yes,Yes,No,5091
2606-RMDHZ,Male,No,No,No,5092
5774-XZTQC,Female,No,Yes,Yes,5093
2676-SSLTO,Male,No,No,No,5094
6266-QHOJZ,Female,No,No,No,5095
7269-JISCY,Female,No,No,No,5096
0363-SVHYR,Male,No,Yes,Yes,5097
8547-NSBBO,Male,No,No,No,5098
8258-GSTJK,Male,Yes,No,No,5099
6861-OKBCE,Female,No,No,Yes,5100
9940-RHLFB,Female,No,No,No,5101
6591-QGOYB,Male,No,No,No,5102
9070-BCKQP,Female,No,Yes,No,5103
6421-SZVEM,Female,No,Yes,Yes,5104
1328-EUZHC,Female,No,Yes,No,5105
2995-UPRYS,Female,Yes,Yes,No,5106
8878-RYUKI,Female,No,No,No,5107
9633-DENPU,Female,No,Yes,No,5108
7811-JIVPF,Female,No,No,No,5109
7113-HIPFI,Male,No,Yes,Yes,5110
8541-QVFKM,Female,No,No,No,5111
6686-YPGHK,Male,Yes,No,No,5112
1383-EZRWL,Female,No,No,No,5113
9258-CNWAC,Female,No,Yes,Yes,5114
5371-VYLSX,Female,Yes,No,No,5115
6374-AFWOX,Male,No,Yes,No,5116
4759-TRPLW,Male,No,No,No,5117
5317-FLPJF,Female,No,No,No,5118
7621-VPNET,Female,No,Yes,No,5119
6034-YMTOB,Female,No,No,No,5120
8563-IIOXK,Male,No,Yes,Yes,5121
4903-CNOZC,Male,No,No,No,5122
4353-HYOJD,Female,No,Yes,Yes,5123
8020-BWHYL,Female,Yes,No,No,5124
7267-FRMJW,Female,No,Yes,Yes,5125
2982-VPSGI,Female,No,Yes,No,5126
4188-FRABG,Male,No,Yes,No,5127
8199-ZLLSA,Male,No,No,No,5128
4128-ETESU,Female,Yes,Yes,No,5129
0620-DLSLK,Female,No,No,No,5130
4625-EWPTF,Male,No,No,No,5131
5980-NOPLP,Female,No,Yes,No,5132
3850-OKINF,Male,No,Yes,Yes,5133
6892-XPFPU,Male,Yes,Yes,No,5134
8010-EZLOU,Male,Yes,No,No,5135
1156-ZFYDO,Female,No,No,No,5136
3295-YVUSR,Male,Yes,No,No,5137
8016-NCFVO,Male,Yes,No,No,5138
4119-ZYPZY,Male,Yes,No,No,5139
5549-ZGHFB,Male,No,Yes,Yes,5140
7577-SWIFR,Male,No,No,No,5141
0303-WMMRN,Male,No,No,No,5142
6408-OTUBZ,Female,No,No,No,5143
5204-HMGYF,Female,No,Yes,Yes,5144
1078-TDCRN,Female,Yes,Yes,No,5145
3727-OVPRY,Male,No,Yes,Yes,5146
3797-FKOGQ,Male,No,No,Yes,5147
7622-NXQZR,Male,No,No,No,5148
6196-HBOBZ,Male,No,Yes,No,5149
3970-XGJDU,Female,No,No,No,5150
7017-VFULY,Female,No,Yes,No,5151
5562-YJQGT,Female,No,No,No,5152
8807-OPMBM,Female,No,Yes,Yes,5153
5439-WIKXB,Male,Yes,Yes,No,5154
9874-QLCLH,Female,No,Yes,Yes,5155
8294-UIMBA,Female,No,No,No,5156
8109-YUOHE,Male,No,No,No,5157
5840-NVDCG,Female,No,Yes,Yes,5158
8092-NLTGF,Male,No,No,No,5159
5928-QLDHB,Male,No,No,No,5160
9840-EFJQB,Female,No,No,No,5161
0696-UKTOX,Male,No,No,Yes,5162
4801-KFYKL,Male,No,No,Yes,5163
3472-OAOOR,Male,No,Yes,Yes,5164
6135-OZQVA,Female,No,No,No,5165
8062-YBDOE,Male,Yes,No,No,5166
2252-JHJGE,Male,No,No,No,5167
4188-PCPIG,Female,No,Yes,No,5168
6000-APYLU,Male,No,No,No,5169
7105-BENQF,Male,No,No,Yes,5170
7721-DVEKZ,Female,No,No,No,5171
3566-VVORZ,Female,No,Yes,No,5172
9507-HSMMZ,Male,No,No,No,5173
2480-SQIOB,Male,No,Yes,Yes,5174
0947-IDHRQ,Female,No,No,No,5175
7813-TKCVO,Female,No,Yes,No,5176
0128-MKWSG,Female,No,No,Yes,5177
3672-YITQD,Male,Yes,Yes,No,5178
4350-ZTLPI,Female,No,Yes,No,5179
9048-JVYVF,Male,No,No,No,5180
0361-HJRDX,Female,No,No,No,5181
5727-MYATE,Male,No,Yes,Yes,5182
3823-KYNQY,Male,No,No,No,5183
8988-ECPJR,Female,Yes,Yes,Yes,5184
7570-WELNY,Female,No,Yes,No,5185
3021-VLNRJ,Female,No,No,Yes,5186
3776-EKTKM,Female,Yes,No,No,5187
2080-CAZNM,Female,Yes,No,No,5188
1028-FFNJK,Male,Yes,Yes,No,5189
6907-FLBER,Male,No,No,No,5190
3001-UNBTL,Male,Yes,Yes,Yes,5191
5982-PSMKW,Female,No,Yes,Yes,5192
3507-GASNP,Male,No,No,Yes,5193
7096-ZNBZI,Female,No,Yes,No,5194
1902-XBTFB,Male,No,No,Yes,5195
1676-MQAOA,Male,No,No,No,5196
0786-IVLAW,Female,Yes,No,No,5197
7566-DSRLQ,Female,No,Yes,No,5198
0643-OKLRP,Female,Yes,Yes,No,5199
7245-JMTTQ,Female,No,No,No,5200
6050-IJRHS,Female,No,Yes,Yes,5201
6202-JVYEU,Male,No,No,No,5202
8591-TKMZH,Male,No,Yes,Yes,5203
0734-OXWBT,Male,No,No,Yes,5204
4282-ACRXS,Male,Yes,Yes,No,5205
0365-TRTPY,Female,No,No,No,5206
7349-ALMUX,Male,No,No,No,5207
9381-NDKME,Female,Yes,Yes,No,5208
6502-KUGLL,Female,No,Yes,Yes,5209
1841-YSJGV,Male,No,Yes,No,5210
2794-XIMMO,Male,No,Yes,No,5211
8382-SHQEH,Female,No,Yes,No,5212
3511-BFTJW,Male,No,Yes,Yes,5213
7668-XCFYV,Female,Yes,Yes,No,5214
2983-ZANRP,Female,No,Yes,Yes,5215
7845-URHJN,Female,No,Yes,No,5216
3034-ZBEQN,Female,No,Yes,No,5217
5018-HEKFO,Female,No,No,No,5218
2923-ARZLG,Male,No,Yes,Yes,5219
3976-NLDEZ,Male,No,No,No,5220
2282-YGNOR,Female,No,No,No,5221
5336-UFNZP,Female,Yes,Yes,Yes,5222
6854-EXGSF,Female,No,No,No,5223
1241-EZFMJ,Male,No,Yes,No,5224
9233-PSYHO,Female,Yes,No,No,5225
5376-PCKNB,Male,No,Yes,Yes,5226
8044-BGWPI,Male,No,Yes,Yes,5227
4060-LDNLU,Male,No,No,No,5228
3589-PPVKW,Male,No,No,No,5229
8327-LZKAS,Female,Yes,Yes,No,5230
5887-IKKYO,Male,No,Yes,Yes,5231
1075-BGWOH,Male,Yes,Yes,No,5232
1755-RMCXH,Male,No,Yes,Yes,5233
0302-JOIVN,Female,No,Yes,No,5234
3858-XHYJO,Female,No,Yes,No,5235
4299-SIMNS,Male,No,No,No,5236
7025-IWFHT,Male,No,No,No,5237
6261-LHRTG,Female,No,No,No,5238
7841-FCRQD,Female,No,Yes,No,5239
2056-EVGZL,Male,No,Yes,Yes,5240
8777-MBMTS,Female,Yes,Yes,No,5241
7753-USQYQ,Male,No,No,No,5242
5366-IJEQJ,Male,No,No,No,5243
7661-CPURM,Male,No,No,No,5244
6233-HXJMX,Female,No,No,No,5245
5902-WBLSE,Female,No,Yes,Yes,5246
1981-INRFU,Female,No,No,No,5247
4971-PUYQO,Female,No,No,No,5248
3239-TPHPZ,Female,No,Yes,No,5249
5115-GZDEL,Male,No,No,Yes,5250
3338-CVVEH,Male,No,No,No,5251
8485-GJCDN,Female,Yes,No,No,5252
2615-YVMYX,Male,Yes,Yes,No,5253
2851-STERV,Male,Yes,No,No,5254
4393-GEADV,Male,No,Yes,Yes,5255
8486-AYEQH,Female,No,No,No,5256
1527-SXDPN,Male,No,Yes,Yes,5257
6029-WTIPC,Male,Yes,No,No,5258
8634-CILSZ,Male,No,No,No,5259
5419-JKZNQ,Male,Yes,Yes,No,5260
2495-KZNFB,Female,No,No,No,5261
1409-PHXTF,Male,Yes,Yes,No,5262
4560-WQAQW,Female,No,No,No,5263
9591-YVTEB,Male,Yes,No,No,5264
9309-BZGNT,Male,Yes,Yes,No,5265
4274-DRSQT,Female,No,No,No,5266
2027-DNKIV,Male,No,Yes,Yes,5267
8075-GXIUB,Male,Yes,Yes,No,5268
2885-HIJDH,Male,No,Yes,Yes,5269
5424-RLQLC,Male,No,No,No,5270
6682-QJDGB,Male,No,No,Yes,5271
6507-DTJZV,Male,No,No,Yes,5272
8780-IXSTS,Female,No,No,No,5273
7673-BQGKU,Female,No,Yes,Yes,5274
6723-WSNTY,Female,Yes,Yes,No,5275
9530-EHPOH,Male,No,No,No,5276
2725-IWWBA,Male,No,Yes,Yes,5277
0345-HKJVM,Female,No,No,No,5278
1061-PNTHC,Female,No,Yes,Yes,5279
0394-YONDK,Male,No,Yes,Yes,5280
6574-MCOEH,Female,No,Yes,Yes,5281
7399-QHBJS,Female,No,Yes,Yes,5282
3049-SOLAY,Female,No,Yes,No,5283
0997-YTLNY,Female,No,No,Yes,5284
3317-HRTNN,Female,Yes,No,No,5285
9479-HYNYL,Female,No,Yes,No,5286
3235-ETOOB,Male,No,Yes,No,5287
9708-KFDBY,Male,No,No,No,5288
8058-INTPH,Female,No,No,No,5289
3642-GKTCT,Female,No,No,No,5290
0774-RMNUW,Female,No,Yes,Yes,5291
1334-PDUKM,Female,No,Yes,No,5292
0756-MPZRL,Male,No,No,No,5293
2242-MFOTG,Male,No,No,No,5294
2927-CVULT,Female,No,Yes,Yes,5295
2144-BFDSO,Female,Yes,Yes,No,5296
8745-PVESG,Female,No,No,No,5297
7647-GYYKX,Female,No,Yes,Yes,5298
5647-FXOTP,Female,Yes,Yes,No,5299
5569-OUICF,Female,Yes,Yes,No,5300
8821-XNHVZ,Female,No,Yes,Yes,5301
2082-OJVTK,Male,No,Yes,Yes,5302
9700-ISPUP,Female,No,Yes,Yes,5303
9839-ETQOE,Male,No,No,Yes,5304
6078-VESFR,Male,Yes,Yes,No,5305
9027-TMATR,Female,No,Yes,No,5306
5940-NFXKV,Male,No,Yes,Yes,5307
1941-HOSAM,Male,No,Yes,Yes,5308
9110-HSGTV,Female,No,No,No,5309
0704-VCUMB,Female,No,Yes,No,5310
6171-ZTVYB,Male,No,Yes,No,5311
8053-WWDRO,Female,No,Yes,No,5312
9564-KCLHR,Male,No,No,No,5313
1935-IMVBB,Male,No,Yes,No,5314
2535-PBCGC,Female,No,Yes,No,5315
2082-CEFLT,Male,No,No,No,5316
1470-PSXNM,Male,No,Yes,Yes,5317
1213-NGCUN,Female,No,No,No,5318
2498-XLDZR,Female,No,Yes,Yes,5319
9866-OCCKE,Female,Yes,Yes,No,5320
5338-YHWYT,Male,No,No,Yes,5321
7718-UPSKJ,Female,No,Yes,No,5322
8731-WBBMB,Female,No,Yes,No,5323
1448-CYWKC,Female,No,Yes,Yes,5324
7901-IIDQV,Male,No,No,No,5325
2690-DVRVK,Male,No,Yes,Yes,5326
5688-KZTSN,Male,No,Yes,Yes,5327
1270-XKUCC,Female,No,Yes,Yes,5328
0334-ZFJSR,Female,No,Yes,No,5329
2894-QOJRX,Female,No,Yes,No,5330
5747-PMBSQ,Male,Yes,Yes,No,5331
5583-EJXRD,Male,No,Yes,Yes,5332
4565-EVZMJ,Female,No,No,No,5333
3143-JQEGI,Female,No,Yes,Yes,5334
6386-SZZKH,Female,No,Yes,Yes,5335
3327-YBAKM,Female,No,Yes,No,5336
9441-QHEVC,Male,No,No,No,5337
6705-LNMDD,Male,No,No,No,5338
2580-ASVVY,Female,No,Yes,No,5339
3370-GQEAL,Male,No,Yes,Yes,5340
5032-USPKF,Female,No,No,No,5341
2982-IHMFT,Female,Yes,No,No,5342
3521-SYVOR,Female,No,No,No,5343
4254-QPEDE,Female,No,Yes,No,5344
6283-GITPX,Male,No,No,Yes,5345
9526-JAWYF,Male,No,No,No,5346
0771-CHWSK,Male,No,No,No,5347
9788-HNGUT,Male,No,Yes,No,5348
9495-REDIY,Male,No,No,Yes,5349
5375-XLDOF,Male,No,Yes,Yes,5350
1172-VIYBP,Male,No,Yes,Yes,5351
5649-VUKMC,Female,No,No,No,5352
6559-PDZLR,Male,No,No,No,5353
8992-OBVDG,Male,No,No,No,5354
4273-MBHYA,Female,No,No,Yes,5355
4724-WXVWF,Male,No,No,No,5356
5701-GUXDC,Female,No,Yes,No,5357
1460-UZPRJ,Male,No,Yes,No,5358
6082-GLJIX,Male,No,No,No,5359
5143-EGQFK,Female,Yes,No,No,5360
4919-IKATY,Male,No,Yes,Yes,5361
2495-TTHBQ,Female,No,No,Yes,5362
0485-ZBSLN,Male,No,Yes,Yes,5363
3810-PJUHR,Male,No,Yes,Yes,5364
9050-QLROH,Male,No,No,No,5365
0847-HGRML,Male,No,No,Yes,5366
8232-CTLKO,Female,No,Yes,Yes,5367
9227-YBAXE,Female,No,Yes,Yes,5368
6168-WFVVF,Female,Yes,No,No,5369
9860-LISIZ,Female,No,No,No,5370
0112-QAWRZ,Male,No,Yes,Yes,5371
0877-SDMBN,Female,No,No,No,5372
2786-GCDPI,Female,Yes,No,No,5373
4043-MKDTV,Male,No,Yes,No,5374
8065-YKXKD,Female,No,No,No,5375
9637-EIHEQ,Female,No,No,No,5376
9229-RQABD,Male,No,No,No,5377
8313-KTIHG,Male,No,No,No,5378
5320-BRKGK,Female,No,Yes,Yes,5379
6284-KMNUF,Female,No,Yes,No,5380
9689-PTNPG,Male,No,No,No,5381
9465-RWMXL,Male,No,Yes,No,5382
6229-UOLQL,Male,No,Yes,Yes,5383
2362-IBOOY,Male,No,No,No,5384
3137-LUPIX,Female,No,No,No,5385
0843-WTBXE,Male,No,No,No,5386
6143-JQKEA,Male,No,No,No,5387
8676-OOQEJ,Male,No,No,No,5388
5515-IDEJJ,Male,No,Yes,Yes,5389
9701-CDXHR,Female,No,Yes,No,5390
7450-NWRTR,Male,Yes,No,No,5391
8124-NZVGJ,Female,No,No,No,5392
2162-FRZAA,Male,No,Yes,Yes,5393
5376-DEQCP,Female,No,No,No,5394
5118-MUEYH,Female,No,Yes,No,5395
9095-HFAFX,Female,No,No,No,5396
5627-TVBPP,Female,No,No,Yes,5397
2379-ENZGV,Male,No,No,No,5398
3936-QQFLL,Male,No,No,No,5399
2589-AYCRP,Female,No,No,No,5400
4067-HLYQI,Female,No,No,No,5401
5124-EOGYE,Male,No,No,No,5402
5057-RKGLH,Female,No,Yes,Yes,5403
0292-WEGCH,Female,No,Yes,Yes,5404
8910-ICHIU,Female,No,No,No,5405
4097-YODCF,Male,No,No,Yes,5406
9715-WZCLW,Male,No,Yes,Yes,5407
9786-YWNHU,Female,No,Yes,Yes,5408
6407-GSJNL,Female,No,No,No,5409
6005-OBZPH,Female,Yes,No,No,5410
4049-ZPALD,Female,No,Yes,No,5411
7932-WPTDS,Female,Yes,Yes,No,5412
3733-UOCWF,Male,Yes,Yes,No,5413
6833-JMZYP,Female,No,No,No,5414
2722-VOJQL,Male,No,No,No,5415
1310-QRITU,Female,No,No,No,5416
8961-QDZZJ,Female,No,Yes,Yes,5417
9715-SBVSU,Male,No,Yes,Yes,5418
8490-BXHEO,Male,Yes,No,No,5419
7173-TETGO,Female,Yes,Yes,No,5420
7929-SKFGK,Male,No,Yes,No,5421
2300-RQGOI,Female,No,No,No,5422
3563-SVYLG,Male,No,Yes,Yes,5423
5228-EXCET,Male,No,No,No,5424
6435-VWCCY,Male,Yes,Yes,No,5425
4998-IKFSE,Female,No,No,No,5426
8630-QSGXK,Male,No,Yes,No,5427
2455-USLMV,Female,No,No,No,5428
7394-FKDNK,Female,No,Yes,No,5429
9488-FVZCC,Female,No,Yes,Yes,5430
6331-LWDTQ,Male,No,No,No,5431
5995-WWKKG,Female,No,No,No,5432
1597-FZREH,Female,No,No,No,5433
7879-CGSFV,Male,No,No,No,5434
9921-EZKBY,Male,No,No,Yes,5435
7432-FFVAR,Female,No,Yes,Yes,5436
7246-ZGQDF,Female,No,No,Yes,5437
7000-WCEVQ,Female,Yes,No,No,5438
0727-IWKVK,Male,No,Yes,No,5439
5959-BELXA,Male,Yes,No,No,5440
4456-RHSNB,Female,No,Yes,Yes,5441
3512-IZIKN,Female,No,Yes,No,5442
2481-SBOYW,Female,No,No,Yes,5443
7109-MFBYV,Male,No,No,No,5444
1833-TCXKK,Male,No,Yes,No,5445
1832-PEUTS,Male,No,Yes,Yes,5446
6141-OOXUQ,Male,No,No,No,5447
8660-BUETV,Female,No,No,No,5448
0580-PIQHM,Female,No,Yes,Yes,5449
5696-CEIQJ,Male,No,Yes,Yes,5450
7503-ZGUZJ,Male,No,No,No,5451
1696-HXOWK,Female,No,Yes,No,5452
3026-ATZYV,Female,No,Yes,Yes,5453
4012-YCFAI,Male,No,Yes,No,5454
2506-TNFCO,Female,Yes,Yes,No,5455
9970-QBCDA,Female,No,No,No,5456
8718-PTMEZ,Female,No,No,No,5457
9496-IVVRP,Female,No,Yes,Yes,5458
2207-OBZNX,Male,No,No,No,5459
2657-VPXTA,Female,No,Yes,Yes,5460
6551-VLJMV,Male,No,Yes,No,5461
1221-GHZEP,Female,No,No,No,5462
9289-LBQVU,Male,No,Yes,No,5463
6142-VSJQO,Female,No,Yes,Yes,5464
3458-IDMFK,Male,No,No,No,5465
6933-FHBZC,Female,No,No,No,5466
0221-NAUXK,Male,No,No,Yes,5467
9770-KXGQU,Female,No,No,No,5468
6437-UKHMV,Female,No,No,No,5469
6538-POCHL,Male,No,No,No,5470
6726-NNFWD,Female,Yes,Yes,No,5471
3002-WQZWT,Female,No,No,No,5472
4277-UDIEF,Male,No,Yes,Yes,5473
1208-NBVFH,Male,No,Yes,Yes,5474
4912-PIGUY,Female,No,No,No,5475
1114-CENIM,Male,No,No,Yes,5476
6060-DRTNL,Female,Yes,No,No,5477
2725-TTRIQ,Female,No,Yes,Yes,5478
3374-TTZTK,Male,No,Yes,No,5479
8990-ZXLSU,Female,No,No,No,5480
2275-RBYQS,Female,No,No,No,5481
8473-VUVJN,Male,Yes,No,No,5482
6289-CPNLD,Male,No,Yes,Yes,5483
5536-SLHPM,Female,No,Yes,No,5484
4419-UJMUS,Male,No,Yes,Yes,5485
7794-JASDG,Male,No,No,No,5486
7609-YBPXG,Male,No,No,No,5487
5519-TEEUH,Male,No,No,Yes,5488
7856-GANIL,Male,Yes,Yes,No,5489
0804-XBFBV,Female,No,No,Yes,5490
2676-OXPPQ,Male,No,No,No,5491
3703-TTEPD,Male,No,No,No,5492
2799-TSLAG,Female,No,Yes,Yes,5493
0196-VULGZ,Female,Yes,Yes,No,5494
8837-VVWLQ,Female,No,No,No,5495
2696-NARTR,Male,No,No,No,5496
2208-NKVVH,Male,No,Yes,Yes,5497
7614-QVWQL,Male,No,Yes,Yes,5498
1976-CFOCS,Female,Yes,Yes,No,5499
4631-OACRM,Male,Yes,No,No,5500
7139-JZFVG,Male,No,Yes,Yes,5501
4987-GQWPO,Male,No,No,No,5502
3755-JBMNH,Male,Yes,Yes,No,5503
1757-TCATG,Male,No,Yes,Yes,5504
6345-ULYRW,Male,Yes,Yes,No,5505
4776-XSKYQ,Female,No,Yes,Yes,5506
8048-DSDFQ,Male,No,No,No,5507
5753-QQWPW,Female,No,No,No,5508
6010-DDPPW,Male,No,Yes,No,5509
1809-DMJHQ,Female,No,No,Yes,5510
6693-FRIRW,Male,No,No,No,5511
6586-MYGKD,Male,No,Yes,No,5512
3173-NVMPX,Female,No,Yes,Yes,5513
0248-PGHBZ,Female,Yes,No,No,5514
0623-GDISB,Female,No,No,No,5515
2892-GESUL,Female,No,Yes,Yes,5516
6923-EFPNL,Male,No,No,No,5517
7472-EQOAV,Male,Yes,Yes,Yes,5518
9574-RKJIF,Male,No,Yes,Yes,5519
2043-WVTQJ,Male,No,Yes,No,5520
8034-RYTVV,Female,No,No,No,5521
3863-QSTYI,Male,No,No,No,5522
2619-WFQWU,Female,No,No,No,5523
5044-LRQAQ,Female,No,Yes,No,5524
1716-LSAMB,Male,No,Yes,Yes,5525
1333-PBMXB,Female,No,Yes,Yes,5526
6546-OPBBH,Male,No,Yes,Yes,5527
5985-BEHZK,Female,Yes,Yes,No,5528
9127-QRZMH,Male,No,Yes,No,5529
5919-VCZYM,Male,No,No,No,5530
9644-KVCNC,Female,No,No,No,5531
2137-DQMEV,Male,No,Yes,Yes,5532
8174-LNWMW,Female,No,No,No,5533
9279-CJEOJ,Female,Yes,No,No,5534
7964-VEXDG,Male,No,No,Yes,5535
2404-JIBFC,Female,No,Yes,Yes,5536
0778-NELLA,Male,No,No,No,5537
8029-XYPWT,Male,Yes,Yes,No,5538
4614-NUVZD,Female,No,No,No,5539
4632-PAOYU,Male,No,Yes,Yes,5540
3803-KMQFW,Female,No,Yes,Yes,5541
6804-GDMOI,Female,No,No,No,5542
2990-OGYTD,Female,No,Yes,No,5543
6646-JPPHA,Female,Yes,No,No,5544
9572-MTILT,Male,No,Yes,No,5545
7658-UYUQS,Male,Yes,Yes,No,5546
7880-XSOJX,Male,No,No,No,5547
9611-CTWIH,Female,No,No,No,5548
4589-IUAJB,Male,No,Yes,No,5549
0329-GTIAJ,Female,No,No,No,5550
8746-BFOAJ,Male,Yes,No,No,5551
8457-XIGKN,Male,No,No,No,5552
6072-NUQCB,Male,No,Yes,Yes,5553
6629-CZTTH,Male,No,No,No,5554
8838-GPHZP,Female,No,No,No,5555
8750-QWZAJ,Female,No,Yes,Yes,5556
5364-EVNIB,Male,No,No,No,5557
6918-UMQCG,Female,No,No,No,5558
0675-NCDYU,Female,No,Yes,Yes,5559
6339-DKLMK,Female,No,No,No,5560
1346-PJWTK,Male,No,Yes,No,5561
5088-QZLRL,Male,No,No,No,5562
8023-QHAIO,Female,Yes,Yes,No,5563
4397-FRLTA,Female,No,No,No,5564
3057-VJJQE,Male,No,No,No,5565
5087-SUURX,Female,No,Yes,No,5566
2302-OUZXB,Male,No,Yes,No,5567
8133-ANHHJ,Female,Yes,No,No,5568
2270-CHBFN,Female,No,Yes,No,5569
0013-EXCHZ,Female,Yes,Yes,No,5570
5982-FPVQN,Female,No,Yes,Yes,5571
9107-UKCKY,Male,No,Yes,No,5572
4654-ULTTN,Male,No,Yes,No,5573
5550-VFRLC,Female,Yes,No,No,5574
5546-BYZSM,Female,No,No,No,5575
1492-KGETH,Male,No,Yes,Yes,5576
4929-BSTRX,Female,No,No,No,5577
4163-HFTUK,Male,No,No,No,5578
8215-NGSPE,Female,No,Yes,Yes,5579
2225-ZRGSG,Female,No,Yes,Yes,5580
8859-YSTWS,Male,No,No,No,5581
5271-YNWVR,Male,No,Yes,Yes,5582
7601-DHFWZ,Female,No,No,No,5583
2657-ALMWY,Female,Yes,Yes,No,5584
6330-JKLPC,Male,No,Yes,No,5585
4667-OHGKG,Male,No,No,No,5586
1998-VHJHK,Female,No,No,No,5587
1707-HABPF,Female,Yes,No,No,5588
1660-HSOOQ,Male,No,No,No,5589
7253-UVNDW,Female,No,No,No,5590
0487-VVUVK,Male,No,Yes,Yes,5591
7228-OMTPN,Male,No,No,No,5592
5063-IUOKK,Male,No,No,No,5593
4508-OEBEY,Male,No,Yes,No,5594
0027-KWYKW,Female,No,Yes,Yes,5595
2308-STERM,Female,No,No,No,5596
5982-XMDEX,Female,No,No,No,5597
6284-AHOOQ,Male,Yes,No,No,5598
6051-PTVNS,Female,No,Yes,Yes,5599
2344-JMOGN,Male,No,Yes,No,5600
3799-ISUZQ,Male,No,Yes,Yes,5601
2877-VDUER,Female,No,Yes,Yes,5602
9152-AMKAK,Male,No,No,No,5603
1794-HBQTJ,Female,No,No,No,5604
9432-VOFYX,Male,No,No,No,5605
8049-WJCLQ,Male,No,Yes,Yes,5606
6586-PSJOX,Male,No,No,Yes,5607
2460-FPSYH,Female,Yes,No,No,5608
9705-ZJBCG,Female,No,Yes,Yes,5609
4818-DRBQT,Male,No,Yes,No,5610
1320-HTRDR,Female,No,No,No,5611
6847-KJLTS,Female,Yes,Yes,No,5612
9670-BPNXF,Female,No,No,No,5613
3913-FCUUW,Female,No,Yes,Yes,5614
3301-VKTGC,Male,No,Yes,Yes,5615
1493-AMTIE,Male,No,No,No,5616
9555-SAHUZ,Female,No,Yes,Yes,5617
0816-TSPHQ,Male,No,No,No,5618
9932-WBWIK,Male,No,No,No,5619
4619-EVPHY,Female,Yes,Yes,No,5620
5286-YHCVC,Male,No,Yes,No,5621
6424-ELEYH,Female,No,Yes,No,5622
4391-RESHN,Male,No,No,No,5623
9115-YQHGA,Male,No,No,No,5624
4462-CYWMH,Male,Yes,Yes,No,5625
8963-MQVYN,Female,No,No,Yes,5626
2458-EOMRE,Female,No,No,No,5627
9334-GWGOW,Male,Yes,Yes,No,5628
6821-BUXUX,Female,No,No,No,5629
5028-HTLJB,Male,Yes,No,No,5630
9801-GDWGV,Female,No,No,No,5631
6542-LWGXJ,Male,No,Yes,No,5632
5567-GZKQY,Male,No,No,No,5633
1222-LRYKO,Male,No,No,Yes,5634
2320-JRSDE,Female,No,Yes,Yes,5635
2087-QAREY,Female,No,Yes,No,5636
0601-WZHJF,Male,No,Yes,No,5637
4423-JWZJN,Male,No,Yes,Yes,5638
5143-WMWOG,Male,No,No,No,5639
6490-FGZAT,Male,No,No,No,5640
5393-RXQSZ,Male,No,No,No,5641
7452-FOLON,Male,No,No,Yes,5642
2320-TZRRH,Female,No,No,No,5643
0231-LXVAP,Male,No,No,No,5644
9444-JTXHZ,Male,No,Yes,No,5645
4942-VZZOM,Male,No,Yes,No,5646
5510-BOIUJ,Male,No,No,Yes,5647
7502-BNYGS,Female,No,Yes,No,5648
4291-HYEBC,Female,Yes,Yes,Yes,5649
6147-CBCRA,Female,No,Yes,No,5650
6047-SUHPR,Male,No,Yes,Yes,5651
4471-KXAUH,Female,No,Yes,No,5652
9752-ZNQUT,Female,No,No,No,5653
7638-QVMVY,Female,No,No,No,5654
1576-PFZIW,Male,Yes,Yes,No,5655
5666-MBJPT,Male,No,No,No,5656
7312-XSBAT,Male,No,No,No,5657
3096-GKWEB,Male,No,Yes,No,5658
2371-JQHZZ,Male,No,Yes,No,5659
0674-GCDXG,Male,No,No,No,5660
1121-QSIVB,Female,No,No,Yes,5661
4396-KLSEH,Male,No,No,No,5662
3244-DCJWY,Female,No,No,No,5663
2824-MYYBN,Female,No,Yes,Yes,5664
0875-CABNR,Female,Yes,No,No,5665
6345-HOVES,Male,No,No,No,5666
8318-LCNBW,Male,No,Yes,No,5667
6469-QJKZW,Female,No,Yes,No,5668
0147-ESWWR,Female,Yes,Yes,No,5669
1217-VASWC,Male,Yes,Yes,No,5670
7812-FZHPE,Female,No,Yes,Yes,5671
6370-ZVHDV,Female,No,Yes,No,5672
5915-DGNVC,Female,No,Yes,No,5673
6260-XLACS,Male,No,No,No,5674
3566-CAAYU,Female,No,Yes,Yes,5675
4983-CCWMC,Male,No,No,No,5676
9103-CXVOK,Male,No,Yes,Yes,5677
2896-TBNBE,Male,No,Yes,No,5678
4797-AXPXK,Female,No,No,Yes,5679
5229-PRWKT,Male,No,No,No,5680
6982-UQZLY,Female,Yes,Yes,No,5681
2522-WLNSF,Female,Yes,Yes,No,5682
3841-CONLJ,Female,No,Yes,No,5683
5057-LCOUI,Female,No,No,No,5684
0193-ESZXP,Female,Yes,Yes,No,5685
4475-NVTLU,Male,No,Yes,Yes,5686
4369-HTUIF,Male,Yes,No,No,5687
9386-LDCZR,Male,No,No,No,5688
9585-KKMFD,Male,No,Yes,Yes,5689
5399-ZIMKF,Male,No,No,No,5690
0336-KXKFK,Male,No,No,No,5691
5619-XZZKR,Male,No,No,No,5692
3948-FVVRP,Male,No,Yes,Yes,5693
5327-XOKKY,Male,Yes,Yes,No,5694
0983-TATYJ,Female,No,Yes,No,5695
1813-JYWTO,Female,No,Yes,No,5696
0156-FVPTA,Male,No,Yes,No,5697
1984-FCOWB,Female,No,Yes,No,5698
0654-HMSHN,Male,No,Yes,Yes,5699
6719-OXYBR,Male,No,No,No,5700
3312-ZWLGF,Male,Yes,Yes,No,5701
6476-YHMGA,Female,No,Yes,Yes,5702
5287-QWLKY,Male,Yes,Yes,Yes,5703
0795-XCCTE,Male,Yes,No,No,5704
0168-XZKBB,Female,No,Yes,No,5705
3785-NRHYR,Male,No,No,No,5706
5196-SGOAK,Female,No,No,No,5707
4537-DKTAL,Female,No,No,No,5708
7072-MBHEV,Female,Yes,Yes,Yes,5709
5602-BVFMK,Female,No,No,No,5710
6297-NOOPG,Female,No,Yes,No,5711
1891-UAWWU,Female,Yes,Yes,No,5712
8204-TIFGJ,Female,No,No,No,5713
8050-DVOJX,Male,Yes,No,No,5714
6108-OQZDQ,Female,No,Yes,Yes,5715
0363-QJVFX,Male,No,No,No,5716
8903-XEBGX,Male,No,No,Yes,5717
8169-SAEJD,Male,Yes,Yes,No,5718
9840-DVNDC,Male,No,No,No,5719
1089-XZWHH,Female,No,Yes,Yes,5720
2325-WINES,Female,No,No,No,5721
6064-ZATLR,Female,No,No,No,5722
3096-JRDSO,Female,Yes,Yes,No,5723
7824-PANSQ,Male,No,No,No,5724
8042-JVNFH,Male,No,No,No,5725
9648-BCHKM,Female,No,Yes,Yes,5726
2888-ADFAO,Female,No,Yes,Yes,5727
8707-HOEDG,Female,No,Yes,Yes,5728
3374-LXDEV,Female,No,No,No,5729
4072-IPYLT,Female,No,Yes,Yes,5730
7167-PCEYD,Male,No,No,No,5731
4936-YPJNK,Female,No,No,No,5732
1580-BMCMR,Male,Yes,No,No,5733
4817-KEQSP,Female,No,Yes,Yes,5734
6408-WHTEF,Male,No,Yes,Yes,5735
9251-AWQGT,Female,No,Yes,Yes,5736
8749-CLJXC,Male,No,No,No,5737
7989-VCQOH,Male,No,Yes,Yes,5738
5049-GLYVG,Male,No,No,No,5739
4199-QHJNM,Male,Yes,Yes,No,5740
8882-TLVRW,Male,No,Yes,Yes,5741
5883-GTGVD,Male,No,No,No,5742
5135-GRQJV,Male,Yes,Yes,No,5743
2384-OVPSA,Female,Yes,No,No,5744
1371-WEPDS,Male,Yes,Yes,No,5745
3580-GICBM,Female,No,Yes,Yes,5746
4817-QRJSX,Female,No,No,No,5747
9730-DRTMJ,Male,No,Yes,No,5748
4686-UXDML,Female,No,No,No,5749
3349-ANQNH,Female,Yes,No,No,5750
2398-YPMUR,Female,Yes,Yes,No,5751
0932-YIXYU,Female,No,No,No,5752
7480-SPLEF,Male,No,Yes,Yes,5753
7636-XUHWW,Male,No,No,No,5754
1431-CYWMH,Female,No,Yes,Yes,5755
5937-EORGB,Male,Yes,Yes,No,5756
6349-JDHQP,Female,No,No,No,5757
5539-HIVAK,Female,Yes,Yes,No,5758
5847-MXBEO,Male,No,No,No,5759
9985-MWVIX,Female,No,No,No,5760
4583-PARNH,Male,Yes,Yes,No,5761
1116-FRYVH,Female,No,Yes,Yes,5762
1421-HCERK,Male,Yes,Yes,No,5763
9633-XQABV,Female,No,No,No,5764
0716-BQNDX,Male,Yes,No,No,5765
1265-XTECC,Female,Yes,Yes,No,5766
1183-CANVH,Female,No,Yes,No,5767
1972-XMUWV,Female,No,Yes,No,5768
8679-LZBMD,Male,No,Yes,No,5769
3407-JMJQQ,Female,No,Yes,Yes,5770
6252-DFGTK,Female,No,Yes,No,5771
1539-LNKHM,Female,No,No,No,5772
8645-KOMJQ,Male,No,Yes,Yes,5773
0289-IVARM,Female,No,No,No,5774
9761-XUJWD,Male,No,No,No,5775
4057-FKCZK,Male,No,Yes,Yes,5776
4291-TPNFG,Male,No,Yes,No,5777
6087-YPWHO,Male,No,Yes,No,5778
3090-QFUVD,Female,No,No,No,5779
2237-ZFSMY,Female,No,No,No,5780
1722-LDZJS,Male,No,Yes,Yes,5781
1818-ESQMW,Female,No,No,No,5782
4871-JTKJF,Female,Yes,No,No,5783
1415-YFWLT,Female,Yes,No,No,5784
7401-RUBNK,Female,No,Yes,No,5785
0506-YLVKJ,Male,No,Yes,Yes,5786
8661-BOYNW,Female,No,Yes,No,5787
6711-VTNRE,Female,No,No,No,5788
4815-GBTCD,Female,No,Yes,No,5789
2805-AUFQN,Female,No,No,No,5790
0980-PVMRC,Female,No,Yes,Yes,5791
7233-DRTRF,Male,No,Yes,No,5792
3500-RMZLT,Female,Yes,No,No,5793
3873-NFTGI,Male,No,No,No,5794
1162-ECVII,Male,Yes,Yes,No,5795
7048-GXDAY,Male,No,No,No,5796
8571-ZCMCX,Female,No,Yes,Yes,5797
1169-WCVAK,Male,No,Yes,No,5798
4548-SDBKE,Female,No,No,No,5799
8066-POXGX,Female,No,No,No,5800
7129-CAKJW,Female,No,No,No,5801
8695-ARGXZ,Male,Yes,Yes,No,5802
3570-YUEKJ,Female,No,No,No,5803
4143-OOBWZ,Male,No,Yes,No,5804
1555-HAPSU,Female,No,Yes,Yes,5805
1697-NVVGY,Male,Yes,Yes,No,5806
7854-EKTJL,Female,No,No,Yes,5807
8464-EETCQ,Male,No,No,No,5808
2419-FSORS,Male,No,Yes,No,5809
8132-YPVBX,Female,No,No,No,5810
9102-IAYHT,Female,No,Yes,Yes,5811
6754-LZUKA,Male,No,Yes,No,5812
3422-LYEPQ,Male,No,Yes,Yes,5813
8099-MZPUJ,Male,No,Yes,Yes,5814
0787-LHDYT,Male,No,No,No,5815
2642-DTVCO,Male,Yes,No,No,5816
0374-IOEGQ,Female,No,No,No,5817
4361-JEIVL,Male,No,No,Yes,5818
3197-NNYNB,Male,No,No,No,5819
3396-DKDEL,Female,No,Yes,Yes,5820
1752-OZXFY,Male,No,Yes,No,5821
9066-QRSDU,Female,No,Yes,No,5822
9112-WSNPU,Female,Yes,No,No,5823
9867-NNXLC,Female,No,No,No,5824
5321-NTRKC,Male,No,Yes,Yes,5825
1363-TXLSL,Male,Yes,Yes,No,5826
9507-EXLTT,Female,No,Yes,No,5827
3161-GETRM,Male,No,Yes,Yes,5828
0402-OAMEN,Female,No,Yes,Yes,5829
6933-VLYFX,Male,No,Yes,Yes,5830
6754-WKSHP,Male,No,No,Yes,5831
9846-GKXAS,Female,No,No,No,5832
6017-PPLPX,Male,No,Yes,Yes,5833
4976-LNFVV,Male,Yes,Yes,No,5834
5055-MGMGF,Female,No,Yes,No,5835
4641-FROLU,Female,No,Yes,Yes,5836
2862-JVEOY,Male,No,No,No,5837
2969-QWUBZ,Female,No,No,No,5838
9822-BIIGN,Male,No,Yes,Yes,5839
2077-MPJQO,Male,Yes,Yes,No,5840
1534-OULXE,Female,No,Yes,Yes,5841
7136-RVDTZ,Male,Yes,No,No,5842
2971-SGAFL,Female,No,No,No,5843
1480-IVEVR,Male,Yes,Yes,No,5844
2905-KFQUV,Female,No,Yes,No,5845
4581-SSPWD,Female,No,No,No,5846
3370-HXOPH,Female,No,No,No,5847
9391-YZEJW,Female,No,No,No,5848
9958-MEKUC,Male,No,Yes,Yes,5849
0281-CNTZX,Male,No,Yes,No,5850
6927-WTFIV,Male,Yes,No,No,5851
4118-CEVPF,Female,Yes,No,No,5852
3398-ZOUAA,Male,Yes,Yes,No,5853
9114-VEPUF,Male,No,Yes,No,5854
7876-BEUTG,Female,No,No,No,5855
2338-BQEZT,Female,No,No,No,5856
9873-MNDKV,Female,No,No,No,5857
0378-NHQXU,Female,No,Yes,Yes,5858
8241-JUIQO,Female,No,No,No,5859
2194-IIQOF,Female,No,Yes,No,5860
4512-ZUIYL,Female,No,No,No,5861
9631-RXVJM,Male,No,No,No,5862
9584-EXCDZ,Female,No,No,No,5863
7969-AULMZ,Female,No,No,No,5864
5093-FEGLU,Female,No,Yes,No,5865
2621-UDNLU,Female,No,Yes,No,5866
7526-IVLYU,Male,No,No,No,5867
2428-HYUNX,Male,Yes,Yes,No,5868
9214-EKVXR,Female,No,No,No,5869
3410-MHHUM,Female,No,Yes,Yes,5870
0568-ONFPC,Male,No,Yes,Yes,5871
0733-VUNUW,Male,No,No,No,5872
4550-EVXNY,Female,No,No,Yes,5873
2122-YWVYA,Female,No,No,No,5874
2968-SSGAA,Female,No,No,No,5875
2296-DKZFP,Female,No,Yes,No,5876
4844-JJWUY,Female,Yes,No,No,5877
6777-TGHTM,Female,No,No,No,5878
8909-BOLNL,Male,No,No,No,5879
6603-YRDCJ,Male,No,Yes,No,5880
3538-WZPHD,Male,No,No,No,5881
3229-USWAR,Female,No,No,No,5882
2138-VFAPZ,Female,No,Yes,Yes,5883
6131-JLWZM,Female,No,No,No,5884
4785-QRJHC,Male,Yes,Yes,No,5885
0269-XFESX,Male,No,Yes,Yes,5886
1709-EJDOX,Female,No,Yes,Yes,5887
4316-XCSLJ,Male,No,No,Yes,5888
8610-WFCJF,Female,No,Yes,Yes,5889
9693-XMUOB,Male,Yes,Yes,No,5890
0383-CLDDA,Female,No,No,No,5891
4905-JEFDW,Male,No,No,No,5892
2709-UQGNP,Male,No,No,No,5893
3549-ZTMNH,Male,No,Yes,Yes,5894
7881-INRLC,Male,No,No,No,5895
8033-ATFAS,Female,No,Yes,Yes,5896
1635-NZATJ,Male,Yes,Yes,No,5897
0562-HKHML,Male,No,Yes,Yes,5898
8277-RVRSV,Female,No,Yes,Yes,5899
9943-VSZUV,Male,Yes,No,No,5900
0117-LFRMW,Male,No,Yes,Yes,5901
6172-FECYY,Male,No,Yes,Yes,5902
7054-ENNGU,Female,No,Yes,No,5903
1455-HFBXA,Male,No,Yes,No,5904
9402-CXWPL,Female,No,No,No,5905
1628-BIZYP,Male,No,No,No,5906
1965-AKTSX,Female,Yes,No,No,5907
0082-LDZUE,Male,No,No,No,5908
4786-UKSNZ,Male,No,No,No,5909
5343-SGUBI,Female,No,No,No,5910
0856-NAOES,Male,No,No,No,5911
1976-AZZPJ,Male,No,Yes,No,5912
7248-VZQLC,Female,Yes,No,No,5913
6156-UZDLF,Female,No,No,No,5914
3099-OONVS,Male,No,Yes,Yes,5915
9500-WBGRP,Male,No,No,No,5916
5183-KLYEM,Female,No,No,No,5917
5144-PQCDZ,Male,No,No,No,5918
8514-VZHEB,Male,No,Yes,Yes,5919
6625-IUTTT,Male,No,No,No,5920
9355-NPPFS,Female,Yes,No,No,5921
0068-FIGTF,Female,No,No,No,5922
5965-GGPRW,Male,No,Yes,Yes,5923
8035-PWSEV,Female,No,No,No,5924
2236-HILPA,Male,No,Yes,Yes,5925
1840-BIUOG,Male,No,No,No,5926
1356-MKYSK,Male,No,No,No,5927
6080-LNESI,Male,No,No,No,5928
1830-IPXVJ,Female,No,Yes,Yes,5929
5828-DWPIL,Male,Yes,Yes,No,5930
8398-TBIYD,Female,No,No,No,5931
0011-IGKFF,Male,Yes,Yes,No,5932
4192-GORJT,Male,No,Yes,No,5933
6496-SLWHQ,Male,Yes,No,No,5934
9912-GVSEQ,Female,Yes,Yes,No,5935
2931-FSOHN,Male,Yes,No,No,5936
9418-RUKPH,Female,No,Yes,Yes,5937
5383-MMTWC,Female,Yes,Yes,No,5938
9971-ZWPBF,Male,Yes,Yes,Yes,5939
4712-AUQZO,Male,No,No,No,5940
9711-FJTBX,Male,No,Yes,Yes,5941
2908-ZTPNF,Female,No,No,No,5942
7240-ETPTR,Female,No,Yes,No,5943
2202-CUYXZ,Male,No,No,No,5944
5995-OIGLP,Male,No,No,No,5945
8421-WZOOW,Female,Yes,Yes,Yes,5946
6261-RCVNS,Female,No,No,No,5947
7951-QKZPL,Female,No,Yes,Yes,5948
1414-YADCW,Male,No,Yes,No,5949
8756-RDDLT,Female,No,No,No,5950
2862-PFNIK,Male,No,No,Yes,5951
5816-QVHRX,Female,No,No,No,5952
4430-YHXGG,Female,No,No,Yes,5953
6888-SBYAI,Male,No,No,No,5954
7395-XWZOY,Male,No,No,No,5955
7169-YWAMK,Male,No,Yes,Yes,5956
3640-PHQXK,Female,No,No,No,5957
6877-LGWXO,Male,Yes,Yes,No,5958
6859-RKMZJ,Male,No,Yes,No,5959
2729-VNVAP,Female,No,Yes,Yes,5960
2957-JIRMN,Female,Yes,No,No,5961
2049-BAFNW,Female,No,No,No,5962
3842-QTGDL,Male,No,Yes,No,5963
7163-OCEQI,Male,No,Yes,Yes,5964
9782-LGXMC,Female,No,Yes,Yes,5965
5975-BAICR,Male,No,Yes,Yes,5966
8019-ENHXU,Male,No,Yes,No,5967
5167-GBFRE,Male,Yes,No,No,5968
9033-EOXWV,Female,No,No,No,5969
4673-KKSLS,Female,No,No,No,5970
4853-OITSN,Male,No,Yes,No,5971
9800-OUIGR,Male,No,Yes,Yes,5972
1324-NLTJE,Female,Yes,No,No,5973
2324-EFHVG,Male,No,No,No,5974
7094-MSZAO,Male,No,Yes,Yes,5975
1522-VVDMG,Male,No,Yes,Yes,5976
6907-CQGPN,Male,No,No,No,5977
0780-XNZFN,Male,No,No,No,5978
0239-OXEXL,Female,No,No,No,5979
2675-IJRGJ,Male,No,No,No,5980
7049-GKVZY,Female,No,No,No,5981
8577-QSOCG,Female,No,Yes,Yes,5982
3721-CNZHX,Male,No,No,No,5983
0212-ISBBF,Female,No,No,No,5984
9185-TQCVP,Male,No,Yes,No,5985
3585-YNADK,Female,No,Yes,No,5986
5271-DBYSJ,Male,Yes,No,No,5987
1099-GODLO,Female,No,Yes,Yes,5988
6828-HMKWP,Male,No,Yes,Yes,5989
5567-WSELE,Male,Yes,Yes,No,5990
1472-TNCWL,Male,No,No,Yes,5991
8063-RJYNF,Male,No,No,No,5992
0687-ZVTHB,Male,No,Yes,Yes,5993
2080-GKCWQ,Male,No,No,No,5994
9661-ACXBS,Female,No,No,No,5995
2193-SFWQW,Male,No,Yes,Yes,5996
5656-JAMLX,Male,No,No,No,5997
3462-BJQQA,Female,No,No,No,5998
0442-TDYUO,Male,No,Yes,No,5999
6733-LRIZX,Male,No,No,No,6000
9503-XJUME,Male,No,No,Yes,6001
4367-NHWMM,Female,No,No,No,6002
3727-RJMEO,Male,No,Yes,No,6003
3779-OSWCF,Female,No,Yes,No,6004
6736-DHUQI,Female,No,Yes,Yes,6005
3915-ODIYG,Male,Yes,No,No,6006
1360-RCYRT,Male,No,Yes,Yes,6007
2724-FJDYW,Male,No,No,Yes,6008
4451-RWASJ,Male,No,Yes,Yes,6009
6646-VRFOL,Male,Yes,Yes,No,6010
3460-TJBWI,Male,No,Yes,Yes,6011
5917-HBSDW,Female,No,Yes,Yes,6012
5685-IIXLY,Female,No,Yes,Yes,6013
5671-UUNXD,Female,Yes,Yes,No,6014
0956-ACVZC,Female,No,No,No,6015
2325-NBPZG,Female,No,No,No,6016
4250-ZBWLV,Male,No,No,No,6017
4482-FTFFX,Male,No,No,No,6018
8859-DZTGQ,Male,No,No,No,6019
0440-MOGPM,Female,No,No,No,6020
0020-JDNXP,Female,No,Yes,Yes,6021
3752-CQSJI,Female,No,Yes,Yes,6022
5025-GOOKI,Female,No,No,No,6023
4698-KVLLG,Female,Yes,No,No,6024
5095-AESKG,Female,No,Yes,No,6025
2887-JPYLU,Female,No,No,Yes,6026
4770-QAZXN,Female,No,No,No,6027
4896-CPRPF,Male,No,Yes,Yes,6028
1871-MOWRM,Male,No,Yes,No,6029
9714-EDSUC,Male,No,No,No,6030
2027-OAQQC,Female,No,No,No,6031
0282-NVSJS,Female,Yes,Yes,Yes,6032
9090-SGQXL,Male,Yes,Yes,No,6033
6595-YGXIT,Male,Yes,No,No,6034
7353-YOWFP,Female,No,No,No,6035
9835-ZIITK,Male,Yes,Yes,No,6036
8008-ESFLK,Female,No,Yes,No,6037
7537-CBQUZ,Male,Yes,No,No,6038
1555-DJEQW,Female,No,Yes,Yes,6039
5649-TJHOV,Male,Yes,Yes,No,6040
0519-XUZJU,Female,No,No,No,6041
3363-EWLGO,Female,No,No,No,6042
4750-UKWJK,Female,Yes,Yes,No,6043
6338-AVWCY,Male,No,No,No,6044
1689-YQBYY,Female,No,No,Yes,6045
4487-ZYJZK,Female,No,Yes,Yes,6046
2959-FENLU,Female,No,No,No,6047
0708-LGSMF,Male,No,Yes,No,6048
9253-QXKBE,Male,Yes,Yes,No,6049
7634-HLQJR,Female,No,Yes,Yes,6050
0487-RPVUM,Male,No,Yes,No,6051
4079-ULGFR,Male,No,No,No,6052
2516-XSJKX,Female,No,Yes,Yes,6053
0057-QBUQH,Female,No,No,Yes,6054
9445-SZLCH,Female,No,Yes,Yes,6055
6599-SFQVE,Female,No,No,No,6056
8331-ZXFOE,Female,No,No,No,6057
4003-FUSHP,Male,No,No,No,6058
0356-ERHVT,Male,No,Yes,No,6059
7325-ENZFI,Female,No,No,No,6060
4884-ZTHVF,Female,Yes,No,No,6061
3920-HIHMQ,Female,No,No,Yes,6062
3055-OYMSE,Female,Yes,No,No,6063
0613-WUXUM,Female,No,Yes,Yes,6064
7568-PODML,Male,No,No,No,6065
4458-KVRBJ,Male,No,No,No,6066
5349-IECLD,Male,No,No,No,6067
1397-XKKWR,Male,No,No,No,6068
3945-GFWQL,Female,No,No,Yes,6069
8097-OMULG,Male,No,Yes,Yes,6070
6013-BHCAW,Male,No,Yes,Yes,6071
0401-WDBXM,Male,No,Yes,Yes,6072
3387-PLKUI,Female,No,Yes,Yes,6073
6096-EGVTU,Female,No,Yes,Yes,6074
3797-VTIDR,Male,No,Yes,No,6075
5081-NWSUP,Female,No,No,No,6076
2580-ATZSQ,Female,No,Yes,Yes,6077
8085-MSNLK,Female,No,Yes,No,6078
9691-HKOVS,Female,No,Yes,No,6079
9881-VCZEP,Female,No,Yes,No,6080
9526-BIHHD,Male,No,No,No,6081
8757-TFHHJ,Male,No,No,No,6082
4523-WXCEF,Female,No,Yes,No,6083
1468-DEFNC,Male,Yes,Yes,Yes,6084
5119-KEPFY,Male,No,Yes,No,6085
8364-TRMMK,Female,No,No,No,6086
0916-KNFAJ,Male,No,Yes,No,6087
8319-QBEHW,Male,No,No,Yes,6088
3063-QFSZL,Female,No,No,No,6089
8775-LHDJH,Female,Yes,Yes,No,6090
9625-QNLUX,Male,No,Yes,Yes,6091
3097-NQYSN,Male,Yes,Yes,No,6092
4024-CSNBY,Female,No,Yes,No,6093
7110-BDTWG,Female,No,Yes,No,6094
7493-GVFIO,Male,No,No,No,6095
0690-SRQID,Male,No,No,No,6096
9605-WGJVW,Female,Yes,No,No,6097
9114-DPSIA,Male,No,Yes,Yes,6098
4700-UBQMV,Male,No,Yes,Yes,6099
7711-GQBZC,Female,No,Yes,Yes,6100
3565-UNOCC,Female,Yes,Yes,No,6101
4627-MIHJH,Female,Yes,No,No,6102
9795-NREXC,Female,No,Yes,No,6103
8573-CGOCC,Male,No,No,No,6104
7356-AYNJP,Female,No,No,No,6105
9249-FXSCK,Female,No,No,No,6106
5493-SDRDQ,Male,No,No,No,6107
6286-SUUWT,Male,No,No,No,6108
4819-HJPIW,Male,No,No,No,6109
8654-DHAOW,Female,No,No,No,6110
5438-QMDDL,Female,No,Yes,No,6111
9812-GHVRI,Female,No,No,No,6112
5553-AOINX,Female,Yes,Yes,Yes,6113
1228-ZLNBX,Male,No,No,No,6114
4226-KKDON,Male,No,No,No,6115
3831-YCPUO,Female,No,Yes,Yes,6116
7445-WMRBW,Female,No,No,No,6117
3308-DGHKL,Male,No,No,No,6118
9924-JPRMC,Male,No,No,No,6119
0080-EMYVY,Female,No,No,No,6120
6218-KNUBD,Male,No,No,No,6121
7337-CINUD,Female,No,Yes,Yes,6122
7609-NRNCA,Female,No,No,No,6123
0623-EJQEG,Male,No,No,No,6124
7153-CHRBV,Female,No,Yes,Yes,6125
0871-URUWO,Male,No,Yes,No,6126
9190-MFJLN,Male,Yes,No,No,6127
6198-PNNSZ,Female,No,Yes,No,6128
3317-VLGQT,Female,No,Yes,No,6129
4132-POCZS,Male,No,Yes,No,6130
5614-DNZCE,Female,No,No,No,6131
1095-JUDTC,Female,Yes,No,No,6132
3896-RCYYE,Female,No,No,No,6133
9638-JIQYA,Male,No,No,No,6134
3258-SANFR,Male,Yes,No,No,6135
3726-TBHQT,Male,No,Yes,Yes,6136
3190-ITQXP,Female,No,Yes,Yes,6137
0870-VEMYL,Female,No,No,No,6138
4833-QTJNO,Male,Yes,Yes,No,6139
3039-MJSLN,Male,No,No,Yes,6140
0178-CIIKR,Female,No,No,No,6141
5385-SUIRI,Male,Yes,Yes,No,6142
3982-XWFZQ,Female,No,Yes,No,6143
5774-QPLTF,Male,No,Yes,Yes,6144
2322-VCZHZ,Male,Yes,Yes,No,6145
5010-IPEAQ,Female,No,Yes,Yes,6146
4009-ALQFH,Female,No,No,No,6147
6383-ZTSIW,Female,Yes,Yes,No,6148
8990-YOZLV,Female,No,No,No,6149
3069-SSVSN,Female,No,No,No,6150
5222-IMUKT,Male,No,No,No,6151
3627-FCRDW,Female,No,No,No,6152
7562-GSUHK,Female,No,No,No,6153
6685-XSHHU,Male,No,Yes,Yes,6154
8901-UPRHR,Female,No,Yes,Yes,6155
4903-UYAVB,Male,No,Yes,No,6156
0118-JPNOY,Female,Yes,No,No,6157
6776-TLWOI,Male,No,No,No,6158
3845-FXCYS,Male,No,No,No,6159
5857-XRECV,Female,No,No,Yes,6160
0725-CXOTM,Female,No,No,No,6161
4343-EJVQB,Male,No,No,No,6162
9000-PLFUZ,Female,Yes,Yes,No,6163
3427-GGZZI,Female,No,Yes,No,6164
7779-ORAEL,Male,Yes,Yes,No,6165
0644-OQMDK,Male,Yes,No,No,6166
4077-CROMM,Female,No,Yes,Yes,6167
3154-CFSZG,Male,No,Yes,Yes,6168
2868-MZAGQ,Male,No,No,No,6169
4847-QNOKA,Female,No,No,No,6170
2220-IAHLS,Female,No,No,No,6171
1658-XUHBX,Female,Yes,Yes,Yes,6172
6379-RXJRQ,Male,No,Yes,No,6173
2378-HTWFW,Male,Yes,No,No,6174
8650-RHRKE,Male,No,No,No,6175
4377-VDHYI,Male,No,Yes,Yes,6176
0475-RIJEP,Male,No,No,No,6177
1260-TTRXI,Male,No,No,No,6178
3719-TDVQB,Female,Yes,Yes,No,6179
6328-ZPBGN,Female,Yes,No,No,6180
0201-MIBOL,Female,Yes,No,No,6181
4937-QPZPO,Male,No,Yes,Yes,6182
2925-VDZHY,Male,No,Yes,Yes,6183
6981-TDRFT,Male,No,Yes,Yes,6184
3413-CSSTH,Male,No,No,No,6185
8033-VCZGH,Male,No,Yes,No,6186
4789-KWMXN,Male,No,Yes,No,6187
0224-NIJLP,Male,No,Yes,Yes,6188
7542-CYDDM,Male,No,No,No,6189
4718-WXBGI,Male,No,Yes,Yes,6190
2867-UIMSS,Male,No,No,No,6191
8495-PRWFH,Female,Yes,No,No,6192
0439-IFYUN,Female,Yes,No,No,6193
5716-LIBJC,Female,No,No,Yes,6194
2868-LLSKM,Female,No,Yes,Yes,6195
8111-RKSPX,Male,No,No,No,6196
2988-QRAJY,Male,No,No,No,6197
1585-MQSSU,Male,No,No,No,6198
0071-NDAFP,Male,No,Yes,Yes,6199
2856-NNASM,Male,Yes,No,No,6200
7328-ZJAJO,Female,No,Yes,Yes,6201
6458-CYIDZ,Female,Yes,No,No,6202
8559-CIZFV,Male,No,Yes,Yes,6203
1090-PYKCI,Female,No,Yes,Yes,6204
3058-WQDRE,Male,No,No,No,6205
7547-EKNFS,Male,No,Yes,No,6206
2279-AXJJK,Male,No,Yes,No,6207
6769-DYBQN,Male,Yes,No,No,6208
0909-SELIE,Male,No,Yes,No,6209
3417-TSCIC,Male,No,No,No,6210
1042-HFUCW,Female,No,No,Yes,6211
4439-JMPMT,Female,No,Yes,Yes,6212
6537-OTKMY,Male,No,No,No,6213
8999-EXMNO,Female,No,Yes,Yes,6214
6725-TPKJO,Male,No,No,No,6215
2446-BEGGB,Female,Yes,No,No,6216
7162-WPHPM,Male,No,Yes,Yes,6217
1599-MMYRQ,Male,No,Yes,Yes,6218
8821-KVZKQ,Female,No,Yes,Yes,6219
1496-GGSUK,Female,Yes,No,No,6220
6434-TTGJP,Male,No,Yes,Yes,6221
0042-JVWOJ,Male,No,No,No,6222
0130-SXOUN,Male,No,No,No,6223
2575-GFSOE,Female,No,Yes,Yes,6224
2330-PQGDQ,Male,No,Yes,Yes,6225
1452-UZOSF,Male,No,Yes,Yes,6226
2097-YVPKN,Male,No,No,No,6227
2842-JTCCU,Male,No,No,No,6228
8597-CTXVJ,Male,No,No,Yes,6229
6631-HMANX,Male,No,Yes,No,6230
9962-BFPDU,Female,No,Yes,Yes,6231
3296-SILRA,Female,Yes,Yes,No,6232
9681-OXGVC,Female,No,No,No,6233
6394-HHHZM,Male,No,No,No,6234
5995-LFTLE,Male,No,No,No,6235
5180-UCIIQ,Male,Yes,Yes,Yes,6236
1932-UEDCX,Male,Yes,Yes,No,6237
7153-OANIO,Male,No,No,No,6238
5188-HGMLP,Male,Yes,Yes,No,6239
0665-XHDJU,Male,No,Yes,No,6240
6521-YYTYI,Male,No,No,Yes,6241
8878-HMWBV,Male,No,No,No,6242
8265-HKSOW,Female,No,Yes,Yes,6243
3544-FBCAS,Female,No,Yes,Yes,6244
5331-RGMTT,Male,Yes,Yes,No,6245
4759-PXTAN,Female,No,Yes,No,6246
7054-DMVAS,Male,No,No,No,6247
3428-MMGUB,Male,No,No,No,6248
6549-BTYPG,Female,No,Yes,No,6249
7823-JSOAG,Male,No,No,No,6250
3705-RHRFR,Female,No,Yes,No,6251
9374-YOLBJ,Female,No,Yes,Yes,6252
9074-KGVOX,Male,No,Yes,Yes,6253
6128-DAFVY,Female,No,No,No,6254
9933-QRGTX,Female,No,Yes,No,6255
4476-OSWTN,Male,Yes,Yes,No,6256
3751-KTZEL,Female,No,No,No,6257
1977-STDKI,Female,Yes,No,No,6258
5066-GFJMM,Female,No,Yes,No,6259
2661-GKBTK,Male,No,Yes,Yes,6260
0458-HEUZG,Female,No,No,No,6261
7268-WNTCP,Male,No,Yes,Yes,6262
0824-VWDPO,Female,No,No,No,6263
8409-WQJUX,Female,No,No,No,6264
2578-JQPHZ,Male,No,No,No,6265
3278-FSIXX,Female,No,No,No,6266
5813-UECBU,Male,Yes,No,No,6267
0328-GRPMV,Female,No,No,No,6268
9746-UGFAC,Female,No,No,No,6269
2946-KIQSP,Female,No,No,No,6270
0625-AFOHS,Female,No,Yes,Yes,6271
6726-WEXXK,Male,Yes,Yes,No,6272
4636-OLWOE,Male,No,No,Yes,6273
4342-HENTK,Female,Yes,No,No,6274
4685-ERGHK,Male,No,No,No,6275
0885-HMGPY,Male,No,No,No,6276
5003-OKNNK,Female,No,Yes,Yes,6277
4195-SMMNX,Male,No,No,No,6278
7208-PSIHR,Female,No,Yes,No,6279
4012-ZTHBR,Female,No,Yes,Yes,6280
0489-WMEMG,Female,No,No,Yes,6281
7435-ZNUYY,Male,No,No,No,6282
1354-YZFNB,Male,No,Yes,Yes,6283
6956-SMUCM,Female,No,No,No,6284
2985-FMWYF,Female,No,No,No,6285
2812-ENYMO,Male,No,No,No,6286
2717-HVIZY,Female,No,No,Yes,6287
3223-WZWJM,Male,No,No,No,6288
3422-GALYP,Male,No,No,No,6289
9053-JZFKV,Male,No,No,No,6290
2530-ENDWQ,Female,No,Yes,No,6291
2890-WFBHU,Female,No,No,No,6292
0327-WFZSY,Male,No,Yes,Yes,6293
7977-HXJKU,Male,No,No,Yes,6294
6615-ZGEDR,Male,No,No,No,6295
7033-CLAMM,Female,No,Yes,Yes,6296
4023-RTIQM,Female,Yes,Yes,No,6297
0864-FVJNJ,Female,No,Yes,Yes,6298
7356-IWLFW,Male,No,Yes,Yes,6299
9541-PWTWO,Female,No,No,No,6300
3967-VQOGC,Female,No,Yes,Yes,6301
7872-RDDLZ,Female,Yes,No,No,6302
9250-WYPLL,Female,No,No,No,6303
6308-CQRBU,Female,No,Yes,No,6304
2754-XBHTB,Female,No,No,No,6305
1597-LHYNC,Female,Yes,No,No,6306
0186-CAERR,Male,No,No,No,6307
3043-SUDUA,Female,No,No,No,6308
5442-BHQNG,Female,No,No,No,6309
2169-RRLFW,Female,No,Yes,No,6310
5872-OEQNH,Female,No,No,No,6311
3162-KKZXO,Female,Yes,No,No,6312
7055-VKGDA,Male,No,No,No,6313
0754-UKWQP,Male,No,No,No,6314
8873-GLDMH,Female,No,No,No,6315
5696-JVVQY,Female,No,Yes,Yes,6316
8946-BFWSG,Male,No,Yes,Yes,6317
7493-TPUWZ,Male,No,No,No,6318
0547-HURJB,Male,No,No,Yes,6319
8904-OPDCK,Male,Yes,Yes,No,6320
8845-LWKGE,Female,No,Yes,Yes,6321
1577-HKTFG,Female,No,Yes,No,6322
8752-STIVR,Female,No,No,No,6323
0691-NIKRI,Female,No,No,No,6324
5022-JNQEQ,Female,No,Yes,Yes,6325
4558-FANTW,Female,No,Yes,Yes,6326
3249-VHRIP,Female,No,No,No,6327
3736-BLEPA,Male,No,No,No,6328
4701-LKOZD,Female,No,No,No,6329
6603-QWSPR,Female,No,No,No,6330
9921-QFQUL,Female,No,Yes,No,6331
1929-ZCBHE,Male,No,Yes,Yes,6332
4378-MYPGO,Male,No,Yes,Yes,6333
8651-ENBZX,Female,Yes,No,No,6334
4129-LYCOI,Female,No,No,Yes,6335
7798-JVXYM,Female,No,No,No,6336
8647-SDTWQ,Male,No,Yes,Yes,6337
2696-ECXKC,Female,No,Yes,Yes,6338
2081-KJSQF,Male,No,No,No,6339
7623-TRNQN,Male,No,No,Yes,6340
3323-CPBWR,Male,No,No,No,6341
9330-IJWIO,Female,No,No,No,6342
3384-CTMSF,Male,No,Yes,No,6343
0902-RFHOF,Male,No,No,No,6344
9286-DOJGF,Female,Yes,Yes,No,6345
6048-QBXKL,Female,Yes,No,No,6346
9661-MHUMO,Male,Yes,Yes,Yes,6347
7718-RXDGG,Male,No,Yes,No,6348
1025-FALIX,Female,No,No,No,6349
3451-VAWLI,Female,No,Yes,Yes,6350
3407-QGWLG,Male,No,No,Yes,6351
1842-EZJMK,Male,No,Yes,Yes,6352
2347-WKKAE,Male,No,Yes,No,6353
8735-DCXNF,Male,No,Yes,No,6354
3214-IYUUQ,Female,No,Yes,No,6355
1936-UAFEH,Female,No,No,No,6356
3587-PMCOY,Male,No,No,No,6357
8079-XRJRS,Male,No,Yes,No,6358
1027-LKKQQ,Female,No,Yes,Yes,6359
7148-XZPHA,Male,No,Yes,Yes,6360
8073-IJDCM,Female,No,No,No,6361
5309-TAIKL,Female,No,No,No,6362
6856-RAURS,Female,No,No,No,6363
8778-LMWTJ,Female,No,No,No,6364
9717-IOAAF,Male,No,No,Yes,6365
8884-ADFVN,Male,Yes,Yes,No,6366
2845-KDHVX,Female,No,Yes,No,6367
0848-SOMKO,Male,No,No,No,6368
2720-WGKHP,Male,Yes,No,No,6369
6734-FQAJX,Male,Yes,No,No,6370
2869-ADAWR,Female,No,No,No,6371
1535-VTJOQ,Female,No,No,No,6372
6368-TZZDT,Male,No,Yes,Yes,6373
0943-ZQPXH,Male,No,Yes,Yes,6374
1293-BSEUN,Female,No,Yes,Yes,6375
9894-EZEWG,Female,No,No,No,6376
1302-TPUBN,Male,No,No,No,6377
7851-FLGGQ,Male,No,No,No,6378
0637-UBJRP,Male,No,Yes,Yes,6379
0940-OUQEC,Male,No,No,No,6380
2378-VTKDH,Male,Yes,Yes,No,6381
0927-CNGRH,Male,No,No,Yes,6382
8608-OZTLB,Male,No,Yes,Yes,6383
2335-GSODA,Male,No,No,Yes,6384
1952-DVVSW,Female,No,Yes,No,6385
0702-PGIBZ,Male,No,No,Yes,6386
6656-GULJQ,Male,No,Yes,Yes,6387
9853-JFZDU,Female,No,Yes,No,6388
1963-VAUKV,Female,No,No,No,6389
3777-XROBG,Female,No,Yes,Yes,6390
6994-FGRHH,Male,No,Yes,Yes,6391
4000-VGMQP,Male,No,Yes,Yes,6392
3999-WRNGR,Female,No,Yes,Yes,6393
3466-RITXD,Male,No,No,No,6394
2680-XKKNJ,Female,No,No,No,6395
3058-HJCUY,Male,No,Yes,Yes,6396
2974-GGUXS,Female,Yes,Yes,No,6397
7994-XIRTR,Male,Yes,No,No,6398
3259-FDWOY,Male,No,Yes,Yes,6399
2101-RANCD,Female,No,No,No,6400
7921-BEPCI,Female,No,No,No,6401
0807-ZABDG,Female,No,No,Yes,6402
8510-TMWYB,Female,No,Yes,Yes,6403
3258-ZKPAI,Male,No,Yes,Yes,6404
1428-IEDPR,Male,No,No,No,6405
5298-GSTLM,Female,Yes,No,No,6406
4450-YOOHP,Female,No,No,No,6407
6728-CZFEI,Female,No,No,No,6408
5748-RNCJT,Male,No,No,No,6409
3653-NCRDJ,Male,No,Yes,Yes,6410
6121-TNHBO,Female,Yes,No,No,6411
5119-NZPTV,Male,Yes,Yes,No,6412
6519-ZHPXP,Female,No,Yes,Yes,6413
7739-LAXOG,Female,No,Yes,Yes,6414
3472-QPRCH,Male,No,Yes,Yes,6415
8224-UAXBZ,Female,No,Yes,No,6416
9610-WCESF,Male,No,No,No,6417
9776-CLUJA,Female,Yes,Yes,No,6418
2486-WYVVE,Male,No,Yes,No,6419
3865-ZYKAD,Male,Yes,Yes,No,6420
1422-DGUBX,Male,No,Yes,No,6421
2999-AANRQ,Female,No,No,No,6422
8668-KNZTI,Male,No,No,No,6423
0480-KYJVA,Female,No,Yes,Yes,6424
6034-ZRYCV,Female,No,Yes,No,6425
9746-YKGXB,Male,No,Yes,Yes,6426
3926-YZVVX,Female,No,No,No,6427
6000-UKLWI,Male,No,No,No,6428
2079-FBMZK,Female,No,No,No,6429
6332-FBZRI,Male,No,Yes,Yes,6430
2096-XOTMO,Female,No,Yes,Yes,6431
3266-FTKHB,Male,No,No,No,6432
8221-EQDGL,Male,No,Yes,No,6433
2346-LOCWC,Female,No,Yes,Yes,6434
6608-QQLVK,Male,No,No,No,6435
0298-XACET,Male,No,Yes,Yes,6436
7560-QJAVJ,Female,No,No,No,6437
2995-YWTCD,Female,No,Yes,Yes,6438
3551-HUAZH,Male,Yes,No,No,6439
9137-UIYPG,Female,No,Yes,Yes,6440
2809-ZMYOQ,Female,No,No,No,6441
5084-OOVCJ,Female,No,Yes,Yes,6442
0254-WWRKD,Female,No,Yes,Yes,6443
7727-SHVZV,Female,No,No,No,6444
6302-JGYRJ,Male,No,No,Yes,6445
5339-PXDVH,Male,No,No,No,6446
2205-LPVGL,Male,Yes,Yes,Yes,6447
8782-NUUOL,Male,No,No,No,6448
3685-YLCMQ,Male,No,No,No,6449
7601-WFVZV,Male,No,No,No,6450
4609-KNNWG,Female,No,Yes,Yes,6451
4868-AADLV,Male,Yes,Yes,Yes,6452
9529-OFXHY,Male,No,No,No,6453
8634-MPHTR,Male,Yes,Yes,No,6454
2669-QVCRG,Female,No,No,No,6455
2478-EEWWM,Male,No,Yes,No,6456
9174-IHETN,Female,No,No,Yes,6457
2233-TXSIU,Male,No,Yes,Yes,6458
9644-UMGQA,Male,No,Yes,Yes,6459
3256-EZDBI,Male,Yes,Yes,No,6460
8761-NSOBC,Male,No,No,No,6461
0419-YAAPX,Male,No,Yes,No,6462
8413-VONUO,Male,No,No,No,6463
0872-CASZJ,Male,No,Yes,No,6464
4726-DLWQN,Male,Yes,No,No,6465
8164-OCKUJ,Female,No,Yes,Yes,6466
3094-JOJAI,Male,No,No,No,6467
9494-MRNYX,Male,No,No,No,6468
2599-CZABP,Male,No,Yes,No,6469
7945-PRBVF,Male,No,No,No,6470
4544-RXFMG,Male,No,Yes,Yes,6471
0859-YGKFW,Male,No,Yes,Yes,6472
1150-FTQGN,Female,No,Yes,Yes,6473
9223-UCPVT,Female,No,No,No,6474
7196-LIWRH,Female,No,No,No,6475
5448-VWNAM,Female,No,No,Yes,6476
1177-XZBJL,Male,No,Yes,Yes,6477
3518-FSTWG,Male,Yes,Yes,No,6478
9330-VOFSZ,Female,No,Yes,No,6479
4351-QLCSU,Female,No,No,No,6480
0939-EREMR,Female,No,No,Yes,6481
9389-ACWBI,Female,No,Yes,Yes,6482
5419-JPRRN,Male,No,No,No,6483
3644-QXEHN,Male,No,Yes,Yes,6484
2911-IJORQ,Male,No,No,No,6485
5921-NGYRH,Male,No,Yes,No,6486
2100-BDNSN,Female,No,Yes,No,6487
5998-DZLYR,Female,No,Yes,No,6488
0488-GSLFR,Female,No,No,No,6489
9318-NKNFC,Male,No,No,No,6490
3985-HOYPM,Male,No,No,No,6491
9728-FTTVZ,Female,No,No,No,6492
9548-LERKT,Male,No,Yes,No,6493
6576-FBXOJ,Male,No,Yes,No,6494
4310-KEDTB,Female,No,No,Yes,6495
7254-IQWOZ,Male,No,No,No,6496
2474-BRUCM,Male,Yes,Yes,No,6497
4062-HBMOS,Male,No,No,No,6498
0742-NXBGR,Female,No,No,No,6499
2676-ISHSF,Male,No,No,No,6500
9236-NDUCW,Female,No,No,No,6501
4753-PADAS,Female,No,Yes,No,6502
6103-QCKFX,Female,No,Yes,Yes,6503
7781-EWARA,Male,No,Yes,Yes,6504
6110-OHIHY,Male,No,No,No,6505
7018-FPXHH,Male,No,Yes,Yes,6506
5889-LFOLL,Female,No,No,No,6507
5708-EVONK,Female,No,Yes,Yes,6508
8708-XPXHZ,Female,No,Yes,Yes,6509
0616-ATFGB,Male,Yes,Yes,No,6510
0572-ZJKLT,Female,No,Yes,Yes,6511
5135-RDDQL,Female,No,Yes,Yes,6512
1353-LJWEM,Male,No,No,No,6513
1794-SWWKL,Male,No,Yes,Yes,6514
6166-YIPFO,Male,No,Yes,No,6515
7016-BPGEU,Female,No,No,No,6516
6876-ADESB,Male,No,No,Yes,6517
9332-GYWLO,Female,No,Yes,Yes,6518
1963-SVUCV,Male,No,No,No,6519
4184-VODJZ,Male,No,Yes,Yes,6520
0220-EBGCE,Male,No,No,No,6521
1092-WPIVQ,Female,No,Yes,Yes,6522
7233-IOQNP,Female,No,Yes,No,6523
2834-JKOOW,Female,No,No,No,6524
2754-VDLTR,Male,No,No,Yes,6525
2400-FEQME,Male,No,Yes,Yes,6526
3190-XFANI,Male,No,No,Yes,6527
7551-DACSP,Male,No,Yes,Yes,6528
4957-SREEC,Male,No,Yes,Yes,6529
7235-NXZCP,Male,Yes,No,No,6530
0230-UBYPQ,Male,Yes,Yes,No,6531
4923-ADWXJ,Female,No,No,No,6532
1763-KUAAW,Female,Yes,No,No,6533
1104-TNLZA,Male,Yes,Yes,No,6534
5195-KPUNQ,Female,Yes,No,No,6535
0520-FDVVT,Male,No,No,No,6536
3439-GVUSX,Male,No,No,No,6537
1444-VVSGW,Male,No,Yes,No,6538
5712-PTIWW,Male,No,No,No,6539
5949-HGVJL,Female,No,Yes,No,6540
5203-XEHAX,Female,No,No,No,6541
1635-HDGFT,Female,No,No,Yes,6542
3315-TOTBP,Male,No,No,No,6543
8050-XGRVL,Female,No,Yes,Yes,6544
6661-HBGWL,Female,Yes,No,No,6545
1518-VOWAV,Female,No,No,No,6546
9828-QHFBK,Male,No,No,No,6547
3908-MKIMJ,Male,Yes,Yes,No,6548
5012-YSPJJ,Male,No,Yes,Yes,6549
5909-ECHUI,Female,No,No,No,6550
1309-BXVOQ,Male,No,Yes,No,6551
6728-VOIFY,Female,No,Yes,No,6552
9317-WZPGV,Female,Yes,No,No,6553
4891-NLUBA,Female,No,Yes,Yes,6554
2856-HYAPG,Female,No,No,No,6555
8969-PRHFK,Male,No,No,No,6556
0661-KQHNK,Female,No,Yes,Yes,6557
8709-KRDVL,Female,No,No,No,6558
4488-PSYCG,Male,No,No,No,6559
1427-VERSM,Female,No,Yes,No,6560
9801-NOSHQ,Male,No,No,Yes,6561
6339-YPSAH,Male,No,No,No,6562
3621-CEOVK,Female,Yes,Yes,No,6563
6906-ANDWJ,Male,No,Yes,Yes,6564
2159-TURXX,Male,No,No,No,6565
1548-FEHVL,Male,No,Yes,No,6566
3795-CAWEX,Male,No,Yes,Yes,6567
6215-NQCPY,Male,No,No,No,6568
5647-URDKA,Male,No,Yes,Yes,6569
2229-DPMBI,Female,No,Yes,Yes,6570
9626-WEQRM,Female,No,No,No,6571
2188-SXWVT,Female,No,No,No,6572
6258-PVZWJ,Male,No,Yes,No,6573
1094-BKOSX,Female,No,Yes,Yes,6574
6969-MVBAI,Female,Yes,No,No,6575
2978-XXSOG,Female,No,No,No,6576
2342-CKIAO,Female,No,No,No,6577
6953-PBDIN,Male,No,Yes,No,6578
3898-BSJYF,Female,No,No,Yes,6579
3938-YFPXD,Male,No,No,No,6580
7696-AMHOD,Female,No,Yes,Yes,6581
2453-SAFNS,Female,Yes,No,No,6582
9558-IHEZX,Female,No,No,No,6583
9617-UDPEU,Female,No,No,No,6584
6340-DACFT,Female,No,Yes,Yes,6585
4955-VCWBI,Female,No,Yes,Yes,6586
6813-GZQCG,Female,No,Yes,Yes,6587
7426-GSWPO,Male,Yes,No,No,6588
3389-KTRXV,Female,No,Yes,Yes,6589
3118-UHVVQ,Female,No,Yes,No,6590
1031-IIDEO,Female,No,No,No,6591
5832-XKAES,Male,No,No,No,6592
3205-MXZRA,Male,No,No,No,6593
4701-AHWMW,Male,No,Yes,No,6594
8317-BVKSO,Male,No,No,No,6595
5702-KVQRD,Male,No,Yes,No,6596
0083-PIVIK,Male,No,No,No,6597
9210-IAHGH,Female,No,No,No,6598
6169-PGNCD,Female,No,No,No,6599
0023-XUOPT,Female,No,Yes,No,6600
4592-IWTJI,Female,No,Yes,Yes,6601
4909-JOUPP,Male,Yes,Yes,No,6602
4657-FWVFY,Female,No,Yes,Yes,6603
2257-BOVXD,Male,No,Yes,No,6604
7729-JTEEC,Male,No,Yes,Yes,6605
7632-MNYOY,Male,Yes,No,No,6606
6518-LGAOV,Female,No,Yes,No,6607
7242-QZLXF,Male,No,No,Yes,6608
4576-CSAJH,Male,No,No,No,6609
1000-AJSLD,Male,No,No,No,6610
9696-RMYBA,Male,No,No,No,6611
8690-UPCZI,Male,No,Yes,Yes,6612
1062-LHZOD,Male,No,Yes,Yes,6613
9770-LXDBK,Female,No,No,No,6614
4086-WITJG,Male,No,Yes,Yes,6615
8344-WFMFH,Male,No,No,Yes,6616
9600-NAXZN,Male,No,No,No,6617
8822-KNBHV,Female,No,No,No,6618
8404-FYDIB,Male,No,No,No,6619
2791-SFVEW,Female,No,No,No,6620
6457-USBER,Male,No,No,No,6621
6762-NSODU,Female,No,Yes,Yes,6622
4662-EKDPQ,Male,No,No,No,6623
9248-OJYKK,Male,Yes,No,No,6624
9888-ZCUMM,Male,No,Yes,Yes,6625
3398-FSHON,Female,Yes,No,No,6626
3319-DWOEP,Male,Yes,Yes,No,6627
1074-WVEVG,Female,No,Yes,No,6628
9979-RGMZT,Female,No,No,No,6629
6437-UDQJM,Female,Yes,Yes,No,6630
1226-IENZN,Male,Yes,No,No,6631
2108-GLPQB,Male,No,Yes,No,6632
9259-PACGQ,Female,No,Yes,No,6633
4415-IJZTP,Female,No,No,No,6634
1465-VINDH,Female,No,Yes,Yes,6635
5474-LAMUQ,Male,No,Yes,No,6636
3468-DRVQJ,Female,No,Yes,Yes,6637
1122-YJBCS,Male,No,Yes,No,6638
4990-ALDGW,Male,No,No,No,6639
4816-OKWNX,Male,No,Yes,Yes,6640
3315-IKYZQ,Male,No,Yes,Yes,6641
2810-FTLEM,Female,No,No,No,6642
4747-LCAQL,Male,No,No,No,6643
3411-WLRSQ,Female,Yes,Yes,No,6644
0898-XCGTF,Male,No,Yes,No,6645
8006-PYCSW,Female,No,No,No,6646
8249-THVEC,Male,No,Yes,Yes,6647
8722-PRFDV,Female,No,Yes,Yes,6648
2164-SOQXL,Female,No,Yes,Yes,6649
4020-KIUDI,Male,No,Yes,Yes,6650
5850-BDWCY,Female,No,No,No,6651
2038-YSEZE,Female,No,No,No,6652
0827-ITJPH,Male,No,No,No,6653
8799-OXZMD,Female,No,No,No,6654
1925-TIBLE,Female,No,Yes,No,6655
1705-GUHPV,Female,No,No,No,6656
4779-ZGICK,Male,No,Yes,Yes,6657
0048-PIHNL,Female,No,Yes,No,6658
0818-OCPZO,Male,Yes,No,No,6659
3967-KXAPS,Male,No,Yes,No,6660
1447-GIQMR,Male,No,Yes,No,6661
3704-IEAXF,Female,No,Yes,Yes,6662
6810-VCAEX,Female,No,No,No,6663
0674-EYYZV,Female,No,No,No,6664
4480-MBMLB,Female,No,No,No,6665
1395-OFUWC,Male,No,Yes,Yes,6666
0822-QGCXA,Female,Yes,Yes,No,6667
0872-NXJYS,Female,No,No,No,6668
2832-KJCRD,Female,No,No,No,6669
3588-WSTTJ,Female,Yes,No,No,6670
4075-WKNIU,Female,No,Yes,Yes,6671
5090-EMGTC,Female,No,Yes,No,6672
2346-CZYIL,Male,No,No,No,6673
3798-EPWRR,Female,Yes,No,No,6674
6258-NGCNG,Male,No,No,No,6675
4186-ZBUEW,Female,No,No,No,6676
5274-XHAKY,Female,No,Yes,Yes,6677
1442-BQPVU,Female,No,No,No,6678
3978-YNKDD,Male,No,No,Yes,6679
4940-KHCWD,Female,No,Yes,No,6680
9412-ARGBX,Female,No,No,Yes,6681
1389-CXMLU,Male,Yes,No,No,6682
9589-ABEPT,Male,No,Yes,No,6683
9388-ZEYVT,Male,No,No,No,6684
0305-SQECB,Female,No,No,Yes,6685
7605-SNLQG,Female,No,Yes,No,6686
4670-TABXH,Male,No,Yes,No,6687
5561-NWEVX,Female,Yes,Yes,No,6688
0064-SUDOG,Female,No,Yes,Yes,6689
8561-NMTBD,Female,No,Yes,Yes,6690
5161-XEUVX,Male,No,Yes,No,6691
8292-FRFZQ,Female,No,No,No,6692
8591-NXRCV,Female,No,No,No,6693
7895-VONWT,Female,No,No,No,6694
4526-RMTLL,Male,No,Yes,Yes,6695
6253-GNHWH,Female,No,Yes,Yes,6696
4566-NECEV,Male,No,No,No,6697
8080-POTJR,Female,No,No,No,6698
6906-MPARY,Male,No,No,No,6699
3662-FXJFO,Female,No,No,No,6700
8107-RZLNV,Male,No,Yes,No,6701
0516-OOHAR,Male,No,Yes,Yes,6702
2027-CWDNU,Male,No,Yes,Yes,6703
2737-WFVYW,Female,No,No,No,6704
9912-OMZDS,Female,No,Yes,Yes,6705
3733-ZEECP,Male,No,Yes,Yes,6706
7878-RTCZG,Female,No,No,No,6707
2452-MRMZF,Female,Yes,Yes,No,6708
2272-QAGFO,Female,Yes,No,No,6709
7103-IPXPJ,Male,No,Yes,No,6710
4342-HFXWS,Female,No,Yes,Yes,6711
3545-CNWRG,Female,No,Yes,Yes,6712
1785-BPHTP,Male,No,Yes,Yes,6713
4989-LIXVT,Male,Yes,No,No,6714
7315-WYOAW,Male,No,No,No,6715
1173-XZPYF,Female,No,No,No,6716
9850-OWRHQ,Female,No,Yes,No,6717
3768-NLUBH,Male,Yes,Yes,No,6718
8676-TRMJS,Male,No,No,No,6719
2509-TFPJU,Male,No,Yes,No,6720
9530-GRMJG,Male,No,Yes,Yes,6721
6898-RBTLU,Female,No,Yes,Yes,6722
5481-NTDOH,Female,Yes,Yes,No,6723
2068-WWXQZ,Male,No,No,No,6724
7359-SSBJK,Female,Yes,No,No,6725
2061-VVFST,Female,No,Yes,No,6726
0685-MLYYM,Female,Yes,No,No,6727
0749-IRGQE,Female,Yes,Yes,No,6728
2380-DAMQP,Female,No,Yes,No,6729
2256-YLYLP,Male,No,Yes,Yes,6730
1272-ILHFG,Male,No,Yes,Yes,6731
0164-XAIRP,Female,No,No,No,6732
5666-CYCYZ,Female,No,No,No,6733
4011-ARPHK,Male,No,No,No,6734
8182-PNAGI,Male,No,No,No,6735
6365-HITVU,Female,No,Yes,Yes,6736
7558-IMLMT,Male,No,Yes,Yes,6737
9488-FYQAU,Female,No,Yes,No,6738
3590-TCXTB,Male,No,No,No,6739
6994-KERXL,Male,No,No,No,6740
7957-RYHQD,Female,Yes,No,No,6741
2180-DXNEG,Female,No,No,No,6742
1960-UOTYM,Male,No,Yes,Yes,6743
2740-JFBOK,Male,No,No,No,6744
6500-JVEGC,Male,No,No,No,6745
5515-AKOAJ,Female,No,No,No,6746
8976-OQHGT,Female,No,Yes,Yes,6747
5245-VDBUR,Female,No,Yes,No,6748
6230-BSUXY,Female,Yes,No,No,6749
8469-SNFFH,Male,No,Yes,No,6750
2144-ESWKO,Male,No,No,No,6751
1241-FPMOF,Male,No,No,No,6752
9928-BZVLZ,Female,No,No,No,6753
4114-QMKVN,Female,No,Yes,Yes,6754
2775-SEFEE,Male,No,No,Yes,6755
9003-CPATH,Male,No,No,No,6756
1754-GKYPY,Male,Yes,Yes,No,6757
5294-CDGWY,Male,No,Yes,Yes,6758
7956-XQWGU,Male,No,No,No,6759
1591-MQJTP,Male,Yes,Yes,No,6760
5295-PCJOO,Male,No,No,Yes,6761
2369-FEVNO,Male,No,No,No,6762
9863-JZAIC,Male,No,No,No,6763
7471-MQPOS,Male,Yes,Yes,Yes,6764
7660-HDPJV,Female,No,No,No,6765
5115-SQAAU,Female,No,Yes,Yes,6766
9845-QOMAD,Male,No,Yes,Yes,6767
7672-VFMXZ,Male,No,Yes,No,6768
9739-JLPQJ,Female,No,Yes,Yes,6769
9916-AYHTC,Male,No,No,No,6770
3855-ONCAR,Female,No,Yes,Yes,6771
1488-SYSFC,Male,No,Yes,Yes,6772
7931-PXHFC,Male,No,No,No,6773
3990-QYKBE,Male,Yes,Yes,No,6774
0970-QXPXW,Female,No,No,No,6775
3259-KNMRR,Male,Yes,No,No,6776
6120-RJKLU,Female,Yes,Yes,No,6777
9572-WUKSB,Male,No,Yes,No,6778
5893-KCLGT,Female,No,No,Yes,6779
0076-LVEPS,Male,No,No,Yes,6780
3640-JQGJG,Male,No,Yes,Yes,6781
4919-MOAVT,Male,No,No,Yes,6782
1596-OQSPS,Female,No,No,No,6783
9867-XOBQA,Female,No,No,Yes,6784
9546-KDTRB,Female,No,No,No,6785
3090-HAWSU,Male,No,No,No,6786
9820-RMCQV,Female,No,No,No,6787
3174-RKMOW,Male,No,Yes,Yes,6788
1760-CAZHT,Male,No,No,Yes,6789
7839-QRKXN,Female,No,No,No,6790
8441-SHIPE,Female,No,No,No,6791
5204-QZXPU,Male,No,No,No,6792
4597-ELFTS,Male,No,No,No,6793
1320-GVNHT,Male,No,Yes,Yes,6794
1047-RNXZV,Male,No,No,No,6795
3541-ZNUHK,Female,No,Yes,Yes,6796
8450-JOVAH,Male,No,Yes,Yes,6797
8725-JEDFD,Male,No,No,No,6798
7562-UXTPG,Female,No,No,No,6799
8071-SBTRN,Female,No,No,No,6800
1113-IUJYX,Female,No,Yes,No,6801
6668-CNMFP,Female,No,Yes,Yes,6802
5626-MGTUK,Female,No,No,No,6803
5681-LLOEI,Male,No,Yes,Yes,6804
8212-DJRCH,Male,No,Yes,Yes,6805
4323-OHFOW,Female,Yes,Yes,No,6806
4933-BSAIP,Female,No,Yes,No,6807
2030-BTZRO,Male,No,Yes,Yes,6808
1116-DXXDF,Male,No,No,No,6809
9274-CNFMO,Male,Yes,Yes,No,6810
7758-XKCBS,Male,No,No,No,6811
8992-JQYUN,Male,No,Yes,No,6812
6563-VNPMN,Female,Yes,No,No,6813
0617-AQNWT,Female,No,Yes,No,6814
2267-WTPYD,Female,Yes,Yes,No,6815
0270-THENM,Male,No,Yes,Yes,6816
2446-PLQVO,Male,No,No,No,6817
4707-MAXGU,Male,No,Yes,No,6818
2710-WYVXG,Female,No,No,No,6819
3005-NFMTA,Male,Yes,No,No,6820
6300-BWMJX,Female,No,Yes,No,6821
8784-CGILN,Female,No,No,No,6822
5389-FFVKB,Male,Yes,Yes,No,6823
7009-LGECI,Female,No,No,No,6824
8444-WRIDW,Female,Yes,No,No,6825
5022-KVDQT,Male,No,No,No,6826
7976-CICYS,Male,No,No,No,6827
1036-GUDCL,Male,No,Yes,Yes,6828
2005-DWQZJ,Female,No,Yes,Yes,6829
8148-WOCMK,Male,No,Yes,Yes,6830
7815-PDTHL,Male,No,No,No,6831
9451-LPGOO,Male,No,No,No,6832
9173-IVZVP,Female,No,Yes,Yes,6833
9129-UXERG,Female,Yes,No,No,6834
3635-JBPSG,Female,No,No,No,6835
7964-ZRKKG,Male,No,Yes,No,6836
5868-YWPDW,Male,Yes,Yes,No,6837
6229-LSCKB,Male,Yes,No,No,6838
2025-JKFWI,Male,No,No,No,6839
4078-SAYYN,Female,No,No,No,6840
1724-IQWNM,Male,No,No,Yes,6841
8217-QYOHV,Male,No,No,No,6842
5546-QUERU,Male,No,No,No,6843
9940-HPQPG,Female,No,Yes,No,6844
6897-UUBNU,Male,No,No,No,6845
6127-IYJOZ,Male,Yes,No,No,6846
6618-RYATB,Female,No,No,No,6847
8930-XOTDP,Female,No,Yes,Yes,6848
5916-QEWPT,Female,No,Yes,No,6849
5060-TQUQN,Male,No,Yes,Yes,6850
0531-XBKMM,Male,No,No,Yes,6851
8465-SBRXP,Male,No,Yes,Yes,6852
2408-PSJVE,Male,No,Yes,Yes,6853
9079-YEXQJ,Female,No,No,No,6854
9700-ZCLOT,Male,No,No,No,6855
8738-JOKAR,Female,No,No,No,6856
4534-WGCIR,Female,No,Yes,Yes,6857
1930-WNXSB,Male,No,Yes,Yes,6858
2685-SREOM,Female,No,Yes,Yes,6859
3508-CFVZL,Female,No,No,No,6860
0402-CQAJN,Female,No,No,No,6861
6692-UDPJC,Female,No,Yes,Yes,6862
1273-MTETI,Female,Yes,No,No,6863
0657-DOGUM,Female,No,Yes,No,6864
5480-HPRRX,Female,Yes,No,No,6865
8792-AOROI,Female,No,Yes,No,6866
0295-PPHDO,Male,No,No,No,6867
5146-YYFRZ,Male,No,No,No,6868
1195-OIYEJ,Male,No,No,No,6869
5906-CVLHP,Female,No,Yes,Yes,6870
3452-SRFEG,Male,No,No,No,6871
4070-OKWVH,Female,No,Yes,No,6872
5297-MDOIR,Female,No,Yes,No,6873
6369-MCAKO,Female,No,Yes,Yes,6874
4926-UMJZD,Female,No,Yes,No,6875
6848-HJTXY,Female,No,Yes,No,6876
6341-AEVKX,Female,No,Yes,No,6877
4501-EQDRN,Female,No,No,No,6878
2990-HWIML,Female,No,No,No,6879
0682-USIXD,Female,No,Yes,No,6880
6976-BWGLQ,Female,No,Yes,Yes,6881
7078-NVFAM,Female,No,Yes,Yes,6882
8065-QBYTO,Female,Yes,No,No,6883
2133-TSRRM,Female,No,No,Yes,6884
7384-GHBPI,Male,No,Yes,No,6885
7603-USHJS,Male,No,No,Yes,6886
7234-FECYN,Female,Yes,No,No,6887
2511-ALLCS,Female,No,Yes,Yes,6888
3191-CSNMG,Female,No,Yes,Yes,6889
7952-OBOYL,Male,No,No,No,6890
7470-DYNOE,Male,No,No,No,6891
7853-OETYL,Female,No,Yes,No,6892
1545-ACTAS,Female,No,Yes,Yes,6893
5876-HZVZM,Female,No,Yes,Yes,6894
1400-MMYXY,Male,Yes,Yes,No,6895
5126-RCXYW,Male,No,Yes,Yes,6896
3085-QUOZK,Female,No,No,No,6897
2363-BJLSL,Male,No,No,No,6898
1956-YIFGE,Male,No,Yes,Yes,6899
3926-CUQZX,Male,No,No,No,6900
7921-LMDFQ,Male,Yes,No,No,6901
2925-MXLSX,Female,No,No,No,6902
5820-PTRYM,Female,Yes,Yes,No,6903
9609-BENEA,Male,No,Yes,No,6904
6211-WHMYA,Female,Yes,No,No,6905
4459-BBGHE,Male,No,No,Yes,6906
9945-PSVIP,Female,No,Yes,Yes,6907
1041-RXHRA,Female,No,No,No,6908
1750-CSKKM,Male,No,No,Yes,6909
9108-EJFJP,Female,No,Yes,No,6910
0530-IJVDB,Male,No,No,Yes,6911
0508-SQWPL,Female,No,Yes,Yes,6912
2215-ZAFGX,Male,No,No,No,6913
8213-TAZPM,Female,No,Yes,Yes,6914
7142-HVGBG,Male,Yes,Yes,No,6915
1304-SEGFY,Female,No,Yes,No,6916
7242-EDTYC,Male,No,No,Yes,6917
2904-GGUAZ,Female,No,Yes,No,6918
8267-ZNYVZ,Female,No,Yes,No,6919
5136-GFPMB,Male,No,No,No,6920
2595-KIWPV,Male,No,No,Yes,6921
5243-SAOTC,Male,No,No,No,6922
9398-MMQTO,Male,No,No,No,6923
7619-PLRLP,Female,No,Yes,No,6924
6457-GIRWB,Male,No,No,No,6925
6508-NJYRO,Male,No,Yes,No,6926
1450-SKCVI,Female,No,No,No,6927
4710-NKCAW,Male,No,Yes,Yes,6928
5306-BVTKJ,Male,No,Yes,Yes,6929
0357-NVCRI,Female,No,No,Yes,6930
5570-PTWEH,Female,No,Yes,No,6931
2371-KFUOG,Male,No,No,No,6932
0463-ZSDNT,Male,No,No,No,6933
6502-MJQAE,Male,No,No,No,6934
6257-DTAYD,Male,No,Yes,No,6935
4616-ULAOA,Female,No,Yes,Yes,6936
7693-LCKZL,Male,No,Yes,Yes,6937
7746-AWNQW,Female,No,No,No,6938
5996-EBTKM,Female,No,Yes,Yes,6939
2758-RNWXS,Male,No,No,No,6940
2314-TNDJQ,Female,No,Yes,Yes,6941
2405-LBMUW,Female,No,Yes,Yes,6942
3454-JFUBC,Male,Yes,No,No,6943
0032-PGELS,Female,No,Yes,Yes,6944
9039-ZVJDC,Male,No,No,No,6945
6797-LNAQX,Male,No,Yes,Yes,6946
9013-AQORL,Female,No,No,Yes,6947
2898-MRKPI,Male,No,Yes,Yes,6948
2750-BJLSB,Female,No,No,No,6949
3648-GZPHF,Male,No,Yes,Yes,6950
2075-RMJIK,Female,No,Yes,Yes,6951
9588-YRFHY,Male,No,No,No,6952
6394-MFYNG,Female,No,No,No,6953
1564-NTYXF,Female,Yes,No,No,6954
9364-YKUVW,Male,No,No,No,6955
5392-AKEMH,Female,No,No,No,6956
2451-YMUXS,Male,Yes,No,No,6957
3914-FDRHP,Male,No,No,No,6958
3078-ZKNTS,Female,No,Yes,Yes,6959
1024-KPRBB,Female,No,No,No,6960
4690-PKDQG,Female,Yes,Yes,No,6961
8155-IBNHG,Female,No,Yes,No,6962
0886-QGENL,Female,Yes,Yes,No,6963
9547-ITEFG,Male,No,Yes,Yes,6964
1264-FUHCX,Female,No,Yes,No,6965
7789-CRUVC,Female,Yes,Yes,No,6966
6598-KELSS,Male,No,No,Yes,6967
8739-WWKDU,Male,Yes,No,No,6968
8685-WHQPW,Female,Yes,No,No,6969
4745-LSPLO,Male,No,No,No,6970
8083-YTZES,Male,No,No,No,6971
7240-FQLHE,Female,Yes,Yes,No,6972
6664-FPDAC,Female,Yes,No,No,6973
9972-VAFJJ,Female,Yes,Yes,No,6974
0422-UXFAP,Female,No,Yes,No,6975
1904-WAJAA,Female,No,Yes,Yes,6976
5130-YPIRV,Female,No,Yes,No,6977
2843-CQMEG,Male,No,No,No,6978
6439-PKTRR,Female,No,Yes,Yes,6979
5351-QESIO,Male,No,No,Yes,6980
0786-VSSUD,Male,Yes,No,No,6981
5568-DMXZS,Female,No,No,No,6982
8468-FZTOE,Female,No,Yes,Yes,6983
6633-SYEUS,Female,No,No,No,6984
6447-GORXK,Male,No,No,Yes,6985
6967-PEJLL,Male,No,Yes,Yes,6986
3976-BWUCK,Female,No,Yes,No,6987
5981-ZVXOT,Female,Yes,No,No,6988
1684-FLBGS,Female,No,Yes,Yes,6989
1389-WNUIB,Female,No,Yes,Yes,6990
0376-OIWME,Male,No,Yes,No,6991
3585-ISXZP,Female,No,No,No,6992
0218-QNVAS,Male,No,Yes,Yes,6993
6583-QGCSI,Female,Yes,Yes,No,6994
0804-YGEQV,Female,No,Yes,Yes,6995
7164-BPTUT,Male,No,No,Yes,6996
4174-LPGTI,Female,No,Yes,Yes,6997
2523-EWWZL,Female,No,Yes,No,6998
0928-XUTSN,Female,No,No,No,6999
2108-XWMPY,Male,No,No,No,7000
0052-YNYOT,Female,No,No,No,7001
6304-IJFSQ,Male,No,No,No,7002
9586-JGQKH,Female,No,Yes,No,7003
4501-VCPFK,Male,No,No,No,7004
6075-SLNIL,Male,No,No,No,7005
9347-AERRL,Male,No,Yes,No,7006
0093-XWZFY,Male,No,No,No,7007
2274-XUATA,Male,Yes,Yes,No,7008
1980-KXVPM,Female,Yes,No,No,7009
7703-ZEKEF,Male,No,No,No,7010
0723-DRCLG,Female,Yes,Yes,No,7011
5482-NUPNA,Female,No,No,No,7012
6691-CCIHA,Female,No,Yes,No,7013
1685-BQULA,Female,No,No,No,7014
9053-EJUNL,Male,No,No,No,7015
0666-UXTJO,Male,Yes,Yes,No,7016
1471-GIQKQ,Female,No,No,No,7017
4807-IZYOZ,Female,No,No,No,7018
1122-JWTJW,Male,No,Yes,Yes,7019
9710-NJERN,Female,No,No,No,7020
9837-FWLCH,Male,No,Yes,Yes,7021
1699-HPSBG,Male,No,No,No,7022
7203-OYKCT,Male,No,No,No,7023
1035-IPQPU,Female,Yes,Yes,No,7024
7398-LXGYX,Male,No,Yes,No,7025
2823-LKABH,Female,No,No,No,7026
8775-CEBBJ,Female,No,No,No,7027
0550-DCXLH,Male,No,No,No,7028
9281-CEDRU,Female,No,Yes,No,7029
2235-DWLJU,Female,Yes,No,No,7030
0871-OPBXW,Female,No,No,No,7031
3605-JISKB,Male,Yes,Yes,No,7032
6894-LFHLY,Male,Yes,No,No,7033
9767-FFLEM,Male,No,No,No,7034
0639-TSIQW,Female,No,No,No,7035
8456-QDAVC,Male,No,No,No,7036
7750-EYXWZ,Female,No,No,No,7037
2569-WGERO,Female,No,No,No,7038
6840-RESVB,Male,No,Yes,Yes,7039
2234-XADUH,Female,No,Yes,Yes,7040
4801-JZAZL,Female,No,Yes,Yes,7041
8361-LTMKD,Male,Yes,Yes,No,7042
3186-AJIEK,Male,No,No,No,7043
