customerID,PhoneService,MultipleLines,InternetService,OnlineSecurity,OnlineBackup,DeviceProtection,TechSupport,StreamingTV,StreamingMovies,HasStreaming,HasSecurityBundle,ServiceCount,service_key
7590-VHVEG,No,No phone service,DSL,No,Yes,No,No,No,No,No,No,2,1
5575-GNVDE,Yes,No,DSL,Yes,No,Yes,No,No,No,No,Yes,4,2
3668-QPYBK,Yes,No,DSL,Yes,Yes,No,No,No,No,No,Yes,4,3
7795-CFOCW,No,No phone service,DSL,Yes,No,Yes,Yes,No,No,No,Yes,4,4
9237-HQITU,Yes,No,Fiber optic,No,No,No,No,No,No,No,No,2,5
9305-CDSKC,Yes,Yes,Fiber optic,No,No,Yes,No,Yes,Yes,Yes,No,6,6
1452-KIOVK,Yes,Yes,Fiber optic,No,Yes,No,No,Yes,No,Yes,No,5,7
6713-OKOMC,No,No phone service,DSL,Yes,No,No,No,No,No,No,Yes,2,8
7892-POOKP,Yes,Yes,Fiber optic,No,No,Yes,Yes,Yes,Yes,Yes,Yes,7,9
6388-TABGU,Yes,No,DSL,Yes,Yes,No,No,No,No,No,Yes,4,10
9763-GRSKD,Yes,No,DSL,Yes,No,No,No,No,No,No,Yes,3,11
7469-LKBCI,Yes,No,No,No internet service,No internet service,No internet service,No internet service,No internet service,No internet service,No,No,1,12
8091-TTVAX,Yes,Yes,Fiber optic,No,No,Yes,No,Yes,Yes,Yes,No,6,13
0280-XJGEX,Yes,Yes,Fiber optic,No,Yes,Yes,No,Yes,Yes,Yes,No,7,14
5129-JLPIS,Yes,No,Fiber optic,Yes,No,Yes,Yes,Yes,Yes,Yes,Yes,7,15
3655-SNQYZ,Yes,Yes,Fiber optic,Yes,Yes,Yes,Yes,Yes,Yes,Yes,Yes,9,16
8191-XWSZG,Yes,No,No,No internet service,No internet service,No internet service,No internet service,No internet service,No internet service,No,No,1,17
9959-WOFKT,Yes,Yes,Fiber optic,Yes,No,Yes,No,Yes,Yes,Yes,Yes,7,18
4190-MFLUW,Yes,No,DSL,No,No,Yes,Yes,No,No,No,Yes,4,19
4183-MYFRB,Yes,No,Fiber optic,No,Yes,Yes,No,No,Yes,Yes,No,5,20
8779-QRDMV,No,No phone service,DSL,No,No,Yes,No,No,Yes,Yes,No,3,21
1680-VDCWW,Yes,No,No,No internet service,No internet service,No internet service,No internet service,No internet service,No internet service,No,No,1,22
1066-JKSGK,Yes,No,No,No internet service,No internet service,No internet service,No internet service,No internet service,No internet service,No,No,1,23
3638-WEABW,Yes,Yes,DSL,No,Yes,No,Yes,No,No,No,Yes,5,24
6322-HRPFA,Yes,No,DSL,Yes,Yes,No,Yes,No,No,No,Yes,5,25
6865-JZNKO,Yes,No,DSL,Yes,Yes,No,No,No,No,No,Yes,4,26
6467-CHFZW,Yes,Yes,Fiber optic,No,Yes,No,No,Yes,Yes,Yes,No,6,27
8665-UTDHZ,No,No phone service,DSL,No,Yes,No,No,No,No,No,No,2,28
5248-YGIJN,Yes,Yes,DSL,Yes,Yes,Yes,Yes,Yes,Yes,Yes,Yes,9,29
8773-HHUOZ,Yes,No,DSL,No,No,No,No,Yes,Yes,Yes,No,4,30
3841-NFECX,Yes,Yes,Fiber optic,Yes,Yes,Yes,Yes,No,No,No,Yes,7,31
4929-XIHVW,Yes,No,Fiber optic,No,No,Yes,No,Yes,Yes,Yes,No,5,32
6827-IEAUQ,Yes,No,DSL,Yes,Yes,Yes,Yes,No,No,No,Yes,6,33
7310-EGVHZ,Yes,No,No,No internet service,No internet service,No internet service,No internet service,No internet service,No internet service,No,No,1,34
3413-BMNZE,Yes,No,DSL,No,No,No,No,No,No,No,No,2,35
6234-RAAPL,Yes,Yes,Fiber optic,Yes,Yes,No,Yes,Yes,No,Yes,Yes,7,36
6047-YHPVI,Yes,No,Fiber optic,No,No,No,No,No,No,No,No,2,37
6572-ADKRS,Yes,No,Fiber optic,No,No,Yes,No,No,No,No,No,3,38
5380-WJKOV,Yes,Yes,Fiber optic,No,Yes,Yes,No,Yes,Yes,Yes,No,7,39
8168-UQWWF,Yes,Yes,Fiber optic,No,No,Yes,No,Yes,Yes,Yes,No,6,40
8865-TNMNX,Yes,No,DSL,No,Yes,No,No,No,No,No,No,3,41
9489-DEDVP,Yes,Yes,DSL,Yes,Yes,No,No,Yes,No,Yes,Yes,6,42
9867-JCZSP,Yes,No,No,No internet service,No internet service,No internet service,No internet service,No internet service,No internet service,No,No,1,43
4671-VJLCL,Yes,Yes,DSL,Yes,Yes,Yes,Yes,Yes,No,Yes,Yes,8,44
4080-IIARD,Yes,Yes,DSL,Yes,Yes,No,Yes,Yes,No,Yes,Yes,7,45
3714-NTNFO,Yes,Yes,Fiber optic,No,No,No,No,No,Yes,Yes,No,4,46
5948-UJZLF,Yes,No,DSL,No,Yes,No,No,No,No,No,No,3,47
7760-OYPDY,Yes,No,Fiber optic,No,No,No,No,Yes,No,Yes,No,3,48
7639-LIAYI,Yes,Yes,DSL,Yes,No,No,Yes,Yes,Yes,Yes,Yes,7,49
2954-PIBKO,Yes,Yes,DSL,Yes,No,Yes,Yes,No,No,No,Yes,6,50
8012-SOUDQ,Yes,Yes,Fiber optic,No,Yes,No,No,Yes,No,Yes,No,5,51
9420-LOJKX,Yes,No,Fiber optic,Yes,Yes,No,No,Yes,Yes,Yes,Yes,6,52
6575-SUVOI,Yes,Yes,DSL,Yes,No,No,Yes,Yes,No,Yes,Yes,6,53
7495-OOKFY,Yes,Yes,Fiber optic,No,Yes,No,No,No,No,No,No,4,54
4667-QONEA,Yes,No,DSL,Yes,Yes,Yes,Yes,No,Yes,Yes,Yes,7,55
1658-BYGOY,Yes,Yes,Fiber optic,No,No,No,No,Yes,Yes,Yes,No,5,56
8769-KKTPH,Yes,Yes,Fiber optic,Yes,No,No,No,Yes,Yes,Yes,Yes,6,57
5067-XJQFU,Yes,Yes,Fiber optic,No,Yes,Yes,Yes,Yes,Yes,Yes,Yes,8,58
3957-SQXML,Yes,Yes,No,No internet service,No internet service,No internet service,No internet service,No internet service,No internet service,No,No,2,59
5954-BDFSG,Yes,Yes,Fiber optic,No,No,Yes,Yes,Yes,Yes,Yes,Yes,7,60
0434-CSFON,Yes,Yes,Fiber optic,No,No,Yes,No,Yes,Yes,Yes,No,6,61
1215-FIGMP,Yes,Yes,Fiber optic,No,Yes,No,No,Yes,No,Yes,No,5,62
0526-SXDJP,No,No phone service,DSL,Yes,Yes,Yes,No,No,No,No,Yes,4,63
0557-ASKVU,Yes,No,DSL,No,No,Yes,Yes,No,No,No,Yes,4,64
5698-BQJOH,Yes,Yes,Fiber optic,No,No,No,No,Yes,Yes,Yes,No,5,65
5122-CYFXA,Yes,No,DSL,No,Yes,No,Yes,Yes,Yes,Yes,Yes,6,66
8627-ZYGSZ,Yes,Yes,Fiber optic,No,Yes,No,No,No,No,No,No,4,67
3410-YOQBQ,Yes,No,DSL,No,Yes,Yes,Yes,Yes,Yes,Yes,Yes,7,68
3170-NMYVV,Yes,No,No,No internet service,No internet service,No internet service,No internet service,No internet service,No internet service,No,No,1,69
7410-OIEDU,Yes,No,Fiber optic,Yes,No,Yes,No,No,No,No,Yes,4,70
2273-QCKXA,Yes,No,DSL,No,No,No,Yes,No,No,No,Yes,3,71
0731-EBJQB,Yes,No,No,No internet service,No internet service,No internet service,No internet service,No internet service,No internet service,No,No,1,72
1891-QRQSA,Yes,Yes,Fiber optic,Yes,No,Yes,Yes,Yes,Yes,Yes,Yes,8,73
8028-PNXHQ,Yes,Yes,No,No internet service,No internet service,No internet service,No internet service,No internet service,No internet service,No,No,2,74
5630-AHZIL,Yes,No,DSL,Yes,No,No,Yes,No,Yes,Yes,Yes,5,75
2673-CXQEU,Yes,Yes,Fiber optic,Yes,Yes,Yes,No,Yes,Yes,Yes,Yes,8,76
6416-JNVRK,Yes,No,DSL,No,No,No,No,No,Yes,Yes,No,3,77
5590-ZSKRV,Yes,No,DSL,Yes,Yes,No,No,No,No,No,Yes,4,78
0191-ZHSKZ,Yes,No,DSL,Yes,Yes,No,No,Yes,Yes,Yes,Yes,6,79
3887-PBQAO,Yes,Yes,No,No internet service,No internet service,No internet service,No internet service,No internet service,No internet service,No,No,2,80
5919-TMRGD,Yes,No,Fiber optic,No,No,No,No,Yes,No,Yes,No,3,81
8108-UXRQN,No,No phone service,DSL,Yes,No,No,No,Yes,Yes,Yes,Yes,4,82
9191-MYQKX,Yes,No,Fiber optic,No,No,Yes,No,No,No,No,No,3,83
9919-YLNNG,Yes,No,Fiber optic,No,Yes,Yes,Yes,Yes,Yes,Yes,Yes,7,84
0318-ZOPWS,Yes,No,No,No internet service,No internet service,No internet service,No internet service,No internet service,No internet service,No,No,1,85
4445-ZJNMU,Yes,Yes,Fiber optic,No,Yes,No,No,Yes,Yes,Yes,No,6,86
4808-YNLEU,Yes,No,DSL,Yes,No,No,No,Yes,No,Yes,Yes,4,87
1862-QRWPE,Yes,No,No,No internet service,No internet service,No internet service,No internet service,No internet service,No internet service,No,No,1,88
2796-NNUFI,Yes,No,No,No internet service,No internet service,No internet service,No internet service,No internet service,No internet service,No,No,1,89
3016-KSVCP,No,No phone service,DSL,No,No,No,No,Yes,No,Yes,No,2,90
4767-HZZHQ,Yes,No,Fiber optic,No,Yes,Yes,No,No,No,No,No,4,91
2424-WVHPL,Yes,No,Fiber optic,No,No,No,Yes,No,No,No,Yes,3,92
7233-PAHHL,Yes,Yes,DSL,Yes,No,Yes,Yes,Yes,Yes,Yes,Yes,8,93
6067-NGCEU,Yes,Yes,Fiber optic,Yes,Yes,Yes,No,Yes,Yes,Yes,Yes,8,94
9848-JQJTX,Yes,Yes,Fiber optic,No,Yes,Yes,No,Yes,Yes,Yes,No,7,95
8637-XJIVR,Yes,Yes,Fiber optic,Yes,No,No,No,No,No,No,Yes,4,96
9803-FTJCG,Yes,Yes,DSL,Yes,Yes,No,Yes,No,No,No,Yes,6,97
0278-YXOOG,Yes,No,No,No internet service,No internet service,No internet service,No internet service,No internet service,No internet service,No,No,1,98
3212-KXOCR,Yes,No,No,No internet service,No internet service,No internet service,No internet service,No internet service,No internet service,No,No,1,99
4598-XLKNJ,Yes,No,Fiber optic,No,Yes,Yes,No,Yes,Yes,Yes,No,6,100
6380-ARCEH,Yes,No,No,No internet service,No internet service,No internet service,No internet service,No internet service,No internet service,No,No,1,101
3679-XASPY,Yes,No,No,No internet service,No internet service,No internet service,No internet service,No internet service,No internet service,No,No,1,102
7123-WQUHX,Yes,Yes,Fiber optic,No,No,Yes,Yes,Yes,No,Yes,Yes,6,103
5386-THSLQ,No,No phone service,DSL,No,Yes,Yes,No,Yes,No,Yes,No,4,104
3192-NQECA,Yes,Yes,Fiber optic,No,Yes,Yes,Yes,Yes,Yes,Yes,Yes,8,105
6180-YBIQI,No,No phone service,DSL,No,No,No,No,No,No,No,No,1,106
6728-DKUCO,Yes,Yes,Fiber optic,Yes,Yes,No,No,Yes,Yes,Yes,Yes,7,107
9750-BOOHV,No,No phone service,DSL,Yes,No,No,No,No,No,No,Yes,2,108
8597-CWYHH,Yes,Yes,Fiber optic,No,No,No,No,Yes,Yes,Yes,No,5,109
2848-YXSMW,Yes,No,No,No internet service,No internet service,No internet service,No internet service,No internet service,No internet service,No,No,1,110
0486-HECZI,Yes,Yes,Fiber optic,Yes,Yes,No,No,Yes,No,Yes,Yes,6,111
4549-ZDQYY,Yes,No,DSL,Yes,No,Yes,Yes,No,No,No,Yes,5,112
5712-AHQNN,Yes,No,Fiber optic,No,Yes,Yes,No,Yes,No,Yes,No,5,113
4846-WHAFZ,Yes,Yes,Fiber optic,No,No,No,No,No,No,No,No,3,114
5256-SKJGO,No,No phone service,DSL,No,Yes,No,Yes,Yes,Yes,Yes,Yes,5,115
3071-VBYPO,Yes,No,Fiber optic,Yes,Yes,No,No,Yes,No,Yes,Yes,5,116
9560-BBZXK,No,No phone service,DSL,Yes,No,No,No,No,No,No,Yes,2,117
5299-RULOA,Yes,Yes,Fiber optic,Yes,No,No,No,Yes,Yes,Yes,Yes,6,118
8402-OOOHJ,Yes,No,No,No internet service,No internet service,No internet service,No internet service,No internet service,No internet service,No,No,1,119
9445-ZUEQE,Yes,Yes,Fiber optic,No,Yes,No,Yes,No,No,No,Yes,5,120
1091-SOZGA,Yes,Yes,Fiber optic,No,No,Yes,No,Yes,Yes,Yes,No,6,121
2928-HLDBA,Yes,No,No,No internet service,No internet service,No internet service,No internet service,No internet service,No internet service,No,No,1,122
0404-SWRVG,Yes,Yes,Fiber optic,No,No,No,No,No,No,No,No,3,123
6497-TILVL,Yes,No,DSL,Yes,No,No,No,No,No,No,Yes,3,124
7219-TLZHO,Yes,No,No,No internet service,No internet service,No internet service,No internet service,No internet service,No internet service,No,No,1,125
4622-YNKIJ,Yes,No,Fiber optic,Yes,No,No,Yes,Yes,No,Yes,Yes,5,126
4412-YLTKF,Yes,Yes,Fiber optic,No,No,Yes,No,No,No,No,No,4,127
6734-PSBAW,Yes,Yes,No,No internet service,No internet service,No internet service,No internet service,No internet service,No internet service,No,No,2,128
3930-ZGWVE,Yes,No,No,No internet service,No internet service,No internet service,No internet service,No internet service,No internet service,No,No,1,129
2639-UGMAZ,No,No phone service,DSL,Yes,Yes,No,No,Yes,Yes,Yes,Yes,5,130
2876-GZYZC,Yes,Yes,Fiber optic,No,No,No,No,No,Yes,Yes,No,4,131
6207-WIOLX,No,No phone service,DSL,Yes,Yes,Yes,No,Yes,Yes,Yes,Yes,6,132
8587-XYZSF,Yes,No,DSL,No,No,No,Yes,No,No,No,Yes,3,133
3091-FYHKI,No,No phone service,DSL,No,No,No,No,No,Yes,Yes,No,2,134
2372-HWUHI,Yes,No,DSL,No,No,No,No,No,No,No,No,2,135
7799-LGRDP,Yes,Yes,No,No internet service,No internet service,No internet service,No internet service,No internet service,No internet service,No,No,2,136
7850-VWJUU,Yes,No,Fiber optic,Yes,No,No,No,No,No,No,Yes,3,137
3774-VBNXY,Yes,No,No,No internet service,No internet service,No internet service,No internet service,No internet service,No internet service,No,No,1,138
6217-KDYWC,Yes,No,No,No internet service,No internet service,No internet service,No internet service,No internet service,No internet service,No,No,1,139
0390-DCFDQ,Yes,No,Fiber optic,No,No,No,No,No,No,No,No,2,140
3146-MSEGF,Yes,Yes,DSL,Yes,Yes,Yes,Yes,Yes,Yes,Yes,Yes,9,141
4080-OGPJL,Yes,Yes,DSL,Yes,No,No,Yes,No,Yes,Yes,Yes,6,142
1095-WGNGG,Yes,Yes,Fiber optic,No,Yes,No,No,Yes,Yes,Yes,No,6,143
2636-SJDOU,Yes,Yes,Fiber optic,Yes,Yes,No,No,No,No,No,Yes,5,144
1131-QQZEB,Yes,Yes,No,No internet service,No internet service,No internet service,No internet service,No internet service,No internet service,No,No,2,145
5716-EZXZN,Yes,Yes,Fiber optic,Yes,Yes,No,Yes,Yes,No,Yes,Yes,7,146
6837-BJYDQ,Yes,No,No,No internet service,No internet service,No internet service,No internet service,No internet service,No internet service,No,No,1,147
2135-RXIHG,Yes,No,DSL,No,No,No,No,No,No,No,No,2,148
6440-DKQGE,Yes,No,DSL,No,Yes,Yes,No,Yes,No,Yes,No,5,149
3466-BYAVD,Yes,No,DSL,No,Yes,Yes,Yes,No,Yes,Yes,Yes,6,150
3780-YVMFA,Yes,No,DSL,No,No,No,Yes,Yes,Yes,Yes,Yes,5,151
3874-EQOEP,Yes,Yes,Fiber optic,No,No,No,No,Yes,Yes,Yes,No,5,152
1679-JRFBR,Yes,Yes,Fiber optic,Yes,Yes,Yes,No,Yes,Yes,Yes,Yes,8,153
9073-ZZIAY,Yes,No,DSL,Yes,Yes,Yes,Yes,Yes,Yes,Yes,Yes,8,154
3077-RSNTJ,Yes,No,No,No internet service,No internet service,No internet service,No internet service,No internet service,No internet service,No,No,1,155
6551-GNYDG,Yes,No,Fiber optic,No,No,No,No,No,Yes,Yes,No,3,156
9167-APMXZ,Yes,Yes,Fiber optic,No,No,No,No,Yes,No,Yes,No,4,157
2749-CTKAJ,Yes,No,No,No internet service,No internet service,No internet service,No internet service,No internet service,No internet service,No,No,1,158
6371-NZYEG,Yes,No,DSL,Yes,No,Yes,No,Yes,No,Yes,Yes,5,159
7554-NEWDD,Yes,Yes,No,No internet service,No internet service,No internet service,No internet service,No internet service,No internet service,No,No,2,160
8992-VONJD,Yes,No,DSL,Yes,Yes,No,No,No,No,No,Yes,4,161
0867-MKZVY,Yes,Yes,Fiber optic,Yes,No,No,No,No,No,No,Yes,4,162
4482-EWFMI,Yes,No,Fiber optic,No,No,No,No,No,No,No,No,2,163
4648-YPBTM,Yes,Yes,DSL,No,Yes,Yes,Yes,No,Yes,Yes,Yes,7,164
2907-ILJBN,Yes,No,No,No internet service,No internet service,No internet service,No internet service,No internet service,No internet service,No,No,1,165
6345-FZOQH,Yes,No,No,No internet service,No internet service,No internet service,No internet service,No internet service,No internet service,No,No,1,166
3376-BMGFE,Yes,No,Fiber optic,No,No,No,No,No,No,No,No,2,167
5997-OPVFA,Yes,Yes,DSL,Yes,Yes,Yes,Yes,Yes,Yes,Yes,Yes,9,168
3445-HXXGF,No,No phone service,DSL,No,Yes,Yes,No,No,Yes,Yes,No,4,169
1159-WFSGR,Yes,No,No,No internet service,No internet service,No internet service,No internet service,No internet service,No internet service,No,No,1,170
7654-YWJUF,Yes,No,Fiber optic,Yes,No,Yes,Yes,No,No,No,Yes,5,171
1875-QIVME,Yes,Yes,Fiber optic,No,No,Yes,Yes,Yes,Yes,Yes,Yes,7,172
6727-IOTLZ,Yes,No,DSL,No,Yes,Yes,Yes,Yes,Yes,Yes,Yes,7,173
0691-JVSYA,Yes,No,Fiber optic,No,No,Yes,No,Yes,Yes,Yes,No,5,174
5918-VUKWP,Yes,No,No,No internet service,No internet service,No internet service,No internet service,No internet service,No internet service,No,No,1,175
1744-JHKYS,Yes,Yes,No,No internet service,No internet service,No internet service,No internet service,No internet service,No internet service,No,No,2,176
2656-FMOKZ,Yes,Yes,Fiber optic,No,No,No,No,No,No,No,No,3,177
2070-FNEXE,Yes,No,Fiber optic,Yes,No,No,No,No,No,No,Yes,3,178
5947-SGKCL,Yes,Yes,Fiber optic,No,Yes,Yes,No,Yes,Yes,Yes,No,7,179
3712-PKXZA,Yes,No,No,No internet service,No internet service,No internet service,No internet service,No internet service,No internet service,No,No,1,180
6317-YPKDH,No,No phone service,DSL,No,Yes,No,No,No,No,No,No,2,181
6582-OIVSP,Yes,No,DSL,No,No,No,No,No,No,No,No,2,182
9367-WXLCH,Yes,Yes,Fiber optic,No,No,No,No,No,Yes,Yes,No,4,183
5524-KHNJP,Yes,No,DSL,Yes,No,Yes,No,Yes,Yes,Yes,Yes,6,184
1918-ZBFQJ,Yes,No,Fiber optic,No,Yes,Yes,No,No,No,No,No,4,185
1024-GUALD,No,No phone service,DSL,No,No,No,No,No,No,No,No,1,186
4827-USJHP,Yes,No,DSL,No,Yes,No,No,No,No,No,No,3,187
8167-GJLRN,No,No phone service,DSL,No,No,No,Yes,No,No,No,Yes,2,188
0956-SYCWG,Yes,No,No,No internet service,No internet service,No internet service,No internet service,No internet service,No internet service,No,No,1,189
8017-UVSZU,Yes,Yes,DSL,No,Yes,No,No,No,No,No,No,4,190
7100-FQPRV,Yes,Yes,DSL,Yes,No,No,Yes,No,Yes,Yes,Yes,6,191
2472-OVKUP,Yes,No,Fiber optic,No,Yes,Yes,No,No,Yes,Yes,No,5,192
2984-RGEYA,Yes,No,No,No internet service,No internet service,No internet service,No internet service,No internet service,No internet service,No,No,1,193
9680-NIAUV,Yes,Yes,Fiber optic,Yes,Yes,Yes,No,Yes,Yes,Yes,Yes,8,194
2146-EGVDT,Yes,No,No,No internet service,No internet service,No internet service,No internet service,No internet service,No internet service,No,No,1,195
2604-IJPDU,Yes,No,Fiber optic,Yes,Yes,No,Yes,Yes,No,Yes,Yes,6,196
9178-JHUVJ,Yes,Yes,No,No internet service,No internet service,No internet service,No internet service,No internet service,No internet service,No,No,2,197
6168-YBYNP,Yes,Yes,Fiber optic,No,Yes,Yes,Yes,Yes,Yes,Yes,Yes,8,198
7255-SSFBC,Yes,Yes,Fiber optic,No,Yes,Yes,Yes,Yes,Yes,Yes,Yes,8,199
3645-DEYGF,Yes,No,No,No internet service,No internet service,No internet service,No internet service,No internet service,No internet service,No,No,1,200
9323-HGFWY,Yes,No,Fiber optic,Yes,No,No,Yes,Yes,Yes,Yes,Yes,6,201
8544-GOQSH,Yes,No,Fiber optic,No,Yes,No,Yes,No,No,No,Yes,4,202
3363-DTIVD,Yes,Yes,Fiber optic,Yes,No,Yes,No,Yes,Yes,Yes,Yes,7,203
7018-WBJNK,Yes,No,Fiber optic,No,No,No,No,Yes,No,Yes,No,3,204
9142-KZXOP,Yes,No,Fiber optic,No,No,No,No,No,No,No,No,2,205
7674-YTAFD,Yes,No,Fiber optic,No,Yes,No,Yes,No,No,No,Yes,4,206
6348-SNFUS,No,No phone service,DSL,Yes,Yes,Yes,Yes,No,Yes,Yes,Yes,6,207
1285-OKIPP,Yes,No,Fiber optic,No,No,No,No,No,Yes,Yes,No,3,208
7825-ECJRF,Yes,No,Fiber optic,Yes,No,Yes,Yes,Yes,Yes,Yes,Yes,7,209
1347-KTTTA,Yes,No,Fiber optic,No,Yes,Yes,Yes,Yes,Yes,Yes,Yes,7,210
7841-TZDMQ,Yes,No,DSL,No,No,No,No,No,No,No,No,2,211
4195-NZGTA,No,No phone service,DSL,No,No,No,No,No,No,No,No,1,212
7157-SMCFK,Yes,No,No,No internet service,No internet service,No internet service,No internet service,No internet service,No internet service,No,No,1,213
4709-LKHYG,Yes,No,No,No internet service,No internet service,No internet service,No internet service,No internet service,No internet service,No,No,1,214
2504-DSHIH,Yes,Yes,Fiber optic,No,No,No,No,No,Yes,Yes,No,4,215
0699-NDKJM,No,No phone service,DSL,Yes,Yes,Yes,No,Yes,Yes,Yes,Yes,6,216
9286-BHDQG,No,No phone service,DSL,Yes,Yes,Yes,Yes,No,No,No,Yes,5,217
0230-WEQUW,No,No phone service,DSL,Yes,Yes,Yes,Yes,Yes,No,Yes,Yes,6,218
2040-LDIWQ,Yes,Yes,DSL,No,Yes,Yes,Yes,Yes,Yes,Yes,Yes,8,219
6496-JDSSB,Yes,No,Fiber optic,No,No,No,No,Yes,No,Yes,No,3,220
9408-SSNVZ,Yes,No,Fiber optic,No,No,No,No,No,No,No,No,2,221
4443-EMBNA,Yes,Yes,No,No internet service,No internet service,No internet service,No internet service,No internet service,No internet service,No,No,2,222
6469-MRVET,Yes,No,No,No internet service,No internet service,No internet service,No internet service,No internet service,No internet service,No,No,1,223
0742-MOABM,Yes,No,DSL,No,No,No,Yes,No,No,No,Yes,3,224
5961-VUSRV,Yes,No,No,No internet service,No internet service,No internet service,No internet service,No internet service,No internet service,No,No,1,225
6778-JFCMK,No,No phone service,DSL,Yes,No,No,No,Yes,Yes,Yes,Yes,4,226
6341-JVQGF,Yes,No,DSL,Yes,No,Yes,Yes,Yes,Yes,Yes,Yes,7,227
2232-DMLXU,Yes,No,DSL,No,No,No,No,Yes,No,Yes,No,3,228
4811-JBUVU,Yes,Yes,Fiber optic,No,No,No,Yes,No,Yes,Yes,Yes,5,229
0945-TSONX,Yes,Yes,DSL,Yes,Yes,No,Yes,Yes,Yes,Yes,Yes,8,230
2651-ZCBXV,Yes,Yes,Fiber optic,Yes,Yes,No,Yes,Yes,Yes,Yes,Yes,8,231
3316-UWXUY,Yes,No,Fiber optic,Yes,Yes,No,Yes,No,Yes,Yes,Yes,6,232
8937-RDTHP,Yes,No,Fiber optic,Yes,No,No,No,No,Yes,Yes,Yes,4,233
7083-MIOPC,Yes,No,No,No internet service,No internet service,No internet service,No internet service,No internet service,No internet service,No,No,1,234
1984-GPTEH,Yes,Yes,No,No internet service,No internet service,No internet service,No internet service,No internet service,No internet service,No,No,2,235
1251-KRREG,Yes,Yes,DSL,No,Yes,No,No,No,No,No,No,4,236
0621-JFHOL,No,No phone service,DSL,No,No,No,Yes,No,No,No,Yes,2,237
9903-LYSAB,Yes,Yes,Fiber optic,No,No,No,No,No,No,No,No,3,238
0094-OIFMO,Yes,No,Fiber optic,No,Yes,No,No,Yes,Yes,Yes,No,5,239
9227-UAQFT,Yes,No,No,No internet service,No internet service,No internet service,No internet service,No internet service,No internet service,No,No,1,240
7301-ABVAD,Yes,Yes,DSL,No,Yes,Yes,Yes,Yes,Yes,Yes,Yes,8,241
6614-FHDBO,Yes,Yes,Fiber optic,No,Yes,Yes,Yes,Yes,Yes,Yes,Yes,8,242
7576-ASEJU,Yes,No,DSL,Yes,No,No,Yes,Yes,Yes,Yes,Yes,6,243
9058-HRZSV,Yes,No,Fiber optic,Yes,Yes,Yes,No,No,Yes,Yes,Yes,6,244
4522-AKYLR,Yes,No,DSL,No,Yes,Yes,No,No,No,No,No,4,245
0221-WMXNQ,Yes,No,Fiber optic,Yes,No,No,No,No,No,No,Yes,3,246
0303-UNCIP,Yes,Yes,DSL,No,No,Yes,No,No,Yes,Yes,No,5,247
9947-OTFQU,Yes,No,Fiber optic,No,Yes,No,No,No,No,No,No,3,248
0322-YINQP,Yes,No,DSL,Yes,No,No,No,No,No,No,Yes,3,249
0959-WHOKV,Yes,Yes,Fiber optic,Yes,Yes,Yes,No,No,Yes,Yes,Yes,7,250
4075-JFPGR,Yes,No,Fiber optic,Yes,Yes,Yes,No,Yes,No,Yes,Yes,6,251
4629-NRXKX,Yes,No,Fiber optic,No,No,No,No,No,No,No,No,2,252
9514-JDSKI,No,No phone service,DSL,No,Yes,No,No,Yes,No,Yes,No,3,253
3282-ZISZV,Yes,Yes,DSL,No,Yes,Yes,Yes,Yes,Yes,Yes,Yes,8,254
3675-YDUPJ,Yes,No,No,No internet service,No internet service,No internet service,No internet service,No internet service,No internet service,No,No,1,255
4111-BNXIF,No,No phone service,DSL,No,Yes,Yes,Yes,Yes,Yes,Yes,Yes,6,256
7017-VFHAY,Yes,Yes,Fiber optic,Yes,Yes,Yes,Yes,Yes,Yes,Yes,Yes,9,257
6655-LHBYW,Yes,Yes,Fiber optic,Yes,Yes,Yes,Yes,Yes,Yes,Yes,Yes,9,258
4959-JOSRX,Yes,No,DSL,No,No,No,No,No,No,No,No,2,259
5046-NUHWD,No,No phone service,DSL,Yes,No,Yes,No,No,Yes,Yes,Yes,4,260
7273-TEFQD,No,No phone service,DSL,No,No,Yes,No,No,Yes,Yes,No,3,261
3606-TWKGI,Yes,Yes,Fiber optic,No,Yes,Yes,No,Yes,Yes,Yes,No,7,262
7529-ZDFXI,Yes,Yes,Fiber optic,No,Yes,No,No,No,Yes,Yes,No,5,263
7605-BDWDC,No,No phone service,DSL,Yes,Yes,No,Yes,No,Yes,Yes,Yes,5,264
1950-KSVVJ,Yes,Yes,Fiber optic,Yes,Yes,Yes,Yes,Yes,Yes,Yes,Yes,9,265
0123-CRBRT,Yes,Yes,DSL,Yes,Yes,Yes,Yes,Yes,Yes,Yes,Yes,9,266
6292-TOSSS,Yes,Yes,No,No internet service,No internet service,No internet service,No internet service,No internet service,No internet service,No,No,2,267
3197-ARFOY,Yes,No,Fiber optic,Yes,Yes,No,Yes,Yes,Yes,Yes,Yes,7,268
6323-AYBRX,Yes,No,No,No internet service,No internet service,No internet service,No internet service,No internet service,No internet service,No,No,1,269
7014-ZZXAW,Yes,Yes,No,No internet service,No internet service,No internet service,No internet service,No internet service,No internet service,No,No,2,270
4385-GZQXV,Yes,No,Fiber optic,No,No,No,Yes,Yes,Yes,Yes,Yes,5,271
7633-MVPUY,Yes,No,DSL,Yes,Yes,No,Yes,No,No,No,Yes,5,272
6366-ZGQGL,No,No phone service,DSL,No,No,No,No,No,No,No,No,1,273
4716-HHKQH,Yes,Yes,Fiber optic,No,Yes,No,Yes,Yes,Yes,Yes,Yes,7,274
5940-AHUHD,Yes,No,Fiber optic,No,No,No,No,No,No,No,No,2,275
6432-TWQLB,Yes,Yes,Fiber optic,No,Yes,No,Yes,No,No,No,Yes,5,276
4484-GLZOU,Yes,Yes,Fiber optic,No,Yes,Yes,No,Yes,Yes,Yes,No,7,277
3179-GBRWV,Yes,No,DSL,Yes,Yes,No,No,No,Yes,Yes,Yes,5,278
8645-KWHJO,No,No phone service,DSL,No,No,Yes,Yes,Yes,Yes,Yes,Yes,5,279
4130-MZLCC,Yes,No,DSL,No,Yes,No,No,No,No,No,No,3,280
0314-TKOSI,Yes,No,DSL,Yes,Yes,No,No,No,No,No,Yes,4,281
8229-MYEJZ,Yes,No,DSL,No,Yes,No,No,No,No,No,No,3,282
2080-SRCDE,Yes,Yes,No,No internet service,No internet service,No internet service,No internet service,No internet service,No internet service,No,No,2,283
9577-WJVCQ,Yes,Yes,DSL,Yes,No,No,No,No,No,No,Yes,4,284
9512-UIBFX,Yes,No,Fiber optic,No,No,Yes,No,Yes,Yes,Yes,No,5,285
6202-DYYFX,Yes,Yes,Fiber optic,No,No,No,No,No,No,No,No,3,286
3808-HFKDE,Yes,No,DSL,No,No,No,No,No,No,No,No,2,287
5583-SXDAG,Yes,No,Fiber optic,No,No,No,No,No,No,No,No,2,288
3488-PGMQJ,Yes,No,Fiber optic,No,Yes,No,No,No,No,No,No,3,289
3580-REOAC,Yes,No,DSL,No,No,No,No,No,No,No,No,2,290
7534-BFESC,Yes,Yes,Fiber optic,No,No,No,No,No,No,No,No,3,291
3727-OWVYD,Yes,No,DSL,Yes,Yes,Yes,No,No,No,No,Yes,5,292
2294-SALNE,Yes,No,Fiber optic,No,Yes,Yes,Yes,No,No,No,Yes,5,293
4847-TAJYI,Yes,No,Fiber optic,No,No,No,No,Yes,Yes,Yes,No,4,294
1563-IWQEX,Yes,No,No,No internet service,No internet service,No internet service,No internet service,No internet service,No internet service,No,No,1,295
8203-XJZRC,Yes,No,No,No internet service,No internet service,No internet service,No internet service,No internet service,No internet service,No,No,1,296
6556-DBKZF,Yes,No,Fiber optic,No,No,Yes,No,No,No,No,No,3,297
6851-WEFYX,Yes,Yes,Fiber optic,No,No,Yes,No,Yes,Yes,Yes,No,6,298
2985-JUUBZ,Yes,Yes,DSL,No,No,Yes,No,Yes,Yes,Yes,No,6,299
6390-DSAZX,Yes,No,Fiber optic,Yes,No,No,No,No,No,No,Yes,3,300
0895-LMRSF,Yes,No,DSL,No,No,No,No,Yes,Yes,Yes,No,4,301
8098-LLAZX,Yes,Yes,Fiber optic,No,No,No,No,Yes,Yes,Yes,No,5,302
8266-VBFQL,Yes,No,Fiber optic,No,No,Yes,Yes,No,Yes,Yes,Yes,5,303
8181-YHCMF,No,No phone service,DSL,No,Yes,Yes,Yes,Yes,Yes,Yes,Yes,6,304
2240-HSJQD,Yes,Yes,Fiber optic,No,Yes,No,No,No,No,No,No,4,305
1248-DYXUB,Yes,Yes,No,No internet service,No internet service,No internet service,No internet service,No internet service,No internet service,No,No,2,306
0265-EDXBD,Yes,Yes,Fiber optic,No,No,No,No,No,No,No,No,3,307
4115-BNPJY,Yes,No,DSL,No,No,Yes,Yes,Yes,Yes,Yes,Yes,6,308
3167-SNQPL,Yes,Yes,Fiber optic,No,Yes,No,No,Yes,Yes,Yes,No,6,309
4091-TVOCN,Yes,Yes,DSL,Yes,No,Yes,No,Yes,Yes,Yes,Yes,7,310
1098-TDVUQ,Yes,No,No,No internet service,No internet service,No internet service,No internet service,No internet service,No internet service,No,No,1,311
7277-OZCGZ,Yes,No,Fiber optic,Yes,No,No,Yes,No,Yes,Yes,Yes,5,312
1557-EMYVT,Yes,Yes,Fiber optic,Yes,Yes,Yes,Yes,Yes,Yes,Yes,Yes,9,313
2799-ARNLO,Yes,No,Fiber optic,No,No,No,No,No,No,No,No,2,314
7563-BIUPC,Yes,No,Fiber optic,No,No,No,No,Yes,No,Yes,No,3,315
5027-YOCXN,Yes,Yes,Fiber optic,Yes,Yes,No,Yes,Yes,Yes,Yes,Yes,8,316
3973-SKMLN,Yes,No,No,No internet service,No internet service,No internet service,No internet service,No internet service,No internet service,No,No,1,317
2321-OMBXY,Yes,No,DSL,Yes,Yes,No,Yes,Yes,Yes,Yes,Yes,7,318
2840-XANRC,Yes,No,Fiber optic,No,No,Yes,No,Yes,Yes,Yes,No,5,319
6745-JEFZB,Yes,Yes,Fiber optic,No,No,No,Yes,Yes,No,Yes,Yes,5,320
5020-ZSTTY,Yes,Yes,DSL,Yes,Yes,No,Yes,Yes,Yes,Yes,Yes,8,321
9880-TDQAC,No,No phone service,DSL,No,Yes,Yes,Yes,Yes,Yes,Yes,Yes,6,322
8705-WZCYL,Yes,No,DSL,No,No,No,No,No,No,No,No,2,323
7102-JJVTX,Yes,No,DSL,Yes,No,No,No,No,No,No,Yes,3,324
8626-PTQGE,No,No phone service,DSL,Yes,Yes,No,Yes,Yes,Yes,Yes,Yes,6,325
4983-CLMLV,Yes,Yes,Fiber optic,No,Yes,No,Yes,Yes,Yes,Yes,Yes,7,326
5701-YVSVF,Yes,No,Fiber optic,No,No,No,Yes,Yes,No,Yes,Yes,4,327
5804-LEPIM,Yes,No,Fiber optic,No,No,No,No,No,No,No,No,2,328
5697-GOMBF,No,No phone service,DSL,No,No,No,No,Yes,No,Yes,No,2,329
2739-CACDQ,Yes,Yes,Fiber optic,No,No,Yes,No,No,No,No,No,4,330
9385-EHGDO,Yes,No,No,No internet service,No internet service,No internet service,No internet service,No internet service,No internet service,No,No,1,331
9498-FIMXL,Yes,No,No,No internet service,No internet service,No internet service,No internet service,No internet service,No internet service,No,No,1,332
2379-GYFLQ,Yes,Yes,Fiber optic,No,Yes,Yes,No,Yes,No,Yes,No,6,333
0122-OAHPZ,Yes,Yes,Fiber optic,No,No,No,No,No,No,No,No,3,334
2868-SNELZ,Yes,Yes,Fiber optic,No,No,Yes,No,No,No,No,No,4,335
4322-RCYMT,Yes,Yes,DSL,No,Yes,Yes,Yes,No,Yes,Yes,Yes,7,336
6680-NENYN,Yes,Yes,Fiber optic,No,Yes,Yes,No,Yes,Yes,Yes,No,7,337
2088-IEBAU,Yes,Yes,DSL,Yes,Yes,Yes,Yes,Yes,Yes,Yes,Yes,9,338
7982-VCELR,Yes,No,Fiber optic,No,Yes,No,No,Yes,Yes,Yes,No,5,339
1343-EHPYB,Yes,Yes,Fiber optic,No,Yes,Yes,No,Yes,Yes,Yes,No,7,340
6035-BXTTY,Yes,No,DSL,No,Yes,No,Yes,No,No,No,Yes,4,341
6885-PKOAM,Yes,Yes,DSL,Yes,Yes,Yes,Yes,Yes,Yes,Yes,Yes,9,342
7520-HQWJU,Yes,Yes,DSL,Yes,Yes,Yes,No,No,No,No,Yes,6,343
9639-BUJXT,Yes,No,No,No internet service,No internet service,No internet service,No internet service,No internet service,No internet service,No,No,1,344
5924-SNGKP,Yes,No,No,No internet service,No internet service,No internet service,No internet service,No internet service,No internet service,No,No,1,345
0021-IKXGC,Yes,Yes,Fiber optic,No,No,No,No,No,No,No,No,3,346
2034-GDRCN,Yes,No,Fiber optic,No,No,No,No,Yes,Yes,Yes,No,4,347
8966-SNIZF,Yes,No,No,No internet service,No internet service,No internet service,No internet service,No internet service,No internet service,No,No,1,348
6243-OZGFH,No,No phone service,DSL,No,No,No,No,Yes,Yes,Yes,No,3,349
4654-DLAMQ,Yes,No,Fiber optic,Yes,Yes,Yes,No,No,Yes,Yes,Yes,6,350
0513-RBGPE,Yes,Yes,DSL,Yes,No,Yes,Yes,No,No,No,Yes,6,351
5160-UXJED,Yes,No,DSL,No,No,No,No,No,No,No,No,2,352
4115-NZRKS,Yes,No,Fiber optic,No,No,No,No,Yes,Yes,Yes,No,4,353
0219-YTZUE,Yes,Yes,Fiber optic,No,Yes,Yes,No,No,No,No,No,5,354
0623-IIHUG,No,No phone service,DSL,Yes,No,No,No,Yes,No,Yes,Yes,3,355
4572-DVCGN,Yes,No,Fiber optic,No,No,No,No,No,Yes,Yes,No,3,356
3351-NGXYI,Yes,Yes,DSL,Yes,No,No,No,No,No,No,Yes,4,357
8984-EYLLL,Yes,Yes,Fiber optic,No,Yes,No,Yes,Yes,Yes,Yes,Yes,7,358
9057-MSWCO,No,No phone service,DSL,Yes,No,No,No,No,No,No,Yes,2,359
9833-TGFHX,Yes,Yes,Fiber optic,Yes,No,No,No,Yes,Yes,Yes,Yes,6,360
9294-TDIPC,Yes,No,No,No internet service,No internet service,No internet service,No internet service,No internet service,No internet service,No,No,1,361
5229-DTFYB,Yes,No,Fiber optic,No,Yes,No,Yes,Yes,Yes,Yes,Yes,6,362
0104-PPXDV,Yes,No,DSL,No,No,Yes,No,No,No,No,No,3,363
5176-LMJXE,Yes,No,No,No internet service,No internet service,No internet service,No internet service,No internet service,No internet service,No,No,1,364
3583-KRKMD,Yes,No,Fiber optic,No,No,No,Yes,No,No,No,Yes,3,365
1010-DIAUQ,Yes,No,Fiber optic,No,No,Yes,No,Yes,Yes,Yes,No,5,366
9069-LGEUL,Yes,No,DSL,Yes,No,No,No,No,Yes,Yes,Yes,4,367
7302-ZHMHP,Yes,No,No,No internet service,No internet service,No internet service,No internet service,No internet service,No internet service,No,No,1,368
9571-EDEBV,Yes,Yes,Fiber optic,No,No,Yes,No,Yes,Yes,Yes,No,6,369
3520-FJGCV,Yes,Yes,Fiber optic,Yes,Yes,Yes,Yes,Yes,Yes,Yes,Yes,9,370
6563-VRERX,Yes,No,No,No internet service,No internet service,No internet service,No internet service,No internet service,No internet service,No,No,1,371
0259-GBZSH,Yes,Yes,Fiber optic,No,No,No,No,Yes,No,Yes,No,4,372
6122-EFVKN,No,No phone service,DSL,Yes,No,No,Yes,No,No,No,Yes,3,373
2805-EDJPQ,Yes,Yes,Fiber optic,No,Yes,Yes,Yes,No,Yes,Yes,Yes,7,374
6862-CQUMB,Yes,No,Fiber optic,No,Yes,No,No,Yes,Yes,Yes,No,5,375
7156-MXBJE,Yes,Yes,DSL,No,Yes,Yes,Yes,Yes,Yes,Yes,Yes,8,376
6158-HDPXZ,No,No phone service,DSL,No,No,No,No,No,No,No,No,1,377
9601-BRXPO,Yes,Yes,Fiber optic,No,No,Yes,Yes,Yes,Yes,Yes,Yes,7,378
2863-IMQDR,Yes,Yes,DSL,Yes,Yes,Yes,Yes,Yes,Yes,Yes,Yes,9,379
5686-CMAWK,Yes,Yes,Fiber optic,No,No,Yes,Yes,No,No,No,Yes,5,380
5651-CRHKQ,Yes,No,Fiber optic,No,Yes,Yes,Yes,No,No,No,Yes,5,381
6905-NIQIN,Yes,No,DSL,No,Yes,No,No,No,No,No,No,3,382
8204-YJCLA,No,No phone service,DSL,Yes,Yes,Yes,Yes,Yes,Yes,Yes,Yes,7,383
5167-ZFFMM,Yes,Yes,Fiber optic,No,Yes,No,No,No,Yes,Yes,No,5,384
6583-SZVGP,Yes,Yes,Fiber optic,No,Yes,Yes,No,Yes,Yes,Yes,No,7,385
4895-TMWIR,Yes,No,No,No internet service,No internet service,No internet service,No internet service,No internet service,No internet service,No,No,1,386
0533-BNWKF,Yes,Yes,Fiber optic,No,Yes,Yes,No,No,No,No,No,5,387
1708-PBBOA,No,No phone service,DSL,Yes,Yes,Yes,Yes,No,Yes,Yes,Yes,6,388
8782-LKFPK,Yes,Yes,Fiber optic,No,No,Yes,No,No,Yes,Yes,No,5,389
5522-JBWMO,Yes,No,DSL,No,No,No,No,No,No,No,No,2,390
3597-MVHJT,Yes,Yes,Fiber optic,No,No,No,No,Yes,Yes,Yes,No,5,391
9774-NRNAU,Yes,Yes,DSL,No,Yes,Yes,Yes,Yes,Yes,Yes,Yes,8,392
0224-RLWWD,Yes,No,DSL,No,No,No,No,No,No,No,No,2,393
9967-ATRFS,Yes,No,No,No internet service,No internet service,No internet service,No internet service,No internet service,No internet service,No,No,1,394
3951-NJCVI,Yes,Yes,Fiber optic,No,No,No,No,Yes,Yes,Yes,No,5,395
2977-CEBSX,Yes,Yes,DSL,Yes,Yes,Yes,Yes,Yes,Yes,Yes,Yes,9,396
0177-PXBAT,Yes,Yes,Fiber optic,Yes,No,Yes,Yes,Yes,Yes,Yes,Yes,8,397
6599-CEBNN,Yes,No,Fiber optic,No,Yes,No,No,No,No,No,No,3,398
2519-ERQOJ,No,No phone service,DSL,No,No,Yes,Yes,Yes,Yes,Yes,Yes,5,399
5876-QMYLD,Yes,No,No,No internet service,No internet service,No internet service,No internet service,No internet service,No internet service,No,No,1,400
2277-AXSDC,Yes,No,No,No internet service,No internet service,No internet service,No internet service,No internet service,No internet service,No,No,1,401
9442-JTWDL,Yes,No,No,No internet service,No internet service,No internet service,No internet service,No internet service,No internet service,No,No,1,402
0979-PHULV,Yes,Yes,Fiber optic,No,No,Yes,No,Yes,Yes,Yes,No,6,403
3067-SVMTC,Yes,No,DSL,Yes,No,No,Yes,No,No,No,Yes,4,404
5495-GPSRW,Yes,No,No,No internet service,No internet service,No internet service,No internet service,No internet service,No internet service,No,No,1,405
7606-BPHHN,Yes,No,No,No internet service,No internet service,No internet service,No internet service,No internet service,No internet service,No,No,1,406
4742-DRORA,Yes,Yes,Fiber optic,Yes,No,Yes,No,Yes,No,Yes,Yes,6,407
0111-KLBQG,Yes,No,Fiber optic,No,Yes,No,No,Yes,Yes,Yes,No,5,408
4800-VHZKI,Yes,No,No,No internet service,No internet service,No internet service,No internet service,No internet service,No internet service,No,No,1,409
7989-CHGTL,Yes,No,No,No internet service,No internet service,No internet service,No internet service,No internet service,No internet service,No,No,1,410
0334-GDDSO,Yes,Yes,Fiber optic,No,Yes,No,No,No,No,No,No,4,411
4163-NCJAK,Yes,Yes,No,No internet service,No internet service,No internet service,No internet service,No internet service,No internet service,No,No,2,412
5233-AOZUF,Yes,Yes,Fiber optic,No,No,No,No,No,No,No,No,3,413
5973-EJGDP,Yes,Yes,Fiber optic,No,Yes,Yes,Yes,No,No,No,Yes,6,414
1996-DBMUS,Yes,No,Fiber optic,No,No,No,No,No,No,No,No,2,415
7916-VCCPB,Yes,No,Fiber optic,No,Yes,No,No,No,No,No,No,3,416
4686-GEFRM,Yes,Yes,Fiber optic,No,Yes,Yes,Yes,No,Yes,Yes,Yes,7,417
5249-QYHEX,Yes,Yes,No,No internet service,No internet service,No internet service,No internet service,No internet service,No internet service,No,No,2,418
0578-SKVMF,Yes,No,Fiber optic,No,Yes,No,No,No,Yes,Yes,No,4,419
5564-NEMQO,Yes,No,Fiber optic,No,No,Yes,No,No,No,No,No,3,420
2233-FAGXV,Yes,Yes,No,No internet service,No internet service,No internet service,No internet service,No internet service,No internet service,No,No,2,421
5605-IYGFG,Yes,No,Fiber optic,No,No,No,No,No,No,No,No,2,422
7663-ZTEGJ,Yes,Yes,Fiber optic,No,Yes,Yes,Yes,No,Yes,Yes,Yes,7,423
3935-TBRZZ,Yes,Yes,No,No internet service,No internet service,No internet service,No internet service,No internet service,No internet service,No,No,2,424
8111-BKVDS,No,No phone service,DSL,Yes,Yes,Yes,No,No,No,No,Yes,4,425
2055-SIFSS,Yes,Yes,DSL,No,No,No,No,No,No,No,No,3,426
2806-MLNTI,Yes,Yes,Fiber optic,No,Yes,Yes,No,Yes,Yes,Yes,No,7,427
8734-DKSTZ,Yes,Yes,Fiber optic,No,No,No,No,No,Yes,Yes,No,4,428
4360-PNRQB,Yes,Yes,Fiber optic,No,No,No,No,No,No,No,No,3,429
6152-ONASV,Yes,Yes,DSL,Yes,No,No,Yes,No,No,No,Yes,5,430
9063-ZGTUY,Yes,No,No,No internet service,No internet service,No internet service,No internet service,No internet service,No internet service,No,No,1,431
7781-HVGMK,No,No phone service,DSL,Yes,Yes,Yes,Yes,Yes,Yes,Yes,Yes,7,432
2181-UAESM,Yes,No,DSL,Yes,No,Yes,No,No,No,No,Yes,4,433
2957-LOLHO,Yes,No,DSL,No,No,No,No,No,No,No,No,2,434
6048-NJXHX,Yes,No,No,No internet service,No internet service,No internet service,No internet service,No internet service,No internet service,No,No,1,435
2320-SLKMB,No,No phone service,DSL,No,No,Yes,Yes,Yes,No,Yes,Yes,4,436
4980-URKXC,Yes,No,No,No internet service,No internet service,No internet service,No internet service,No internet service,No internet service,No,No,1,437
4376-KFVRS,Yes,Yes,Fiber optic,Yes,Yes,Yes,Yes,Yes,Yes,Yes,Yes,9,438
5886-VLQVU,Yes,Yes,Fiber optic,No,No,No,Yes,No,Yes,Yes,Yes,5,439
3577-AMVUX,Yes,No,DSL,No,No,Yes,Yes,No,No,No,Yes,4,440
0771-WLCLA,Yes,Yes,Fiber optic,Yes,No,Yes,Yes,Yes,Yes,Yes,Yes,8,441
5628-RKIFK,Yes,Yes,Fiber optic,Yes,No,No,No,Yes,Yes,Yes,Yes,6,442
0206-TBWLC,Yes,Yes,Fiber optic,Yes,Yes,Yes,Yes,Yes,Yes,Yes,Yes,9,443
2937-FTHUR,Yes,Yes,DSL,Yes,No,No,No,No,Yes,Yes,Yes,5,444
1910-FMXJM,Yes,No,Fiber optic,No,No,No,No,No,Yes,Yes,No,3,445
7752-XUSCI,Yes,Yes,Fiber optic,No,Yes,Yes,No,Yes,Yes,Yes,No,7,446
4110-PFEUZ,Yes,No,Fiber optic,No,No,No,No,No,No,No,No,2,447
0732-OCQOC,Yes,Yes,No,No internet service,No internet service,No internet service,No internet service,No internet service,No internet service,No,No,2,448
5168-MSWXT,Yes,No,Fiber optic,No,No,Yes,No,Yes,Yes,Yes,No,5,449
1090-ESELR,Yes,No,Fiber optic,Yes,Yes,No,Yes,Yes,Yes,Yes,Yes,7,450
8592-PLTMQ,Yes,Yes,No,No internet service,No internet service,No internet service,No internet service,No internet service,No internet service,No,No,2,451
5760-WRAHC,Yes,No,DSL,Yes,No,Yes,Yes,No,Yes,Yes,Yes,6,452
8847-GEOOQ,No,No phone service,DSL,No,Yes,Yes,Yes,Yes,Yes,Yes,Yes,6,453
0256-LTHVJ,Yes,No,Fiber optic,No,No,No,No,No,Yes,Yes,No,3,454
4785-FCIFB,Yes,Yes,No,No internet service,No internet service,No internet service,No internet service,No internet service,No internet service,No,No,2,455
8313-NDOIA,Yes,Yes,Fiber optic,No,Yes,Yes,No,Yes,Yes,Yes,No,7,456
5149-CUZUJ,Yes,No,Fiber optic,No,Yes,Yes,Yes,Yes,No,Yes,Yes,6,457
0942-KOWSM,Yes,No,DSL,No,Yes,Yes,Yes,Yes,Yes,Yes,Yes,7,458
4237-CLSMM,Yes,No,No,No internet service,No internet service,No internet service,No internet service,No internet service,No internet service,No,No,1,459
1452-VOQCH,Yes,Yes,Fiber optic,No,No,No,No,No,No,No,No,3,460
4719-UMSIY,Yes,No,No,No internet service,No internet service,No internet service,No internet service,No internet service,No internet service,No,No,1,461
6614-VBEGU,Yes,No,DSL,No,Yes,No,No,Yes,Yes,Yes,No,5,462
0880-TKATG,Yes,Yes,Fiber optic,No,No,Yes,No,Yes,Yes,Yes,No,6,463
3811-VBYBZ,Yes,Yes,Fiber optic,No,Yes,No,No,Yes,Yes,Yes,No,6,464
1480-BKXGA,Yes,Yes,Fiber optic,Yes,Yes,Yes,Yes,Yes,Yes,Yes,Yes,9,465
2996-XAUVF,No,No phone service,DSL,No,No,No,Yes,No,Yes,Yes,Yes,3,466
9076-AXYIK,Yes,Yes,Fiber optic,No,No,Yes,Yes,Yes,Yes,Yes,Yes,7,467
5968-XQIVE,Yes,Yes,Fiber optic,No,Yes,No,No,Yes,No,Yes,No,5,468
8896-RAZCR,Yes,No,No,No internet service,No internet service,No internet service,No internet service,No internet service,No internet service,No,No,1,469
4640-UHDOS,Yes,No,DSL,No,No,No,No,No,Yes,Yes,No,3,470
4933-IKULF,Yes,No,No,No internet service,No internet service,No internet service,No internet service,No internet service,No internet service,No,No,1,471
3583-EKAPL,Yes,No,DSL,No,No,No,No,No,Yes,Yes,No,3,472
1304-BCCFO,Yes,No,DSL,No,No,Yes,No,Yes,Yes,Yes,No,5,473
4104-PVRPS,Yes,No,DSL,Yes,No,No,Yes,No,No,No,Yes,4,474
9399-APLBT,Yes,No,Fiber optic,No,Yes,No,No,No,No,No,No,3,475
2359-KMGLI,Yes,Yes,Fiber optic,No,Yes,No,No,No,No,No,No,4,476
3780-DDGSE,Yes,No,DSL,No,Yes,No,Yes,Yes,Yes,Yes,Yes,6,477
4431-EDMIQ,Yes,No,DSL,Yes,Yes,Yes,Yes,Yes,No,Yes,Yes,7,478
0306-JAELE,Yes,No,Fiber optic,No,No,No,Yes,Yes,Yes,Yes,Yes,5,479
6227-HWPWX,Yes,No,Fiber optic,No,No,No,No,No,No,No,No,2,480
0486-LGCCH,Yes,No,No,No internet service,No internet service,No internet service,No internet service,No internet service,No internet service,No,No,1,481
0447-BEMNG,No,No phone service,DSL,Yes,No,Yes,No,No,Yes,Yes,Yes,4,482
4612-SSVHJ,Yes,No,Fiber optic,No,No,No,No,No,Yes,Yes,No,3,483
5168-MQQCA,Yes,Yes,Fiber optic,No,Yes,Yes,Yes,Yes,Yes,Yes,Yes,8,484
5949-XIKAE,Yes,No,Fiber optic,No,Yes,No,No,Yes,No,Yes,No,4,485
7971-HLVXI,Yes,Yes,Fiber optic,No,No,No,No,No,Yes,Yes,No,4,486
9094-AZPHK,Yes,Yes,Fiber optic,No,Yes,No,No,Yes,Yes,Yes,No,6,487
3649-JPUGY,Yes,Yes,DSL,No,Yes,Yes,Yes,Yes,Yes,Yes,Yes,8,488
4472-LVYGI,No,No phone service,DSL,Yes,No,Yes,Yes,Yes,No,Yes,Yes,5,489
8372-JUXUI,Yes,Yes,Fiber optic,No,No,No,No,No,No,No,No,3,490
3552-CTCYF,Yes,Yes,Fiber optic,No,Yes,Yes,No,Yes,Yes,Yes,No,7,491
6778-YSNIH,Yes,No,DSL,No,Yes,No,No,Yes,No,Yes,No,4,492
0388-EOPEX,Yes,No,Fiber optic,Yes,No,No,No,No,No,No,Yes,3,493
5756-OZRIO,Yes,Yes,DSL,No,Yes,No,No,No,Yes,Yes,No,5,494
6579-JPICP,Yes,No,No,No internet service,No internet service,No internet service,No internet service,No internet service,No internet service,No,No,1,495
8205-OTCHB,No,No phone service,DSL,No,Yes,Yes,No,No,Yes,Yes,No,4,496
4134-BSXLX,Yes,No,DSL,Yes,Yes,No,Yes,No,No,No,Yes,5,497
0505-SPOOW,Yes,No,No,No internet service,No internet service,No internet service,No internet service,No internet service,No internet service,No,No,1,498
6235-VDHOM,No,No phone service,DSL,No,Yes,No,No,No,No,No,No,2,499
7783-YKGDV,Yes,Yes,Fiber optic,Yes,Yes,Yes,No,No,Yes,Yes,Yes,7,500
4374-YMUSQ,Yes,Yes,Fiber optic,Yes,Yes,Yes,Yes,Yes,Yes,Yes,Yes,9,501
4513-CXYIX,Yes,Yes,Fiber optic,Yes,No,No,No,No,No,No,Yes,4,502
3957-HHLMR,Yes,Yes,DSL,Yes,No,No,No,No,Yes,Yes,Yes,5,503
7803-XOCCZ,Yes,No,Fiber optic,Yes,No,Yes,Yes,No,No,No,Yes,5,504
5736-YEJAX,Yes,Yes,DSL,Yes,Yes,Yes,Yes,Yes,No,Yes,Yes,8,505
5609-CEBID,Yes,Yes,Fiber optic,No,Yes,Yes,No,No,Yes,Yes,No,6,506
8981-FJGLA,Yes,Yes,Fiber optic,No,No,Yes,No,No,No,No,No,4,507
7218-HKQFK,Yes,No,Fiber optic,No,No,No,Yes,Yes,Yes,Yes,Yes,5,508
4636-QRJKY,Yes,Yes,Fiber optic,No,No,No,Yes,No,No,No,Yes,4,509
1135-LMECX,Yes,No,No,No internet service,No internet service,No internet service,No internet service,No internet service,No internet service,No,No,1,510
4332-MUOEZ,Yes,No,Fiber optic,Yes,No,Yes,Yes,No,Yes,Yes,Yes,6,511
8535-SFUTN,Yes,Yes,Fiber optic,Yes,No,Yes,No,Yes,Yes,Yes,Yes,7,512
5956-VKDTT,Yes,Yes,Fiber optic,No,No,No,No,No,No,No,No,3,513
8677-HDZEE,Yes,Yes,Fiber optic,No,Yes,No,Yes,Yes,Yes,Yes,Yes,7,514
2475-MROZF,Yes,Yes,Fiber optic,Yes,Yes,Yes,Yes,No,No,No,Yes,7,515
9412-GHEEC,Yes,Yes,Fiber optic,No,No,Yes,Yes,Yes,Yes,Yes,Yes,7,516
3482-ABPKK,Yes,No,DSL,Yes,No,No,Yes,No,No,No,Yes,4,517
6705-LXORM,Yes,No,Fiber optic,No,No,No,No,No,No,No,No,2,518
0257-ZESQC,Yes,No,Fiber optic,Yes,No,No,No,No,No,No,Yes,3,519
7531-GQHME,Yes,No,No,No internet service,No internet service,No internet service,No internet service,No internet service,No internet service,No,No,1,520
5174-ITUMV,Yes,Yes,Fiber optic,No,Yes,Yes,No,Yes,Yes,Yes,No,7,521
4109-CYRBD,Yes,Yes,DSL,No,No,No,No,No,No,No,No,3,522
0913-XWSCN,Yes,Yes,Fiber optic,No,No,No,No,No,Yes,Yes,No,4,523
6825-UYPFK,Yes,Yes,Fiber optic,No,No,No,No,No,No,No,No,3,524
8397-MVTAZ,Yes,Yes,Fiber optic,No,No,Yes,No,Yes,Yes,Yes,No,6,525
0750-EBAIU,Yes,No,Fiber optic,Yes,No,Yes,No,Yes,No,Yes,Yes,5,526
8606-CIQUL,Yes,Yes,Fiber optic,Yes,Yes,Yes,Yes,Yes,Yes,Yes,Yes,9,527
3571-DPYUH,Yes,Yes,Fiber optic,No,Yes,No,Yes,Yes,No,Yes,Yes,6,528
7601-GNDYK,Yes,No,No,No internet service,No internet service,No internet service,No internet service,No internet service,No internet service,No,No,1,529
0356-OBMAC,Yes,Yes,Fiber optic,No,Yes,Yes,Yes,Yes,No,Yes,Yes,7,530
8067-NIOYM,Yes,No,No,No internet service,No internet service,No internet service,No internet service,No internet service,No internet service,No,No,1,531
1403-GYAFU,Yes,No,No,No internet service,No internet service,No internet service,No internet service,No internet service,No internet service,No,No,1,532
4234-XTNEA,Yes,No,Fiber optic,No,No,No,No,Yes,No,Yes,No,3,533
1297-VQDRP,Yes,Yes,Fiber optic,No,No,Yes,Yes,Yes,Yes,Yes,Yes,7,534
9282-IZGQK,Yes,Yes,Fiber optic,No,No,No,No,No,Yes,Yes,No,4,535
5348-CAGXB,Yes,Yes,Fiber optic,No,No,Yes,No,Yes,No,Yes,No,5,536
0621-HJWXJ,Yes,Yes,Fiber optic,No,Yes,No,No,No,No,No,No,4,537
5844-QVTAT,Yes,No,DSL,Yes,Yes,Yes,No,No,No,No,Yes,5,538
8905-IAZPF,Yes,No,Fiber optic,No,Yes,No,No,Yes,Yes,Yes,No,5,539
5394-MEITZ,Yes,No,DSL,No,Yes,Yes,Yes,Yes,Yes,Yes,Yes,7,540
6859-QNXIQ,Yes,Yes,Fiber optic,Yes,Yes,Yes,Yes,Yes,Yes,Yes,Yes,9,541
2782-LFZVW,Yes,Yes,DSL,No,No,No,No,No,Yes,Yes,No,4,542
2866-IKBTM,Yes,No,No,No internet service,No internet service,No internet service,No internet service,No internet service,No internet service,No,No,1,543
1342-JPNKI,Yes,Yes,Fiber optic,No,No,No,No,Yes,No,Yes,No,4,544
2817-NTQDO,No,No phone service,DSL,Yes,No,No,Yes,Yes,No,Yes,Yes,4,545
7129-AZJDE,Yes,No,Fiber optic,No,No,No,No,No,Yes,Yes,No,3,546
6986-IJDHX,Yes,No,Fiber optic,No,Yes,No,No,Yes,No,Yes,No,4,547
2560-PPCHE,Yes,Yes,Fiber optic,No,Yes,No,Yes,Yes,Yes,Yes,Yes,7,548
4676-MQUEA,Yes,Yes,Fiber optic,Yes,Yes,Yes,No,Yes,No,Yes,Yes,7,549
8138-EALND,Yes,No,No,No internet service,No internet service,No internet service,No internet service,No internet service,No internet service,No,No,1,550
3580-HYCSP,Yes,Yes,Fiber optic,Yes,Yes,Yes,No,Yes,Yes,Yes,Yes,8,551
1352-HNSAW,Yes,Yes,Fiber optic,Yes,Yes,Yes,Yes,Yes,Yes,Yes,Yes,9,552
2075-PUEPR,Yes,No,No,No internet service,No internet service,No internet service,No internet service,No internet service,No internet service,No,No,1,553
1982-FEBTD,Yes,Yes,No,No internet service,No internet service,No internet service,No internet service,No internet service,No internet service,No,No,2,554
5301-GAUUY,Yes,Yes,Fiber optic,No,Yes,No,No,No,No,No,No,4,555
5791-KAJFD,Yes,Yes,DSL,Yes,No,Yes,No,No,Yes,Yes,Yes,6,556
2654-VBVPB,Yes,No,No,No internet service,No internet service,No internet service,No internet service,No internet service,No internet service,No,No,1,557
1154-HYWWO,Yes,No,DSL,Yes,Yes,No,Yes,Yes,No,Yes,Yes,6,558
2501-XWWTZ,Yes,No,Fiber optic,No,No,No,No,No,No,No,No,2,559
3716-UVSPD,Yes,No,DSL,No,No,No,Yes,No,No,No,Yes,3,560
6815-ABQFQ,Yes,Yes,Fiber optic,No,Yes,No,Yes,Yes,Yes,Yes,Yes,7,561
7343-EOBEU,Yes,Yes,No,No internet service,No internet service,No internet service,No internet service,No internet service,No internet service,No,No,2,562
3701-SFMUH,Yes,No,DSL,Yes,No,No,No,Yes,Yes,Yes,Yes,5,563
6103-LIANB,Yes,Yes,Fiber optic,No,No,Yes,No,Yes,Yes,Yes,No,6,564
7319-VENRZ,Yes,No,DSL,No,No,Yes,Yes,Yes,No,Yes,Yes,5,565
5846-NEQVZ,Yes,No,DSL,Yes,No,Yes,Yes,No,Yes,Yes,Yes,6,566
6967-QIQRV,Yes,No,Fiber optic,Yes,No,No,Yes,Yes,Yes,Yes,Yes,6,567
5781-RFZRP,Yes,Yes,DSL,Yes,Yes,No,Yes,Yes,No,Yes,Yes,7,568
0939-YAPAF,Yes,Yes,Fiber optic,No,No,Yes,No,Yes,Yes,Yes,No,6,569
0308-IVGOK,No,No phone service,DSL,No,Yes,Yes,Yes,No,No,No,Yes,4,570
7293-LSCDV,Yes,No,No,No internet service,No internet service,No internet service,No internet service,No internet service,No internet service,No,No,1,571
7025-WCBNE,Yes,Yes,DSL,No,Yes,No,Yes,No,No,No,Yes,5,572
5756-JYOJT,Yes,No,DSL,No,No,Yes,Yes,No,Yes,Yes,Yes,5,573
4710-FDUIZ,Yes,Yes,Fiber optic,No,Yes,No,No,Yes,Yes,Yes,No,6,574
6030-REHUX,Yes,Yes,Fiber optic,No,Yes,Yes,Yes,Yes,Yes,Yes,Yes,8,575
9548-LIGTA,Yes,No,DSL,Yes,Yes,No,Yes,Yes,Yes,Yes,Yes,7,576
5150-LJNSR,Yes,Yes,Fiber optic,Yes,No,Yes,No,Yes,No,Yes,Yes,6,577
8270-RKSAP,Yes,No,Fiber optic,No,No,No,No,No,No,No,No,2,578
6522-YRBXD,Yes,Yes,Fiber optic,Yes,Yes,No,No,No,Yes,Yes,Yes,6,579
2640-LYMOV,Yes,No,No,No internet service,No internet service,No internet service,No internet service,No internet service,No internet service,No,No,1,580
1218-VKFPE,Yes,No,No,No internet service,No internet service,No internet service,No internet service,No internet service,No internet service,No,No,1,581
3627-FHKBK,Yes,No,Fiber optic,Yes,No,No,No,No,No,No,Yes,3,582
2865-TCHJW,Yes,Yes,Fiber optic,No,No,Yes,No,Yes,No,Yes,No,5,583
1423-BMPBQ,Yes,No,No,No internet service,No internet service,No internet service,No internet service,No internet service,No internet service,No,No,1,584
2393-DIVAI,Yes,No,No,No internet service,No internet service,No internet service,No internet service,No internet service,No internet service,No,No,1,585
5192-EBGOV,Yes,Yes,Fiber optic,No,No,No,No,Yes,No,Yes,No,4,586
4568-KNYWR,Yes,No,DSL,Yes,Yes,No,No,Yes,No,Yes,Yes,5,587
8752-IMQOS,Yes,No,No,No internet service,No internet service,No internet service,No internet service,No internet service,No internet service,No,No,1,588
0742-LAFQK,Yes,Yes,Fiber optic,Yes,Yes,Yes,No,No,Yes,Yes,Yes,7,589
0795-LAFGP,Yes,Yes,DSL,Yes,Yes,Yes,Yes,Yes,Yes,Yes,Yes,9,590
0619-OLYUR,Yes,Yes,Fiber optic,Yes,No,Yes,Yes,Yes,Yes,Yes,Yes,8,591
5512-IDZEI,Yes,Yes,No,No internet service,No internet service,No internet service,No internet service,No internet service,No internet service,No,No,2,592
0459-SPZHJ,Yes,Yes,DSL,Yes,Yes,Yes,No,Yes,Yes,Yes,Yes,8,593
0215-BQKGS,Yes,No,Fiber optic,Yes,Yes,Yes,No,No,No,No,Yes,5,594
9244-ZVAPM,Yes,No,DSL,No,No,No,No,No,No,No,No,2,595
0719-SYFRB,Yes,Yes,DSL,Yes,No,Yes,Yes,No,No,No,Yes,6,596
8208-EUMTE,No,No phone service,DSL,Yes,Yes,Yes,Yes,Yes,No,Yes,Yes,6,597
5172-MIGPM,Yes,Yes,DSL,No,No,No,Yes,No,Yes,Yes,Yes,5,598
1710-RCXUS,Yes,Yes,Fiber optic,No,Yes,No,No,No,Yes,Yes,No,5,599
0374-FIUCA,Yes,No,No,No internet service,No internet service,No internet service,No internet service,No internet service,No internet service,No,No,1,600
5839-SUYVZ,Yes,No,Fiber optic,No,No,No,Yes,No,No,No,Yes,3,601
5173-ZXXXL,Yes,No,No,No internet service,No internet service,No internet service,No internet service,No internet service,No internet service,No,No,1,602
1096-ADRUX,Yes,Yes,Fiber optic,No,No,No,No,No,No,No,No,3,603
2001-MCUUW,Yes,Yes,Fiber optic,No,Yes,Yes,Yes,Yes,Yes,Yes,Yes,8,604
2731-GJRDG,Yes,Yes,Fiber optic,Yes,No,Yes,Yes,Yes,Yes,Yes,Yes,8,605
4723-BEGSG,Yes,Yes,DSL,Yes,No,Yes,Yes,Yes,Yes,Yes,Yes,8,606
6516-NKQBO,Yes,No,DSL,Yes,No,Yes,Yes,Yes,Yes,Yes,Yes,7,607
8672-OAUPW,Yes,No,DSL,No,No,No,Yes,No,No,No,Yes,3,608
8207-DMRVL,Yes,Yes,Fiber optic,Yes,Yes,Yes,Yes,Yes,Yes,Yes,Yes,9,609
3419-SNJJD,Yes,Yes,Fiber optic,Yes,No,Yes,No,Yes,Yes,Yes,Yes,7,610
6543-CPZMK,No,No phone service,DSL,No,Yes,No,No,No,No,No,No,2,611
4765-OXPPD,Yes,No,DSL,Yes,Yes,Yes,Yes,No,No,No,Yes,6,612
2804-ETQDK,Yes,No,No,No internet service,No internet service,No internet service,No internet service,No internet service,No internet service,No,No,1,613
6689-VRRTK,Yes,Yes,Fiber optic,Yes,Yes,Yes,No,Yes,Yes,Yes,Yes,8,614
7138-GIRSH,Yes,Yes,DSL,No,No,Yes,Yes,No,Yes,Yes,Yes,6,615
9396-ZSFLL,Yes,Yes,DSL,No,No,No,No,No,No,No,No,3,616
6464-KEXXH,No,No phone service,DSL,No,No,No,No,No,No,No,No,1,617
7134-MJPDY,Yes,Yes,Fiber optic,No,No,Yes,Yes,Yes,Yes,Yes,Yes,7,618
5240-CAOYT,Yes,Yes,Fiber optic,Yes,Yes,No,Yes,No,No,No,Yes,6,619
4059-IIEBK,Yes,Yes,Fiber optic,No,Yes,No,No,No,No,No,No,4,620
4881-JVQOD,No,No phone service,DSL,No,No,No,No,No,Yes,Yes,No,2,621
0516-UXRMT,Yes,Yes,Fiber optic,Yes,Yes,Yes,No,No,No,No,Yes,6,622
4851-BQDNX,Yes,No,Fiber optic,No,No,Yes,No,Yes,No,Yes,No,4,623
5148-HKFIR,Yes,No,No,No internet service,No internet service,No internet service,No internet service,No internet service,No internet service,No,No,1,624
1009-IRMNA,Yes,No,No,No internet service,No internet service,No internet service,No internet service,No internet service,No internet service,No,No,1,625
3003-CMDUU,Yes,No,Fiber optic,No,No,No,Yes,Yes,Yes,Yes,Yes,5,626
5016-IBERQ,Yes,Yes,Fiber optic,No,Yes,Yes,No,No,No,No,No,5,627
6797-UCJHZ,Yes,Yes,Fiber optic,No,Yes,Yes,No,Yes,Yes,Yes,No,7,628
2469-DTSGX,Yes,Yes,Fiber optic,No,Yes,Yes,Yes,Yes,Yes,Yes,Yes,8,629
4554-YGZIH,Yes,Yes,Fiber optic,No,Yes,No,No,No,Yes,Yes,No,5,630
5099-BAILX,Yes,Yes,Fiber optic,No,Yes,Yes,Yes,Yes,Yes,Yes,Yes,8,631
9931-KGHOA,Yes,Yes,DSL,Yes,No,No,No,No,No,No,Yes,4,632
1775-KWJKQ,Yes,Yes,DSL,Yes,Yes,Yes,Yes,Yes,Yes,Yes,Yes,9,633
7665-VIGUD,Yes,No,No,No internet service,No internet service,No internet service,No internet service,No internet service,No internet service,No,No,1,634
9411-TPQQV,No,No phone service,DSL,Yes,No,No,Yes,Yes,Yes,Yes,Yes,5,635
7207-RMRDB,Yes,Yes,Fiber optic,No,Yes,Yes,No,Yes,Yes,Yes,No,7,636
7954-MLBUN,Yes,No,Fiber optic,No,No,Yes,Yes,Yes,Yes,Yes,Yes,6,637
2077-DDHJK,Yes,Yes,DSL,Yes,Yes,Yes,Yes,No,No,No,Yes,7,638
4913-EHYUI,Yes,Yes,Fiber optic,Yes,No,Yes,No,Yes,Yes,Yes,Yes,7,639
0195-IESCP,Yes,Yes,Fiber optic,No,No,No,No,No,Yes,Yes,No,4,640
9574-BOSMD,Yes,Yes,No,No internet service,No internet service,No internet service,No internet service,No internet service,No internet service,No,No,2,641
4580-TMHJU,Yes,No,DSL,No,No,No,No,Yes,No,Yes,No,3,642
0970-ETWGE,Yes,No,Fiber optic,No,No,No,No,Yes,Yes,Yes,No,4,643
4908-XAXAY,Yes,No,Fiber optic,No,Yes,Yes,No,No,Yes,Yes,No,5,644
8404-VLQFB,Yes,Yes,No,No internet service,No internet service,No internet service,No internet service,No internet service,No internet service,No,No,2,645
1626-ERCMM,Yes,Yes,Fiber optic,No,No,No,No,Yes,Yes,Yes,No,5,646
0887-HJGAR,Yes,No,DSL,No,No,No,No,No,No,No,No,2,647
2391-IPLOP,Yes,Yes,DSL,No,No,Yes,Yes,Yes,No,Yes,Yes,6,648
5644-PDMZC,Yes,Yes,Fiber optic,No,Yes,No,No,No,Yes,Yes,No,5,649
3509-GWQGF,Yes,No,Fiber optic,No,No,No,No,No,No,No,No,2,650
9576-ANLXO,Yes,No,Fiber optic,No,No,No,No,No,No,No,No,2,651
2024-BASKD,Yes,No,Fiber optic,No,No,Yes,No,No,No,No,No,3,652
5845-BZZIB,Yes,No,No,No internet service,No internet service,No internet service,No internet service,No internet service,No internet service,No,No,1,653
1140-UKVZG,Yes,Yes,No,No internet service,No internet service,No internet service,No internet service,No internet service,No internet service,No,No,2,654
4160-AMJTL,Yes,No,No,No internet service,No internet service,No internet service,No internet service,No internet service,No internet service,No,No,1,655
5183-SNMJQ,Yes,No,Fiber optic,No,No,No,Yes,Yes,Yes,Yes,Yes,5,656
8100-PNJMH,Yes,Yes,DSL,Yes,Yes,Yes,Yes,Yes,Yes,Yes,Yes,9,657
7838-LAZFO,Yes,No,DSL,Yes,Yes,Yes,No,Yes,Yes,Yes,Yes,7,658
4464-JCOLN,Yes,No,No,No internet service,No internet service,No internet service,No internet service,No internet service,No internet service,No,No,1,659
2085-JVGAD,Yes,No,No,No internet service,No internet service,No internet service,No internet service,No internet service,No internet service,No,No,1,660
5650-VDUDS,No,No phone service,DSL,No,No,No,No,No,No,No,No,1,661
8095-WANWK,Yes,No,DSL,No,No,No,No,No,No,No,No,2,662
3030-ZKIWL,Yes,No,No,No internet service,No internet service,No internet service,No internet service,No internet service,No internet service,No,No,1,663
9565-FLVCG,Yes,Yes,DSL,Yes,Yes,No,No,No,Yes,Yes,Yes,6,664
8755-OGKNA,Yes,No,No,No internet service,No internet service,No internet service,No internet service,No internet service,No internet service,No,No,1,665
2800-VEQXM,Yes,No,Fiber optic,No,No,Yes,No,No,No,No,No,3,666
7538-GWHML,Yes,No,Fiber optic,No,No,No,No,No,No,No,No,2,667
5533-RJFTJ,No,No phone service,DSL,No,No,Yes,No,No,No,No,No,2,668
3859-CVCET,Yes,No,DSL,No,No,No,No,No,No,No,No,2,669
0214-JHPFW,No,No phone service,DSL,No,Yes,Yes,Yes,Yes,Yes,Yes,Yes,6,670
5642-MHDQT,Yes,No,No,No internet service,No internet service,No internet service,No internet service,No internet service,No internet service,No,No,1,671
3088-FVYWK,Yes,Yes,No,No internet service,No internet service,No internet service,No internet service,No internet service,No internet service,No,No,2,672
3276-HDUEG,Yes,Yes,Fiber optic,No,No,No,No,No,No,No,No,3,673
9092-GDZKO,Yes,Yes,No,No internet service,No internet service,No internet service,No internet service,No internet service,No internet service,No,No,2,674
0823-HSCDJ,No,No phone service,DSL,No,Yes,No,No,Yes,Yes,Yes,No,4,675
3729-OWRVL,Yes,Yes,Fiber optic,Yes,No,Yes,Yes,Yes,Yes,Yes,Yes,8,676
2324-AALNO,Yes,Yes,No,No internet service,No internet service,No internet service,No internet service,No internet service,No internet service,No,No,2,677
0822-GAVAP,No,No phone service,DSL,No,No,No,No,No,Yes,Yes,No,2,678
5760-IFJOZ,Yes,Yes,Fiber optic,No,Yes,Yes,No,Yes,Yes,Yes,No,7,679
2826-UWHIS,Yes,Yes,Fiber optic,No,Yes,No,No,No,No,No,No,4,680
1448-PWKYE,Yes,No,Fiber optic,No,No,No,No,No,Yes,Yes,No,3,681
7501-IWUNG,Yes,No,DSL,No,No,Yes,Yes,Yes,Yes,Yes,Yes,6,682
4957-TREIR,Yes,No,DSL,Yes,No,No,Yes,Yes,No,Yes,Yes,5,683
7251-LJBQN,Yes,Yes,Fiber optic,No,No,Yes,Yes,Yes,Yes,Yes,Yes,7,684
8040-MNRTF,Yes,No,Fiber optic,No,No,No,No,No,No,No,No,2,685
1536-HBSWP,Yes,No,DSL,No,No,No,Yes,No,No,No,Yes,3,686
5313-FPXWG,Yes,Yes,No,No internet service,No internet service,No internet service,No internet service,No internet service,No internet service,No,No,2,687
0067-DKWBL,Yes,No,DSL,Yes,No,No,No,No,No,No,Yes,3,688
0946-FKYTX,No,No phone service,DSL,No,Yes,No,No,No,No,No,No,2,689
5076-YVXCM,Yes,Yes,Fiber optic,No,No,No,No,No,Yes,Yes,No,4,690
8262-COGGB,Yes,No,No,No internet service,No internet service,No internet service,No internet service,No internet service,No internet service,No,No,1,691
6663-JOCQO,Yes,Yes,DSL,Yes,Yes,No,Yes,No,Yes,Yes,Yes,7,692
9620-QJREV,Yes,No,No,No internet service,No internet service,No internet service,No internet service,No internet service,No internet service,No,No,1,693
2276-YDAVZ,Yes,Yes,Fiber optic,No,No,No,No,No,No,No,No,3,694
2682-KEVRP,Yes,No,No,No internet service,No internet service,No internet service,No internet service,No internet service,No internet service,No,No,1,695
2480-JZOSN,Yes,No,No,No internet service,No internet service,No internet service,No internet service,No internet service,No internet service,No,No,1,696
0078-XZMHT,Yes,Yes,DSL,No,Yes,Yes,Yes,Yes,Yes,Yes,Yes,8,697
5896-NPFWW,Yes,No,DSL,No,No,Yes,No,No,No,No,No,3,698
9978-HYCIN,Yes,No,Fiber optic,No,Yes,No,No,Yes,No,Yes,No,4,699
8338-QIUNR,Yes,Yes,DSL,Yes,No,Yes,Yes,No,No,No,Yes,6,700
1525-LNLOJ,Yes,Yes,DSL,No,No,Yes,No,Yes,No,Yes,No,5,701
9450-TRJUU,Yes,Yes,Fiber optic,No,No,No,No,Yes,No,Yes,No,4,702
1766-GKNMI,Yes,Yes,Fiber optic,No,No,No,No,No,Yes,Yes,No,4,703
6942-LBFDP,Yes,No,No,No internet service,No internet service,No internet service,No internet service,No internet service,No internet service,No,No,1,704
1456-TWCGB,Yes,No,DSL,No,Yes,No,No,No,No,No,No,3,705
7133-VBDCG,Yes,No,Fiber optic,Yes,Yes,No,No,No,No,No,Yes,4,706
7596-ZYWBB,Yes,No,DSL,Yes,Yes,No,Yes,No,No,No,Yes,5,707
8329-UTMVM,Yes,Yes,Fiber optic,No,Yes,No,Yes,Yes,Yes,Yes,Yes,7,708
3014-WJKSM,Yes,No,Fiber optic,No,No,Yes,No,No,No,No,No,3,709
3347-YJZZE,Yes,Yes,DSL,No,Yes,Yes,No,Yes,Yes,Yes,No,7,710
1029-QFBEN,Yes,No,No,No internet service,No internet service,No internet service,No internet service,No internet service,No internet service,No,No,1,711
7929-DMBCV,Yes,No,Fiber optic,No,No,Yes,Yes,No,No,No,Yes,4,712
9661-JALZV,Yes,Yes,No,No internet service,No internet service,No internet service,No internet service,No internet service,No internet service,No,No,2,713
5433-KYGHE,Yes,Yes,Fiber optic,Yes,No,No,Yes,No,No,No,Yes,5,714
4312-KFRXN,Yes,Yes,No,No internet service,No internet service,No internet service,No internet service,No internet service,No internet service,No,No,2,715
5575-TPIZQ,Yes,Yes,Fiber optic,Yes,No,No,No,Yes,No,Yes,Yes,5,716
0114-IGABW,No,No phone service,DSL,No,Yes,Yes,Yes,Yes,Yes,Yes,Yes,6,717
9944-AEXBM,Yes,Yes,Fiber optic,No,No,No,No,No,Yes,Yes,No,4,718
1853-ARAAQ,No,No phone service,DSL,No,No,Yes,No,Yes,Yes,Yes,No,4,719
6952-OMNWB,Yes,Yes,Fiber optic,No,No,Yes,No,No,No,No,No,4,720
4697-LUPSU,Yes,No,No,No internet service,No internet service,No internet service,No internet service,No internet service,No internet service,No,No,1,721
8434-VGEQQ,Yes,No,No,No internet service,No internet service,No internet service,No internet service,No internet service,No internet service,No,No,1,722
4952-YSOGZ,Yes,Yes,Fiber optic,No,No,No,No,No,Yes,Yes,No,4,723
1589-AGTLK,Yes,No,DSL,No,No,No,No,No,No,No,No,2,724
5244-IRFIH,Yes,Yes,Fiber optic,No,No,No,No,Yes,Yes,Yes,No,5,725
6549-YMFAW,Yes,No,No,No internet service,No internet service,No internet service,No internet service,No internet service,No internet service,No,No,1,726
4950-HKQTE,Yes,Yes,No,No internet service,No internet service,No internet service,No internet service,No internet service,No internet service,No,No,2,727
6786-OBWQR,Yes,No,Fiber optic,No,No,No,No,Yes,No,Yes,No,3,728
2684-EIWEO,Yes,Yes,Fiber optic,Yes,Yes,Yes,No,No,No,No,Yes,6,729
2753-JMMCV,Yes,Yes,DSL,No,Yes,Yes,Yes,No,Yes,Yes,Yes,7,730
6439-GTPCA,Yes,Yes,Fiber optic,No,No,Yes,Yes,No,No,No,Yes,5,731
6621-YOBKI,Yes,No,No,No internet service,No internet service,No internet service,No internet service,No internet service,No internet service,No,No,1,732
1216-JWVUX,Yes,No,Fiber optic,No,Yes,No,No,No,No,No,No,3,733
7564-GHCVB,Yes,Yes,Fiber optic,Yes,No,No,No,No,No,No,Yes,4,734
1173-NOEYG,Yes,Yes,Fiber optic,No,No,Yes,No,No,Yes,Yes,No,5,735
7595-EHCDL,No,No phone service,DSL,No,No,Yes,No,Yes,Yes,Yes,No,4,736
6647-ZEDXT,Yes,Yes,Fiber optic,No,Yes,Yes,Yes,Yes,Yes,Yes,Yes,8,737
2521-NPUZR,Yes,No,Fiber optic,Yes,Yes,Yes,Yes,No,Yes,Yes,Yes,7,738
1307-TVUFB,Yes,Yes,Fiber optic,No,Yes,No,No,No,No,No,No,4,739
7503-MIOGA,Yes,Yes,DSL,Yes,Yes,Yes,Yes,Yes,Yes,Yes,Yes,9,740
4381-MHQDC,Yes,Yes,DSL,Yes,No,Yes,Yes,No,No,No,Yes,6,741
6923-JHPMP,Yes,No,Fiber optic,Yes,No,Yes,No,No,No,No,Yes,4,742
5138-WVKYJ,Yes,Yes,Fiber optic,Yes,No,No,No,Yes,Yes,Yes,Yes,6,743
4018-PPNDW,Yes,Yes,No,No internet service,No internet service,No internet service,No internet service,No internet service,No internet service,No,No,2,744
1635-FJFCC,Yes,No,DSL,No,No,No,No,No,No,No,No,2,745
2499-AJYUA,Yes,Yes,Fiber optic,No,Yes,Yes,Yes,Yes,Yes,Yes,Yes,8,746
6919-ELBGL,Yes,Yes,Fiber optic,Yes,Yes,Yes,Yes,Yes,Yes,Yes,Yes,9,747
3966-HRMZA,Yes,No,Fiber optic,No,No,Yes,No,No,No,No,No,3,748
6425-JWTDV,Yes,No,No,No internet service,No internet service,No internet service,No internet service,No internet service,No internet service,No,No,1,749
8405-IGQFX,Yes,No,Fiber optic,No,No,Yes,Yes,Yes,No,Yes,Yes,5,750
8224-IVVPA,Yes,No,DSL,Yes,Yes,No,No,No,No,No,Yes,4,751
9477-LGWQI,Yes,No,DSL,Yes,Yes,Yes,No,Yes,Yes,Yes,Yes,7,752
1410-RSCMR,Yes,No,DSL,Yes,No,Yes,Yes,No,Yes,Yes,Yes,6,753
3115-CZMZD,Yes,No,No,No internet service,No internet service,No internet service,No internet service,No internet service,No internet service,No,No,1,754
0139-IVFJG,Yes,No,Fiber optic,Yes,Yes,No,No,Yes,No,Yes,Yes,5,755
6683-VLCTZ,Yes,Yes,Fiber optic,No,No,Yes,No,Yes,Yes,Yes,No,6,756
5730-DBDSI,Yes,No,No,No internet service,No internet service,No internet service,No internet service,No internet service,No internet service,No,No,1,757
0030-FNXPP,Yes,No,No,No internet service,No internet service,No internet service,No internet service,No internet service,No internet service,No,No,1,758
2189-WWOEW,Yes,No,Fiber optic,No,Yes,No,No,No,Yes,Yes,No,4,759
5684-FJVYR,Yes,Yes,Fiber optic,Yes,Yes,No,Yes,No,No,No,Yes,6,760
4013-GUXND,Yes,No,No,No internet service,No internet service,No internet service,No internet service,No internet service,No internet service,No,No,1,761
1894-IGFSG,Yes,No,Fiber optic,No,No,No,No,Yes,Yes,Yes,No,4,762
7379-POKDZ,Yes,No,Fiber optic,No,No,No,No,No,No,No,No,2,763
1266-NZYUI,Yes,Yes,DSL,Yes,No,Yes,Yes,No,No,No,Yes,6,764
7969-FFOWG,Yes,No,No,No internet service,No internet service,No internet service,No internet service,No internet service,No internet service,No,No,1,765
4718-DHSMV,No,No phone service,DSL,No,No,No,No,Yes,No,Yes,No,2,766
5175-WLYXL,Yes,Yes,Fiber optic,No,Yes,No,No,No,No,No,No,4,767
7817-OMJNA,Yes,No,No,No internet service,No internet service,No internet service,No internet service,No internet service,No internet service,No,No,1,768
8728-SKJLR,Yes,No,Fiber optic,No,No,No,Yes,No,No,No,Yes,3,769
3137-NYQQI,Yes,No,DSL,Yes,Yes,No,No,No,Yes,Yes,Yes,5,770
7706-DZNKK,Yes,No,No,No internet service,No internet service,No internet service,No internet service,No internet service,No internet service,No,No,1,771
0236-HFWSV,Yes,Yes,Fiber optic,No,No,No,No,Yes,Yes,Yes,No,5,772
3900-AQPHZ,Yes,No,No,No internet service,No internet service,No internet service,No internet service,No internet service,No internet service,No,No,1,773
5842-POCOP,Yes,No,Fiber optic,Yes,No,Yes,No,No,Yes,Yes,Yes,5,774
2037-XJFUP,Yes,No,Fiber optic,No,No,Yes,No,Yes,Yes,Yes,No,5,775
8823-RLPWL,Yes,Yes,Fiber optic,Yes,Yes,Yes,No,Yes,Yes,Yes,Yes,8,776
9505-SQFSW,No,No phone service,DSL,No,Yes,No,No,No,Yes,Yes,No,3,777
7314-OXENN,Yes,Yes,Fiber optic,No,Yes,No,No,No,No,No,No,4,778
3758-CKOQL,Yes,Yes,Fiber optic,Yes,Yes,Yes,Yes,No,Yes,Yes,Yes,8,779
0322-CHQRU,Yes,No,DSL,No,No,No,No,No,No,No,No,2,780
5676-CFLYY,Yes,No,DSL,No,Yes,No,Yes,Yes,Yes,Yes,Yes,6,781
7521-AFHAB,Yes,No,DSL,No,No,No,No,No,No,No,No,2,782
0285-INHLN,Yes,No,DSL,Yes,Yes,No,No,No,No,No,Yes,4,783
4678-DVQEO,Yes,No,DSL,No,No,No,Yes,No,No,No,Yes,3,784
5125-CNDSP,No,No phone service,DSL,Yes,Yes,No,Yes,No,No,No,Yes,4,785
0691-IFBQW,Yes,Yes,Fiber optic,Yes,Yes,Yes,No,Yes,Yes,Yes,Yes,8,786
4992-LTJNE,Yes,Yes,DSL,Yes,No,No,No,No,No,No,Yes,4,787
2202-OUTMO,Yes,Yes,DSL,Yes,No,No,Yes,No,No,No,Yes,5,788
0810-BDHAW,Yes,Yes,DSL,Yes,Yes,No,No,Yes,Yes,Yes,Yes,7,789
0229-LFJAF,Yes,Yes,DSL,Yes,Yes,Yes,Yes,No,No,No,Yes,7,790
7131-ZQZNK,No,No phone service,DSL,Yes,No,Yes,Yes,Yes,Yes,Yes,Yes,6,791
3442-ZHHCC,Yes,Yes,DSL,Yes,Yes,Yes,No,No,Yes,Yes,Yes,7,792
5726-CVNYA,Yes,No,No,No internet service,No internet service,No internet service,No internet service,No internet service,No internet service,No,No,1,793
9871-ELEYA,Yes,No,DSL,Yes,No,Yes,Yes,Yes,No,Yes,Yes,6,794
4257-GAESD,No,No phone service,DSL,No,No,No,No,Yes,Yes,Yes,No,3,795
5173-WXOQV,Yes,No,DSL,No,Yes,No,Yes,No,Yes,Yes,Yes,5,796
2040-OBMLJ,Yes,Yes,Fiber optic,No,No,No,Yes,No,No,No,Yes,4,797
6286-ZHAOK,Yes,Yes,No,No internet service,No internet service,No internet service,No internet service,No internet service,No internet service,No,No,2,798
3807-XHCJH,Yes,No,No,No internet service,No internet service,No internet service,No internet service,No internet service,No internet service,No,No,1,799
3009-JWMPU,Yes,Yes,Fiber optic,No,No,Yes,No,Yes,Yes,Yes,No,6,800
5671-RQRLP,Yes,Yes,Fiber optic,No,No,No,No,No,No,No,No,3,801
1450-GALXR,Yes,Yes,Fiber optic,No,No,No,Yes,Yes,Yes,Yes,Yes,6,802
8859-AXJZP,Yes,Yes,No,No internet service,No internet service,No internet service,No internet service,No internet service,No internet service,No,No,2,803
3174-AKMAS,Yes,No,DSL,No,Yes,No,Yes,Yes,No,Yes,Yes,5,804
3138-BKYAV,Yes,No,Fiber optic,No,Yes,No,No,Yes,No,Yes,No,4,805
9926-PJHDQ,Yes,Yes,DSL,No,No,Yes,No,Yes,Yes,Yes,No,6,806
7382-DFJTU,Yes,No,DSL,No,No,Yes,Yes,No,No,No,Yes,4,807
2798-NYLMZ,Yes,Yes,Fiber optic,Yes,No,Yes,Yes,Yes,Yes,Yes,Yes,8,808
4289-DTDKW,Yes,Yes,Fiber optic,No,Yes,No,No,Yes,Yes,Yes,No,6,809
1820-TQVEV,Yes,No,Fiber optic,No,No,No,No,No,No,No,No,2,810
2239-JALAW,Yes,Yes,Fiber optic,No,Yes,Yes,No,Yes,Yes,Yes,No,7,811
4853-RULSV,Yes,Yes,Fiber optic,Yes,No,No,Yes,Yes,Yes,Yes,Yes,7,812
8098-TDCBU,Yes,Yes,No,No internet service,No internet service,No internet service,No internet service,No internet service,No internet service,No,No,2,813
3551-GAEGL,No,No phone service,DSL,Yes,No,No,No,No,No,No,Yes,2,814
4785-NKHCX,Yes,No,No,No internet service,No internet service,No internet service,No internet service,No internet service,No internet service,No,No,1,815
3196-NVXLZ,Yes,Yes,Fiber optic,No,No,No,No,Yes,No,Yes,No,4,816
6275-YDUVO,Yes,No,Fiber optic,No,No,Yes,No,No,Yes,Yes,No,4,817
0036-IHMOT,Yes,No,Fiber optic,No,Yes,Yes,Yes,Yes,Yes,Yes,Yes,7,818
0115-TFERT,Yes,Yes,Fiber optic,No,Yes,Yes,Yes,Yes,Yes,Yes,Yes,8,819
4178-EGMON,Yes,Yes,Fiber optic,Yes,Yes,No,Yes,No,No,No,Yes,6,820
4220-TINQT,Yes,Yes,Fiber optic,No,No,Yes,Yes,Yes,Yes,Yes,Yes,7,821
5318-YKDPV,Yes,No,DSL,Yes,No,Yes,Yes,Yes,Yes,Yes,Yes,7,822
7975-TZMLR,Yes,Yes,Fiber optic,No,Yes,Yes,No,Yes,Yes,Yes,No,7,823
0295-QVKPB,Yes,No,DSL,No,No,Yes,Yes,Yes,No,Yes,Yes,5,824
4335-BSMJS,Yes,Yes,No,No internet service,No internet service,No internet service,No internet service,No internet service,No internet service,No,No,2,825
2311-QYMUQ,Yes,No,Fiber optic,No,Yes,Yes,No,Yes,No,Yes,No,5,826
3643-AHCFP,Yes,Yes,Fiber optic,No,No,No,No,Yes,Yes,Yes,No,5,827
9146-JRIOX,Yes,Yes,No,No internet service,No internet service,No internet service,No internet service,No internet service,No internet service,No,No,2,828
3104-OWCGK,Yes,No,Fiber optic,No,Yes,Yes,No,Yes,No,Yes,No,5,829
5337-IIWKZ,No,No phone service,DSL,No,No,Yes,Yes,Yes,No,Yes,Yes,4,830
9101-BWFSS,Yes,Yes,Fiber optic,Yes,Yes,No,Yes,Yes,Yes,Yes,Yes,8,831
9650-VBUOG,Yes,Yes,No,No internet service,No internet service,No internet service,No internet service,No internet service,No internet service,No,No,2,832
3487-EARAT,Yes,No,DSL,Yes,Yes,Yes,Yes,No,Yes,Yes,Yes,7,833
2672-TGEFF,Yes,Yes,Fiber optic,No,Yes,No,No,Yes,No,Yes,No,5,834
9231-ZJYAM,Yes,No,Fiber optic,No,No,No,No,Yes,No,Yes,No,3,835
4250-WAROZ,Yes,Yes,Fiber optic,Yes,Yes,No,No,No,Yes,Yes,Yes,6,836
8184-WMOFI,Yes,No,DSL,Yes,No,Yes,Yes,No,Yes,Yes,Yes,6,837
6982-SSHFK,Yes,No,DSL,No,No,No,No,No,No,No,No,2,838
6092-QZVPP,Yes,No,DSL,Yes,No,Yes,Yes,Yes,Yes,Yes,Yes,7,839
4625-LAMOB,Yes,No,No,No internet service,No internet service,No internet service,No internet service,No internet service,No internet service,No,No,1,840
0727-BMPLR,Yes,Yes,Fiber optic,No,No,Yes,No,Yes,Yes,Yes,No,6,841
0392-BZIUW,Yes,Yes,Fiber optic,Yes,No,Yes,No,Yes,Yes,Yes,Yes,7,842
1038-ZAGBI,Yes,No,No,No internet service,No internet service,No internet service,No internet service,No internet service,No internet service,No,No,1,843
6549-NNDYT,No,No phone service,DSL,Yes,No,No,No,No,No,No,Yes,2,844
3027-ZTDHO,Yes,No,Fiber optic,No,No,No,No,Yes,Yes,Yes,No,4,845
0422-OHQHQ,Yes,No,No,No internet service,No internet service,No internet service,No internet service,No internet service,No internet service,No,No,1,846
6916-HIJSE,Yes,No,DSL,Yes,Yes,Yes,Yes,Yes,Yes,Yes,Yes,8,847
2316-ESMLS,No,No phone service,DSL,Yes,No,No,Yes,No,No,No,Yes,3,848
9778-OGKQZ,Yes,Yes,DSL,Yes,Yes,Yes,Yes,Yes,Yes,Yes,Yes,9,849
7408-OFWXJ,Yes,Yes,DSL,Yes,Yes,Yes,Yes,Yes,Yes,Yes,Yes,9,850
6007-TCTST,Yes,Yes,Fiber optic,Yes,Yes,Yes,Yes,Yes,Yes,Yes,Yes,9,851
2252-NKNSI,Yes,Yes,DSL,Yes,Yes,No,Yes,Yes,Yes,Yes,Yes,8,852
8713-IGZSO,Yes,Yes,No,No internet service,No internet service,No internet service,No internet service,No internet service,No internet service,No,No,2,853
7905-TVXTA,Yes,No,DSL,Yes,No,No,Yes,Yes,No,Yes,Yes,5,854
7695-PKLCZ,Yes,No,No,No internet service,No internet service,No internet service,No internet service,No internet service,No internet service,No,No,1,855
2382-BCKQJ,Yes,Yes,Fiber optic,No,No,Yes,No,Yes,Yes,Yes,No,6,856
8374-UULRV,Yes,Yes,DSL,Yes,Yes,No,Yes,Yes,Yes,Yes,Yes,8,857
2207-NHRJK,Yes,No,DSL,No,Yes,No,No,No,No,No,No,3,858
3224-DFQNQ,Yes,Yes,Fiber optic,Yes,Yes,No,Yes,No,No,No,Yes,6,859
5275-PMFUT,No,No phone service,DSL,Yes,Yes,Yes,Yes,Yes,Yes,Yes,Yes,7,860
4795-UXVCJ,Yes,No,No,No internet service,No internet service,No internet service,No internet service,No internet service,No internet service,No,No,1,861
9777-IQHWP,Yes,Yes,Fiber optic,Yes,No,Yes,No,No,Yes,Yes,Yes,6,862
0947-MUGVO,Yes,No,Fiber optic,No,Yes,No,No,No,No,No,No,3,863
9944-HKVVB,Yes,No,Fiber optic,No,Yes,No,No,Yes,Yes,Yes,No,5,864
4124-MMETB,Yes,Yes,Fiber optic,No,No,No,No,Yes,Yes,Yes,No,5,865
3671-SHRSP,Yes,No,Fiber optic,No,No,Yes,Yes,No,No,No,Yes,4,866
0979-MOZQI,No,No phone service,DSL,No,No,No,Yes,Yes,No,Yes,Yes,3,867
2732-ISEZX,Yes,No,No,No internet service,No internet service,No internet service,No internet service,No internet service,No internet service,No,No,1,868
3313-QKNKB,Yes,Yes,Fiber optic,No,No,No,No,No,Yes,Yes,No,4,869
0323-XWWTN,Yes,Yes,No,No internet service,No internet service,No internet service,No internet service,No internet service,No internet service,No,No,2,870
1937-OTUKY,Yes,Yes,Fiber optic,Yes,No,Yes,Yes,Yes,No,Yes,Yes,7,871
1573-LGXBA,Yes,No,Fiber optic,No,Yes,Yes,No,Yes,Yes,Yes,No,6,872
1764-VUUMT,Yes,No,No,No internet service,No internet service,No internet service,No internet service,No internet service,No internet service,No,No,1,873
5073-WXOYN,No,No phone service,DSL,No,Yes,No,No,Yes,Yes,Yes,No,4,874
4713-ZBURT,Yes,Yes,Fiber optic,No,No,Yes,No,Yes,Yes,Yes,No,6,875
3050-GBUSH,No,No phone service,DSL,No,No,No,No,Yes,No,Yes,No,2,876
0207-MDKNV,Yes,No,Fiber optic,Yes,No,Yes,Yes,Yes,Yes,Yes,Yes,7,877
7876-AEHIG,No,No phone service,DSL,Yes,No,Yes,Yes,Yes,Yes,Yes,Yes,6,878
7945-HLKEA,Yes,Yes,DSL,Yes,No,Yes,Yes,No,No,No,Yes,6,879
9342-VNIMQ,Yes,Yes,DSL,No,Yes,No,No,No,No,No,No,4,880
9851-KIELU,Yes,No,Fiber optic,Yes,Yes,Yes,Yes,Yes,Yes,Yes,Yes,8,881
3523-BRGUW,Yes,No,No,No internet service,No internet service,No internet service,No internet service,No internet service,No internet service,No,No,1,882
3908-BLSYF,Yes,No,Fiber optic,No,No,Yes,No,No,Yes,Yes,No,4,883
3199-NPKCN,Yes,Yes,Fiber optic,Yes,No,Yes,Yes,Yes,Yes,Yes,Yes,8,884
5170-PTRKA,No,No phone service,DSL,Yes,No,No,Yes,No,No,No,Yes,3,885
4661-NJEUX,Yes,No,No,No internet service,No internet service,No internet service,No internet service,No internet service,No internet service,No,No,1,886
2123-AGEEN,Yes,No,Fiber optic,No,No,Yes,No,Yes,No,Yes,No,4,887
1258-YMZNM,Yes,Yes,Fiber optic,Yes,Yes,Yes,No,Yes,Yes,Yes,Yes,8,888
0048-LUMLS,Yes,No,Fiber optic,No,No,No,No,Yes,Yes,Yes,No,4,889
7549-MYGPK,Yes,Yes,Fiber optic,Yes,Yes,Yes,No,Yes,No,Yes,Yes,7,890
5898-IGSLP,Yes,Yes,Fiber optic,Yes,No,Yes,Yes,No,No,No,Yes,6,891
3804-RVTGV,Yes,Yes,Fiber optic,No,Yes,Yes,No,Yes,Yes,Yes,No,7,892
6259-WJQLC,Yes,Yes,Fiber optic,No,No,Yes,No,No,No,No,No,4,893
9227-LUNBG,No,No phone service,DSL,No,No,No,No,No,No,No,No,1,894
7997-EASSD,Yes,Yes,Fiber optic,No,No,No,Yes,No,No,No,Yes,4,895
0730-KOAVE,Yes,Yes,Fiber optic,Yes,Yes,No,No,No,Yes,Yes,Yes,6,896
8975-SKGRX,Yes,Yes,Fiber optic,Yes,Yes,Yes,Yes,Yes,Yes,Yes,Yes,9,897
0678-RLHVP,Yes,Yes,Fiber optic,No,Yes,Yes,No,Yes,Yes,Yes,No,7,898
4315-MURBD,Yes,No,Fiber optic,Yes,No,No,Yes,Yes,Yes,Yes,Yes,6,899
2267-FPIMA,Yes,Yes,Fiber optic,Yes,Yes,No,No,No,Yes,Yes,Yes,6,900
1051-GEJLJ,Yes,No,No,No internet service,No internet service,No internet service,No internet service,No internet service,No internet service,No,No,1,901
9734-YWGEX,Yes,Yes,Fiber optic,No,No,Yes,No,Yes,Yes,Yes,No,6,902
2719-BDAQO,Yes,No,Fiber optic,Yes,No,No,No,Yes,Yes,Yes,Yes,5,903
5285-MVEHD,Yes,No,Fiber optic,Yes,Yes,Yes,No,Yes,Yes,Yes,Yes,7,904
0379-DJQHR,Yes,No,DSL,Yes,Yes,Yes,No,Yes,Yes,Yes,Yes,7,905
0781-LKXBR,Yes,Yes,Fiber optic,No,No,Yes,No,Yes,Yes,Yes,No,6,906
5543-QDCRY,Yes,No,DSL,No,No,No,No,Yes,No,Yes,No,3,907
0297-RBCSG,Yes,No,DSL,No,Yes,No,Yes,No,Yes,Yes,Yes,5,908
4694-PHWFW,Yes,No,No,No internet service,No internet service,No internet service,No internet service,No internet service,No internet service,No,No,1,909
0835-JKADZ,Yes,Yes,Fiber optic,No,Yes,Yes,Yes,Yes,Yes,Yes,Yes,8,910
1907-UBQFC,Yes,No,Fiber optic,No,Yes,No,No,No,No,No,No,3,911
7508-SMHXL,Yes,Yes,Fiber optic,No,Yes,No,No,Yes,No,Yes,No,5,912
3865-YIOTT,Yes,Yes,Fiber optic,Yes,No,Yes,No,Yes,Yes,Yes,Yes,7,913
5993-BQHEA,Yes,No,No,No internet service,No internet service,No internet service,No internet service,No internet service,No internet service,No,No,1,914
6024-RUGGH,Yes,Yes,No,No internet service,No internet service,No internet service,No internet service,No internet service,No internet service,No,No,2,915
6513-EECDB,Yes,Yes,Fiber optic,No,No,No,No,No,No,No,No,3,916
3956-CJUST,Yes,No,Fiber optic,Yes,No,No,No,No,No,No,Yes,3,917
4079-WWQQQ,No,No phone service,DSL,Yes,Yes,Yes,Yes,Yes,Yes,Yes,Yes,7,918
6103-BOCOU,Yes,Yes,Fiber optic,No,No,Yes,No,No,No,No,No,4,919
5149-TGWDZ,Yes,No,Fiber optic,No,Yes,Yes,Yes,Yes,Yes,Yes,Yes,7,920
7471-WNSUF,Yes,Yes,No,No internet service,No internet service,No internet service,No internet service,No internet service,No internet service,No,No,2,921
8942-DBMHZ,Yes,No,No,No internet service,No internet service,No internet service,No internet service,No internet service,No internet service,No,No,1,922
4301-VVZKA,Yes,Yes,Fiber optic,No,No,No,No,No,No,No,No,3,923
9199-PWQVC,Yes,Yes,DSL,Yes,Yes,No,No,Yes,Yes,Yes,Yes,7,924
4824-GUCBY,Yes,No,Fiber optic,Yes,Yes,No,No,No,No,No,Yes,4,925
5393-HJZSM,Yes,No,DSL,Yes,Yes,Yes,Yes,No,Yes,Yes,Yes,7,926
7074-IEVOJ,Yes,Yes,Fiber optic,No,Yes,No,No,No,No,No,No,4,927
9625-QSTYE,Yes,No,Fiber optic,No,Yes,Yes,No,No,No,No,No,4,928
0862-PRCBS,Yes,Yes,Fiber optic,No,Yes,No,Yes,Yes,Yes,Yes,Yes,7,929
8812-ZRHFP,Yes,No,Fiber optic,No,No,Yes,No,No,Yes,Yes,No,4,930
5146-CBVOE,Yes,No,Fiber optic,No,Yes,No,No,No,No,No,No,3,931
0454-OKRCT,Yes,No,Fiber optic,No,Yes,No,Yes,No,No,No,Yes,4,932
5787-KXGIY,Yes,No,No,No internet service,No internet service,No internet service,No internet service,No internet service,No internet service,No,No,1,933
4750-ZRXIU,Yes,Yes,Fiber optic,No,No,No,No,No,Yes,Yes,No,4,934
4198-VFOEA,No,No phone service,DSL,Yes,No,No,Yes,No,No,No,Yes,3,935
6630-UJZMY,Yes,Yes,Fiber optic,No,No,No,No,Yes,No,Yes,No,4,936
5709-LVOEQ,Yes,No,DSL,Yes,Yes,Yes,No,Yes,Yes,Yes,Yes,7,937
6400-BWQKW,Yes,Yes,Fiber optic,Yes,No,No,No,No,No,No,Yes,4,938
2692-AQCPF,Yes,Yes,Fiber optic,No,Yes,Yes,Yes,Yes,Yes,Yes,Yes,8,939
0347-UBKUZ,Yes,No,No,No internet service,No internet service,No internet service,No internet service,No internet service,No internet service,No,No,1,940
0835-DUUIQ,Yes,No,No,No internet service,No internet service,No internet service,No internet service,No internet service,No internet service,No,No,1,941
0811-GSDTP,No,No phone service,DSL,No,Yes,No,No,No,No,No,No,2,942
7567-ECMCM,Yes,No,Fiber optic,No,No,No,No,No,Yes,Yes,No,3,943
6115-ZTBFQ,No,No phone service,DSL,Yes,Yes,Yes,Yes,Yes,Yes,Yes,Yes,7,944
6353-BRMMA,Yes,Yes,Fiber optic,Yes,Yes,No,No,Yes,Yes,Yes,Yes,7,945
6680-WKXRZ,Yes,Yes,Fiber optic,No,No,No,No,No,No,No,No,3,946
6231-WFGFH,Yes,No,No,No internet service,No internet service,No internet service,No internet service,No internet service,No internet service,No,No,1,947
9904-EHEVJ,Yes,Yes,Fiber optic,No,No,Yes,No,Yes,No,Yes,No,5,948
7028-DVOIQ,Yes,Yes,Fiber optic,No,No,Yes,No,Yes,Yes,Yes,No,6,949
6169-PPETC,Yes,No,No,No internet service,No internet service,No internet service,No internet service,No internet service,No internet service,No,No,1,950
4208-UFFGW,Yes,No,DSL,No,No,No,No,No,No,No,No,2,951
8584-KMVXD,Yes,No,Fiber optic,No,Yes,No,No,No,No,No,No,3,952
8467-WYNSR,Yes,No,DSL,Yes,No,No,Yes,No,No,No,Yes,4,953
0851-DFJKB,Yes,No,DSL,Yes,No,Yes,Yes,No,No,No,Yes,5,954
5382-SOYZL,Yes,Yes,Fiber optic,No,No,No,No,Yes,Yes,Yes,No,5,955
9448-REEVD,Yes,No,DSL,No,No,No,No,No,No,No,No,2,956
3261-CQXOL,Yes,Yes,No,No internet service,No internet service,No internet service,No internet service,No internet service,No internet service,No,No,2,957
8388-FYNPZ,Yes,No,DSL,Yes,No,Yes,No,No,No,No,Yes,4,958
4002-BQWPQ,Yes,Yes,DSL,Yes,Yes,Yes,Yes,No,Yes,Yes,Yes,8,959
5651-YLPRD,Yes,No,Fiber optic,No,Yes,No,No,Yes,No,Yes,No,4,960
2826-DXLQO,No,No phone service,DSL,Yes,No,No,No,No,No,No,Yes,2,961
4378-BZYFP,Yes,No,No,No internet service,No internet service,No internet service,No internet service,No internet service,No internet service,No,No,1,962
9489-UTFKA,Yes,No,DSL,Yes,No,No,No,Yes,No,Yes,Yes,4,963
4849-PYRLQ,Yes,Yes,DSL,Yes,No,Yes,Yes,No,Yes,Yes,Yes,7,964
9117-SHLZX,Yes,No,DSL,No,No,No,No,No,No,No,No,2,965
9889-TMAHG,Yes,No,Fiber optic,Yes,No,No,Yes,Yes,Yes,Yes,Yes,6,966
4541-RMRLG,Yes,No,No,No internet service,No internet service,No internet service,No internet service,No internet service,No internet service,No,No,1,967
7764-BDPEE,Yes,No,No,No internet service,No internet service,No internet service,No internet service,No internet service,No internet service,No,No,1,968
3429-IFLEM,Yes,No,DSL,Yes,Yes,Yes,Yes,Yes,No,Yes,Yes,7,969
3158-MOERK,Yes,Yes,Fiber optic,No,No,No,No,Yes,Yes,Yes,No,5,970
7294-TMAOP,Yes,No,Fiber optic,No,No,No,No,Yes,Yes,Yes,No,4,971
5002-GCQFH,Yes,Yes,Fiber optic,Yes,Yes,No,No,Yes,No,Yes,Yes,6,972
0556-FJEGU,Yes,No,DSL,No,Yes,Yes,Yes,Yes,No,Yes,Yes,6,973
8919-FYFQZ,No,No phone service,DSL,No,Yes,No,No,No,No,No,No,2,974
0604-THJFP,Yes,No,DSL,No,Yes,No,Yes,Yes,Yes,Yes,Yes,6,975
2834-JRTUA,Yes,Yes,Fiber optic,Yes,No,Yes,Yes,Yes,Yes,Yes,Yes,8,976
5875-YPQFJ,Yes,No,Fiber optic,No,No,No,No,No,No,No,No,2,977
5879-SESNB,Yes,Yes,Fiber optic,No,No,No,No,No,No,No,No,3,978
6646-QVXLR,Yes,Yes,Fiber optic,No,Yes,Yes,No,Yes,Yes,Yes,No,7,979
6461-PPAXN,Yes,No,DSL,Yes,No,No,Yes,No,No,No,Yes,4,980
3318-ISQFQ,Yes,No,No,No internet service,No internet service,No internet service,No internet service,No internet service,No internet service,No,No,1,981
1106-HRLKZ,Yes,No,No,No internet service,No internet service,No internet service,No internet service,No internet service,No internet service,No,No,1,982
2483-XSSMZ,Yes,No,DSL,Yes,No,No,No,No,No,No,Yes,3,983
8603-IJWDN,Yes,Yes,Fiber optic,No,No,No,No,No,Yes,Yes,No,4,984
8165-ZJRNM,Yes,Yes,No,No internet service,No internet service,No internet service,No internet service,No internet service,No internet service,No,No,2,985
9369-XFEHK,Yes,Yes,Fiber optic,No,Yes,No,No,No,No,No,No,4,986
2604-XVDAM,Yes,No,DSL,No,No,No,No,No,No,No,No,2,987
3717-OFRTN,Yes,No,No,No internet service,No internet service,No internet service,No internet service,No internet service,No internet service,No,No,1,988
9046-JBFWA,Yes,No,No,No internet service,No internet service,No internet service,No internet service,No internet service,No internet service,No,No,1,989
3280-NMUVX,Yes,No,No,No internet service,No internet service,No internet service,No internet service,No internet service,No internet service,No,No,1,990
1206-EHBDD,Yes,No,Fiber optic,Yes,No,Yes,No,No,No,No,Yes,4,991
8361-LBRDI,Yes,Yes,No,No internet service,No internet service,No internet service,No internet service,No internet service,No internet service,No,No,2,992
4883-KCPZJ,Yes,Yes,No,No internet service,No internet service,No internet service,No internet service,No internet service,No internet service,No,No,2,993
9108-EQPNQ,Yes,Yes,No,No internet service,No internet service,No internet service,No internet service,No internet service,No internet service,No,No,2,994
7277-KAMWT,Yes,No,No,No internet service,No internet service,No internet service,No internet service,No internet service,No internet service,No,No,1,995
3842-IYKUE,Yes,Yes,Fiber optic,No,Yes,No,Yes,No,No,No,Yes,5,996
6641-XRPSU,Yes,No,Fiber optic,No,No,No,No,No,No,No,No,2,997
1374-DMZUI,Yes,Yes,Fiber optic,No,No,No,No,Yes,Yes,Yes,No,5,998
2545-LXYVJ,Yes,No,No,No internet service,No internet service,No internet service,No internet service,No internet service,No internet service,No,No,1,999
3234-VKACU,Yes,No,DSL,No,No,No,Yes,Yes,Yes,Yes,Yes,5,1000
8357-EQXFO,Yes,No,Fiber optic,No,No,Yes,No,Yes,Yes,Yes,No,5,1001
1989-PRJHP,Yes,Yes,Fiber optic,No,No,No,No,No,No,No,No,3,1002
8120-JDCAM,Yes,No,Fiber optic,No,No,No,No,No,No,No,No,2,1003
8917-FAEMR,Yes,No,No,No internet service,No internet service,No internet service,No internet service,No internet service,No internet service,No,No,1,1004
7047-YXDMZ,Yes,No,No,No internet service,No internet service,No internet service,No internet service,No internet service,No internet service,No,No,1,1005
2858-EIMXH,Yes,Yes,Fiber optic,No,No,No,No,Yes,Yes,Yes,No,5,1006
9524-EGPJC,Yes,Yes,Fiber optic,No,No,No,Yes,No,Yes,Yes,Yes,5,1007
6993-OHLXR,Yes,No,Fiber optic,No,No,No,No,No,No,No,No,2,1008
8818-XYFCQ,Yes,Yes,Fiber optic,Yes,No,No,No,Yes,Yes,Yes,Yes,6,1009
6419-ZTTLE,Yes,No,No,No internet service,No internet service,No internet service,No internet service,No internet service,No internet service,No,No,1,1010
0929-HYQEW,Yes,No,DSL,Yes,No,No,No,No,No,No,Yes,3,1011
6614-YOLAC,No,No phone service,DSL,Yes,Yes,No,Yes,Yes,Yes,Yes,Yes,6,1012
7426-RHZGU,Yes,No,Fiber optic,No,No,No,Yes,Yes,Yes,Yes,Yes,5,1013
4065-JJAVA,Yes,No,DSL,No,Yes,No,No,No,No,No,No,3,1014
4695-VADHF,Yes,No,DSL,No,No,Yes,No,No,Yes,Yes,No,4,1015
3863-IUBJR,Yes,No,DSL,No,No,No,No,No,Yes,Yes,No,3,1016
7649-SIJJF,Yes,Yes,DSL,Yes,Yes,Yes,Yes,No,Yes,Yes,Yes,8,1017
9361-YNQWJ,Yes,Yes,No,No internet service,No internet service,No internet service,No internet service,No internet service,No internet service,No,No,2,1018
3748-FVMZZ,No,No phone service,DSL,No,No,No,Yes,No,Yes,Yes,Yes,3,1019
9391-TTOYH,Yes,No,No,No internet service,No internet service,No internet service,No internet service,No internet service,No internet service,No,No,1,1020
1452-XRSJV,Yes,No,DSL,Yes,No,No,No,No,No,No,Yes,3,1021
3422-WJOYD,Yes,No,DSL,Yes,No,No,Yes,No,No,No,Yes,4,1022
8242-SOQUO,Yes,No,Fiber optic,No,Yes,No,No,Yes,No,Yes,No,4,1023
7460-ITWWP,Yes,No,Fiber optic,No,No,Yes,No,No,Yes,Yes,No,4,1024
7147-AYBAA,Yes,No,Fiber optic,No,No,No,No,No,No,No,No,2,1025
7868-TMWMZ,Yes,No,Fiber optic,Yes,Yes,Yes,Yes,Yes,Yes,Yes,Yes,8,1026
4822-RVYBB,Yes,Yes,Fiber optic,No,No,Yes,No,Yes,Yes,Yes,No,6,1027
6732-FZUGP,Yes,Yes,Fiber optic,Yes,No,Yes,No,Yes,No,Yes,Yes,6,1028
8436-BJUMM,Yes,Yes,Fiber optic,No,No,No,No,Yes,No,Yes,No,4,1029
4184-TJFAN,Yes,No,Fiber optic,Yes,No,No,Yes,Yes,No,Yes,Yes,5,1030
8329-GWVPJ,Yes,No,Fiber optic,No,No,No,No,No,No,No,No,2,1031
1352-VHKAJ,Yes,Yes,DSL,No,No,No,Yes,Yes,Yes,Yes,Yes,6,1032
4145-UQXUQ,Yes,No,Fiber optic,No,No,Yes,No,Yes,Yes,Yes,No,5,1033
2632-TACXW,Yes,Yes,No,No internet service,No internet service,No internet service,No internet service,No internet service,No internet service,No,No,2,1034
8146-QQKZH,Yes,No,DSL,Yes,No,Yes,Yes,Yes,Yes,Yes,Yes,7,1035
1767-CJKBA,Yes,Yes,No,No internet service,No internet service,No internet service,No internet service,No internet service,No internet service,No,No,2,1036
6445-TNRXS,Yes,Yes,Fiber optic,Yes,Yes,Yes,Yes,Yes,Yes,Yes,Yes,9,1037
4581-LNWUM,No,No phone service,DSL,No,No,Yes,No,Yes,Yes,Yes,No,4,1038
4869-EPIUS,Yes,No,Fiber optic,No,No,No,No,No,Yes,Yes,No,3,1039
9948-YPTDG,Yes,No,Fiber optic,Yes,Yes,No,No,No,No,No,Yes,4,1040
1236-WFCDV,Yes,No,Fiber optic,No,No,No,No,Yes,Yes,Yes,No,4,1041
1915-OAKWD,Yes,No,No,No internet service,No internet service,No internet service,No internet service,No internet service,No internet service,No,No,1,1042
7296-PIXQY,Yes,No,Fiber optic,No,No,No,No,No,No,No,No,2,1043
4883-QICIH,Yes,No,Fiber optic,No,No,No,No,No,No,No,No,2,1044
3354-OADJP,Yes,No,DSL,Yes,No,No,Yes,No,No,No,Yes,4,1045
3524-WQDSG,Yes,Yes,Fiber optic,No,No,Yes,No,Yes,Yes,Yes,No,6,1046
0810-DHDBD,Yes,Yes,DSL,Yes,No,Yes,Yes,Yes,No,Yes,Yes,7,1047
4026-SKKHW,Yes,No,DSL,No,No,No,Yes,No,No,No,Yes,3,1048
2829-HYVZP,Yes,No,No,No internet service,No internet service,No internet service,No internet service,No internet service,No internet service,No,No,1,1049
8329-IBCTI,Yes,No,No,No internet service,No internet service,No internet service,No internet service,No internet service,No internet service,No,No,1,1050
1271-SJBGZ,No,No phone service,DSL,No,No,Yes,Yes,No,Yes,Yes,Yes,4,1051
3845-JHAMY,No,No phone service,DSL,No,No,No,No,No,Yes,Yes,No,2,1052
7013-PSXHK,Yes,Yes,DSL,No,No,Yes,Yes,Yes,Yes,Yes,Yes,7,1053
5669-SRAIP,No,No phone service,DSL,No,No,Yes,No,No,Yes,Yes,No,3,1054
5981-ITEMU,Yes,Yes,Fiber optic,No,No,No,No,Yes,Yes,Yes,No,5,1055
3486-NPGST,Yes,No,No,No internet service,No internet service,No internet service,No internet service,No internet service,No internet service,No,No,1,1056
6941-PMGEP,Yes,No,Fiber optic,No,No,No,No,No,Yes,Yes,No,3,1057
1624-WOIWJ,Yes,No,Fiber optic,Yes,No,No,No,Yes,No,Yes,Yes,4,1058
2074-GKOWZ,Yes,No,Fiber optic,No,No,No,No,Yes,Yes,Yes,No,4,1059
0376-YMCJC,Yes,Yes,Fiber optic,No,No,No,Yes,Yes,No,Yes,Yes,5,1060
6100-FJZDG,Yes,No,No,No internet service,No internet service,No internet service,No internet service,No internet service,No internet service,No,No,1,1061
4829-ZLJTK,Yes,Yes,Fiber optic,Yes,Yes,Yes,No,Yes,Yes,Yes,Yes,8,1062
1730-VFMWO,Yes,No,DSL,No,No,No,Yes,No,No,No,Yes,3,1063
7143-BQIBA,Yes,No,DSL,Yes,No,No,Yes,Yes,No,Yes,Yes,5,1064
3800-LYTRK,Yes,No,DSL,Yes,No,No,Yes,No,No,No,Yes,4,1065
0634-SZPQA,Yes,Yes,Fiber optic,Yes,No,No,No,Yes,No,Yes,Yes,5,1066
9646-NMHXE,Yes,No,No,No internet service,No internet service,No internet service,No internet service,No internet service,No internet service,No,No,1,1067
7030-NJVDP,Yes,No,Fiber optic,Yes,No,No,Yes,No,Yes,Yes,Yes,5,1068
5536-RTPWK,Yes,Yes,Fiber optic,No,Yes,No,No,Yes,Yes,Yes,No,6,1069
8883-GRDWQ,Yes,No,DSL,Yes,No,No,Yes,No,No,No,Yes,4,1070
6166-ILMNY,Yes,No,Fiber optic,No,No,No,No,No,No,No,No,2,1071
3097-NNSPB,Yes,No,DSL,No,Yes,No,No,No,No,No,No,3,1072
7771-ZONAT,No,No phone service,DSL,No,No,Yes,Yes,Yes,Yes,Yes,Yes,5,1073
0655-RBDUG,Yes,Yes,Fiber optic,No,No,Yes,No,Yes,Yes,Yes,No,6,1074
2111-DWYHN,Yes,No,No,No internet service,No internet service,No internet service,No internet service,No internet service,No internet service,No,No,1,1075
4194-WHFCB,Yes,Yes,Fiber optic,No,Yes,No,Yes,No,Yes,Yes,Yes,6,1076
4121-AGSIN,Yes,Yes,No,No internet service,No internet service,No internet service,No internet service,No internet service,No internet service,No,No,2,1077
4361-BKAXE,Yes,Yes,Fiber optic,Yes,Yes,Yes,Yes,Yes,Yes,Yes,Yes,9,1078
9845-PEEKO,Yes,Yes,Fiber optic,No,Yes,No,No,No,No,No,No,4,1079
0455-XFASS,Yes,No,Fiber optic,No,No,No,No,No,No,No,No,2,1080
0301-KOBTQ,Yes,No,No,No internet service,No internet service,No internet service,No internet service,No internet service,No internet service,No,No,1,1081
1751-NCDLI,Yes,Yes,Fiber optic,No,No,Yes,No,Yes,Yes,Yes,No,6,1082
4367-NUYAO,Yes,Yes,No,No internet service,No internet service,No internet service,No internet service,No internet service,No internet service,No,No,2,1083
9878-TNQGW,Yes,No,Fiber optic,No,No,No,No,No,Yes,Yes,No,3,1084
9170-ARBTB,Yes,No,No,No internet service,No internet service,No internet service,No internet service,No internet service,No internet service,No,No,1,1085
4441-NIHPT,Yes,No,Fiber optic,No,No,Yes,No,No,No,No,No,3,1086
8999-BOHSE,Yes,No,Fiber optic,No,No,No,No,Yes,Yes,Yes,No,4,1087
7241-AJHFS,Yes,Yes,Fiber optic,Yes,No,No,Yes,No,No,No,Yes,5,1088
7029-RPUAV,Yes,Yes,Fiber optic,No,No,Yes,No,Yes,Yes,Yes,No,6,1089
4546-FOKWR,Yes,Yes,Fiber optic,No,No,No,No,No,No,No,No,3,1090
9036-CSKBW,Yes,Yes,Fiber optic,Yes,Yes,Yes,No,Yes,Yes,Yes,Yes,8,1091
5832-TRLPB,Yes,No,DSL,No,No,Yes,Yes,Yes,Yes,Yes,Yes,6,1092
8590-YFFQO,Yes,No,DSL,Yes,Yes,Yes,Yes,No,No,No,Yes,6,1093
8659-IOOPU,Yes,Yes,Fiber optic,Yes,No,Yes,Yes,No,Yes,Yes,Yes,7,1094
1338-CECEE,Yes,Yes,DSL,No,Yes,Yes,No,Yes,No,Yes,No,6,1095
7439-DKZTW,Yes,No,Fiber optic,No,No,No,No,Yes,No,Yes,No,3,1096
4646-QZXTF,Yes,No,DSL,Yes,No,Yes,Yes,Yes,Yes,Yes,Yes,7,1097
4607-CHPCA,Yes,No,Fiber optic,No,No,No,No,Yes,Yes,Yes,No,4,1098
9742-XOKTS,Yes,Yes,Fiber optic,Yes,Yes,No,Yes,No,No,No,Yes,6,1099
6921-OZMFH,Yes,Yes,DSL,No,No,No,Yes,No,No,No,Yes,4,1100
9578-FOMUK,Yes,Yes,No,No internet service,No internet service,No internet service,No internet service,No internet service,No internet service,No,No,2,1101
4712-UYOOI,Yes,No,No,No internet service,No internet service,No internet service,No internet service,No internet service,No internet service,No,No,1,1102
8824-RWFXJ,Yes,No,DSL,No,Yes,Yes,No,No,No,No,No,4,1103
7722-CVFXN,Yes,Yes,Fiber optic,No,Yes,No,Yes,Yes,Yes,Yes,Yes,7,1104
8717-VCTXJ,Yes,No,No,No internet service,No internet service,No internet service,No internet service,No internet service,No internet service,No,No,1,1105
7363-QTBIW,Yes,No,Fiber optic,No,No,No,No,No,Yes,Yes,No,3,1106
4159-NAAIX,Yes,Yes,Fiber optic,No,Yes,No,No,Yes,Yes,Yes,No,6,1107
0971-QIFJK,Yes,Yes,No,No internet service,No internet service,No internet service,No internet service,No internet service,No internet service,No,No,2,1108
9397-TZSHA,Yes,Yes,No,No internet service,No internet service,No internet service,No internet service,No internet service,No internet service,No,No,2,1109
3391-JSQEW,Yes,No,DSL,No,Yes,No,No,No,No,No,No,3,1110
0343-QLUZP,No,No phone service,DSL,Yes,Yes,Yes,No,No,No,No,Yes,4,1111
9763-PDTKK,Yes,No,Fiber optic,Yes,No,Yes,Yes,No,Yes,Yes,Yes,6,1112
2176-LVPNX,Yes,Yes,DSL,Yes,Yes,Yes,Yes,Yes,Yes,Yes,Yes,9,1113
7627-JKIAZ,Yes,Yes,Fiber optic,No,No,Yes,No,No,No,No,No,4,1114
3312-UUMZW,Yes,Yes,Fiber optic,No,Yes,No,No,Yes,Yes,Yes,No,6,1115
1271-UODNO,Yes,Yes,DSL,No,No,No,Yes,No,No,No,Yes,4,1116
8461-EFQYM,Yes,Yes,No,No internet service,No internet service,No internet service,No internet service,No internet service,No internet service,No,No,2,1117
6900-RBKER,Yes,Yes,Fiber optic,No,No,Yes,No,No,Yes,Yes,No,5,1118
6891-JPYFF,Yes,Yes,Fiber optic,Yes,Yes,No,No,Yes,Yes,Yes,Yes,7,1119
1459-QNFQT,No,No phone service,DSL,Yes,No,Yes,Yes,Yes,Yes,Yes,Yes,6,1120
1047-NNCBF,Yes,No,Fiber optic,No,No,No,No,No,No,No,No,2,1121
3696-XRIEN,Yes,Yes,DSL,Yes,No,Yes,Yes,Yes,Yes,Yes,Yes,8,1122
4081-DYXAV,No,No phone service,DSL,No,No,No,No,Yes,Yes,Yes,No,3,1123
0074-HDKDG,Yes,No,DSL,Yes,Yes,Yes,No,No,No,No,Yes,5,1124
8791-GFXLZ,Yes,No,DSL,No,Yes,No,No,No,No,No,No,3,1125
8111-SLLHI,Yes,Yes,Fiber optic,No,Yes,Yes,No,Yes,Yes,Yes,No,7,1126
0927-LCSMG,Yes,No,Fiber optic,No,No,Yes,No,No,No,No,No,3,1127
9330-DHBFL,Yes,No,DSL,Yes,Yes,Yes,Yes,No,No,No,Yes,6,1128
0098-BOWSO,Yes,No,No,No internet service,No internet service,No internet service,No internet service,No internet service,No internet service,No,No,1,1129
3452-ABWRL,Yes,Yes,Fiber optic,No,No,No,No,Yes,No,Yes,No,4,1130
5859-HZYLF,Yes,No,No,No internet service,No internet service,No internet service,No internet service,No internet service,No internet service,No,No,1,1131
8257-RZAHR,Yes,Yes,DSL,Yes,No,No,No,Yes,No,Yes,Yes,5,1132
5293-WXJAK,Yes,Yes,Fiber optic,No,No,Yes,Yes,Yes,Yes,Yes,Yes,7,1133
3156-QLHBO,Yes,No,No,No internet service,No internet service,No internet service,No internet service,No internet service,No internet service,No,No,1,1134
2208-NQBCT,Yes,No,Fiber optic,Yes,Yes,No,No,No,No,No,Yes,4,1135
1779-PWPMG,Yes,Yes,Fiber optic,Yes,Yes,Yes,Yes,Yes,Yes,Yes,Yes,9,1136
6621-NRZAK,Yes,No,No,No internet service,No internet service,No internet service,No internet service,No internet service,No internet service,No,No,1,1137
0831-JNISG,Yes,No,No,No internet service,No internet service,No internet service,No internet service,No internet service,No internet service,No,No,1,1138
0774-IFUVM,Yes,Yes,DSL,Yes,No,No,No,Yes,No,Yes,Yes,5,1139
3082-WQRVY,Yes,No,No,No internet service,No internet service,No internet service,No internet service,No internet service,No internet service,No,No,1,1140
9553-DLCLU,Yes,Yes,DSL,Yes,Yes,Yes,Yes,Yes,Yes,Yes,Yes,9,1141
1641-BYBTK,Yes,No,No,No internet service,No internet service,No internet service,No internet service,No internet service,No internet service,No,No,1,1142
2460-NGXBJ,Yes,Yes,Fiber optic,No,No,No,No,No,No,No,No,3,1143
2446-ZKVAF,Yes,Yes,DSL,No,Yes,No,No,No,No,No,No,4,1144
0841-NULXI,No,No phone service,DSL,No,No,No,No,No,Yes,Yes,No,2,1145
3522-CDKHF,Yes,No,Fiber optic,Yes,No,No,No,No,No,No,Yes,3,1146
1430-SFQSA,No,No phone service,DSL,Yes,No,No,Yes,No,No,No,Yes,3,1147
0411-EZJZE,Yes,Yes,DSL,No,No,No,No,Yes,No,Yes,No,4,1148
7851-WZEKY,Yes,Yes,Fiber optic,No,No,No,No,Yes,Yes,Yes,No,5,1149
8844-TONUD,Yes,No,Fiber optic,No,No,Yes,No,Yes,Yes,Yes,No,5,1150
8807-ARQET,No,No phone service,DSL,No,Yes,No,No,No,Yes,Yes,No,3,1151
8992-CEUEN,Yes,No,No,No internet service,No internet service,No internet service,No internet service,No internet service,No internet service,No,No,1,1152
4320-QMLLA,Yes,No,DSL,No,No,No,No,Yes,No,Yes,No,3,1153
8777-PVYGU,Yes,No,DSL,Yes,No,Yes,No,Yes,No,Yes,Yes,5,1154
8292-ITGYJ,Yes,Yes,No,No internet service,No internet service,No internet service,No internet service,No internet service,No internet service,No,No,2,1155
6870-ZWMNX,Yes,Yes,DSL,No,Yes,Yes,Yes,Yes,No,Yes,Yes,7,1156
0621-CXBKL,Yes,No,No,No internet service,No internet service,No internet service,No internet service,No internet service,No internet service,No,No,1,1157
5268-DSMNQ,Yes,Yes,Fiber optic,No,Yes,Yes,No,Yes,No,Yes,No,6,1158
5334-JLAXU,Yes,Yes,Fiber optic,Yes,Yes,No,No,No,Yes,Yes,Yes,6,1159
4086-YQSNZ,Yes,No,Fiber optic,No,No,No,No,Yes,No,Yes,No,3,1160
6242-MBHPK,Yes,No,Fiber optic,Yes,No,No,No,Yes,Yes,Yes,Yes,5,1161
5868-CZJDR,No,No phone service,DSL,No,Yes,No,No,No,No,No,No,2,1162
9359-UGBTK,Yes,No,DSL,Yes,No,Yes,Yes,No,Yes,Yes,Yes,6,1163
0135-NMXAP,Yes,Yes,Fiber optic,No,Yes,No,No,Yes,No,Yes,No,5,1164
4782-OSFXZ,Yes,Yes,DSL,Yes,Yes,Yes,Yes,No,Yes,Yes,Yes,8,1165
6479-OAUSD,Yes,No,No,No internet service,No internet service,No internet service,No internet service,No internet service,No internet service,No,No,1,1166
7129-ACFOG,Yes,Yes,DSL,Yes,No,No,No,No,No,No,Yes,4,1167
4189-NAKJS,Yes,Yes,DSL,No,No,No,No,No,No,No,No,3,1168
5562-BETPV,Yes,No,No,No internet service,No internet service,No internet service,No internet service,No internet service,No internet service,No,No,1,1169
1282-IHQAC,No,No phone service,DSL,No,Yes,Yes,No,Yes,No,Yes,No,4,1170
9127-FHJBZ,Yes,Yes,Fiber optic,Yes,Yes,Yes,Yes,Yes,Yes,Yes,Yes,9,1171
6270-OMFIW,Yes,No,Fiber optic,No,Yes,No,No,Yes,Yes,Yes,No,5,1172
1641-RQDAY,Yes,Yes,Fiber optic,No,Yes,No,No,Yes,Yes,Yes,No,6,1173
0107-WESLM,Yes,No,No,No internet service,No internet service,No internet service,No internet service,No internet service,No internet service,No,No,1,1174
6994-ORCWG,Yes,Yes,DSL,No,Yes,No,No,No,No,No,No,4,1175
1346-UFHAX,Yes,Yes,Fiber optic,Yes,No,No,No,No,No,No,Yes,4,1176
3992-YWPKO,Yes,Yes,Fiber optic,No,Yes,Yes,Yes,Yes,Yes,Yes,Yes,8,1177
2933-XEUJM,Yes,Yes,DSL,Yes,No,Yes,No,Yes,Yes,Yes,Yes,7,1178
0125-LZQXK,Yes,No,Fiber optic,No,No,Yes,Yes,Yes,Yes,Yes,Yes,6,1179
5461-QKNTN,Yes,Yes,Fiber optic,No,Yes,No,Yes,Yes,No,Yes,Yes,6,1180
4835-YSJMR,Yes,No,DSL,No,No,No,Yes,No,No,No,Yes,3,1181
8399-YNDCH,Yes,No,DSL,No,No,Yes,No,Yes,No,Yes,No,4,1182
3164-YAXFY,No,No phone service,DSL,Yes,No,Yes,No,Yes,Yes,Yes,Yes,5,1183
0887-WBJVH,Yes,No,Fiber optic,No,No,No,Yes,Yes,Yes,Yes,Yes,5,1184
4660-IRIBM,Yes,No,Fiber optic,Yes,No,Yes,No,Yes,No,Yes,Yes,5,1185
5673-FSSMF,Yes,Yes,DSL,No,No,No,No,No,Yes,Yes,No,4,1186
7670-ZBPOQ,Yes,Yes,DSL,Yes,No,No,Yes,No,No,No,Yes,5,1187
8089-UZWLX,Yes,Yes,Fiber optic,No,No,Yes,No,Yes,Yes,Yes,No,6,1188
0080-OROZO,Yes,No,Fiber optic,No,No,Yes,Yes,Yes,Yes,Yes,Yes,6,1189
3916-NRPAP,Yes,No,Fiber optic,No,No,Yes,No,No,Yes,Yes,No,4,1190
6807-SIWJI,Yes,Yes,Fiber optic,Yes,Yes,No,No,Yes,Yes,Yes,Yes,7,1191
8221-HVAYI,Yes,Yes,DSL,Yes,Yes,Yes,Yes,No,No,No,Yes,7,1192
1579-KLYDT,Yes,Yes,Fiber optic,No,No,Yes,No,Yes,No,Yes,No,5,1193
5232-NXPAY,Yes,No,DSL,No,No,Yes,Yes,Yes,Yes,Yes,Yes,6,1194
8967-SZQAS,Yes,No,DSL,No,Yes,No,No,No,No,No,No,3,1195
4468-KAZHE,Yes,No,DSL,No,Yes,No,No,No,Yes,Yes,No,4,1196
0455-ENTCR,Yes,Yes,DSL,Yes,Yes,No,Yes,Yes,Yes,Yes,Yes,8,1197
8944-AILEF,Yes,No,No,No internet service,No internet service,No internet service,No internet service,No internet service,No internet service,No,No,1,1198
5542-NKVRU,Yes,No,No,No internet service,No internet service,No internet service,No internet service,No internet service,No internet service,No,No,1,1199
7126-RBHSD,Yes,Yes,Fiber optic,Yes,No,No,No,No,No,No,Yes,4,1200
5370-IIVVL,Yes,Yes,Fiber optic,No,Yes,No,Yes,Yes,Yes,Yes,Yes,7,1201
6789-HJBWG,Yes,No,DSL,No,Yes,No,No,No,No,No,No,3,1202
3927-NLNRY,Yes,No,Fiber optic,No,Yes,No,No,Yes,Yes,Yes,No,5,1203
9087-EYCPR,Yes,Yes,No,No internet service,No internet service,No internet service,No internet service,No internet service,No internet service,No,No,2,1204
6791-YBNAK,No,No phone service,DSL,No,No,No,No,No,No,No,No,1,1205
6358-LYNGM,Yes,Yes,Fiber optic,No,No,No,No,No,No,No,No,3,1206
6077-BDPXA,Yes,No,Fiber optic,No,No,No,No,No,No,No,No,2,1207
0013-MHZWF,Yes,No,DSL,No,No,No,Yes,Yes,Yes,Yes,Yes,5,1208
5494-HECPR,Yes,No,Fiber optic,No,No,No,No,Yes,No,Yes,No,3,1209
8268-YDIXR,Yes,Yes,Fiber optic,Yes,Yes,Yes,No,No,No,No,Yes,6,1210
9824-BEMCV,Yes,No,Fiber optic,No,No,No,No,No,No,No,No,2,1211
1373-ORVIZ,Yes,Yes,DSL,No,No,No,Yes,No,Yes,Yes,Yes,5,1212
4291-SHSBH,Yes,No,Fiber optic,No,No,No,No,No,No,No,No,2,1213
6980-IMXXE,Yes,No,No,No internet service,No internet service,No internet service,No internet service,No internet service,No internet service,No,No,1,1214
9866-QEVEE,Yes,Yes,Fiber optic,No,No,No,No,No,Yes,Yes,No,4,1215
9897-KXHCM,Yes,No,Fiber optic,No,No,No,No,No,Yes,Yes,No,3,1216
0040-HALCW,Yes,No,No,No internet service,No internet service,No internet service,No internet service,No internet service,No internet service,No,No,1,1217
0784-GTUUK,Yes,Yes,No,No internet service,No internet service,No internet service,No internet service,No internet service,No internet service,No,No,2,1218
7979-CORPM,Yes,Yes,Fiber optic,No,Yes,No,No,Yes,No,Yes,No,5,1219
2294-DMMUS,Yes,Yes,DSL,No,No,No,No,Yes,Yes,Yes,No,5,1220
0872-JCPIB,Yes,Yes,DSL,Yes,No,No,No,No,Yes,Yes,Yes,5,1221
3055-MJDSB,No,No phone service,DSL,No,No,No,No,No,No,No,No,1,1222
9091-WTUUY,Yes,No,DSL,Yes,No,Yes,Yes,Yes,No,Yes,Yes,6,1223
1618-CFHME,Yes,Yes,Fiber optic,No,No,No,No,No,No,No,No,3,1224
3165-HDOEW,Yes,No,DSL,No,No,No,No,No,No,No,No,2,1225
6581-NQCBA,No,No phone service,DSL,No,No,No,Yes,Yes,Yes,Yes,Yes,4,1226
7115-IRDHS,Yes,Yes,No,No internet service,No internet service,No internet service,No internet service,No internet service,No internet service,No,No,2,1227
8496-DMZUK,Yes,Yes,Fiber optic,Yes,Yes,Yes,No,No,No,No,Yes,6,1228
2040-VZIKE,Yes,Yes,Fiber optic,Yes,No,No,No,Yes,Yes,Yes,Yes,6,1229
9068-VPWQQ,Yes,Yes,DSL,Yes,No,Yes,Yes,No,Yes,Yes,Yes,7,1230
0178-SZBHO,Yes,Yes,Fiber optic,No,Yes,No,No,Yes,No,Yes,No,5,1231
0384-RVBPI,Yes,No,DSL,Yes,No,Yes,No,No,Yes,Yes,Yes,5,1232
1689-MRZQR,Yes,No,Fiber optic,No,No,No,No,Yes,No,Yes,No,3,1233
1299-AURJA,Yes,Yes,No,No internet service,No internet service,No internet service,No internet service,No internet service,No internet service,No,No,2,1234
4525-VZCZG,Yes,No,Fiber optic,Yes,Yes,No,Yes,Yes,Yes,Yes,Yes,7,1235
1543-LLLFT,Yes,Yes,Fiber optic,No,Yes,Yes,Yes,Yes,No,Yes,Yes,7,1236
5835-BEQEU,Yes,Yes,Fiber optic,No,No,No,No,No,No,No,No,3,1237
2788-CJQAQ,Yes,No,No,No internet service,No internet service,No internet service,No internet service,No internet service,No internet service,No,No,1,1238
5565-FILXA,Yes,Yes,Fiber optic,No,No,No,No,Yes,Yes,Yes,No,5,1239
0319-QZTCO,Yes,No,DSL,No,Yes,No,No,Yes,No,Yes,No,4,1240
2120-SMPEX,Yes,No,No,No internet service,No internet service,No internet service,No internet service,No internet service,No internet service,No,No,1,1241
0096-FCPUF,Yes,Yes,DSL,Yes,No,No,No,No,Yes,Yes,Yes,5,1242
0668-OGMHD,No,No phone service,DSL,Yes,No,No,No,No,No,No,Yes,2,1243
5552-ZNFSJ,Yes,No,DSL,No,No,No,No,No,No,No,No,2,1244
2223-KAGMX,Yes,No,No,No internet service,No internet service,No internet service,No internet service,No internet service,No internet service,No,No,1,1245
6507-ZJSUR,Yes,No,Fiber optic,No,No,No,No,Yes,Yes,Yes,No,4,1246
9408-HRXRK,Yes,Yes,Fiber optic,Yes,Yes,No,No,Yes,Yes,Yes,Yes,7,1247
5593-SUAOO,Yes,Yes,Fiber optic,No,Yes,Yes,No,No,No,No,No,5,1248
7321-PKUYW,Yes,Yes,Fiber optic,No,No,No,Yes,Yes,No,Yes,Yes,5,1249
2833-SLKDQ,Yes,No,DSL,No,No,No,No,No,No,No,No,2,1250
6766-HFKLA,Yes,Yes,Fiber optic,No,No,Yes,Yes,Yes,Yes,Yes,Yes,7,1251
7595-EUIVN,Yes,No,Fiber optic,No,Yes,No,No,No,No,No,No,3,1252
7617-EYGLW,Yes,No,No,No internet service,No internet service,No internet service,No internet service,No internet service,No internet service,No,No,1,1253
2026-TGDHM,Yes,No,Fiber optic,No,No,No,No,No,Yes,Yes,No,3,1254
9220-ZNKJI,Yes,No,Fiber optic,No,No,Yes,Yes,Yes,No,Yes,Yes,5,1255
4030-VPZBD,No,No phone service,DSL,No,No,No,Yes,No,No,No,Yes,2,1256
2226-ICFDO,Yes,Yes,DSL,Yes,No,Yes,Yes,Yes,Yes,Yes,Yes,8,1257
0723-VSOBE,No,No phone service,DSL,No,No,No,No,No,Yes,Yes,No,2,1258
5529-GIBVH,Yes,No,No,No internet service,No internet service,No internet service,No internet service,No internet service,No internet service,No,No,1,1259
4187-CINZD,Yes,No,Fiber optic,No,Yes,No,No,Yes,Yes,Yes,No,5,1260
9992-UJOEL,Yes,No,DSL,No,Yes,No,No,No,No,No,No,3,1261
4741-WWJQZ,Yes,No,Fiber optic,Yes,No,No,Yes,No,No,No,Yes,4,1262
6625-UTXEW,Yes,No,DSL,No,Yes,No,No,No,No,No,No,3,1263
6818-WOBHJ,Yes,Yes,Fiber optic,No,Yes,No,No,No,Yes,Yes,No,5,1264
6244-BESBM,Yes,No,Fiber optic,No,No,No,Yes,Yes,Yes,Yes,Yes,5,1265
1004-NOZNR,Yes,No,Fiber optic,Yes,No,No,No,Yes,Yes,Yes,Yes,5,1266
1251-STYSZ,Yes,Yes,Fiber optic,Yes,No,No,No,No,No,No,Yes,4,1267
2612-PHGOX,Yes,Yes,DSL,No,Yes,Yes,Yes,Yes,No,Yes,Yes,7,1268
2408-TZMJL,Yes,Yes,Fiber optic,Yes,Yes,Yes,No,Yes,Yes,Yes,Yes,8,1269
8480-PPONV,Yes,Yes,Fiber optic,Yes,Yes,Yes,Yes,Yes,Yes,Yes,Yes,9,1270
8780-IHCRN,Yes,Yes,No,No internet service,No internet service,No internet service,No internet service,No internet service,No internet service,No,No,2,1271
4598-ZADCK,No,No phone service,DSL,Yes,Yes,Yes,Yes,Yes,No,Yes,Yes,6,1272
1257-SXUXQ,Yes,No,No,No internet service,No internet service,No internet service,No internet service,No internet service,No internet service,No,No,1,1273
9681-KYGYB,Yes,Yes,Fiber optic,Yes,Yes,Yes,No,No,No,No,Yes,6,1274
7182-OVLBJ,Yes,Yes,Fiber optic,Yes,No,No,No,Yes,Yes,Yes,Yes,6,1275
5095-ETBRJ,Yes,No,DSL,Yes,Yes,No,Yes,No,No,No,Yes,5,1276
7005-CYUIL,Yes,No,Fiber optic,Yes,Yes,Yes,Yes,Yes,No,Yes,Yes,7,1277
4821-WQOYN,Yes,No,No,No internet service,No internet service,No internet service,No internet service,No internet service,No internet service,No,No,1,1278
4730-AWNAU,No,No phone service,DSL,Yes,No,Yes,Yes,Yes,Yes,Yes,Yes,6,1279
3452-FLHYD,Yes,No,No,No internet service,No internet service,No internet service,No internet service,No internet service,No internet service,No,No,1,1280
2388-LAESQ,Yes,Yes,Fiber optic,Yes,Yes,Yes,Yes,Yes,Yes,Yes,Yes,9,1281
9531-NSBMR,Yes,No,No,No internet service,No internet service,No internet service,No internet service,No internet service,No internet service,No,No,1,1282
6260-ONULR,Yes,No,DSL,No,No,No,No,Yes,Yes,Yes,No,4,1283
4389-UEFCZ,Yes,Yes,Fiber optic,Yes,No,Yes,No,Yes,Yes,Yes,Yes,7,1284
8711-LOBKY,Yes,No,No,No internet service,No internet service,No internet service,No internet service,No internet service,No internet service,No,No,1,1285
9134-CEQMF,Yes,No,Fiber optic,No,No,No,No,Yes,Yes,Yes,No,4,1286
8985-OOPOS,Yes,No,DSL,No,No,Yes,Yes,Yes,Yes,Yes,Yes,6,1287
8800-ZKRFW,Yes,Yes,Fiber optic,No,Yes,Yes,Yes,Yes,Yes,Yes,Yes,8,1288
2616-FLVQC,Yes,No,No,No internet service,No internet service,No internet service,No internet service,No internet service,No internet service,No,No,1,1289
9968-FFVVH,Yes,Yes,DSL,Yes,Yes,Yes,Yes,No,No,No,Yes,7,1290
3108-PCCGG,Yes,Yes,DSL,Yes,Yes,Yes,No,Yes,Yes,Yes,Yes,8,1291
7993-PYKOF,Yes,No,Fiber optic,Yes,No,No,No,No,No,No,Yes,3,1292
8390-FESFV,Yes,Yes,DSL,No,Yes,Yes,Yes,Yes,Yes,Yes,Yes,8,1293
3022-BEXHZ,Yes,Yes,Fiber optic,No,Yes,Yes,Yes,Yes,Yes,Yes,Yes,8,1294
5027-XWQHA,Yes,No,DSL,No,No,No,No,No,No,No,No,2,1295
6248-TKCQV,Yes,Yes,DSL,Yes,No,No,Yes,Yes,Yes,Yes,Yes,7,1296
6729-GDNGC,Yes,No,Fiber optic,No,No,No,No,Yes,No,Yes,No,3,1297
6198-ZFIOJ,Yes,Yes,Fiber optic,No,No,No,No,No,No,No,No,3,1298
5989-OMNJE,No,No phone service,DSL,Yes,Yes,Yes,No,Yes,Yes,Yes,Yes,6,1299
4566-QVRRW,Yes,No,DSL,No,No,No,No,No,No,No,No,2,1300
1291-CUOCY,Yes,Yes,Fiber optic,No,Yes,Yes,Yes,Yes,Yes,Yes,Yes,8,1301
9795-SHUHB,Yes,No,DSL,Yes,Yes,No,Yes,No,No,No,Yes,5,1302
3230-IUALN,Yes,No,DSL,Yes,No,Yes,Yes,Yes,Yes,Yes,Yes,7,1303
0042-RLHYP,Yes,No,No,No internet service,No internet service,No internet service,No internet service,No internet service,No internet service,No,No,1,1304
8519-IMDHU,Yes,Yes,Fiber optic,No,No,No,No,No,Yes,Yes,No,4,1305
4945-RVMTE,Yes,No,DSL,No,No,Yes,No,Yes,No,Yes,No,4,1306
0201-OAMXR,Yes,Yes,Fiber optic,Yes,Yes,Yes,Yes,Yes,Yes,Yes,Yes,9,1307
1866-NXPSP,Yes,No,DSL,Yes,Yes,Yes,Yes,No,Yes,Yes,Yes,7,1308
3372-KWFBM,Yes,Yes,Fiber optic,No,No,No,No,Yes,No,Yes,No,4,1309
7831-QGOXH,Yes,Yes,Fiber optic,No,No,No,No,Yes,No,Yes,No,4,1310
6393-WRYZE,Yes,Yes,Fiber optic,No,No,No,No,Yes,Yes,Yes,No,5,1311
3941-XTSKM,No,No phone service,DSL,No,Yes,Yes,No,No,Yes,Yes,No,4,1312
1661-CZBAU,Yes,Yes,DSL,Yes,No,No,Yes,No,Yes,Yes,Yes,6,1313
6599-RCLCJ,Yes,Yes,Fiber optic,No,Yes,Yes,Yes,Yes,Yes,Yes,Yes,8,1314
9831-BPFRI,Yes,Yes,Fiber optic,No,Yes,Yes,Yes,No,No,No,Yes,6,1315
5158-RIVOP,Yes,No,No,No internet service,No internet service,No internet service,No internet service,No internet service,No internet service,No,No,1,1316
9788-YTFGE,Yes,No,No,No internet service,No internet service,No internet service,No internet service,No internet service,No internet service,No,No,1,1317
9277-JOOMO,Yes,Yes,No,No internet service,No internet service,No internet service,No internet service,No internet service,No internet service,No,No,2,1318
1907-YLNYW,Yes,No,DSL,Yes,No,Yes,No,No,Yes,Yes,Yes,5,1319
1725-MIMXW,Yes,No,No,No internet service,No internet service,No internet service,No internet service,No internet service,No internet service,No,No,1,1320
8947-YRTDV,Yes,No,Fiber optic,Yes,Yes,Yes,No,No,Yes,Yes,Yes,6,1321
3161-ONRWK,Yes,No,DSL,Yes,Yes,Yes,Yes,No,No,No,Yes,6,1322
0114-RSRRW,Yes,No,No,No internet service,No internet service,No internet service,No internet service,No internet service,No internet service,No,No,1,1323
4565-NLZBV,Yes,Yes,No,No internet service,No internet service,No internet service,No internet service,No internet service,No internet service,No,No,2,1324
0031-PVLZI,Yes,No,No,No internet service,No internet service,No internet service,No internet service,No internet service,No internet service,No,No,1,1325
7206-GZCDC,Yes,No,Fiber optic,No,No,No,No,No,No,No,No,2,1326
6682-VCIXC,No,No phone service,DSL,Yes,Yes,No,Yes,Yes,No,Yes,Yes,5,1327
4791-QRGMF,Yes,Yes,Fiber optic,No,No,Yes,No,Yes,Yes,Yes,No,6,1328
6475-VHUIZ,Yes,No,DSL,No,No,Yes,Yes,No,No,No,Yes,4,1329
3910-MRQOY,Yes,No,No,No internet service,No internet service,No internet service,No internet service,No internet service,No internet service,No,No,1,1330
0661-WCQNQ,Yes,No,DSL,Yes,No,No,Yes,No,No,No,Yes,4,1331
7537-RBWEA,No,No phone service,DSL,No,No,No,No,No,No,No,No,1,1332
4656-CAURT,Yes,Yes,No,No internet service,No internet service,No internet service,No internet service,No internet service,No internet service,No,No,2,1333
0121-SNYRK,No,No phone service,DSL,Yes,No,No,Yes,No,No,No,Yes,3,1334
1768-ZAIFU,No,No phone service,DSL,No,No,No,No,No,No,No,No,1,1335
4671-LXRDQ,Yes,No,DSL,No,No,No,No,No,No,No,No,2,1336
3733-LSYCE,Yes,No,Fiber optic,No,Yes,No,No,No,No,No,No,3,1337
6265-FRMTQ,Yes,No,No,No internet service,No internet service,No internet service,No internet service,No internet service,No internet service,No,No,1,1338
1934-SJVJK,Yes,No,No,No internet service,No internet service,No internet service,No internet service,No internet service,No internet service,No,No,1,1339
3838-OZURD,Yes,Yes,Fiber optic,No,Yes,Yes,No,Yes,Yes,Yes,No,7,1340
1371-DWPAZ,No,No phone service,DSL,Yes,Yes,Yes,Yes,Yes,No,Yes,Yes,6,1341
9269-CQOOL,Yes,No,DSL,No,No,No,No,Yes,No,Yes,No,3,1342
2017-CCBLH,Yes,No,No,No internet service,No internet service,No internet service,No internet service,No internet service,No internet service,No,No,1,1343
7690-KPNCU,Yes,No,DSL,Yes,No,Yes,No,Yes,Yes,Yes,Yes,6,1344
0536-BGFMZ,Yes,No,No,No internet service,No internet service,No internet service,No internet service,No internet service,No internet service,No,No,1,1345
2293-IJWPS,Yes,Yes,Fiber optic,No,No,Yes,No,Yes,Yes,Yes,No,6,1346
2845-HSJCY,Yes,Yes,Fiber optic,No,No,Yes,No,No,Yes,Yes,No,5,1347
5469-NUJUR,Yes,No,No,No internet service,No internet service,No internet service,No internet service,No internet service,No internet service,No,No,1,1348
1184-PJVDB,Yes,No,Fiber optic,No,No,No,No,Yes,No,Yes,No,3,1349
2625-TRCZQ,No,No phone service,DSL,No,Yes,No,No,Yes,Yes,Yes,No,4,1350
4102-HLENU,Yes,Yes,DSL,Yes,Yes,Yes,No,No,No,No,Yes,6,1351
7266-GSSJX,Yes,No,No,No internet service,No internet service,No internet service,No internet service,No internet service,No internet service,No,No,1,1352
7722-VJRQD,No,No phone service,DSL,Yes,No,Yes,Yes,Yes,Yes,Yes,Yes,6,1353
7073-QETQY,Yes,No,No,No internet service,No internet service,No internet service,No internet service,No internet service,No internet service,No,No,1,1354
9415-DPEWS,Yes,Yes,Fiber optic,No,No,No,Yes,Yes,No,Yes,Yes,5,1355
5624-RYAMH,Yes,No,No,No internet service,No internet service,No internet service,No internet service,No internet service,No internet service,No,No,1,1356
0196-JTUQI,Yes,Yes,Fiber optic,No,No,No,No,No,No,No,No,3,1357
7130-YXBRO,Yes,Yes,Fiber optic,Yes,Yes,Yes,No,Yes,Yes,Yes,Yes,8,1358
9272-LSVYH,Yes,No,Fiber optic,No,No,No,No,No,No,No,No,2,1359
7943-RQCHR,Yes,Yes,Fiber optic,No,No,No,No,Yes,Yes,Yes,No,5,1360
3793-MMFUH,Yes,Yes,Fiber optic,No,No,No,No,Yes,Yes,Yes,No,5,1361
3249-ZPQRG,Yes,Yes,Fiber optic,No,Yes,No,No,No,No,No,No,4,1362
2568-BRGYX,Yes,No,Fiber optic,No,No,No,No,No,No,No,No,2,1363
3084-DOWLE,Yes,Yes,DSL,Yes,Yes,Yes,Yes,Yes,Yes,Yes,Yes,9,1364
1084-MNSMJ,Yes,No,DSL,Yes,Yes,Yes,Yes,Yes,Yes,Yes,Yes,8,1365
7721-JXEAW,No,No phone service,DSL,No,Yes,No,No,No,Yes,Yes,No,3,1366
7249-WBIYX,Yes,Yes,Fiber optic,No,No,No,No,Yes,No,Yes,No,4,1367
4238-HFHSN,Yes,Yes,Fiber optic,No,Yes,No,No,No,No,No,No,4,1368
6250-CGGUN,Yes,No,Fiber optic,Yes,No,Yes,Yes,No,No,No,Yes,5,1369
5478-JJVZK,Yes,Yes,DSL,Yes,Yes,No,No,No,No,No,Yes,5,1370
7596-IIWYC,Yes,No,No,No internet service,No internet service,No internet service,No internet service,No internet service,No internet service,No,No,1,1371
6567-HOOPW,Yes,No,Fiber optic,No,No,No,No,Yes,No,Yes,No,3,1372
9793-WECQC,Yes,No,Fiber optic,No,Yes,No,No,Yes,Yes,Yes,No,5,1373
4291-HPAXL,Yes,No,No,No internet service,No internet service,No internet service,No internet service,No internet service,No internet service,No,No,1,1374
8999-YPYBV,Yes,No,DSL,Yes,Yes,Yes,Yes,Yes,Yes,Yes,Yes,8,1375
1839-FBNFR,Yes,No,No,No internet service,No internet service,No internet service,No internet service,No internet service,No internet service,No,No,1,1376
3164-AALRN,Yes,No,DSL,No,No,Yes,No,Yes,Yes,Yes,No,5,1377
3071-MVJCD,Yes,Yes,DSL,Yes,Yes,Yes,Yes,Yes,No,Yes,Yes,8,1378
1697-BCSHV,Yes,Yes,DSL,No,Yes,No,No,Yes,No,Yes,No,5,1379
0562-KBDVM,No,No phone service,DSL,Yes,Yes,Yes,Yes,No,No,No,Yes,5,1380
1131-SUEKT,Yes,No,Fiber optic,No,Yes,No,Yes,Yes,Yes,Yes,Yes,6,1381
3717-OEAUQ,Yes,No,Fiber optic,No,No,No,No,No,No,No,No,2,1382
4538-WNTMJ,Yes,Yes,No,No internet service,No internet service,No internet service,No internet service,No internet service,No internet service,No,No,2,1383
3334-CTHOL,Yes,Yes,DSL,No,No,No,No,No,No,No,No,3,1384
4704-ERYFC,Yes,No,Fiber optic,No,No,No,No,No,No,No,No,2,1385
9432-RUVSL,Yes,No,Fiber optic,Yes,No,Yes,Yes,Yes,Yes,Yes,Yes,7,1386
8060-HIWJJ,Yes,Yes,DSL,No,Yes,Yes,Yes,Yes,Yes,Yes,Yes,8,1387
7684-XSZIY,Yes,Yes,No,No internet service,No internet service,No internet service,No internet service,No internet service,No internet service,No,No,2,1388
9089-UOWJG,Yes,No,DSL,No,No,Yes,No,Yes,No,Yes,No,4,1389
8621-MNIHH,Yes,Yes,Fiber optic,No,Yes,Yes,No,No,Yes,Yes,No,6,1390
8039-ACLPL,Yes,No,DSL,Yes,Yes,Yes,No,No,Yes,Yes,Yes,6,1391
9885-AIBVB,Yes,Yes,Fiber optic,No,Yes,Yes,No,No,No,No,No,5,1392
1934-MKPXS,Yes,No,No,No internet service,No internet service,No internet service,No internet service,No internet service,No internet service,No,No,1,1393
2592-YKDIF,Yes,No,No,No internet service,No internet service,No internet service,No internet service,No internet service,No internet service,No,No,1,1394
2272-JKMSI,Yes,Yes,Fiber optic,No,Yes,Yes,Yes,Yes,Yes,Yes,Yes,8,1395
0471-LVHGK,Yes,Yes,DSL,No,No,Yes,No,Yes,Yes,Yes,No,6,1396
9518-RWHZL,Yes,Yes,Fiber optic,No,No,Yes,No,Yes,Yes,Yes,No,6,1397
8714-CTZJW,Yes,No,Fiber optic,No,No,Yes,No,No,Yes,Yes,No,4,1398
3569-EDBPQ,Yes,Yes,Fiber optic,Yes,No,No,Yes,No,No,No,Yes,5,1399
3131-NWVFJ,Yes,No,No,No internet service,No internet service,No internet service,No internet service,No internet service,No internet service,No,No,1,1400
7521-YXVZY,Yes,No,No,No internet service,No internet service,No internet service,No internet service,No internet service,No internet service,No,No,1,1401
5419-CONWX,Yes,No,Fiber optic,No,Yes,Yes,No,Yes,Yes,Yes,No,6,1402
6240-EURKS,No,No phone service,DSL,No,No,No,No,No,Yes,Yes,No,2,1403
2373-NTKOD,Yes,No,DSL,No,No,No,No,Yes,Yes,Yes,No,4,1404
1970-KKFWL,Yes,Yes,No,No internet service,No internet service,No internet service,No internet service,No internet service,No internet service,No,No,2,1405
6960-HVYXR,Yes,Yes,Fiber optic,No,No,No,No,No,No,No,No,3,1406
9337-SRRNI,Yes,Yes,No,No internet service,No internet service,No internet service,No internet service,No internet service,No internet service,No,No,2,1407
0895-UADGO,No,No phone service,DSL,Yes,No,No,Yes,No,Yes,Yes,Yes,4,1408
5678-VFNEQ,Yes,Yes,Fiber optic,Yes,No,Yes,No,Yes,Yes,Yes,Yes,7,1409
5977-CKHON,Yes,Yes,Fiber optic,No,No,Yes,No,No,Yes,Yes,No,5,1410
7024-OHCCK,Yes,Yes,Fiber optic,No,No,No,No,Yes,Yes,Yes,No,5,1411
2692-BUCFV,Yes,No,Fiber optic,No,Yes,Yes,No,Yes,Yes,Yes,No,6,1412
7861-UVUFT,Yes,No,Fiber optic,No,No,Yes,No,Yes,No,Yes,No,4,1413
1830-GGFNM,Yes,Yes,Fiber optic,Yes,Yes,Yes,Yes,No,No,No,Yes,7,1414
5302-BDJNT,Yes,Yes,Fiber optic,No,No,Yes,Yes,Yes,No,Yes,Yes,6,1415
5223-UZAVK,Yes,No,Fiber optic,Yes,Yes,No,No,Yes,Yes,Yes,Yes,6,1416
4859-ZSRDZ,No,No phone service,DSL,No,No,Yes,Yes,Yes,Yes,Yes,Yes,5,1417
5651-WYIPH,Yes,No,DSL,No,Yes,No,No,No,No,No,No,3,1418
9350-VLHMB,Yes,Yes,Fiber optic,No,Yes,No,No,No,Yes,Yes,No,5,1419
3498-LZGQZ,Yes,No,No,No internet service,No internet service,No internet service,No internet service,No internet service,No internet service,No,No,1,1420
8785-CJSHH,Yes,Yes,Fiber optic,No,Yes,No,No,Yes,Yes,Yes,No,6,1421
5357-TZHPP,Yes,Yes,Fiber optic,No,No,No,No,No,Yes,Yes,No,4,1422
3870-SPZSI,Yes,Yes,Fiber optic,Yes,Yes,Yes,Yes,Yes,Yes,Yes,Yes,9,1423
0680-DFNNY,Yes,Yes,Fiber optic,No,No,Yes,No,Yes,Yes,Yes,No,6,1424
7560-QRBXH,Yes,No,No,No internet service,No internet service,No internet service,No internet service,No internet service,No internet service,No,No,1,1425
7077-XJMET,Yes,No,DSL,No,No,Yes,Yes,Yes,Yes,Yes,Yes,6,1426
8752-GHJFU,Yes,Yes,Fiber optic,Yes,Yes,Yes,Yes,No,No,No,Yes,7,1427
6896-SRVYQ,Yes,No,Fiber optic,No,No,Yes,No,No,No,No,No,3,1428
7767-UXAGJ,Yes,Yes,DSL,No,No,No,No,No,No,No,No,3,1429
4652-ODEVH,Yes,Yes,No,No internet service,No internet service,No internet service,No internet service,No internet service,No internet service,No,No,2,1430
6510-UPNKS,Yes,Yes,No,No internet service,No internet service,No internet service,No internet service,No internet service,No internet service,No,No,2,1431
6718-BDGHG,Yes,Yes,DSL,No,No,No,Yes,Yes,No,Yes,Yes,5,1432
9046-DQMTP,Yes,No,No,No internet service,No internet service,No internet service,No internet service,No internet service,No internet service,No,No,1,1433
6439-LAJXL,Yes,No,DSL,Yes,Yes,No,Yes,Yes,No,Yes,Yes,6,1434
1571-SAVHK,Yes,Yes,Fiber optic,No,No,No,Yes,Yes,Yes,Yes,Yes,6,1435
9052-VKDUW,Yes,Yes,Fiber optic,Yes,Yes,Yes,No,Yes,Yes,Yes,Yes,8,1436
9546-CQJSU,Yes,Yes,Fiber optic,No,No,Yes,No,Yes,No,Yes,No,5,1437
1666-JZPZT,Yes,Yes,DSL,No,No,No,No,No,No,No,No,3,1438
5777-KJIRB,Yes,No,DSL,No,No,Yes,No,No,No,No,No,3,1439
0506-LVNGN,Yes,No,Fiber optic,No,No,Yes,No,No,No,No,No,3,1440
7677-SJJJK,Yes,No,No,No internet service,No internet service,No internet service,No internet service,No internet service,No internet service,No,No,1,1441
2480-EJWYP,Yes,Yes,Fiber optic,No,Yes,No,No,Yes,Yes,Yes,No,6,1442
3253-HKOKL,Yes,No,Fiber optic,Yes,No,Yes,No,Yes,Yes,Yes,Yes,6,1443
7055-HNEOJ,Yes,No,DSL,No,No,Yes,Yes,No,No,No,Yes,4,1444
5514-YQENT,Yes,No,Fiber optic,Yes,Yes,Yes,Yes,Yes,Yes,Yes,Yes,8,1445
3211-AAPKX,Yes,Yes,Fiber optic,No,No,No,Yes,Yes,Yes,Yes,Yes,6,1446
8445-DNBAE,Yes,Yes,DSL,No,No,No,No,No,No,No,No,3,1447
2951-QOQTK,Yes,Yes,Fiber optic,No,No,No,Yes,No,No,No,Yes,4,1448
2958-NHPPS,Yes,No,No,No internet service,No internet service,No internet service,No internet service,No internet service,No internet service,No,No,1,1449
6806-YDEUL,Yes,No,No,No internet service,No internet service,No internet service,No internet service,No internet service,No internet service,No,No,1,1450
1735-XMJVH,Yes,No,No,No internet service,No internet service,No internet service,No internet service,No internet service,No internet service,No,No,1,1451
6890-PFRQX,Yes,Yes,DSL,Yes,No,Yes,No,Yes,No,Yes,Yes,6,1452
0222-CNVPT,No,No phone service,DSL,Yes,No,No,No,Yes,Yes,Yes,Yes,4,1453
5899-OUVKV,Yes,No,Fiber optic,No,Yes,No,No,Yes,Yes,Yes,No,5,1454
8681-ICONS,Yes,No,No,No internet service,No internet service,No internet service,No internet service,No internet service,No internet service,No,No,1,1455
1621-YNCJH,Yes,Yes,Fiber optic,Yes,Yes,Yes,Yes,No,Yes,Yes,Yes,8,1456
3473-XIIIT,Yes,Yes,Fiber optic,No,Yes,No,No,Yes,Yes,Yes,No,6,1457
6362-QHAFM,Yes,Yes,Fiber optic,No,No,Yes,Yes,Yes,Yes,Yes,Yes,7,1458
7893-IXHRQ,Yes,No,No,No internet service,No internet service,No internet service,No internet service,No internet service,No internet service,No,No,1,1459
3070-BDOQC,Yes,No,Fiber optic,No,Yes,Yes,No,Yes,Yes,Yes,No,6,1460
2952-QAYZF,Yes,Yes,Fiber optic,No,Yes,Yes,No,No,No,No,No,5,1461
6234-PFPXL,Yes,Yes,Fiber optic,Yes,No,No,Yes,Yes,No,Yes,Yes,6,1462
9824-QCJPK,Yes,No,No,No internet service,No internet service,No internet service,No internet service,No internet service,No internet service,No,No,1,1463
4763-PGDPO,Yes,No,Fiber optic,No,No,No,No,No,No,No,No,2,1464
4283-IVYCI,Yes,No,DSL,Yes,No,No,Yes,No,Yes,Yes,Yes,5,1465
1866-OBPNR,Yes,No,Fiber optic,No,Yes,No,No,No,No,No,No,3,1466
8205-MQUGY,Yes,No,DSL,Yes,No,No,No,No,No,No,Yes,3,1467
8970-ANWXO,Yes,Yes,DSL,No,No,No,Yes,Yes,Yes,Yes,Yes,6,1468
9480-BQJEI,Yes,Yes,Fiber optic,Yes,Yes,No,No,No,Yes,Yes,Yes,6,1469
5394-SVGJV,Yes,Yes,Fiber optic,No,No,No,Yes,Yes,Yes,Yes,Yes,6,1470
6979-TNDEU,Yes,No,No,No internet service,No internet service,No internet service,No internet service,No internet service,No internet service,No,No,1,1471
9777-WJJPR,Yes,Yes,Fiber optic,No,No,Yes,No,Yes,No,Yes,No,5,1472
9283-LZQOH,Yes,Yes,Fiber optic,No,No,No,No,No,No,No,No,3,1473
7079-QRCBC,Yes,Yes,Fiber optic,No,No,Yes,No,Yes,Yes,Yes,No,6,1474
9495-SKLKD,Yes,Yes,Fiber optic,No,Yes,Yes,No,No,Yes,Yes,No,6,1475
6048-UWKAL,Yes,Yes,Fiber optic,No,Yes,No,Yes,Yes,Yes,Yes,Yes,7,1476
5067-DGXLL,Yes,No,No,No internet service,No internet service,No internet service,No internet service,No internet service,No internet service,No,No,1,1477
5469-CTCWN,Yes,Yes,Fiber optic,Yes,Yes,No,No,Yes,Yes,Yes,Yes,7,1478
9851-QXEEQ,Yes,Yes,Fiber optic,No,Yes,Yes,No,Yes,Yes,Yes,No,7,1479
6281-FKEWS,No,No phone service,DSL,No,No,Yes,No,Yes,Yes,Yes,No,4,1480
8898-KASCD,No,No phone service,DSL,No,No,Yes,Yes,No,No,No,Yes,3,1481
9242-TKFSV,No,No phone service,DSL,Yes,Yes,Yes,Yes,Yes,Yes,Yes,Yes,7,1482
9290-SHCMB,Yes,No,Fiber optic,No,No,Yes,No,Yes,Yes,Yes,No,5,1483
0743-HNPFG,Yes,No,DSL,Yes,Yes,No,Yes,No,Yes,Yes,Yes,6,1484
2277-BKJKN,Yes,No,Fiber optic,No,Yes,Yes,No,Yes,Yes,Yes,No,6,1485
9809-IMGCQ,Yes,Yes,Fiber optic,No,No,No,No,Yes,Yes,Yes,No,5,1486
5208-HFSBT,Yes,No,DSL,No,Yes,No,Yes,No,No,No,Yes,4,1487
5035-PGZXH,Yes,Yes,Fiber optic,No,Yes,Yes,No,Yes,Yes,Yes,No,7,1488
8695-WDYEA,Yes,No,DSL,Yes,No,No,No,No,No,No,Yes,3,1489
6543-JXSOO,Yes,No,DSL,Yes,Yes,No,Yes,No,No,No,Yes,5,1490
8016-ZMGMO,Yes,Yes,DSL,No,Yes,Yes,No,Yes,No,Yes,No,6,1491
8605-ITULD,Yes,No,No,No internet service,No internet service,No internet service,No internet service,No internet service,No internet service,No,No,1,1492
3254-YRILK,Yes,Yes,Fiber optic,No,Yes,No,No,Yes,No,Yes,No,5,1493
6416-YJTTB,Yes,No,Fiber optic,Yes,No,Yes,No,No,No,No,Yes,4,1494
2667-WYLWJ,Yes,No,No,No internet service,No internet service,No internet service,No internet service,No internet service,No internet service,No,No,1,1495
4472-VESGY,Yes,Yes,Fiber optic,Yes,Yes,Yes,No,No,Yes,Yes,Yes,7,1496
3195-TQDZX,Yes,No,No,No internet service,No internet service,No internet service,No internet service,No internet service,No internet service,No,No,1,1497
3128-YOVTD,Yes,No,Fiber optic,Yes,Yes,No,No,No,No,No,Yes,4,1498
0529-ONKER,Yes,Yes,Fiber optic,No,No,No,No,No,No,No,No,3,1499
1728-CXQBE,Yes,Yes,Fiber optic,No,Yes,Yes,No,No,Yes,Yes,No,6,1500
7041-TXQJH,No,No phone service,DSL,No,No,Yes,No,No,Yes,Yes,No,3,1501
5014-GSOUQ,Yes,No,No,No internet service,No internet service,No internet service,No internet service,No internet service,No internet service,No,No,1,1502
5724-BIDBU,Yes,Yes,DSL,Yes,No,No,No,No,No,No,Yes,4,1503
0481-SUMCB,Yes,Yes,Fiber optic,No,No,Yes,No,Yes,Yes,Yes,No,6,1504
1769-GRUIK,Yes,No,Fiber optic,No,No,No,No,No,No,No,No,2,1505
5240-IJOQT,Yes,Yes,Fiber optic,No,No,No,No,No,No,No,No,3,1506
8819-WFGGJ,No,No phone service,DSL,Yes,No,Yes,No,Yes,Yes,Yes,Yes,5,1507
7427-AUFPY,Yes,No,No,No internet service,No internet service,No internet service,No internet service,No internet service,No internet service,No,No,1,1508
2811-POVEX,Yes,No,Fiber optic,No,Yes,Yes,No,No,Yes,Yes,No,5,1509
1092-GANHU,Yes,No,Fiber optic,No,No,Yes,No,No,No,No,No,3,1510
7898-PDWQE,Yes,Yes,DSL,Yes,Yes,Yes,Yes,No,Yes,Yes,Yes,8,1511
9972-EWRJS,Yes,No,No,No internet service,No internet service,No internet service,No internet service,No internet service,No internet service,No,No,1,1512
9314-IJWSQ,Yes,Yes,Fiber optic,No,No,No,No,Yes,No,Yes,No,4,1513
0661-XEYAN,No,No phone service,DSL,No,No,No,No,No,No,No,No,1,1514
5799-JRCZO,Yes,No,No,No internet service,No internet service,No internet service,No internet service,No internet service,No internet service,No,No,1,1515
1921-KYSAY,Yes,Yes,DSL,No,No,Yes,Yes,No,Yes,Yes,Yes,6,1516
6198-RTPMF,Yes,Yes,Fiber optic,No,No,No,No,Yes,Yes,Yes,No,5,1517
2924-KHUVI,Yes,Yes,Fiber optic,Yes,No,No,No,Yes,Yes,Yes,Yes,6,1518
1925-GMVBW,Yes,No,No,No internet service,No internet service,No internet service,No internet service,No internet service,No internet service,No,No,1,1519
7881-EVUAD,No,No phone service,DSL,Yes,Yes,No,No,No,Yes,Yes,Yes,4,1520
6184-DYUOB,Yes,No,No,No internet service,No internet service,No internet service,No internet service,No internet service,No internet service,No,No,1,1521
9207-ZPANB,Yes,Yes,DSL,Yes,Yes,Yes,Yes,No,No,No,Yes,7,1522
5766-XQXMQ,Yes,No,DSL,Yes,Yes,Yes,No,No,Yes,Yes,Yes,6,1523
9327-QSDED,Yes,No,DSL,No,No,No,No,No,No,No,No,2,1524
1656-DRSMG,Yes,Yes,Fiber optic,No,Yes,Yes,Yes,Yes,Yes,Yes,Yes,8,1525
3012-VFFMN,Yes,No,No,No internet service,No internet service,No internet service,No internet service,No internet service,No internet service,No,No,1,1526
2984-AFWNC,Yes,No,Fiber optic,No,Yes,No,No,Yes,Yes,Yes,No,5,1527
0640-YJTPY,Yes,No,No,No internet service,No internet service,No internet service,No internet service,No internet service,No internet service,No,No,1,1528
8096-LOIST,Yes,No,DSL,No,No,No,No,No,Yes,Yes,No,3,1529
9764-REAFF,Yes,No,No,No internet service,No internet service,No internet service,No internet service,No internet service,No internet service,No,No,1,1530
3703-VAVCL,Yes,No,Fiber optic,No,No,Yes,Yes,No,Yes,Yes,Yes,5,1531
7107-UBYKY,Yes,Yes,No,No internet service,No internet service,No internet service,No internet service,No internet service,No internet service,No,No,2,1532
4881-GQJTW,Yes,No,No,No internet service,No internet service,No internet service,No internet service,No internet service,No internet service,No,No,1,1533
8519-QJGJD,Yes,No,Fiber optic,No,No,Yes,No,No,No,No,No,3,1534
7876-DNYAP,Yes,No,No,No internet service,No internet service,No internet service,No internet service,No internet service,No internet service,No,No,1,1535
7905-NJMXS,Yes,Yes,DSL,Yes,Yes,No,Yes,No,No,No,Yes,6,1536
2882-WDTBA,Yes,No,DSL,Yes,Yes,Yes,Yes,Yes,No,Yes,Yes,7,1537
2091-GPPIQ,Yes,Yes,DSL,No,Yes,No,Yes,Yes,Yes,Yes,Yes,7,1538
6326-MTTXK,Yes,Yes,Fiber optic,No,Yes,No,No,Yes,Yes,Yes,No,6,1539
5071-FBJFS,Yes,No,DSL,Yes,No,No,No,No,No,No,Yes,3,1540
2796-UUZZO,Yes,No,Fiber optic,No,Yes,Yes,No,No,No,No,No,4,1541
2429-AYKKO,Yes,No,No,No internet service,No internet service,No internet service,No internet service,No internet service,No internet service,No,No,1,1542
9798-OPFEM,Yes,No,No,No internet service,No internet service,No internet service,No internet service,No internet service,No internet service,No,No,1,1543
0330-IVZHA,Yes,No,Fiber optic,No,No,No,No,No,No,No,No,2,1544
3794-NFNCH,Yes,No,DSL,No,No,Yes,No,No,No,No,No,3,1545
5193-QLVZB,Yes,Yes,Fiber optic,No,Yes,Yes,No,Yes,Yes,Yes,No,7,1546
7114-AEOZE,Yes,No,No,No internet service,No internet service,No internet service,No internet service,No internet service,No internet service,No,No,1,1547
2886-KEFUM,Yes,Yes,Fiber optic,No,Yes,Yes,No,Yes,Yes,Yes,No,7,1548
5522-NYKPB,Yes,No,Fiber optic,No,No,No,Yes,Yes,No,Yes,Yes,4,1549
4237-RLAQD,Yes,No,DSL,No,No,No,No,No,No,No,No,2,1550
9957-YODKZ,Yes,Yes,Fiber optic,No,No,Yes,No,No,No,No,No,4,1551
6518-KZXCB,Yes,Yes,No,No internet service,No internet service,No internet service,No internet service,No internet service,No internet service,No,No,2,1552
2245-ADZFJ,Yes,Yes,DSL,No,Yes,No,Yes,Yes,Yes,Yes,Yes,7,1553
7776-QGYJC,Yes,No,Fiber optic,No,No,Yes,Yes,No,No,No,Yes,4,1554
9313-QOLTZ,Yes,No,No,No internet service,No internet service,No internet service,No internet service,No internet service,No internet service,No,No,1,1555
9651-GTSAQ,Yes,No,Fiber optic,Yes,Yes,Yes,No,Yes,Yes,Yes,Yes,7,1556
3186-BAXNB,Yes,No,Fiber optic,No,Yes,No,Yes,Yes,No,Yes,Yes,5,1557
4672-FOTSD,Yes,Yes,DSL,Yes,Yes,No,Yes,No,No,No,Yes,6,1558
0637-YLETY,Yes,Yes,Fiber optic,No,Yes,Yes,No,No,Yes,Yes,No,6,1559
9818-XQCUV,Yes,No,No,No internet service,No internet service,No internet service,No internet service,No internet service,No internet service,No,No,1,1560
7338-ERIVA,No,No phone service,DSL,Yes,No,No,Yes,Yes,No,Yes,Yes,4,1561
1157-BQCUW,Yes,Yes,Fiber optic,No,No,No,No,No,No,No,No,3,1562
8259-NFJTV,No,No phone service,DSL,Yes,No,No,Yes,No,No,No,Yes,3,1563
3223-DWFIO,Yes,No,Fiber optic,No,No,No,No,No,No,No,No,2,1564
2660-EMUBI,Yes,Yes,Fiber optic,No,No,No,No,Yes,Yes,Yes,No,5,1565
6968-GMKPR,Yes,No,Fiber optic,No,Yes,Yes,No,No,No,No,No,4,1566
4751-ERMAN,Yes,No,DSL,No,Yes,Yes,No,Yes,Yes,Yes,No,6,1567
1436-ZMJAN,Yes,No,DSL,No,No,Yes,No,Yes,Yes,Yes,No,5,1568
3292-PBZEJ,Yes,Yes,Fiber optic,No,Yes,Yes,Yes,Yes,Yes,Yes,Yes,8,1569
0799-DDIHE,Yes,No,DSL,No,No,No,No,No,No,No,No,2,1570
3070-FNFZQ,Yes,No,No,No internet service,No internet service,No internet service,No internet service,No internet service,No internet service,No,No,1,1571
2812-SFXMJ,Yes,No,No,No internet service,No internet service,No internet service,No internet service,No internet service,No internet service,No,No,1,1572
7675-OZCZG,Yes,No,DSL,No,No,No,No,No,No,No,No,2,1573
5014-WUQMG,Yes,No,Fiber optic,Yes,Yes,Yes,No,No,Yes,Yes,Yes,6,1574
5312-TSZVC,Yes,No,No,No internet service,No internet service,No internet service,No internet service,No internet service,No internet service,No,No,1,1575
2003-CKLOR,Yes,No,Fiber optic,No,Yes,Yes,No,Yes,Yes,Yes,No,6,1576
0993-OSGPT,Yes,No,DSL,No,Yes,Yes,Yes,No,No,No,Yes,5,1577
9254-RBFON,Yes,No,Fiber optic,No,No,Yes,Yes,Yes,Yes,Yes,Yes,6,1578
1205-WNWPJ,Yes,No,DSL,No,No,No,Yes,Yes,No,Yes,Yes,4,1579
9391-EOYLI,Yes,No,Fiber optic,No,No,No,No,No,Yes,Yes,No,3,1580
7108-DGVUU,Yes,Yes,DSL,No,Yes,Yes,No,No,Yes,Yes,No,6,1581
2782-JEEBU,No,No phone service,DSL,No,Yes,No,Yes,No,No,No,Yes,3,1582
5127-BZENZ,Yes,Yes,DSL,Yes,No,No,No,Yes,No,Yes,Yes,5,1583
2720-FVBQP,Yes,Yes,DSL,No,No,No,No,No,No,No,No,3,1584
9906-NHHVC,No,No phone service,DSL,No,Yes,Yes,No,Yes,Yes,Yes,No,5,1585
4522-XRWWI,Yes,Yes,DSL,Yes,No,No,Yes,Yes,Yes,Yes,Yes,7,1586
3766-EJLFL,Yes,Yes,Fiber optic,Yes,No,Yes,Yes,Yes,Yes,Yes,Yes,8,1587
5939-SXWHM,Yes,Yes,No,No internet service,No internet service,No internet service,No internet service,No internet service,No internet service,No,No,2,1588
8152-UOBNY,Yes,Yes,Fiber optic,No,Yes,No,Yes,Yes,Yes,Yes,Yes,7,1589
7351-KYHQH,Yes,No,DSL,No,Yes,Yes,No,Yes,No,Yes,No,5,1590
7643-RCHXS,Yes,No,No,No internet service,No internet service,No internet service,No internet service,No internet service,No internet service,No,No,1,1591
8246-SHFGA,Yes,No,No,No internet service,No internet service,No internet service,No internet service,No internet service,No internet service,No,No,1,1592
8387-MOJJT,Yes,No,Fiber optic,No,No,No,No,Yes,No,Yes,No,3,1593
0620-XEFWH,Yes,No,No,No internet service,No internet service,No internet service,No internet service,No internet service,No internet service,No,No,1,1594
6485-QXWWE,Yes,Yes,No,No internet service,No internet service,No internet service,No internet service,No internet service,No internet service,No,No,2,1595
2761-OCIAX,Yes,No,Fiber optic,No,Yes,No,No,No,No,No,No,3,1596
7321-VGNKU,Yes,No,Fiber optic,No,No,No,No,No,No,No,No,2,1597
5327-CNLUQ,Yes,Yes,Fiber optic,Yes,Yes,Yes,No,Yes,No,Yes,Yes,7,1598
7552-KEYGT,Yes,No,No,No internet service,No internet service,No internet service,No internet service,No internet service,No internet service,No,No,1,1599
5816-JMLGY,Yes,No,DSL,No,Yes,Yes,Yes,Yes,Yes,Yes,Yes,7,1600
3068-OMWZA,Yes,Yes,Fiber optic,No,No,Yes,No,Yes,No,Yes,No,5,1601
2927-QRRQV,Yes,Yes,Fiber optic,No,Yes,Yes,No,Yes,No,Yes,No,6,1602
6032-KRXXO,Yes,No,Fiber optic,No,No,No,No,Yes,Yes,Yes,No,4,1603
7459-RRWQZ,Yes,Yes,DSL,Yes,No,No,No,No,Yes,Yes,Yes,5,1604
6265-SXWBU,Yes,Yes,Fiber optic,No,Yes,Yes,No,Yes,No,Yes,No,6,1605
7941-RCJOW,Yes,No,No,No internet service,No internet service,No internet service,No internet service,No internet service,No internet service,No,No,1,1606
6374-NTQLP,Yes,No,Fiber optic,Yes,No,Yes,Yes,Yes,Yes,Yes,Yes,7,1607
4154-AQUGT,Yes,No,Fiber optic,No,Yes,No,Yes,No,Yes,Yes,Yes,5,1608
2387-KDZQY,Yes,No,No,No internet service,No internet service,No internet service,No internet service,No internet service,No internet service,No,No,1,1609
3584-WKTTW,Yes,Yes,Fiber optic,Yes,No,Yes,Yes,Yes,Yes,Yes,Yes,8,1610
3399-BMLVW,Yes,No,DSL,Yes,Yes,No,Yes,No,No,No,Yes,5,1611
1971-DTCZB,Yes,Yes,DSL,Yes,Yes,Yes,Yes,Yes,Yes,Yes,Yes,9,1612
3092-IGHWF,Yes,Yes,Fiber optic,No,Yes,Yes,No,No,No,No,No,5,1613
3374-PZLXD,Yes,No,No,No internet service,No internet service,No internet service,No internet service,No internet service,No internet service,No,No,1,1614
3813-DHBBB,No,No phone service,DSL,Yes,Yes,No,Yes,No,Yes,Yes,Yes,5,1615
2812-REYAT,Yes,No,No,No internet service,No internet service,No internet service,No internet service,No internet service,No internet service,No,No,1,1616
6518-PPLMZ,Yes,No,No,No internet service,No internet service,No internet service,No internet service,No internet service,No internet service,No,No,1,1617
4939-KYYPY,Yes,Yes,DSL,No,No,Yes,Yes,No,No,No,Yes,5,1618
8017-LXHFA,Yes,No,Fiber optic,No,Yes,No,No,Yes,Yes,Yes,No,5,1619
5930-GBIWP,Yes,Yes,DSL,Yes,Yes,Yes,Yes,No,Yes,Yes,Yes,8,1620
6022-KOUQO,No,No phone service,DSL,No,No,No,Yes,No,No,No,Yes,2,1621
6352-TWCAU,Yes,Yes,Fiber optic,No,No,No,No,Yes,No,Yes,No,4,1622
2361-UPSND,Yes,No,DSL,Yes,Yes,No,Yes,No,Yes,Yes,Yes,6,1623
6035-RIIOM,Yes,Yes,Fiber optic,No,Yes,No,No,Yes,Yes,Yes,No,6,1624
2929-QNSRW,Yes,Yes,Fiber optic,No,Yes,No,No,Yes,Yes,Yes,No,6,1625
1262-OPMFY,Yes,No,Fiber optic,No,No,Yes,No,No,No,No,No,3,1626
9504-DSHWM,Yes,Yes,DSL,Yes,No,No,Yes,No,No,No,Yes,5,1627
5035-BVCXS,Yes,No,Fiber optic,No,Yes,No,No,No,No,No,No,3,1628
6267-DCFFZ,Yes,Yes,Fiber optic,No,Yes,No,No,Yes,No,Yes,No,5,1629
3533-UVMOM,Yes,No,DSL,Yes,Yes,Yes,No,No,Yes,Yes,Yes,6,1630
2439-LYPMQ,Yes,Yes,Fiber optic,No,Yes,Yes,No,Yes,Yes,Yes,No,7,1631
4248-QPAVC,Yes,Yes,Fiber optic,Yes,No,Yes,No,No,No,No,Yes,5,1632
1899-VXWXM,Yes,Yes,Fiber optic,No,Yes,Yes,No,Yes,Yes,Yes,No,7,1633
1478-VPOAD,Yes,No,DSL,No,No,No,No,No,No,No,No,2,1634
9995-HOTOH,No,No phone service,DSL,Yes,Yes,Yes,No,Yes,Yes,Yes,Yes,6,1635
2988-PLAHS,Yes,No,DSL,No,No,Yes,No,Yes,Yes,Yes,No,5,1636
1371-OJCEK,Yes,Yes,No,No internet service,No internet service,No internet service,No internet service,No internet service,No internet service,No,No,2,1637
4999-IEZLT,No,No phone service,DSL,No,No,No,Yes,No,No,No,Yes,2,1638
8883-ANODQ,Yes,Yes,Fiber optic,No,Yes,Yes,No,No,No,No,No,5,1639
4690-LLKUA,Yes,No,DSL,No,No,No,No,No,No,No,No,2,1640
2351-RRBUE,Yes,No,No,No internet service,No internet service,No internet service,No internet service,No internet service,No internet service,No,No,1,1641
5980-BDHPY,Yes,Yes,DSL,Yes,Yes,Yes,Yes,Yes,Yes,Yes,Yes,9,1642
1498-DQNRX,Yes,No,No,No internet service,No internet service,No internet service,No internet service,No internet service,No internet service,No,No,1,1643
9469-WEJBT,Yes,No,Fiber optic,No,No,Yes,Yes,No,Yes,Yes,Yes,5,1644
3331-HQDTW,Yes,Yes,Fiber optic,Yes,Yes,Yes,No,Yes,Yes,Yes,Yes,8,1645
9490-DFPMD,Yes,Yes,Fiber optic,No,No,No,No,Yes,No,Yes,No,4,1646
2581-VKIRT,Yes,Yes,DSL,Yes,Yes,No,Yes,No,No,No,Yes,6,1647
5442-XSDCW,Yes,No,Fiber optic,No,No,No,No,Yes,No,Yes,No,3,1648
7426-WEIJX,Yes,Yes,Fiber optic,Yes,No,No,No,No,No,No,Yes,4,1649
2851-MMUTZ,Yes,No,DSL,No,Yes,No,Yes,No,No,No,Yes,4,1650
3049-NDXFL,Yes,Yes,Fiber optic,No,No,No,No,No,Yes,Yes,No,4,1651
8580-AECUZ,Yes,No,Fiber optic,No,No,No,No,Yes,No,Yes,No,3,1652
3307-TLCUD,No,No phone service,DSL,Yes,No,Yes,No,No,No,No,Yes,3,1653
6625-FLENO,Yes,No,No,No internet service,No internet service,No internet service,No internet service,No internet service,No internet service,No,No,1,1654
2967-MXRAV,Yes,No,No,No internet service,No internet service,No internet service,No internet service,No internet service,No internet service,No,No,1,1655
7963-GQRMY,Yes,No,DSL,No,No,No,No,No,No,No,No,2,1656
8189-HBVRW,Yes,Yes,Fiber optic,Yes,Yes,Yes,No,No,No,No,Yes,6,1657
4163-KIUHY,Yes,Yes,No,No internet service,No internet service,No internet service,No internet service,No internet service,No internet service,No,No,2,1658
1228-FZFRV,Yes,Yes,Fiber optic,Yes,No,Yes,No,Yes,Yes,Yes,Yes,7,1659
3500-NSDOA,Yes,Yes,DSL,No,Yes,No,Yes,No,Yes,Yes,Yes,6,1660
1171-TYKUR,Yes,Yes,No,No internet service,No internet service,No internet service,No internet service,No internet service,No internet service,No,No,2,1661
3761-FLYZI,Yes,Yes,Fiber optic,No,Yes,Yes,No,Yes,Yes,Yes,No,7,1662
2058-DCJBE,Yes,No,Fiber optic,No,No,No,No,No,No,No,No,2,1663
5364-XYIRR,Yes,Yes,Fiber optic,No,No,No,No,Yes,Yes,Yes,No,5,1664
4829-AUOAX,Yes,Yes,Fiber optic,No,No,No,No,Yes,Yes,Yes,No,5,1665
1219-NNDDO,Yes,Yes,Fiber optic,No,No,No,No,No,No,No,No,3,1666
8388-DMKAE,Yes,No,No,No internet service,No internet service,No internet service,No internet service,No internet service,No internet service,No,No,1,1667
4403-BWPAY,Yes,Yes,No,No internet service,No internet service,No internet service,No internet service,No internet service,No internet service,No,No,2,1668
9659-QEQSY,Yes,Yes,Fiber optic,Yes,Yes,Yes,Yes,Yes,Yes,Yes,Yes,9,1669
5405-ZMYXQ,Yes,Yes,Fiber optic,No,No,No,No,No,No,No,No,3,1670
5047-LHVLY,Yes,No,DSL,No,No,Yes,No,No,No,No,No,3,1671
1442-OKRJE,Yes,No,Fiber optic,Yes,Yes,Yes,No,Yes,Yes,Yes,Yes,7,1672
4737-AQCPU,Yes,Yes,DSL,Yes,Yes,Yes,Yes,No,No,No,Yes,7,1673
9158-VCTQB,Yes,Yes,Fiber optic,Yes,Yes,Yes,Yes,Yes,Yes,Yes,Yes,9,1674
2808-CHTDM,Yes,Yes,No,No internet service,No internet service,No internet service,No internet service,No internet service,No internet service,No,No,2,1675
6311-UEUME,Yes,No,Fiber optic,No,No,No,No,Yes,No,Yes,No,3,1676
0793-TWELN,Yes,Yes,Fiber optic,Yes,No,No,No,No,No,No,Yes,4,1677
3283-WCWXT,Yes,Yes,No,No internet service,No internet service,No internet service,No internet service,No internet service,No internet service,No,No,2,1678
1060-ENTOF,Yes,Yes,Fiber optic,Yes,Yes,Yes,Yes,No,Yes,Yes,Yes,8,1679
0999-QXNSA,Yes,No,DSL,No,No,No,No,No,No,No,No,2,1680
5451-MHQOF,Yes,Yes,No,No internet service,No internet service,No internet service,No internet service,No internet service,No internet service,No,No,2,1681
4836-WNFNO,Yes,Yes,No,No internet service,No internet service,No internet service,No internet service,No internet service,No internet service,No,No,2,1682
9225-BZLNZ,Yes,Yes,DSL,Yes,Yes,Yes,No,Yes,Yes,Yes,Yes,8,1683
0354-VXMJC,Yes,No,No,No internet service,No internet service,No internet service,No internet service,No internet service,No internet service,No,No,1,1684
4422-QVIJA,Yes,Yes,DSL,No,No,No,No,No,No,No,No,3,1685
9365-SRSZE,Yes,No,Fiber optic,No,No,No,No,No,No,No,No,2,1686
6839-ITVZJ,Yes,Yes,DSL,No,Yes,No,Yes,No,No,No,Yes,5,1687
8332-OSJDW,Yes,Yes,No,No internet service,No internet service,No internet service,No internet service,No internet service,No internet service,No,No,2,1688
4735-BJKOU,Yes,No,No,No internet service,No internet service,No internet service,No internet service,No internet service,No internet service,No,No,1,1689
0274-JKUJR,No,No phone service,DSL,Yes,Yes,Yes,No,Yes,Yes,Yes,Yes,6,1690
5740-YHGTW,Yes,Yes,Fiber optic,Yes,Yes,No,No,Yes,No,Yes,Yes,6,1691
8917-SZTTJ,Yes,No,No,No internet service,No internet service,No internet service,No internet service,No internet service,No internet service,No,No,1,1692
1696-MZVAU,No,No phone service,DSL,No,No,No,No,No,No,No,No,1,1693
7359-WWYJV,Yes,Yes,Fiber optic,Yes,Yes,Yes,Yes,Yes,Yes,Yes,Yes,9,1694
0375-HVGXO,No,No phone service,DSL,No,No,No,No,Yes,No,Yes,No,2,1695
4906-ZHGPK,Yes,Yes,DSL,No,Yes,No,Yes,Yes,No,Yes,Yes,6,1696
8593-WHYHV,Yes,Yes,Fiber optic,No,No,No,No,No,Yes,Yes,No,4,1697
3795-GWTRD,Yes,No,DSL,Yes,Yes,Yes,Yes,Yes,No,Yes,Yes,7,1698
1298-PHBTI,Yes,Yes,Fiber optic,No,Yes,No,Yes,No,No,No,Yes,5,1699
6223-DHJGV,Yes,No,No,No internet service,No internet service,No internet service,No internet service,No internet service,No internet service,No,No,1,1700
6961-MJKBO,Yes,No,No,No internet service,No internet service,No internet service,No internet service,No internet service,No internet service,No,No,1,1701
6097-EQISJ,Yes,Yes,Fiber optic,No,Yes,Yes,No,Yes,Yes,Yes,No,7,1702
4423-YLHDV,Yes,Yes,Fiber optic,Yes,No,Yes,No,Yes,Yes,Yes,Yes,7,1703
8158-WPEZG,No,No phone service,DSL,No,Yes,No,Yes,No,No,No,Yes,3,1704
0107-YHINA,Yes,Yes,Fiber optic,No,No,Yes,No,Yes,Yes,Yes,No,6,1705
4918-FYJNT,Yes,Yes,Fiber optic,No,Yes,Yes,Yes,No,No,No,Yes,6,1706
0727-BNRLG,Yes,Yes,Fiber optic,No,Yes,Yes,Yes,Yes,No,Yes,Yes,7,1707
4854-CIDCF,Yes,No,Fiber optic,No,No,Yes,No,No,No,No,No,3,1708
8640-SDGKB,Yes,No,DSL,No,No,Yes,Yes,Yes,Yes,Yes,Yes,6,1709
3280-MRDOF,Yes,Yes,DSL,No,No,Yes,Yes,Yes,No,Yes,Yes,6,1710
6435-SRWBJ,Yes,Yes,Fiber optic,No,No,Yes,Yes,No,No,No,Yes,5,1711
9964-WBQDJ,Yes,Yes,No,No internet service,No internet service,No internet service,No internet service,No internet service,No internet service,No,No,2,1712
6303-KFWSL,Yes,Yes,DSL,No,Yes,No,No,No,No,No,No,4,1713
1702-CCFNJ,Yes,Yes,DSL,No,Yes,No,Yes,No,No,No,Yes,5,1714
8932-CZHRQ,Yes,Yes,DSL,Yes,Yes,Yes,No,No,Yes,Yes,Yes,7,1715
0386-CWRGM,Yes,No,No,No internet service,No internet service,No internet service,No internet service,No internet service,No internet service,No,No,1,1716
5515-RUGKN,Yes,No,DSL,No,No,No,No,No,Yes,Yes,No,3,1717
0404-AHASP,Yes,No,No,No internet service,No internet service,No internet service,No internet service,No internet service,No internet service,No,No,1,1718
7279-NMVJC,Yes,No,No,No internet service,No internet service,No internet service,No internet service,No internet service,No internet service,No,No,1,1719
2081-VEYEH,Yes,No,Fiber optic,No,Yes,Yes,Yes,Yes,Yes,Yes,Yes,7,1720
6407-UTSLV,Yes,No,Fiber optic,No,Yes,No,No,Yes,No,Yes,No,4,1721
4116-TZAQJ,Yes,No,Fiber optic,Yes,No,No,No,No,No,No,Yes,3,1722
9060-HJJRW,No,No phone service,DSL,No,Yes,Yes,No,Yes,Yes,Yes,No,5,1723
2587-YNLES,Yes,No,No,No internet service,No internet service,No internet service,No internet service,No internet service,No internet service,No,No,1,1724
7398-SKNQZ,Yes,Yes,Fiber optic,No,No,No,No,Yes,Yes,Yes,No,5,1725
5935-FCCNB,Yes,Yes,Fiber optic,No,No,No,No,Yes,Yes,Yes,No,5,1726
1958-RNRKS,Yes,Yes,DSL,No,No,No,No,No,No,No,No,3,1727
5136-RGMZO,Yes,Yes,DSL,No,Yes,No,Yes,Yes,No,Yes,Yes,6,1728
8345-MVDYC,Yes,No,DSL,Yes,No,Yes,Yes,Yes,Yes,Yes,Yes,7,1729
8226-BXGES,Yes,Yes,Fiber optic,Yes,Yes,Yes,No,No,No,No,Yes,6,1730
3877-JRJIP,Yes,Yes,DSL,No,No,No,No,Yes,No,Yes,No,4,1731
8375-DKEBR,Yes,No,Fiber optic,No,No,No,No,No,No,No,No,2,1732
9705-IOVQQ,Yes,Yes,Fiber optic,No,Yes,No,No,Yes,Yes,Yes,No,6,1733
1015-OWJKI,Yes,No,No,No internet service,No internet service,No internet service,No internet service,No internet service,No internet service,No,No,1,1734
7511-YMXVQ,No,No phone service,DSL,No,No,No,No,Yes,Yes,Yes,No,3,1735
2040-XBAVJ,Yes,Yes,Fiber optic,Yes,Yes,Yes,Yes,Yes,Yes,Yes,Yes,9,1736
7551-JOHTI,Yes,No,No,No internet service,No internet service,No internet service,No internet service,No internet service,No internet service,No,No,1,1737
8887-IPQNC,Yes,No,DSL,No,No,No,No,No,No,No,No,2,1738
8646-JCOMS,Yes,Yes,Fiber optic,No,Yes,Yes,Yes,No,No,No,Yes,6,1739
9804-ICWBG,Yes,No,Fiber optic,No,No,No,No,No,No,No,No,2,1740
1222-KJNZD,Yes,No,No,No internet service,No internet service,No internet service,No internet service,No internet service,No internet service,No,No,1,1741
0106-GHRQR,Yes,Yes,DSL,No,Yes,Yes,No,No,Yes,Yes,No,6,1742
5318-IXUZF,Yes,No,Fiber optic,No,Yes,No,No,Yes,No,Yes,No,4,1743
3768-VHXQO,Yes,Yes,No,No internet service,No internet service,No internet service,No internet service,No internet service,No internet service,No,No,2,1744
8952-WCVCD,Yes,No,Fiber optic,Yes,Yes,Yes,No,Yes,Yes,Yes,Yes,7,1745
2418-TPEUN,Yes,No,No,No internet service,No internet service,No internet service,No internet service,No internet service,No internet service,No,No,1,1746
3963-RYFNS,Yes,Yes,Fiber optic,Yes,Yes,Yes,Yes,Yes,Yes,Yes,Yes,9,1747
3198-VELRD,Yes,Yes,Fiber optic,No,No,No,No,No,Yes,Yes,No,4,1748
8540-ZQGEA,Yes,No,No,No internet service,No internet service,No internet service,No internet service,No internet service,No internet service,No,No,1,1749
1320-REHCS,Yes,Yes,Fiber optic,No,Yes,Yes,Yes,Yes,Yes,Yes,Yes,8,1750
4137-JOPHL,Yes,No,Fiber optic,No,No,Yes,Yes,No,Yes,Yes,Yes,5,1751
9436-ZBZCT,Yes,Yes,Fiber optic,No,No,No,Yes,Yes,No,Yes,Yes,5,1752
7801-CEDNV,Yes,No,DSL,Yes,No,No,No,No,No,No,Yes,3,1753
2057-BOYKM,Yes,Yes,Fiber optic,Yes,Yes,Yes,Yes,No,No,No,Yes,7,1754
3658-QQJYD,Yes,No,DSL,Yes,Yes,No,No,Yes,Yes,Yes,Yes,6,1755
1803-BGNBD,Yes,No,DSL,No,Yes,No,Yes,No,No,No,Yes,4,1756
0134-XWXCE,Yes,No,DSL,No,No,Yes,Yes,Yes,Yes,Yes,Yes,6,1757
6950-TWMYB,Yes,No,Fiber optic,No,Yes,No,Yes,No,No,No,Yes,4,1758
5848-FHRFC,Yes,No,No,No internet service,No internet service,No internet service,No internet service,No internet service,No internet service,No,No,1,1759
2243-FNMMI,Yes,No,No,No internet service,No internet service,No internet service,No internet service,No internet service,No internet service,No,No,1,1760
2511-MORQY,Yes,Yes,DSL,No,No,Yes,No,No,No,No,No,4,1761
5356-KZCKT,Yes,Yes,No,No internet service,No internet service,No internet service,No internet service,No internet service,No internet service,No,No,2,1762
9470-XCCEM,Yes,Yes,Fiber optic,No,Yes,No,No,Yes,No,Yes,No,5,1763
6519-CFDBX,Yes,No,DSL,No,No,No,No,No,No,No,No,2,1764
3902-MIVLE,Yes,Yes,DSL,Yes,No,Yes,Yes,No,Yes,Yes,Yes,7,1765
0409-WTMPL,Yes,Yes,Fiber optic,Yes,Yes,Yes,No,Yes,Yes,Yes,Yes,8,1766
8763-KIAFH,Yes,No,No,No internet service,No internet service,No internet service,No internet service,No internet service,No internet service,No,No,1,1767
3669-WHAFY,Yes,Yes,Fiber optic,Yes,Yes,Yes,Yes,Yes,Yes,Yes,Yes,9,1768
3055-VTCGS,Yes,No,DSL,No,No,Yes,No,No,Yes,Yes,No,4,1769
3144-KMTWZ,Yes,Yes,Fiber optic,No,Yes,Yes,No,No,Yes,Yes,No,6,1770
7279-BUYWN,Yes,Yes,Fiber optic,Yes,Yes,Yes,No,Yes,Yes,Yes,Yes,8,1771
7156-MHUGY,Yes,No,Fiber optic,No,No,No,No,Yes,Yes,Yes,No,4,1772
7198-GLXTC,Yes,No,Fiber optic,No,No,No,No,Yes,No,Yes,No,3,1773
2007-QVGAW,Yes,No,No,No internet service,No internet service,No internet service,No internet service,No internet service,No internet service,No,No,1,1774
5207-PLSTK,Yes,No,DSL,Yes,No,No,No,No,No,No,Yes,3,1775
2307-FYNNL,Yes,Yes,Fiber optic,Yes,No,Yes,Yes,Yes,Yes,Yes,Yes,8,1776
5605-XNWEN,Yes,Yes,No,No internet service,No internet service,No internet service,No internet service,No internet service,No internet service,No,No,2,1777
2155-AMQRX,Yes,Yes,DSL,No,No,No,Yes,No,No,No,Yes,4,1778
6181-AXXYF,Yes,Yes,No,No internet service,No internet service,No internet service,No internet service,No internet service,No internet service,No,No,2,1779
5091-HFAZW,Yes,No,Fiber optic,Yes,Yes,No,No,Yes,No,Yes,Yes,5,1780
0516-VRYBW,Yes,No,No,No internet service,No internet service,No internet service,No internet service,No internet service,No internet service,No,No,1,1781
2519-LBNQL,Yes,Yes,Fiber optic,No,Yes,Yes,No,Yes,Yes,Yes,No,7,1782
8623-ULFNQ,Yes,Yes,DSL,No,No,No,Yes,No,Yes,Yes,Yes,5,1783
8380-PEFPE,Yes,No,Fiber optic,No,No,No,No,No,No,No,No,2,1784
5687-DKDTV,Yes,No,No,No internet service,No internet service,No internet service,No internet service,No internet service,No internet service,No,No,1,1785
1568-LJSZU,Yes,Yes,DSL,Yes,Yes,Yes,Yes,Yes,Yes,Yes,Yes,9,1786
7530-HDYDS,Yes,No,Fiber optic,No,Yes,Yes,Yes,No,No,No,Yes,5,1787
7789-HKSBS,Yes,Yes,Fiber optic,Yes,No,Yes,No,Yes,Yes,Yes,Yes,7,1788
7416-CKTEP,Yes,No,No,No internet service,No internet service,No internet service,No internet service,No internet service,No internet service,No,No,1,1789
2586-CWXVV,No,No phone service,DSL,No,Yes,No,No,No,No,No,No,2,1790
3096-IZETN,Yes,No,Fiber optic,No,No,No,No,No,Yes,Yes,No,3,1791
2348-KCJLT,Yes,No,DSL,Yes,Yes,Yes,No,No,No,No,Yes,5,1792
8401-EMUWF,Yes,Yes,DSL,Yes,Yes,No,No,Yes,No,Yes,Yes,6,1793
4193-IBKSW,Yes,Yes,No,No internet service,No internet service,No internet service,No internet service,No internet service,No internet service,No,No,2,1794
5377-NDTOU,Yes,Yes,DSL,Yes,Yes,Yes,Yes,Yes,Yes,Yes,Yes,9,1795
5922-ABDVO,Yes,Yes,Fiber optic,No,No,Yes,No,No,Yes,Yes,No,5,1796
2474-LCNUE,Yes,Yes,DSL,No,No,No,Yes,Yes,Yes,Yes,Yes,6,1797
0839-QNXME,Yes,No,No,No internet service,No internet service,No internet service,No internet service,No internet service,No internet service,No,No,1,1798
3506-OVLKD,Yes,Yes,No,No internet service,No internet service,No internet service,No internet service,No internet service,No internet service,No,No,2,1799
9172-ANCRX,Yes,Yes,Fiber optic,Yes,No,No,No,Yes,Yes,Yes,Yes,6,1800
6650-VJONK,Yes,No,DSL,No,No,No,No,No,No,No,No,2,1801
2178-PMGCJ,Yes,No,Fiber optic,No,No,No,No,No,No,No,No,2,1802
7492-TAFJD,No,No phone service,DSL,Yes,Yes,Yes,No,No,No,No,Yes,4,1803
2773-MADBQ,No,No phone service,DSL,Yes,Yes,Yes,Yes,No,Yes,Yes,Yes,6,1804
6016-LVTJQ,Yes,No,No,No internet service,No internet service,No internet service,No internet service,No internet service,No internet service,No,No,1,1805
7860-KSUGX,Yes,Yes,DSL,Yes,Yes,Yes,No,No,No,No,Yes,6,1806
8966-KZXXA,Yes,Yes,No,No internet service,No internet service,No internet service,No internet service,No internet service,No internet service,No,No,2,1807
6910-HADCM,Yes,No,Fiber optic,No,No,Yes,No,No,No,No,No,3,1808
4816-LXZYW,Yes,Yes,Fiber optic,No,Yes,No,No,No,No,No,No,4,1809
9606-PBKBQ,Yes,Yes,Fiber optic,No,No,No,No,No,Yes,Yes,No,4,1810
5149-QYTTU,Yes,Yes,Fiber optic,Yes,Yes,Yes,Yes,No,No,No,Yes,7,1811
2070-XYMFH,Yes,Yes,Fiber optic,No,No,Yes,No,No,No,No,No,4,1812
2085-BOJKI,Yes,No,Fiber optic,No,No,Yes,No,Yes,Yes,Yes,No,5,1813
0817-HSUSE,Yes,No,DSL,No,No,Yes,Yes,Yes,Yes,Yes,Yes,6,1814
5442-PPTJY,Yes,No,No,No internet service,No internet service,No internet service,No internet service,No internet service,No internet service,No,No,1,1815
1927-QEWMY,Yes,No,No,No internet service,No internet service,No internet service,No internet service,No internet service,No internet service,No,No,1,1816
1663-MHLHE,Yes,No,No,No internet service,No internet service,No internet service,No internet service,No internet service,No internet service,No,No,1,1817
5663-QBGIS,Yes,Yes,Fiber optic,No,Yes,No,No,Yes,Yes,Yes,No,6,1818
4450-MDZFX,Yes,Yes,Fiber optic,No,No,No,No,No,No,No,No,3,1819
6701-DHKWQ,No,No phone service,DSL,No,Yes,Yes,Yes,Yes,No,Yes,Yes,5,1820
7554-AKDQF,Yes,No,DSL,No,No,No,No,No,No,No,No,2,1821
3536-IQCTX,Yes,Yes,Fiber optic,No,No,No,No,No,Yes,Yes,No,4,1822
4911-BANWH,Yes,Yes,Fiber optic,No,No,No,No,Yes,No,Yes,No,4,1823
8496-EJAUI,Yes,No,Fiber optic,No,Yes,No,No,No,No,No,No,3,1824
0794-YVSGE,Yes,No,No,No internet service,No internet service,No internet service,No internet service,No internet service,No internet service,No,No,1,1825
5423-BHIXO,Yes,Yes,DSL,No,Yes,No,No,No,No,No,No,4,1826
6908-VVYHM,Yes,Yes,Fiber optic,No,Yes,No,No,No,Yes,Yes,No,5,1827
2959-EEXWB,No,No phone service,DSL,Yes,No,No,No,Yes,Yes,Yes,Yes,4,1828
1839-UMACK,Yes,Yes,No,No internet service,No internet service,No internet service,No internet service,No internet service,No internet service,No,No,2,1829
3030-YDNRM,Yes,Yes,Fiber optic,No,No,No,No,No,No,No,No,3,1830
7321-KKSDU,Yes,No,No,No internet service,No internet service,No internet service,No internet service,No internet service,No internet service,No,No,1,1831
3402-XRIUO,Yes,Yes,DSL,Yes,Yes,No,Yes,No,No,No,Yes,6,1832
3132-TVFDZ,No,No phone service,DSL,No,No,No,No,Yes,Yes,Yes,No,3,1833
8286-AFUYI,Yes,No,DSL,Yes,No,No,No,No,No,No,Yes,3,1834
8080-DDEMJ,Yes,No,DSL,No,No,No,No,No,No,No,No,2,1835
8356-WUAOJ,Yes,No,DSL,No,No,No,No,No,No,No,No,2,1836
6365-MTGZX,Yes,No,Fiber optic,No,No,No,Yes,Yes,Yes,Yes,Yes,5,1837
1349-WXNGG,Yes,No,No,No internet service,No internet service,No internet service,No internet service,No internet service,No internet service,No,No,1,1838
8058-DMYRU,Yes,Yes,Fiber optic,No,Yes,No,No,No,Yes,Yes,No,5,1839
9350-ZXYJC,Yes,Yes,No,No internet service,No internet service,No internet service,No internet service,No internet service,No internet service,No,No,2,1840
6990-YNRIO,Yes,Yes,Fiber optic,Yes,No,Yes,Yes,Yes,Yes,Yes,Yes,8,1841
8958-JPTRR,Yes,Yes,No,No internet service,No internet service,No internet service,No internet service,No internet service,No internet service,No,No,2,1842
6959-GQEGV,Yes,No,DSL,Yes,No,Yes,No,Yes,Yes,Yes,Yes,6,1843
3173-WSSUE,Yes,No,No,No internet service,No internet service,No internet service,No internet service,No internet service,No internet service,No,No,1,1844
1265-HVPZB,Yes,No,DSL,Yes,Yes,Yes,No,Yes,No,Yes,Yes,6,1845
4115-UMJFQ,No,No phone service,DSL,No,Yes,Yes,No,No,No,No,No,3,1846
7369-TRPFD,Yes,No,No,No internet service,No internet service,No internet service,No internet service,No internet service,No internet service,No,No,1,1847
1098-KFQEC,Yes,No,No,No internet service,No internet service,No internet service,No internet service,No internet service,No internet service,No,No,1,1848
7190-XHTWJ,Yes,No,No,No internet service,No internet service,No internet service,No internet service,No internet service,No internet service,No,No,1,1849
0621-TWIEM,Yes,No,DSL,No,No,No,No,No,No,No,No,2,1850
3537-RYBHH,Yes,Yes,DSL,Yes,Yes,Yes,No,No,No,No,Yes,6,1851
2485-ITVKB,No,No phone service,DSL,No,No,No,No,No,Yes,Yes,No,2,1852
3669-OYSJI,Yes,No,DSL,No,No,No,No,No,No,No,No,2,1853
1612-EOHDH,Yes,No,DSL,No,No,No,No,No,No,No,No,2,1854
6702-OHFWR,No,No phone service,DSL,No,Yes,Yes,No,No,Yes,Yes,No,4,1855
5296-BFCYD,Yes,No,No,No internet service,No internet service,No internet service,No internet service,No internet service,No internet service,No,No,1,1856
4510-PYUSH,Yes,No,DSL,Yes,Yes,No,No,No,No,No,Yes,4,1857
9359-JANWS,Yes,No,DSL,Yes,No,Yes,Yes,No,No,No,Yes,5,1858
7517-SAWMO,Yes,No,Fiber optic,Yes,No,No,No,No,No,No,Yes,3,1859
4143-HHPMK,Yes,No,Fiber optic,No,Yes,No,No,No,Yes,Yes,No,4,1860
3279-DYZQM,Yes,No,No,No internet service,No internet service,No internet service,No internet service,No internet service,No internet service,No,No,1,1861
7054-LGEQW,Yes,No,DSL,No,No,No,No,No,No,No,No,2,1862
0523-VNGTF,No,No phone service,DSL,No,Yes,Yes,Yes,Yes,No,Yes,Yes,5,1863
9575-IWCAZ,Yes,Yes,No,No internet service,No internet service,No internet service,No internet service,No internet service,No internet service,No,No,2,1864
7105-MXJLL,Yes,No,DSL,No,No,Yes,No,No,Yes,Yes,No,4,1865
7064-FRRSW,Yes,Yes,Fiber optic,No,Yes,No,No,Yes,Yes,Yes,No,6,1866
7940-UQQUG,Yes,Yes,Fiber optic,Yes,No,No,Yes,Yes,Yes,Yes,Yes,7,1867
0923-PNFUB,Yes,No,Fiber optic,No,Yes,No,No,Yes,No,Yes,No,4,1868
3961-SXAXY,Yes,No,DSL,No,No,No,No,No,No,No,No,2,1869
7010-BRBUU,Yes,Yes,No,No internet service,No internet service,No internet service,No internet service,No internet service,No internet service,No,No,2,1870
3566-HJGPK,Yes,No,DSL,No,No,No,No,No,No,No,No,2,1871
3062-ICYZQ,Yes,Yes,Fiber optic,Yes,Yes,No,No,No,Yes,Yes,Yes,6,1872
9938-PRCVK,Yes,No,No,No internet service,No internet service,No internet service,No internet service,No internet service,No internet service,No,No,1,1873
0973-KYVNF,Yes,No,DSL,Yes,Yes,Yes,No,Yes,No,Yes,Yes,6,1874
5129-HHMZC,Yes,Yes,DSL,Yes,Yes,No,Yes,Yes,Yes,Yes,Yes,8,1875
9637-CDTKZ,Yes,Yes,Fiber optic,Yes,Yes,Yes,Yes,Yes,Yes,Yes,Yes,9,1876
3946-JEWRQ,Yes,Yes,Fiber optic,No,No,No,No,Yes,Yes,Yes,No,5,1877
7873-CVMAW,Yes,Yes,DSL,Yes,Yes,Yes,Yes,Yes,Yes,Yes,Yes,9,1878
0463-WZZKO,Yes,No,No,No internet service,No internet service,No internet service,No internet service,No internet service,No internet service,No,No,1,1879
3494-JCHRQ,Yes,No,Fiber optic,No,No,No,No,No,No,No,No,2,1880
6474-FVJLC,Yes,Yes,Fiber optic,No,No,No,No,No,Yes,Yes,No,4,1881
4524-QCSSM,No,No phone service,DSL,Yes,Yes,No,No,No,Yes,Yes,Yes,4,1882
5832-EXGTT,Yes,No,DSL,Yes,No,No,No,No,Yes,Yes,Yes,4,1883
8840-DQLGN,Yes,Yes,Fiber optic,Yes,Yes,No,Yes,Yes,No,Yes,Yes,7,1884
2039-JONDJ,Yes,No,DSL,Yes,Yes,No,No,No,No,No,Yes,4,1885
7217-JYHOQ,Yes,No,DSL,Yes,Yes,No,Yes,No,Yes,Yes,Yes,6,1886
6695-FRVEC,Yes,No,DSL,Yes,No,Yes,Yes,No,No,No,Yes,5,1887
4547-LYTDD,Yes,Yes,Fiber optic,No,No,No,No,No,No,No,No,3,1888
9894-QMIMJ,Yes,No,DSL,No,Yes,Yes,No,No,No,No,No,4,1889
8069-YQQAJ,No,No phone service,DSL,No,Yes,No,No,No,No,No,No,2,1890
6770-XUAGN,Yes,No,No,No internet service,No internet service,No internet service,No internet service,No internet service,No internet service,No,No,1,1891
4193-ORFCL,Yes,No,DSL,No,No,No,No,No,No,No,No,2,1892
1636-NTNCO,No,No phone service,DSL,No,Yes,No,No,Yes,Yes,Yes,No,4,1893
3466-WAESX,Yes,Yes,DSL,Yes,Yes,No,No,No,Yes,Yes,Yes,6,1894
9281-PKKZE,No,No phone service,DSL,No,No,No,No,Yes,Yes,Yes,No,3,1895
3638-VBZTA,Yes,Yes,DSL,Yes,Yes,No,Yes,Yes,Yes,Yes,Yes,8,1896
7459-IMVYU,Yes,Yes,DSL,Yes,Yes,Yes,Yes,No,No,No,Yes,7,1897
7776-QWNFX,Yes,No,DSL,No,Yes,No,No,No,No,No,No,3,1898
6689-TCZHQ,Yes,No,Fiber optic,No,No,No,No,No,Yes,Yes,No,3,1899
8563-OYMQY,Yes,No,Fiber optic,No,Yes,Yes,No,No,Yes,Yes,No,5,1900
0754-EEBDC,Yes,No,No,No internet service,No internet service,No internet service,No internet service,No internet service,No internet service,No,No,1,1901
5777-ZPQNC,Yes,No,No,No internet service,No internet service,No internet service,No internet service,No internet service,No internet service,No,No,1,1902
1951-IEYXM,Yes,Yes,DSL,Yes,Yes,Yes,Yes,Yes,Yes,Yes,Yes,9,1903
3318-NMQXL,Yes,No,Fiber optic,No,No,No,No,Yes,Yes,Yes,No,4,1904
3143-ILDAL,Yes,Yes,Fiber optic,No,Yes,No,Yes,No,Yes,Yes,Yes,6,1905
1022-RKXDR,Yes,Yes,No,No internet service,No internet service,No internet service,No internet service,No internet service,No internet service,No,No,2,1906
2361-FJWNO,No,No phone service,DSL,No,Yes,No,Yes,No,No,No,Yes,3,1907
2272-UOINI,Yes,No,DSL,Yes,Yes,No,Yes,Yes,Yes,Yes,Yes,7,1908
8232-UTFOZ,Yes,No,No,No internet service,No internet service,No internet service,No internet service,No internet service,No internet service,No,No,1,1909
3750-YHRYO,Yes,No,No,No internet service,No internet service,No internet service,No internet service,No internet service,No internet service,No,No,1,1910
6637-KYRCV,No,No phone service,DSL,No,Yes,No,No,No,No,No,No,2,1911
5668-MEISB,Yes,Yes,Fiber optic,Yes,Yes,Yes,Yes,Yes,No,Yes,Yes,8,1912
0129-QMPDR,Yes,No,No,No internet service,No internet service,No internet service,No internet service,No internet service,No internet service,No,No,1,1913
7188-CBBBA,Yes,Yes,Fiber optic,No,Yes,Yes,No,Yes,No,Yes,No,6,1914
5356-CSVSQ,Yes,Yes,DSL,No,No,No,Yes,Yes,No,Yes,Yes,5,1915
3221-CJMSG,Yes,No,DSL,No,No,No,Yes,No,No,No,Yes,3,1916
4720-VSTSI,Yes,Yes,Fiber optic,No,Yes,Yes,No,No,No,No,No,5,1917
3219-JQRSL,Yes,Yes,DSL,Yes,Yes,Yes,Yes,Yes,Yes,Yes,Yes,9,1918
2801-NISEI,Yes,No,DSL,Yes,No,No,Yes,No,No,No,Yes,4,1919
3946-MHCZW,Yes,No,DSL,No,No,Yes,No,No,No,No,No,3,1920
4623-ZKHLY,Yes,No,No,No internet service,No internet service,No internet service,No internet service,No internet service,No internet service,No,No,1,1921
6732-VAILE,Yes,Yes,DSL,No,Yes,Yes,Yes,Yes,Yes,Yes,Yes,8,1922
8201-AAXCB,Yes,Yes,DSL,No,No,No,No,Yes,No,Yes,No,4,1923
7696-CFTAT,Yes,No,No,No internet service,No internet service,No internet service,No internet service,No internet service,No internet service,No,No,1,1924
1845-CSBRZ,Yes,Yes,Fiber optic,No,No,No,No,Yes,No,Yes,No,4,1925
2123-VSCOT,Yes,Yes,DSL,No,No,Yes,Yes,Yes,No,Yes,Yes,6,1926
6651-AZVTJ,Yes,Yes,Fiber optic,No,No,Yes,No,Yes,Yes,Yes,No,6,1927
4566-GOLUK,Yes,Yes,Fiber optic,No,No,Yes,Yes,Yes,Yes,Yes,Yes,7,1928
2484-DGXPZ,Yes,No,No,No internet service,No internet service,No internet service,No internet service,No internet service,No internet service,No,No,1,1929
2018-QKYGT,Yes,No,Fiber optic,No,No,No,No,No,Yes,Yes,No,3,1930
2792-VPPET,Yes,No,No,No internet service,No internet service,No internet service,No internet service,No internet service,No internet service,No,No,1,1931
7409-JURKQ,Yes,Yes,Fiber optic,No,Yes,Yes,Yes,Yes,Yes,Yes,Yes,8,1932
3247-MHJKM,Yes,No,No,No internet service,No internet service,No internet service,No internet service,No internet service,No internet service,No,No,1,1933
1964-SVLEA,Yes,No,No,No internet service,No internet service,No internet service,No internet service,No internet service,No internet service,No,No,1,1934
4587-NUKOX,Yes,No,Fiber optic,Yes,Yes,No,No,No,No,No,Yes,4,1935
7297-DVYGA,Yes,No,No,No internet service,No internet service,No internet service,No internet service,No internet service,No internet service,No,No,1,1936
2239-CGBUZ,Yes,No,DSL,Yes,Yes,No,Yes,No,No,No,Yes,5,1937
0854-UYHZD,Yes,No,No,No internet service,No internet service,No internet service,No internet service,No internet service,No internet service,No,No,1,1938
7243-LCGGZ,Yes,No,No,No internet service,No internet service,No internet service,No internet service,No internet service,No internet service,No,No,1,1939
8267-KFGYD,Yes,No,No,No internet service,No internet service,No internet service,No internet service,No internet service,No internet service,No,No,1,1940
4890-VMUAV,Yes,Yes,DSL,Yes,Yes,Yes,Yes,No,No,No,Yes,7,1941
9261-WDCAF,Yes,No,DSL,No,No,No,No,No,Yes,Yes,No,3,1942
3764-MNMOI,Yes,No,No,No internet service,No internet service,No internet service,No internet service,No internet service,No internet service,No,No,1,1943
7442-YGZFK,Yes,Yes,DSL,No,No,No,No,No,No,No,No,3,1944
0420-BWTPW,No,No phone service,DSL,No,No,No,No,No,No,No,No,1,1945
8229-BUJHX,Yes,No,No,No internet service,No internet service,No internet service,No internet service,No internet service,No internet service,No,No,1,1946
7449-HVPIV,Yes,Yes,Fiber optic,No,No,Yes,No,Yes,No,Yes,No,5,1947
5504-WSIUR,Yes,Yes,Fiber optic,No,Yes,Yes,Yes,No,No,No,Yes,6,1948
8183-ONMXC,Yes,No,Fiber optic,No,No,No,No,No,Yes,Yes,No,3,1949
8466-PZBLH,Yes,Yes,Fiber optic,Yes,No,No,Yes,Yes,Yes,Yes,Yes,7,1950
9614-RMGHA,Yes,Yes,Fiber optic,No,Yes,No,No,Yes,No,Yes,No,5,1951
8735-IJJEG,Yes,No,DSL,No,No,Yes,No,No,No,No,No,3,1952
0564-MUUQK,Yes,Yes,Fiber optic,No,No,Yes,Yes,No,Yes,Yes,Yes,6,1953
5054-IEXZT,Yes,No,Fiber optic,No,Yes,No,No,No,No,No,No,3,1954
5834-ASPWA,Yes,Yes,Fiber optic,No,No,No,No,No,No,No,No,3,1955
0701-RFGFI,Yes,Yes,Fiber optic,No,No,No,No,Yes,Yes,Yes,No,5,1956
0019-EFAEP,Yes,Yes,Fiber optic,Yes,Yes,Yes,No,Yes,No,Yes,Yes,7,1957
5619-PTMIK,Yes,Yes,DSL,Yes,No,No,No,No,No,No,Yes,4,1958
3737-XBQDD,Yes,Yes,Fiber optic,No,Yes,Yes,No,No,No,No,No,5,1959
5882-CMAZQ,No,No phone service,DSL,No,Yes,No,Yes,No,No,No,Yes,3,1960
5846-QFDFI,Yes,Yes,Fiber optic,No,Yes,Yes,Yes,No,No,No,Yes,6,1961
4445-KWOKW,Yes,Yes,DSL,Yes,Yes,No,No,No,No,No,Yes,5,1962
3511-APPBJ,Yes,No,Fiber optic,Yes,No,Yes,No,Yes,Yes,Yes,Yes,6,1963
7967-HYCDE,Yes,No,Fiber optic,No,No,No,No,No,No,No,No,2,1964
2430-RRYUW,Yes,No,DSL,Yes,Yes,No,No,No,No,No,Yes,4,1965
3948-XHGNA,Yes,No,DSL,Yes,No,No,No,No,No,No,Yes,3,1966
3723-BFBGR,Yes,Yes,DSL,No,Yes,No,No,No,No,No,No,4,1967
0565-IYCGT,Yes,Yes,DSL,Yes,Yes,Yes,Yes,No,Yes,Yes,Yes,8,1968
5447-WZAFP,Yes,No,Fiber optic,No,Yes,Yes,No,Yes,Yes,Yes,No,6,1969
5110-CHOPY,No,No phone service,DSL,Yes,No,Yes,No,Yes,Yes,Yes,Yes,5,1970
5445-UTODQ,Yes,No,Fiber optic,No,No,No,No,Yes,No,Yes,No,3,1971
4425-OWHWB,Yes,No,No,No internet service,No internet service,No internet service,No internet service,No internet service,No internet service,No,No,1,1972
7892-QVYKW,Yes,Yes,Fiber optic,No,No,No,No,No,Yes,Yes,No,4,1973
9675-ICXCT,Yes,No,DSL,Yes,No,Yes,Yes,Yes,Yes,Yes,Yes,7,1974
1024-VRZHF,Yes,Yes,Fiber optic,No,No,No,No,No,No,No,No,3,1975
4703-MQYKT,Yes,No,No,No internet service,No internet service,No internet service,No internet service,No internet service,No internet service,No,No,1,1976
9497-QCMMS,Yes,Yes,Fiber optic,No,No,No,No,Yes,Yes,Yes,No,5,1977
5692-ICXLW,Yes,Yes,Fiber optic,No,Yes,No,No,Yes,No,Yes,No,5,1978
0602-DDUML,Yes,No,DSL,No,Yes,Yes,Yes,Yes,No,Yes,Yes,6,1979
2208-MPXIO,Yes,No,No,No internet service,No internet service,No internet service,No internet service,No internet service,No internet service,No,No,1,1980
1960-UYCNN,Yes,Yes,Fiber optic,No,Yes,Yes,No,No,Yes,Yes,No,6,1981
0348-SDKOL,Yes,Yes,Fiber optic,No,No,Yes,Yes,Yes,Yes,Yes,Yes,7,1982
3190-FZATL,Yes,No,No,No internet service,No internet service,No internet service,No internet service,No internet service,No internet service,No,No,1,1983
7336-RLLRH,Yes,Yes,DSL,Yes,No,No,Yes,Yes,Yes,Yes,Yes,7,1984
4373-MAVJG,Yes,Yes,Fiber optic,No,Yes,No,No,No,Yes,Yes,No,5,1985
8901-HJXTF,No,No phone service,DSL,No,Yes,No,No,No,No,No,No,2,1986
7710-JSYOA,Yes,Yes,Fiber optic,No,Yes,No,Yes,No,Yes,Yes,Yes,6,1987
5419-KLXBN,Yes,No,Fiber optic,No,Yes,Yes,No,Yes,No,Yes,No,5,1988
3424-NMNBO,Yes,Yes,Fiber optic,Yes,Yes,Yes,No,Yes,Yes,Yes,Yes,8,1989
9885-MFVSU,No,No phone service,DSL,Yes,No,No,Yes,Yes,No,Yes,Yes,4,1990
4514-GFCFI,Yes,Yes,Fiber optic,No,No,No,No,Yes,No,Yes,No,4,1991
0607-MVMGC,Yes,Yes,DSL,No,Yes,Yes,No,Yes,Yes,Yes,No,7,1992
3365-SAIGS,Yes,No,Fiber optic,No,Yes,No,No,Yes,No,Yes,No,4,1993
9828-AOQLM,Yes,No,DSL,No,No,No,No,No,No,No,No,2,1994
8022-BECSI,Yes,No,No,No internet service,No internet service,No internet service,No internet service,No internet service,No internet service,No,No,1,1995
8000-REIQB,Yes,No,Fiber optic,No,No,No,No,No,No,No,No,2,1996
9993-LHIEB,Yes,No,DSL,Yes,No,Yes,Yes,No,Yes,Yes,Yes,6,1997
0266-CLZKZ,Yes,Yes,Fiber optic,No,No,Yes,Yes,Yes,Yes,Yes,Yes,7,1998
7615-ESMYF,No,No phone service,DSL,No,No,No,No,Yes,Yes,Yes,No,3,1999
3858-VOBET,Yes,Yes,Fiber optic,No,No,No,No,No,No,No,No,3,2000
7020-OZKXZ,Yes,No,Fiber optic,No,No,Yes,No,No,No,No,No,3,2001
3977-QCRSL,Yes,No,No,No internet service,No internet service,No internet service,No internet service,No internet service,No internet service,No,No,1,2002
0017-DINOC,No,No phone service,DSL,Yes,No,No,Yes,Yes,No,Yes,Yes,4,2003
1447-PJGGA,Yes,No,Fiber optic,No,No,Yes,No,Yes,Yes,Yes,No,5,2004
8565-CLBZW,Yes,Yes,Fiber optic,No,No,Yes,No,Yes,No,Yes,No,5,2005
9139-WQQDY,Yes,Yes,Fiber optic,No,Yes,No,No,Yes,Yes,Yes,No,6,2006
0224-HJAPT,Yes,Yes,DSL,No,No,No,No,No,No,No,No,3,2007
8086-OVPWV,Yes,No,Fiber optic,No,No,No,No,No,Yes,Yes,No,3,2008
9430-FRQOC,Yes,Yes,Fiber optic,No,No,Yes,Yes,No,No,No,Yes,5,2009
7639-OPLNG,Yes,Yes,DSL,Yes,Yes,Yes,Yes,Yes,No,Yes,Yes,8,2010
3074-GQWYX,Yes,Yes,Fiber optic,No,No,No,No,No,No,No,No,3,2011
1492-QGCLU,Yes,Yes,DSL,Yes,No,Yes,Yes,Yes,Yes,Yes,Yes,8,2012
6845-RGTYS,Yes,Yes,Fiber optic,Yes,Yes,Yes,No,Yes,No,Yes,Yes,7,2013
7328-OWMOM,Yes,No,No,No internet service,No internet service,No internet service,No internet service,No internet service,No internet service,No,No,1,2014
4418-LZMSV,Yes,No,DSL,No,Yes,Yes,Yes,No,No,No,Yes,5,2015
5155-AZQPB,Yes,Yes,DSL,No,No,No,No,No,No,No,No,3,2016
8861-HGGKB,Yes,Yes,Fiber optic,No,No,No,No,No,Yes,Yes,No,4,2017
1087-GRUYI,Yes,No,No,No internet service,No internet service,No internet service,No internet service,No internet service,No internet service,No,No,1,2018
7065-YUNRY,Yes,No,DSL,No,No,No,No,No,No,No,No,2,2019
7694-VLBWQ,Yes,Yes,Fiber optic,No,Yes,Yes,No,Yes,Yes,Yes,No,7,2020
2546-KZAAT,Yes,No,DSL,Yes,Yes,No,No,Yes,Yes,Yes,Yes,6,2021
0181-RITDD,Yes,No,Fiber optic,Yes,Yes,Yes,Yes,Yes,Yes,Yes,Yes,8,2022
5989-PGKJB,Yes,No,Fiber optic,No,Yes,No,No,No,Yes,Yes,No,4,2023
4795-KTRTH,Yes,Yes,Fiber optic,No,Yes,No,No,No,No,No,No,4,2024
8272-ONJLV,Yes,No,Fiber optic,No,No,Yes,No,Yes,Yes,Yes,No,5,2025
1488-PBLJN,Yes,Yes,Fiber optic,Yes,Yes,Yes,Yes,Yes,Yes,Yes,Yes,9,2026
0308-GIQJT,Yes,Yes,Fiber optic,No,Yes,No,Yes,Yes,Yes,Yes,Yes,7,2027
3778-FOAQW,Yes,No,No,No internet service,No internet service,No internet service,No internet service,No internet service,No internet service,No,No,1,2028
4452-ROHMO,Yes,No,No,No internet service,No internet service,No internet service,No internet service,No internet service,No internet service,No,No,1,2029
6481-OGDOO,Yes,No,Fiber optic,Yes,Yes,No,No,No,Yes,Yes,Yes,5,2030
3090-LETTY,Yes,Yes,DSL,Yes,Yes,No,No,No,No,No,Yes,5,2031
5349-AZPEW,No,No phone service,DSL,No,No,No,No,No,No,No,No,1,2032
3753-TSEMP,Yes,No,Fiber optic,No,No,No,No,Yes,Yes,Yes,No,4,2033
8305-VHZBZ,Yes,No,No,No internet service,No internet service,No internet service,No internet service,No internet service,No internet service,No,No,1,2034
9720-JJJOR,Yes,No,DSL,Yes,Yes,Yes,No,No,No,No,Yes,5,2035
8100-HZZLJ,Yes,No,DSL,Yes,Yes,No,No,No,Yes,Yes,Yes,5,2036
8775-ERLNB,Yes,Yes,Fiber optic,No,No,No,No,No,No,No,No,3,2037
8309-IEYJD,Yes,No,Fiber optic,No,No,No,No,No,No,No,No,2,2038
9172-JITSM,Yes,No,Fiber optic,No,No,No,No,Yes,Yes,Yes,No,4,2039
6298-QDFNH,Yes,Yes,Fiber optic,No,Yes,No,No,No,No,No,No,4,2040
7398-HPYZQ,Yes,Yes,DSL,Yes,Yes,Yes,Yes,Yes,Yes,Yes,Yes,9,2041
3546-GHEAE,Yes,No,No,No internet service,No internet service,No internet service,No internet service,No internet service,No internet service,No,No,1,2042
7361-YPXFS,Yes,Yes,DSL,No,Yes,Yes,Yes,No,No,No,Yes,6,2043
6557-BZXLQ,Yes,No,Fiber optic,No,No,No,No,No,No,No,No,2,2044
2550-QHZGP,Yes,No,No,No internet service,No internet service,No internet service,No internet service,No internet service,No internet service,No,No,1,2045
7519-JTWQH,Yes,Yes,Fiber optic,No,Yes,Yes,Yes,Yes,Yes,Yes,Yes,8,2046
2538-OIMXF,No,No phone service,DSL,No,No,No,No,No,No,No,No,1,2047
8543-MSDMF,Yes,No,DSL,Yes,No,Yes,No,Yes,Yes,Yes,Yes,6,2048
9961-JBNMK,Yes,No,Fiber optic,No,No,Yes,No,Yes,Yes,Yes,No,5,2049
1170-SASML,Yes,Yes,Fiber optic,No,Yes,Yes,No,No,No,No,No,5,2050
4872-JCVCA,No,No phone service,DSL,Yes,Yes,Yes,Yes,No,No,No,Yes,5,2051
5346-BZCHP,Yes,No,No,No internet service,No internet service,No internet service,No internet service,No internet service,No internet service,No,No,1,2052
2038-LLMLM,Yes,Yes,Fiber optic,No,No,Yes,Yes,Yes,Yes,Yes,Yes,7,2053
6173-ITPWD,Yes,Yes,Fiber optic,No,Yes,Yes,No,No,No,No,No,5,2054
9734-UYXQI,Yes,Yes,DSL,No,No,No,No,No,No,No,No,3,2055
1216-BGTSP,Yes,Yes,Fiber optic,Yes,No,Yes,Yes,Yes,Yes,Yes,Yes,8,2056
4138-NAXED,Yes,Yes,Fiber optic,No,Yes,No,No,No,No,No,No,4,2057
2189-UXTKY,Yes,Yes,DSL,Yes,No,No,Yes,Yes,Yes,Yes,Yes,7,2058
0744-BIKKF,Yes,Yes,DSL,Yes,Yes,Yes,Yes,Yes,Yes,Yes,Yes,9,2059
7483-IQWIB,Yes,Yes,Fiber optic,No,Yes,Yes,No,Yes,No,Yes,No,6,2060
5248-KWLAR,Yes,Yes,DSL,Yes,Yes,Yes,Yes,Yes,Yes,Yes,Yes,9,2061
4958-GZWIY,Yes,No,DSL,No,No,Yes,No,No,No,No,No,3,2062
7996-MHXLW,Yes,Yes,No,No internet service,No internet service,No internet service,No internet service,No internet service,No internet service,No,No,2,2063
7833-PKIHD,Yes,No,DSL,Yes,No,No,Yes,Yes,Yes,Yes,Yes,6,2064
7061-OVMIM,Yes,No,No,No internet service,No internet service,No internet service,No internet service,No internet service,No internet service,No,No,1,2065
5153-RTHKF,Yes,Yes,Fiber optic,No,No,No,No,Yes,No,Yes,No,4,2066
1852-QSWCD,Yes,Yes,No,No internet service,No internet service,No internet service,No internet service,No internet service,No internet service,No,No,2,2067
4832-VRBMR,Yes,Yes,Fiber optic,No,Yes,Yes,No,Yes,Yes,Yes,No,7,2068
9079-LWTFD,Yes,Yes,Fiber optic,Yes,Yes,No,Yes,Yes,No,Yes,Yes,7,2069
6356-ELRKD,Yes,No,Fiber optic,Yes,No,No,No,Yes,Yes,Yes,Yes,5,2070
8624-GIOUT,Yes,Yes,DSL,Yes,Yes,No,No,No,No,No,Yes,5,2071
3392-EHMNK,Yes,Yes,Fiber optic,No,Yes,No,Yes,Yes,No,Yes,Yes,6,2072
5986-WWXDV,Yes,No,No,No internet service,No internet service,No internet service,No internet service,No internet service,No internet service,No,No,1,2073
3061-BCKYI,Yes,No,No,No internet service,No internet service,No internet service,No internet service,No internet service,No internet service,No,No,1,2074
6179-GJPSO,Yes,No,Fiber optic,Yes,Yes,No,Yes,Yes,Yes,Yes,Yes,7,2075
7901-TBKJX,Yes,Yes,Fiber optic,No,No,Yes,No,Yes,Yes,Yes,No,6,2076
7228-PAQPD,Yes,No,DSL,No,No,No,Yes,No,Yes,Yes,Yes,4,2077
3177-LASXD,Yes,No,Fiber optic,No,No,No,No,No,No,No,No,2,2078
7746-QYVCO,Yes,No,DSL,Yes,Yes,No,No,No,No,No,Yes,4,2079
5804-HYIEZ,Yes,Yes,Fiber optic,Yes,Yes,No,No,Yes,Yes,Yes,Yes,7,2080
9919-FZDED,Yes,Yes,DSL,Yes,Yes,Yes,No,Yes,Yes,Yes,Yes,8,2081
5934-TSSAU,Yes,No,Fiber optic,No,No,Yes,No,No,No,No,No,3,2082
3486-KHMLI,Yes,Yes,No,No internet service,No internet service,No internet service,No internet service,No internet service,No internet service,No,No,2,2083
4897-QSUYC,Yes,No,No,No internet service,No internet service,No internet service,No internet service,No internet service,No internet service,No,No,1,2084
1084-UQCHV,Yes,No,Fiber optic,No,No,No,No,No,No,No,No,2,2085
8290-YWKHZ,Yes,Yes,Fiber optic,No,No,No,No,Yes,Yes,Yes,No,5,2086
2955-BJZHG,Yes,No,Fiber optic,No,No,No,No,Yes,No,Yes,No,3,2087
3806-DXQOM,No,No phone service,DSL,Yes,Yes,No,No,No,No,No,Yes,3,2088
6784-XYJAE,Yes,Yes,DSL,No,No,Yes,No,No,No,No,No,4,2089
3933-DQPWX,No,No phone service,DSL,No,Yes,Yes,Yes,No,No,No,Yes,4,2090
6661-EIPZC,No,No phone service,DSL,No,No,No,Yes,No,No,No,Yes,2,2091
8957-THMOA,Yes,No,No,No internet service,No internet service,No internet service,No internet service,No internet service,No internet service,No,No,1,2092
2251-PYLPB,Yes,Yes,DSL,Yes,Yes,Yes,Yes,No,Yes,Yes,Yes,8,2093
5555-RNPGT,Yes,Yes,No,No internet service,No internet service,No internet service,No internet service,No internet service,No internet service,No,No,2,2094
1057-FOGLZ,Yes,No,No,No internet service,No internet service,No internet service,No internet service,No internet service,No internet service,No,No,1,2095
9300-RENDD,Yes,No,Fiber optic,No,No,No,No,Yes,No,Yes,No,3,2096
0761-AETCS,Yes,No,No,No internet service,No internet service,No internet service,No internet service,No internet service,No internet service,No,No,1,2097
8087-LGYHQ,Yes,No,Fiber optic,No,No,Yes,No,Yes,Yes,Yes,No,5,2098
4137-BTIKL,Yes,Yes,Fiber optic,Yes,No,No,No,No,Yes,Yes,Yes,5,2099
2190-BCXEC,Yes,Yes,Fiber optic,No,No,No,Yes,No,No,No,Yes,4,2100
6227-FBDXH,Yes,Yes,Fiber optic,No,No,Yes,No,Yes,Yes,Yes,No,6,2101
2153-MREFK,Yes,Yes,Fiber optic,Yes,No,Yes,Yes,No,Yes,Yes,Yes,7,2102
2911-WDXMV,Yes,Yes,Fiber optic,No,No,Yes,No,No,No,No,No,4,2103
7206-PQBBZ,Yes,No,Fiber optic,No,No,No,No,No,No,No,No,2,2104
3106-ULWFW,Yes,Yes,Fiber optic,No,No,No,No,No,Yes,Yes,No,4,2105
0925-VYDLG,Yes,Yes,Fiber optic,No,No,No,No,No,No,No,No,3,2106
4547-FZJWE,Yes,No,DSL,Yes,No,No,No,No,Yes,Yes,Yes,4,2107
7422-WNBTY,Yes,Yes,Fiber optic,No,Yes,Yes,No,No,Yes,Yes,No,6,2108
0842-IWYCP,Yes,No,DSL,No,No,No,No,No,No,No,No,2,2109
3521-HTQTV,Yes,Yes,No,No internet service,No internet service,No internet service,No internet service,No internet service,No internet service,No,No,2,2110
3744-ZBHON,Yes,No,No,No internet service,No internet service,No internet service,No internet service,No internet service,No internet service,No,No,1,2111
3373-DIUUN,Yes,No,No,No internet service,No internet service,No internet service,No internet service,No internet service,No internet service,No,No,1,2112
8383-SGHJU,Yes,Yes,DSL,Yes,No,No,Yes,No,No,No,Yes,5,2113
7607-QKKTJ,Yes,Yes,Fiber optic,No,Yes,Yes,No,No,Yes,Yes,No,6,2114
7707-PYBBH,Yes,No,DSL,Yes,Yes,No,Yes,No,No,No,Yes,5,2115
8984-HPEMB,Yes,Yes,Fiber optic,Yes,Yes,Yes,Yes,Yes,Yes,Yes,Yes,9,2116
4349-GFQHK,Yes,Yes,DSL,No,No,Yes,No,No,No,No,No,4,2117
4139-DETXS,No,No phone service,DSL,Yes,Yes,Yes,Yes,Yes,Yes,Yes,Yes,7,2118
9779-DPNEJ,Yes,No,Fiber optic,No,No,No,No,No,Yes,Yes,No,3,2119
9805-FILKB,Yes,No,No,No internet service,No internet service,No internet service,No internet service,No internet service,No internet service,No,No,1,2120
5793-YOLJN,Yes,No,No,No internet service,No internet service,No internet service,No internet service,No internet service,No internet service,No,No,1,2121
0673-IGUQO,Yes,No,No,No internet service,No internet service,No internet service,No internet service,No internet service,No internet service,No,No,1,2122
4123-FCVCB,Yes,Yes,DSL,No,No,No,Yes,Yes,Yes,Yes,Yes,6,2123
8819-IMISP,Yes,Yes,Fiber optic,No,Yes,No,No,No,No,No,No,4,2124
7802-EFKNY,No,No phone service,DSL,No,No,No,No,No,No,No,No,1,2125
8311-UEUAB,Yes,Yes,DSL,Yes,No,No,No,Yes,Yes,Yes,Yes,6,2126
5858-EAFCZ,Yes,No,DSL,No,No,No,No,No,No,No,No,2,2127
8035-BUYVG,No,No phone service,DSL,Yes,Yes,Yes,No,No,No,No,Yes,4,2128
1163-ONYEY,Yes,Yes,DSL,Yes,Yes,Yes,No,Yes,No,Yes,Yes,7,2129
9787-XVQIU,Yes,Yes,Fiber optic,No,No,No,No,No,No,No,No,3,2130
8945-MUQUF,Yes,Yes,Fiber optic,Yes,Yes,No,No,Yes,No,Yes,Yes,6,2131
5656-MJEFC,No,No phone service,DSL,Yes,No,Yes,Yes,Yes,No,Yes,Yes,5,2132
6082-OQFBA,Yes,No,No,No internet service,No internet service,No internet service,No internet service,No internet service,No internet service,No,No,1,2133
8051-HJRLT,Yes,No,Fiber optic,No,No,No,No,No,No,No,No,2,2134
8974-OVACP,Yes,No,No,No internet service,No internet service,No internet service,No internet service,No internet service,No internet service,No,No,1,2135
4010-YLMVT,Yes,Yes,Fiber optic,Yes,Yes,No,No,Yes,Yes,Yes,Yes,7,2136
1379-FRVEB,Yes,Yes,Fiber optic,No,Yes,No,No,Yes,No,Yes,No,5,2137
8612-GXIDD,Yes,Yes,No,No internet service,No internet service,No internet service,No internet service,No internet service,No internet service,No,No,2,2138
6288-CHQJB,Yes,No,DSL,Yes,No,Yes,Yes,No,Yes,Yes,Yes,6,2139
8160-HOWOX,Yes,No,DSL,No,No,No,No,Yes,Yes,Yes,No,4,2140
3023-GFLBR,Yes,Yes,Fiber optic,No,No,No,No,No,Yes,Yes,No,4,2141
6648-INWPS,Yes,No,No,No internet service,No internet service,No internet service,No internet service,No internet service,No internet service,No,No,1,2142
4223-BKEOR,Yes,No,DSL,Yes,No,Yes,No,No,Yes,Yes,Yes,5,2143
4079-VTGLK,Yes,Yes,DSL,No,No,Yes,No,Yes,Yes,Yes,No,6,2144
1763-WQFUK,Yes,No,DSL,No,No,No,Yes,No,No,No,Yes,3,2145
1391-UBDAR,Yes,No,Fiber optic,No,No,Yes,No,No,No,No,No,3,2146
8894-JVDCV,Yes,Yes,Fiber optic,Yes,Yes,Yes,Yes,Yes,Yes,Yes,Yes,9,2147
2023-VQFDL,Yes,No,No,No internet service,No internet service,No internet service,No internet service,No internet service,No internet service,No,No,1,2148
1345-GKDZZ,Yes,No,No,No internet service,No internet service,No internet service,No internet service,No internet service,No internet service,No,No,1,2149
2014-MKGMH,Yes,Yes,Fiber optic,No,No,Yes,No,Yes,Yes,Yes,No,6,2150
5628-FCGYG,Yes,Yes,Fiber optic,No,No,No,No,No,Yes,Yes,No,4,2151
2560-WBWXF,Yes,Yes,No,No internet service,No internet service,No internet service,No internet service,No internet service,No internet service,No,No,2,2152
0248-IPDFW,Yes,Yes,DSL,No,No,No,No,No,No,No,No,3,2153
7978-DKUQH,Yes,No,Fiber optic,No,No,Yes,No,No,No,No,No,3,2154
4335-UPJSI,Yes,No,No,No internet service,No internet service,No internet service,No internet service,No internet service,No internet service,No,No,1,2155
0524-IAVZO,Yes,Yes,Fiber optic,No,No,No,No,No,Yes,Yes,No,4,2156
2737-YNGYW,Yes,No,Fiber optic,No,No,No,No,No,Yes,Yes,No,3,2157
1784-EZDKJ,Yes,Yes,Fiber optic,No,Yes,Yes,No,Yes,Yes,Yes,No,7,2158
9297-FVVDH,Yes,Yes,DSL,Yes,No,Yes,Yes,Yes,Yes,Yes,Yes,8,2159
8007-YYPWD,Yes,Yes,No,No internet service,No internet service,No internet service,No internet service,No internet service,No internet service,No,No,2,2160
7101-HRBLJ,Yes,No,DSL,Yes,Yes,Yes,Yes,Yes,Yes,Yes,Yes,8,2161
5159-YFPKQ,Yes,No,Fiber optic,No,No,Yes,No,No,No,No,No,3,2162
6635-CPNUN,Yes,Yes,Fiber optic,No,Yes,Yes,No,Yes,No,Yes,No,6,2163
4021-RQSNY,Yes,Yes,Fiber optic,No,No,Yes,No,Yes,Yes,Yes,No,6,2164
5453-YBTWV,Yes,No,Fiber optic,Yes,Yes,Yes,Yes,Yes,No,Yes,Yes,7,2165
5039-LZRQT,Yes,No,No,No internet service,No internet service,No internet service,No internet service,No internet service,No internet service,No,No,1,2166
2931-VUVJN,Yes,Yes,Fiber optic,Yes,Yes,Yes,Yes,No,No,No,Yes,7,2167
9061-TIHDA,Yes,Yes,Fiber optic,No,No,No,No,Yes,Yes,Yes,No,5,2168
8699-ASUFO,Yes,Yes,Fiber optic,No,No,No,No,No,No,No,No,3,2169
6418-PIQSP,Yes,No,DSL,Yes,No,Yes,Yes,Yes,Yes,Yes,Yes,7,2170
8220-OCUFY,Yes,No,DSL,Yes,No,Yes,Yes,No,No,No,Yes,5,2171
3995-WFCSM,Yes,No,DSL,No,No,Yes,No,No,Yes,Yes,No,4,2172
1895-QTKDO,Yes,No,DSL,No,No,No,No,No,No,No,No,2,2173
2038-OEQZH,Yes,No,Fiber optic,No,No,Yes,No,No,Yes,Yes,No,4,2174
1178-PZGAB,Yes,No,No,No internet service,No internet service,No internet service,No internet service,No internet service,No internet service,No,No,1,2175
7927-AUXBZ,Yes,No,Fiber optic,No,No,No,Yes,Yes,No,Yes,Yes,4,2176
2626-VEEWG,Yes,No,No,No internet service,No internet service,No internet service,No internet service,No internet service,No internet service,No,No,1,2177
2878-RMWXY,Yes,Yes,Fiber optic,Yes,Yes,Yes,No,No,Yes,Yes,Yes,7,2178
1657-DYMBM,Yes,No,No,No internet service,No internet service,No internet service,No internet service,No internet service,No internet service,No,No,1,2179
7311-MQJCH,Yes,No,No,No internet service,No internet service,No internet service,No internet service,No internet service,No internet service,No,No,1,2180
7375-WMVMT,Yes,No,Fiber optic,No,Yes,Yes,Yes,No,Yes,Yes,Yes,6,2181
1136-XGEQU,Yes,Yes,DSL,No,Yes,Yes,Yes,Yes,Yes,Yes,Yes,8,2182
2530-FMFXO,Yes,Yes,Fiber optic,No,No,Yes,Yes,Yes,Yes,Yes,Yes,7,2183
6844-DZKRF,Yes,No,DSL,No,No,No,Yes,No,No,No,Yes,3,2184
4695-WJZUE,Yes,Yes,Fiber optic,No,No,Yes,No,No,Yes,Yes,No,5,2185
7619-ODSGN,Yes,Yes,DSL,Yes,No,No,No,No,No,No,Yes,4,2186
5970-GHJAW,Yes,No,No,No internet service,No internet service,No internet service,No internet service,No internet service,No internet service,No,No,1,2187
8879-XUAHX,Yes,Yes,Fiber optic,Yes,Yes,Yes,Yes,Yes,Yes,Yes,Yes,9,2188
3689-MOZGR,No,No phone service,DSL,No,No,No,Yes,No,No,No,Yes,2,2189
4195-PNGZS,Yes,Yes,No,No internet service,No internet service,No internet service,No internet service,No internet service,No internet service,No,No,2,2190
5003-XZWWO,Yes,Yes,DSL,No,Yes,Yes,Yes,Yes,Yes,Yes,Yes,8,2191
3988-RQIXO,Yes,No,Fiber optic,No,No,No,No,Yes,Yes,Yes,No,4,2192
7622-FWGEW,Yes,No,DSL,Yes,Yes,Yes,Yes,Yes,Yes,Yes,Yes,8,2193
6922-NCEDI,Yes,No,No,No internet service,No internet service,No internet service,No internet service,No internet service,No internet service,No,No,1,2194
2514-GINMM,Yes,No,Fiber optic,No,No,No,No,Yes,No,Yes,No,3,2195
9891-NQDBD,Yes,Yes,No,No internet service,No internet service,No internet service,No internet service,No internet service,No internet service,No,No,2,2196
6131-IUNXN,Yes,No,No,No internet service,No internet service,No internet service,No internet service,No internet service,No internet service,No,No,1,2197
8548-AWOFC,Yes,Yes,DSL,No,No,No,Yes,No,Yes,Yes,Yes,5,2198
9798-DRYDS,Yes,Yes,DSL,No,No,Yes,Yes,No,No,No,Yes,5,2199
8532-UEFWH,Yes,Yes,No,No internet service,No internet service,No internet service,No internet service,No internet service,No internet service,No,No,2,2200
6296-DDOOR,Yes,No,DSL,No,Yes,No,No,Yes,No,Yes,No,4,2201
7951-VRDVK,Yes,No,DSL,Yes,Yes,Yes,Yes,Yes,Yes,Yes,Yes,8,2202
5931-FLJJF,Yes,No,Fiber optic,No,No,No,No,No,No,No,No,2,2203
4815-YOSUK,Yes,Yes,Fiber optic,Yes,Yes,Yes,Yes,No,Yes,Yes,Yes,8,2204
2659-VXMWZ,Yes,Yes,Fiber optic,Yes,Yes,Yes,No,Yes,Yes,Yes,Yes,8,2205
0380-NEAVX,Yes,No,Fiber optic,No,Yes,Yes,No,Yes,Yes,Yes,No,6,2206
3207-OYBWH,Yes,Yes,Fiber optic,No,Yes,Yes,No,No,Yes,Yes,No,6,2207
4285-GYRQC,Yes,No,Fiber optic,No,No,Yes,No,Yes,No,Yes,No,4,2208
7216-EWTRS,Yes,Yes,Fiber optic,No,No,Yes,No,Yes,Yes,Yes,No,6,2209
4365-MSDYN,Yes,No,No,No internet service,No internet service,No internet service,No internet service,No internet service,No internet service,No,No,1,2210
7036-TYDEC,Yes,Yes,Fiber optic,No,No,Yes,Yes,Yes,Yes,Yes,Yes,7,2211
5802-ADBRC,Yes,Yes,Fiber optic,Yes,No,Yes,No,Yes,Yes,Yes,Yes,7,2212
8076-FEZKJ,Yes,No,No,No internet service,No internet service,No internet service,No internet service,No internet service,No internet service,No,No,1,2213
5197-YPYBZ,Yes,Yes,No,No internet service,No internet service,No internet service,No internet service,No internet service,No internet service,No,No,2,2214
8337-MSSXB,Yes,No,Fiber optic,No,Yes,No,No,No,Yes,Yes,No,4,2215
4312-GVYNH,No,No phone service,DSL,Yes,No,Yes,Yes,No,Yes,Yes,Yes,5,2216
8495-LJDFO,Yes,Yes,Fiber optic,Yes,No,Yes,Yes,Yes,Yes,Yes,Yes,8,2217
0839-JTCUD,Yes,Yes,DSL,Yes,Yes,Yes,Yes,Yes,Yes,Yes,Yes,9,2218
5494-WOZRZ,Yes,No,DSL,Yes,No,Yes,Yes,Yes,Yes,Yes,Yes,7,2219
1302-UHBDD,Yes,No,Fiber optic,No,No,No,No,Yes,Yes,Yes,No,4,2220
2234-EOFPT,Yes,No,DSL,Yes,Yes,No,Yes,Yes,Yes,Yes,Yes,7,2221
8619-IJNDK,Yes,No,DSL,Yes,Yes,Yes,Yes,No,No,No,Yes,6,2222
8378-LKJAF,Yes,Yes,Fiber optic,No,No,Yes,No,Yes,Yes,Yes,No,6,2223
8182-BJDSI,Yes,Yes,Fiber optic,No,Yes,No,No,No,Yes,Yes,No,5,2224
2528-HFYZX,Yes,No,Fiber optic,No,Yes,No,No,No,No,No,No,3,2225
1153-GNOLC,No,No phone service,DSL,No,Yes,No,No,Yes,No,Yes,No,3,2226
3298-QEICA,No,No phone service,DSL,Yes,No,No,Yes,No,No,No,Yes,3,2227
0788-DXBFY,Yes,No,No,No internet service,No internet service,No internet service,No internet service,No internet service,No internet service,No,No,1,2228
3597-YASZG,Yes,Yes,Fiber optic,No,Yes,No,Yes,Yes,Yes,Yes,Yes,7,2229
3496-LFSZU,Yes,No,Fiber optic,No,No,No,No,No,No,No,No,2,2230
5242-UOWHD,Yes,No,No,No internet service,No internet service,No internet service,No internet service,No internet service,No internet service,No,No,1,2231
2482-CZGBB,Yes,No,Fiber optic,No,No,No,No,No,No,No,No,2,2232
6479-SZPLM,Yes,No,No,No internet service,No internet service,No internet service,No internet service,No internet service,No internet service,No,No,1,2233
8097-VBQTZ,Yes,No,DSL,Yes,Yes,No,Yes,Yes,No,Yes,Yes,6,2234
4500-HKANN,Yes,Yes,DSL,No,Yes,No,Yes,No,No,No,Yes,5,2235
9917-KWRBE,Yes,Yes,DSL,Yes,Yes,Yes,No,Yes,No,Yes,Yes,7,2236
3420-ZDBMA,Yes,No,Fiber optic,No,No,No,No,No,No,No,No,2,2237
2212-LYASK,No,No phone service,DSL,No,Yes,Yes,No,No,Yes,Yes,No,4,2238
1393-IMKZG,Yes,No,Fiber optic,No,No,No,Yes,Yes,Yes,Yes,Yes,5,2239
8069-RHUXK,No,No phone service,DSL,Yes,No,No,Yes,No,No,No,Yes,3,2240
3398-GCPMU,Yes,Yes,DSL,Yes,Yes,Yes,Yes,Yes,Yes,Yes,Yes,9,2241
2908-WGAXL,Yes,Yes,No,No internet service,No internet service,No internet service,No internet service,No internet service,No internet service,No,No,2,2242
3378-AJRAO,Yes,Yes,No,No internet service,No internet service,No internet service,No internet service,No internet service,No internet service,No,No,2,2243
1013-QCWAM,Yes,Yes,Fiber optic,No,Yes,No,No,Yes,Yes,Yes,No,6,2244
0866-QLSIR,Yes,Yes,DSL,Yes,Yes,No,Yes,No,No,No,Yes,6,2245
6050-FFXES,Yes,Yes,Fiber optic,No,No,Yes,Yes,Yes,Yes,Yes,Yes,7,2246
7181-BQYBV,Yes,Yes,Fiber optic,Yes,No,Yes,No,Yes,Yes,Yes,Yes,7,2247
0362-RAOQO,Yes,No,No,No internet service,No internet service,No internet service,No internet service,No internet service,No internet service,No,No,1,2248
9554-DFKIC,Yes,Yes,DSL,Yes,No,No,No,No,No,No,Yes,4,2249
5527-ACHSO,Yes,No,DSL,No,No,No,Yes,Yes,Yes,Yes,Yes,5,2250
0829-DDVLK,Yes,No,No,No internet service,No internet service,No internet service,No internet service,No internet service,No internet service,No,No,1,2251
1399-UBQIU,Yes,No,DSL,No,No,Yes,No,Yes,Yes,Yes,No,5,2252
1813-JLKWR,Yes,No,No,No internet service,No internet service,No internet service,No internet service,No internet service,No internet service,No,No,1,2253
0336-PIKEI,Yes,No,DSL,Yes,Yes,Yes,Yes,Yes,No,Yes,Yes,7,2254
7322-OCWHC,Yes,Yes,Fiber optic,Yes,Yes,Yes,Yes,No,No,No,Yes,7,2255
9537-VHDTA,Yes,No,DSL,Yes,No,No,No,No,No,No,Yes,3,2256
4957-TIALW,Yes,No,DSL,Yes,Yes,Yes,Yes,No,No,No,Yes,6,2257
2054-PJOCK,Yes,Yes,DSL,No,No,Yes,Yes,Yes,Yes,Yes,Yes,7,2258
9150-HEPMB,Yes,No,DSL,Yes,No,Yes,No,No,No,No,Yes,4,2259
9030-QGZNL,Yes,No,No,No internet service,No internet service,No internet service,No internet service,No internet service,No internet service,No,No,1,2260
6204-IEUXJ,Yes,No,Fiber optic,No,No,Yes,Yes,No,No,No,Yes,4,2261
3126-WQMGH,Yes,Yes,DSL,No,No,No,No,No,No,No,No,3,2262
4529-CKBCL,Yes,No,Fiber optic,No,No,No,No,Yes,No,Yes,No,3,2263
2506-CLAKW,Yes,No,Fiber optic,Yes,Yes,Yes,Yes,No,Yes,Yes,Yes,7,2264
7176-WRTNX,Yes,Yes,Fiber optic,Yes,Yes,Yes,Yes,Yes,Yes,Yes,Yes,9,2265
1583-IHQZE,Yes,Yes,Fiber optic,No,Yes,Yes,Yes,Yes,Yes,Yes,Yes,8,2266
5732-IKGQH,Yes,No,Fiber optic,Yes,No,Yes,Yes,Yes,Yes,Yes,Yes,7,2267
9239-GZHZE,Yes,Yes,Fiber optic,Yes,Yes,Yes,Yes,Yes,Yes,Yes,Yes,9,2268
7205-BAIAD,Yes,No,No,No internet service,No internet service,No internet service,No internet service,No internet service,No internet service,No,No,1,2269
0151-ONTOV,Yes,No,Fiber optic,No,No,No,No,No,No,No,No,2,2270
4140-MUHUG,Yes,No,Fiber optic,No,No,Yes,No,Yes,No,Yes,No,4,2271
0093-EXYQL,Yes,No,Fiber optic,No,No,No,No,Yes,Yes,Yes,No,4,2272
8064-RAVOH,Yes,No,DSL,No,No,Yes,No,No,No,No,No,3,2273
0219-QAERP,Yes,No,No,No internet service,No internet service,No internet service,No internet service,No internet service,No internet service,No,No,1,2274
0320-JDNQG,Yes,No,Fiber optic,Yes,No,No,Yes,Yes,Yes,Yes,Yes,6,2275
7180-PISOG,Yes,Yes,Fiber optic,No,No,No,No,No,No,No,No,3,2276
9168-INPSZ,Yes,Yes,Fiber optic,No,No,Yes,Yes,Yes,Yes,Yes,Yes,7,2277
3571-RFHAR,Yes,Yes,Fiber optic,No,Yes,Yes,Yes,Yes,Yes,Yes,Yes,8,2278
0015-UOCOJ,Yes,No,DSL,Yes,No,No,No,No,No,No,Yes,3,2279
5334-AFQJB,Yes,Yes,No,No internet service,No internet service,No internet service,No internet service,No internet service,No internet service,No,No,2,2280
2754-SDJRD,Yes,Yes,Fiber optic,No,No,No,Yes,Yes,Yes,Yes,Yes,6,2281
9578-VRMNM,Yes,Yes,DSL,No,No,Yes,No,No,Yes,Yes,No,5,2282
1587-FKLZB,Yes,Yes,Fiber optic,No,No,Yes,No,Yes,Yes,Yes,No,6,2283
6140-QNRQQ,Yes,No,Fiber optic,No,No,No,No,No,No,No,No,2,2284
8963-JLGJT,Yes,No,DSL,Yes,No,Yes,No,No,No,No,Yes,4,2285
4307-KTUMW,Yes,Yes,Fiber optic,Yes,No,Yes,No,No,Yes,Yes,Yes,6,2286
1465-LNTLJ,Yes,No,DSL,No,No,Yes,Yes,No,Yes,Yes,Yes,5,2287
5440-FLBQG,Yes,Yes,Fiber optic,No,Yes,Yes,Yes,Yes,Yes,Yes,Yes,8,2288
2135-DQWAQ,Yes,No,Fiber optic,No,Yes,No,No,Yes,No,Yes,No,4,2289
4056-QHXHZ,Yes,Yes,Fiber optic,Yes,No,Yes,Yes,Yes,Yes,Yes,Yes,8,2290
7470-MCQTK,No,No phone service,DSL,No,No,Yes,No,Yes,Yes,Yes,No,4,2291
7488-MXJIV,Yes,Yes,Fiber optic,No,No,No,No,Yes,No,Yes,No,4,2292
7401-JIXNM,Yes,Yes,DSL,Yes,Yes,Yes,Yes,Yes,Yes,Yes,Yes,9,2293
9339-FIIJL,Yes,Yes,DSL,No,Yes,Yes,Yes,Yes,Yes,Yes,Yes,8,2294
2027-FECZV,Yes,Yes,Fiber optic,No,Yes,Yes,No,Yes,Yes,Yes,No,7,2295
2672-DZUOY,No,No phone service,DSL,No,No,No,No,No,No,No,No,1,2296
4706-DGAHW,Yes,No,DSL,No,No,No,No,No,No,No,No,2,2297
3870-MQAMG,Yes,Yes,Fiber optic,No,Yes,Yes,Yes,Yes,Yes,Yes,Yes,8,2298
6670-MFRPK,Yes,Yes,Fiber optic,No,No,Yes,No,No,No,No,No,4,2299
6177-PEVRA,Yes,No,DSL,Yes,Yes,No,No,No,No,No,Yes,4,2300
4800-CZMPC,Yes,Yes,Fiber optic,Yes,Yes,No,No,Yes,Yes,Yes,Yes,7,2301
4813-HQMGZ,Yes,Yes,Fiber optic,No,No,No,Yes,No,Yes,Yes,Yes,5,2302
7579-KKLOE,Yes,Yes,DSL,Yes,Yes,Yes,Yes,Yes,Yes,Yes,Yes,9,2303
7377-DMMRI,Yes,No,DSL,Yes,No,No,No,No,No,No,Yes,3,2304
8402-EIVQS,Yes,No,Fiber optic,Yes,Yes,No,No,Yes,Yes,Yes,Yes,6,2305
4947-DSMXK,Yes,Yes,Fiber optic,No,Yes,No,No,Yes,Yes,Yes,No,6,2306
7245-NIIWQ,Yes,No,Fiber optic,No,No,No,No,No,No,No,No,2,2307
0002-ORFBO,Yes,No,DSL,No,Yes,No,Yes,Yes,No,Yes,Yes,5,2308
3324-OIRTO,Yes,No,Fiber optic,Yes,Yes,Yes,No,Yes,Yes,Yes,Yes,7,2309
5414-OFQCB,Yes,Yes,Fiber optic,No,No,No,Yes,Yes,No,Yes,Yes,5,2310
4967-WPNCF,No,No phone service,DSL,Yes,Yes,Yes,Yes,Yes,Yes,Yes,Yes,7,2311
8552-OBVRU,Yes,No,Fiber optic,Yes,No,Yes,Yes,Yes,Yes,Yes,Yes,7,2312
8499-BRXTD,Yes,No,No,No internet service,No internet service,No internet service,No internet service,No internet service,No internet service,No,No,1,2313
9154-QDGTH,Yes,Yes,Fiber optic,No,No,Yes,Yes,Yes,Yes,Yes,Yes,7,2314
8197-BFWVU,Yes,Yes,DSL,Yes,Yes,Yes,Yes,Yes,Yes,Yes,Yes,9,2315
2577-GVSIL,Yes,Yes,DSL,No,No,No,Yes,Yes,Yes,Yes,Yes,6,2316
9367-OIUXP,Yes,No,No,No internet service,No internet service,No internet service,No internet service,No internet service,No internet service,No,No,1,2317
6770-UAYGJ,Yes,Yes,No,No internet service,No internet service,No internet service,No internet service,No internet service,No internet service,No,No,2,2318
6463-HHXJR,Yes,Yes,Fiber optic,Yes,Yes,Yes,No,Yes,No,Yes,Yes,7,2319
7928-VJYAB,Yes,No,Fiber optic,No,No,No,No,Yes,Yes,Yes,No,4,2320
1187-WILMM,Yes,Yes,DSL,Yes,Yes,Yes,Yes,Yes,Yes,Yes,Yes,9,2321
9776-OJUZI,Yes,Yes,Fiber optic,No,Yes,Yes,No,Yes,No,Yes,No,6,2322
1306-RPWXZ,Yes,No,No,No internet service,No internet service,No internet service,No internet service,No internet service,No internet service,No,No,1,2323
8949-JTMAY,Yes,Yes,Fiber optic,No,No,Yes,No,Yes,Yes,Yes,No,6,2324
2774-LVQUS,Yes,Yes,Fiber optic,No,No,Yes,Yes,No,No,No,Yes,5,2325
3097-PYWXL,Yes,No,No,No internet service,No internet service,No internet service,No internet service,No internet service,No internet service,No,No,1,2326
2266-SJNAT,Yes,Yes,Fiber optic,No,Yes,Yes,Yes,Yes,Yes,Yes,Yes,8,2327
0869-PAPRP,Yes,No,Fiber optic,No,No,Yes,No,Yes,No,Yes,No,4,2328
4238-JSSWH,Yes,Yes,Fiber optic,No,No,Yes,No,Yes,Yes,Yes,No,6,2329
2972-YDYUW,Yes,Yes,Fiber optic,No,Yes,No,Yes,No,Yes,Yes,Yes,6,2330
1104-FEJAM,Yes,Yes,DSL,No,Yes,No,No,No,Yes,Yes,No,5,2331
2809-ILCYT,Yes,Yes,No,No internet service,No internet service,No internet service,No internet service,No internet service,No internet service,No,No,2,2332
5499-ECUTN,Yes,No,DSL,Yes,No,Yes,No,Yes,No,Yes,Yes,5,2333
4981-FLTMF,Yes,Yes,DSL,Yes,Yes,No,Yes,No,No,No,Yes,6,2334
9121-PHQSR,Yes,Yes,Fiber optic,No,No,No,No,Yes,No,Yes,No,4,2335
3113-IWHLC,Yes,No,DSL,Yes,No,Yes,No,No,No,No,Yes,4,2336
3211-ILJTT,Yes,No,Fiber optic,No,No,No,No,No,No,No,No,2,2337
4612-THJBS,Yes,Yes,Fiber optic,No,Yes,Yes,No,Yes,Yes,Yes,No,7,2338
4277-BWBML,Yes,No,No,No internet service,No internet service,No internet service,No internet service,No internet service,No internet service,No,No,1,2339
4094-NSEDU,Yes,Yes,Fiber optic,No,No,No,No,Yes,Yes,Yes,No,5,2340
0234-TEVTT,No,No phone service,DSL,Yes,No,Yes,No,No,Yes,Yes,Yes,4,2341
4304-TSPVK,Yes,Yes,Fiber optic,Yes,Yes,Yes,Yes,Yes,Yes,Yes,Yes,9,2342
1552-AAGRX,Yes,Yes,Fiber optic,Yes,No,No,Yes,Yes,Yes,Yes,Yes,7,2343
2637-FKFSY,Yes,No,DSL,No,No,No,No,No,No,No,No,2,2344
9796-MVYXX,No,No phone service,DSL,Yes,No,Yes,Yes,No,No,No,Yes,4,2345
7874-ECPQJ,Yes,No,No,No internet service,No internet service,No internet service,No internet service,No internet service,No internet service,No,No,1,2346
0020-INWCK,Yes,Yes,Fiber optic,No,Yes,Yes,No,No,Yes,Yes,No,6,2347
7089-RKVSZ,Yes,Yes,No,No internet service,No internet service,No internet service,No internet service,No internet service,No internet service,No,No,2,2348
2683-JXWQQ,No,No phone service,DSL,Yes,No,Yes,No,No,No,No,Yes,3,2349
9548-ZMVTX,Yes,Yes,Fiber optic,No,Yes,Yes,Yes,No,No,No,Yes,6,2350
8739-XNIKG,Yes,Yes,Fiber optic,No,No,No,No,Yes,No,Yes,No,4,2351
9755-JHNMN,Yes,No,DSL,Yes,Yes,Yes,Yes,No,No,No,Yes,6,2352
3981-QSVQI,Yes,No,No,No internet service,No internet service,No internet service,No internet service,No internet service,No internet service,No,No,1,2353
2789-HQBOU,Yes,No,Fiber optic,No,No,No,No,No,Yes,Yes,No,3,2354
9424-CMPOG,Yes,No,No,No internet service,No internet service,No internet service,No internet service,No internet service,No internet service,No,No,1,2355
5067-WJEUN,Yes,No,DSL,Yes,Yes,No,No,No,No,No,Yes,4,2356
3450-WXOAT,Yes,No,DSL,No,No,No,No,No,No,No,No,2,2357
9251-WNSOD,Yes,Yes,DSL,Yes,Yes,Yes,No,No,Yes,Yes,Yes,7,2358
6974-DAFLI,Yes,No,No,No internet service,No internet service,No internet service,No internet service,No internet service,No internet service,No,No,1,2359
2616-UUTFK,Yes,Yes,DSL,Yes,Yes,Yes,No,Yes,No,Yes,Yes,7,2360
7064-JHXCE,Yes,No,No,No internet service,No internet service,No internet service,No internet service,No internet service,No internet service,No,No,1,2361
5103-MHMHY,Yes,No,DSL,No,No,No,No,No,No,No,No,2,2362
7989-AWGEH,No,No phone service,DSL,Yes,No,No,No,No,Yes,Yes,Yes,3,2363
4373-VVHQL,Yes,No,DSL,No,No,No,No,No,No,No,No,2,2364
4559-UWIHT,Yes,Yes,Fiber optic,No,Yes,Yes,No,No,No,No,No,5,2365
7268-IGMFD,Yes,Yes,Fiber optic,No,No,Yes,Yes,Yes,No,Yes,Yes,6,2366
1846-XWOQN,Yes,No,Fiber optic,No,No,No,No,No,No,No,No,2,2367
0235-KGSLC,Yes,No,Fiber optic,No,No,Yes,No,Yes,No,Yes,No,4,2368
6650-BWFRT,Yes,Yes,Fiber optic,Yes,Yes,Yes,Yes,Yes,Yes,Yes,Yes,9,2369
9570-KYEUA,Yes,Yes,Fiber optic,Yes,No,Yes,Yes,No,Yes,Yes,Yes,7,2370
6993-YGFJV,Yes,Yes,Fiber optic,Yes,Yes,Yes,Yes,Yes,Yes,Yes,Yes,9,2371
2712-SYWAY,Yes,Yes,No,No internet service,No internet service,No internet service,No internet service,No internet service,No internet service,No,No,2,2372
0730-BGQGF,Yes,Yes,DSL,Yes,Yes,Yes,Yes,Yes,Yes,Yes,Yes,9,2373
5498-IBWPI,Yes,No,DSL,No,No,No,Yes,No,No,No,Yes,3,2374
9101-NTIXF,Yes,No,No,No internet service,No internet service,No internet service,No internet service,No internet service,No internet service,No,No,1,2375
0013-SMEOE,Yes,No,Fiber optic,Yes,Yes,Yes,Yes,Yes,Yes,Yes,Yes,8,2376
9314-QDMDW,Yes,No,DSL,No,Yes,No,No,Yes,No,Yes,No,4,2377
9308-ANMVE,Yes,No,DSL,Yes,Yes,No,No,No,No,No,Yes,4,2378
2884-GBPFB,Yes,No,Fiber optic,No,No,No,No,No,No,No,No,2,2379
3757-NJYBX,Yes,Yes,Fiber optic,No,Yes,Yes,No,Yes,Yes,Yes,No,7,2380
3413-DHLPB,Yes,Yes,Fiber optic,No,Yes,No,Yes,Yes,Yes,Yes,Yes,7,2381
7649-PHJVR,Yes,No,No,No internet service,No internet service,No internet service,No internet service,No internet service,No internet service,No,No,1,2382
6114-TCFID,No,No phone service,DSL,Yes,Yes,No,Yes,No,No,No,Yes,4,2383
3787-TRIAL,No,No phone service,DSL,No,No,No,No,No,No,No,No,1,2384
2573-GYRUU,Yes,Yes,Fiber optic,No,No,Yes,No,No,Yes,Yes,No,5,2385
5156-UMKOW,No,No phone service,DSL,No,Yes,No,No,No,No,No,No,2,2386
1247-QBVSH,Yes,No,DSL,No,Yes,No,No,No,No,No,No,3,2387
6734-GMPVK,Yes,Yes,Fiber optic,No,Yes,Yes,No,Yes,Yes,Yes,No,7,2388
9822-OAOVB,Yes,No,DSL,No,No,No,No,No,Yes,Yes,No,3,2389
6161-ERDGD,Yes,Yes,DSL,Yes,No,Yes,Yes,Yes,Yes,Yes,Yes,8,2390
1226-JZNKR,Yes,No,No,No internet service,No internet service,No internet service,No internet service,No internet service,No internet service,No,No,1,2391
7318-EIVKO,Yes,Yes,DSL,No,No,No,No,Yes,No,Yes,No,4,2392
3771-PZOBW,Yes,Yes,Fiber optic,No,No,Yes,No,Yes,No,Yes,No,5,2393
5136-KCKGI,Yes,Yes,Fiber optic,Yes,No,Yes,No,Yes,Yes,Yes,Yes,7,2394
8231-BSWXX,Yes,Yes,Fiber optic,No,Yes,No,No,No,No,No,No,4,2395
6486-LHTMA,Yes,Yes,Fiber optic,No,No,Yes,No,Yes,No,Yes,No,5,2396
4083-BFNYK,Yes,Yes,Fiber optic,Yes,Yes,No,No,No,Yes,Yes,Yes,6,2397
3722-WPXTK,Yes,No,Fiber optic,No,No,No,No,Yes,Yes,Yes,No,4,2398
7389-KBFIT,No,No phone service,DSL,No,Yes,No,No,No,No,No,No,2,2399
7176-WIONM,No,No phone service,DSL,No,No,Yes,No,Yes,Yes,Yes,No,4,2400
5141-ZUVBH,Yes,No,Fiber optic,Yes,No,Yes,Yes,No,Yes,Yes,Yes,6,2401
1089-HDMKP,Yes,No,DSL,No,Yes,No,Yes,No,No,No,Yes,4,2402
7623-HKYRK,Yes,No,No,No internet service,No internet service,No internet service,No internet service,No internet service,No internet service,No,No,1,2403
0310-SUCIN,Yes,No,DSL,Yes,Yes,Yes,Yes,Yes,Yes,Yes,Yes,8,2404
5197-PYEPU,Yes,Yes,Fiber optic,Yes,Yes,No,No,Yes,No,Yes,Yes,6,2405
2929-ERCFZ,Yes,No,Fiber optic,No,No,Yes,No,Yes,Yes,Yes,No,5,2406
7548-SEPYI,Yes,No,Fiber optic,No,Yes,No,No,Yes,Yes,Yes,No,5,2407
8835-VSDSE,Yes,No,Fiber optic,No,No,No,No,No,No,No,No,2,2408
6619-RPLQZ,Yes,No,No,No internet service,No internet service,No internet service,No internet service,No internet service,No internet service,No,No,1,2409
3275-RHRNE,No,No phone service,DSL,No,Yes,Yes,Yes,Yes,Yes,Yes,Yes,6,2410
3503-TYDAY,Yes,Yes,Fiber optic,No,Yes,No,No,No,No,No,No,4,2411
6901-GOGZG,Yes,Yes,DSL,Yes,No,Yes,Yes,Yes,Yes,Yes,Yes,8,2412
1623-NLDOT,No,No phone service,DSL,No,Yes,No,Yes,No,No,No,Yes,3,2413
7021-XSNYE,No,No phone service,DSL,Yes,No,Yes,Yes,No,Yes,Yes,Yes,5,2414
9621-OUPYD,Yes,No,No,No internet service,No internet service,No internet service,No internet service,No internet service,No internet service,No,No,1,2415
9898-KZQDZ,Yes,Yes,Fiber optic,No,No,No,No,Yes,Yes,Yes,No,5,2416
8982-NHAVY,Yes,Yes,Fiber optic,No,No,Yes,No,Yes,Yes,Yes,No,6,2417
4307-KWMXE,No,No phone service,DSL,No,Yes,No,Yes,No,No,No,Yes,3,2418
0141-YEAYS,Yes,Yes,Fiber optic,No,Yes,Yes,No,No,No,No,No,5,2419
2450-ZKEED,Yes,No,DSL,No,No,Yes,Yes,No,No,No,Yes,4,2420
3694-DELSO,No,No phone service,DSL,Yes,No,No,No,Yes,No,Yes,Yes,3,2421
3893-JRNFS,No,No phone service,DSL,No,No,Yes,No,No,Yes,Yes,No,3,2422
9603-OAIHC,Yes,No,Fiber optic,No,No,No,No,No,No,No,No,2,2423
1133-KXCGE,Yes,No,No,No internet service,No internet service,No internet service,No internet service,No internet service,No internet service,No,No,1,2424
5236-PERKL,Yes,Yes,Fiber optic,Yes,Yes,Yes,No,Yes,Yes,Yes,Yes,8,2425
0142-GVYSN,Yes,No,No,No internet service,No internet service,No internet service,No internet service,No internet service,No internet service,No,No,1,2426
1049-FYSYG,No,No phone service,DSL,No,Yes,Yes,No,No,No,No,No,3,2427
7854-FOKSF,No,No phone service,DSL,No,No,No,No,No,Yes,Yes,No,2,2428
2519-FAKOD,Yes,Yes,Fiber optic,No,No,Yes,No,Yes,Yes,Yes,No,6,2429
8406-LNMHF,Yes,No,Fiber optic,Yes,Yes,Yes,No,No,No,No,Yes,5,2430
1821-BUCWY,Yes,No,DSL,Yes,No,Yes,No,No,No,No,Yes,4,2431
8263-JQAIK,No,No phone service,DSL,No,No,No,No,No,No,No,No,1,2432
0023-UYUPN,Yes,Yes,No,No internet service,No internet service,No internet service,No internet service,No internet service,No internet service,No,No,2,2433
8314-DPQHL,No,No phone service,DSL,Yes,No,Yes,Yes,No,Yes,Yes,Yes,5,2434
1465-WCZVT,Yes,No,No,No internet service,No internet service,No internet service,No internet service,No internet service,No internet service,No,No,1,2435
9481-SFCQY,Yes,No,DSL,No,No,Yes,No,Yes,No,Yes,No,4,2436
6360-SVNWV,Yes,No,Fiber optic,Yes,No,No,No,No,No,No,Yes,3,2437
0567-GGCAC,Yes,No,DSL,Yes,Yes,Yes,No,No,No,No,Yes,5,2438
7089-IVVAZ,Yes,Yes,Fiber optic,Yes,No,No,Yes,Yes,Yes,Yes,Yes,7,2439
8884-MRNSU,Yes,No,No,No internet service,No internet service,No internet service,No internet service,No internet service,No internet service,No,No,1,2440
2171-UDMFD,Yes,No,No,No internet service,No internet service,No internet service,No internet service,No internet service,No internet service,No,No,1,2441
9050-IKDZA,Yes,No,Fiber optic,No,No,No,No,Yes,No,Yes,No,3,2442
2205-YMZZJ,Yes,Yes,Fiber optic,No,No,No,No,Yes,No,Yes,No,4,2443
9802-CAQUT,Yes,Yes,Fiber optic,Yes,Yes,Yes,No,Yes,Yes,Yes,Yes,8,2444
1254-IZEYF,Yes,Yes,Fiber optic,No,Yes,No,No,Yes,Yes,Yes,No,6,2445
0187-WZNAB,Yes,No,Fiber optic,Yes,No,No,No,No,No,No,Yes,3,2446
9492-TOKRI,Yes,Yes,Fiber optic,No,Yes,No,No,Yes,No,Yes,No,5,2447
1475-VWVDO,Yes,No,Fiber optic,No,No,Yes,No,No,No,No,No,3,2448
9221-OTIVJ,Yes,Yes,Fiber optic,No,Yes,Yes,No,Yes,Yes,Yes,No,7,2449
1357-MVDOZ,Yes,No,DSL,No,No,Yes,No,Yes,No,Yes,No,4,2450
7602-MVRMB,Yes,Yes,Fiber optic,Yes,No,Yes,Yes,Yes,Yes,Yes,Yes,8,2451
3325-FUYCG,Yes,Yes,Fiber optic,Yes,Yes,No,No,Yes,Yes,Yes,Yes,7,2452
5908-QMGOE,Yes,Yes,Fiber optic,No,No,No,No,No,No,No,No,3,2453
1197-BVMVG,Yes,Yes,Fiber optic,No,No,No,No,No,No,No,No,3,2454
5406-KGRMX,Yes,Yes,No,No internet service,No internet service,No internet service,No internet service,No internet service,No internet service,No,No,2,2455
8481-YYXWG,Yes,No,Fiber optic,No,Yes,No,Yes,No,Yes,Yes,Yes,5,2456
5968-HYJRZ,Yes,Yes,No,No internet service,No internet service,No internet service,No internet service,No internet service,No internet service,No,No,2,2457
5198-EFNBM,Yes,No,Fiber optic,No,Yes,Yes,No,Yes,No,Yes,No,5,2458
7516-GMHUV,Yes,Yes,Fiber optic,Yes,No,Yes,No,Yes,Yes,Yes,Yes,7,2459
7140-ADSMJ,Yes,No,No,No internet service,No internet service,No internet service,No internet service,No internet service,No internet service,No,No,1,2460
2230-XTUWL,Yes,No,No,No internet service,No internet service,No internet service,No internet service,No internet service,No internet service,No,No,1,2461
7706-YLMQA,Yes,No,No,No internet service,No internet service,No internet service,No internet service,No internet service,No internet service,No,No,1,2462
2585-KTFRE,Yes,No,DSL,Yes,Yes,No,Yes,No,Yes,Yes,Yes,6,2463
7994-UYIVZ,Yes,Yes,Fiber optic,No,No,No,No,No,Yes,Yes,No,4,2464
2609-IAICY,Yes,Yes,Fiber optic,No,No,No,No,No,No,No,No,3,2465
1740-CSDJP,No,No phone service,DSL,No,No,No,No,No,Yes,Yes,No,2,2466
7717-BICXI,Yes,No,No,No internet service,No internet service,No internet service,No internet service,No internet service,No internet service,No,No,1,2467
6559-RAKOZ,Yes,Yes,Fiber optic,No,No,No,Yes,Yes,Yes,Yes,Yes,6,2468
2636-OHFMN,No,No phone service,DSL,No,Yes,No,No,Yes,Yes,Yes,No,4,2469
4716-MRVEN,Yes,No,No,No internet service,No internet service,No internet service,No internet service,No internet service,No internet service,No,No,1,2470
2143-LJULT,Yes,Yes,No,No internet service,No internet service,No internet service,No internet service,No internet service,No internet service,No,No,2,2471
1323-OOEPC,Yes,Yes,Fiber optic,No,Yes,No,No,Yes,Yes,Yes,No,6,2472
3200-MNQTF,Yes,Yes,DSL,Yes,Yes,Yes,Yes,No,No,No,Yes,7,2473
6164-HXUGH,Yes,No,No,No internet service,No internet service,No internet service,No internet service,No internet service,No internet service,No,No,1,2474
5630-IXDXV,Yes,Yes,Fiber optic,No,Yes,Yes,No,Yes,Yes,Yes,No,7,2475
0320-DWVTU,Yes,No,Fiber optic,Yes,Yes,Yes,Yes,No,Yes,Yes,Yes,7,2476
9135-MGVPY,Yes,No,DSL,Yes,Yes,Yes,Yes,Yes,Yes,Yes,Yes,8,2477
1212-GLHMD,Yes,No,Fiber optic,Yes,No,No,No,No,Yes,Yes,Yes,4,2478
7878-JGDKK,Yes,No,DSL,No,No,No,No,No,No,No,No,2,2479
1088-AUUZZ,Yes,Yes,DSL,Yes,Yes,No,Yes,No,Yes,Yes,Yes,7,2480
0397-GZBBC,Yes,Yes,Fiber optic,No,No,No,No,Yes,Yes,Yes,No,5,2481
6614-YWYSC,Yes,Yes,No,No internet service,No internet service,No internet service,No internet service,No internet service,No internet service,No,No,2,2482
9588-OZDMQ,Yes,No,DSL,No,No,No,No,No,No,No,No,2,2483
7641-EUYET,Yes,Yes,Fiber optic,Yes,Yes,Yes,No,Yes,No,Yes,Yes,7,2484
6476-EPYZR,Yes,No,No,No internet service,No internet service,No internet service,No internet service,No internet service,No internet service,No,No,1,2485
9921-ZVRHG,Yes,Yes,Fiber optic,No,No,Yes,No,No,No,No,No,4,2486
1174-FGIFN,Yes,Yes,Fiber optic,No,No,No,Yes,No,Yes,Yes,Yes,5,2487
6620-HVDUJ,Yes,No,DSL,Yes,Yes,No,Yes,No,No,No,Yes,5,2488
4701-MLJPN,Yes,No,DSL,No,No,Yes,Yes,No,No,No,Yes,4,2489
1032-MAELW,Yes,Yes,DSL,Yes,Yes,Yes,Yes,No,Yes,Yes,Yes,8,2490
7641-TQFHN,Yes,Yes,Fiber optic,No,No,No,Yes,Yes,Yes,Yes,Yes,6,2491
1552-TKMXS,Yes,No,No,No internet service,No internet service,No internet service,No internet service,No internet service,No internet service,No,No,1,2492
9206-GVPEQ,No,No phone service,DSL,Yes,No,No,Yes,Yes,Yes,Yes,Yes,5,2493
8622-ZLFKO,Yes,Yes,Fiber optic,No,Yes,No,No,No,Yes,Yes,No,5,2494
1596-BBVTG,Yes,Yes,Fiber optic,No,No,No,No,No,No,No,No,3,2495
6188-UXBBR,Yes,No,No,No internet service,No internet service,No internet service,No internet service,No internet service,No internet service,No,No,1,2496
2333-KWEWW,Yes,No,No,No internet service,No internet service,No internet service,No internet service,No internet service,No internet service,No,No,1,2497
5702-SKUOB,Yes,No,No,No internet service,No internet service,No internet service,No internet service,No internet service,No internet service,No,No,1,2498
1134-YWTYF,Yes,No,DSL,No,Yes,No,Yes,No,No,No,Yes,4,2499
6061-GWWAV,Yes,No,DSL,Yes,Yes,Yes,No,Yes,No,Yes,Yes,6,2500
0679-TDGAK,Yes,No,DSL,Yes,No,No,Yes,Yes,Yes,Yes,Yes,6,2501
6585-WCEWR,Yes,No,No,No internet service,No internet service,No internet service,No internet service,No internet service,No internet service,No,No,1,2502
9067-YGSCA,Yes,Yes,No,No internet service,No internet service,No internet service,No internet service,No internet service,No internet service,No,No,2,2503
9067-SQTNS,Yes,No,No,No internet service,No internet service,No internet service,No internet service,No internet service,No internet service,No,No,1,2504
8433-WXGNA,Yes,No,Fiber optic,Yes,No,No,No,No,No,No,Yes,3,2505
1776-SPBWV,Yes,No,No,No internet service,No internet service,No internet service,No internet service,No internet service,No internet service,No,No,1,2506
8735-SDUFN,Yes,Yes,No,No internet service,No internet service,No internet service,No internet service,No internet service,No internet service,No,No,2,2507
9668-PUGNU,Yes,Yes,No,No internet service,No internet service,No internet service,No internet service,No internet service,No internet service,No,No,2,2508
9405-GPBBG,Yes,Yes,Fiber optic,No,Yes,Yes,Yes,Yes,Yes,Yes,Yes,8,2509
1926-QUZNN,Yes,Yes,No,No internet service,No internet service,No internet service,No internet service,No internet service,No internet service,No,No,2,2510
3707-GNWHM,Yes,Yes,Fiber optic,No,No,No,No,No,No,No,No,3,2511
7016-NVRIC,Yes,No,Fiber optic,Yes,No,Yes,No,No,Yes,Yes,Yes,5,2512
5829-NVSQN,Yes,No,DSL,Yes,No,Yes,Yes,No,Yes,Yes,Yes,6,2513
9565-AXSMR,Yes,No,No,No internet service,No internet service,No internet service,No internet service,No internet service,No internet service,No,No,1,2514
8922-LIEGH,Yes,Yes,Fiber optic,No,Yes,No,No,No,Yes,Yes,No,5,2515
8869-LIHMK,Yes,Yes,Fiber optic,Yes,Yes,Yes,Yes,Yes,Yes,Yes,Yes,9,2516
8245-UMPYT,Yes,Yes,Fiber optic,No,No,No,No,Yes,Yes,Yes,No,5,2517
5186-SAMNZ,Yes,No,Fiber optic,No,No,No,No,No,No,No,No,2,2518
0447-RXSGD,Yes,Yes,Fiber optic,No,Yes,No,No,Yes,Yes,Yes,No,6,2519
4927-WWOOZ,Yes,Yes,Fiber optic,No,No,Yes,No,Yes,No,Yes,No,5,2520
5788-YPOEG,Yes,No,DSL,Yes,Yes,Yes,Yes,Yes,Yes,Yes,Yes,8,2521
5373-SFODM,Yes,Yes,Fiber optic,No,No,No,No,No,Yes,Yes,No,4,2522
0661-KBKPA,Yes,Yes,DSL,No,No,Yes,Yes,Yes,Yes,Yes,Yes,7,2523
9081-WWXKP,Yes,No,No,No internet service,No internet service,No internet service,No internet service,No internet service,No internet service,No,No,1,2524
0784-ZQJZX,Yes,No,No,No internet service,No internet service,No internet service,No internet service,No internet service,No internet service,No,No,1,2525
3133-PZNSR,Yes,Yes,Fiber optic,Yes,Yes,No,Yes,No,Yes,Yes,Yes,7,2526
5766-ZJYBB,Yes,No,No,No internet service,No internet service,No internet service,No internet service,No internet service,No internet service,No,No,1,2527
8931-GJJIQ,Yes,Yes,Fiber optic,No,No,No,No,No,Yes,Yes,No,4,2528
4277-PVRAN,Yes,No,Fiber optic,No,No,No,No,Yes,No,Yes,No,3,2529
0022-TCJCI,Yes,No,DSL,Yes,No,Yes,No,No,Yes,Yes,Yes,5,2530
0722-SVSFK,Yes,No,Fiber optic,No,No,Yes,Yes,Yes,Yes,Yes,Yes,6,2531
3612-YVGSJ,Yes,Yes,No,No internet service,No internet service,No internet service,No internet service,No internet service,No internet service,No,No,2,2532
9825-YCXWZ,Yes,No,Fiber optic,No,No,Yes,Yes,Yes,Yes,Yes,Yes,6,2533
5397-NSKQG,No,No phone service,DSL,Yes,No,No,No,Yes,Yes,Yes,Yes,4,2534
8565-HBFNN,Yes,Yes,Fiber optic,Yes,Yes,Yes,Yes,No,Yes,Yes,Yes,8,2535
2000-DHJUY,Yes,Yes,DSL,Yes,Yes,Yes,Yes,Yes,Yes,Yes,Yes,9,2536
0203-HHYIJ,Yes,Yes,No,No internet service,No internet service,No internet service,No internet service,No internet service,No internet service,No,No,2,2537
8670-ERCJH,Yes,Yes,Fiber optic,Yes,Yes,Yes,Yes,Yes,Yes,Yes,Yes,9,2538
7758-UJWYS,No,No phone service,DSL,No,No,No,Yes,Yes,No,Yes,Yes,3,2539
2050-ONYDQ,Yes,Yes,No,No internet service,No internet service,No internet service,No internet service,No internet service,No internet service,No,No,2,2540
7055-JCGNI,Yes,Yes,Fiber optic,Yes,Yes,Yes,Yes,Yes,Yes,Yes,Yes,9,2541
0739-UUAJR,No,No phone service,DSL,Yes,No,Yes,No,Yes,Yes,Yes,Yes,5,2542
4826-DXMUP,Yes,No,DSL,No,No,No,Yes,Yes,Yes,Yes,Yes,5,2543
0952-KMEEH,Yes,Yes,Fiber optic,Yes,No,No,No,Yes,Yes,Yes,Yes,6,2544
7285-KLOTR,Yes,Yes,DSL,Yes,No,Yes,No,Yes,Yes,Yes,Yes,7,2545
0654-PQKDW,Yes,No,DSL,Yes,No,Yes,Yes,Yes,No,Yes,Yes,6,2546
7175-NTIXE,Yes,No,DSL,Yes,No,No,Yes,Yes,Yes,Yes,Yes,6,2547
7963-SHNDT,No,No phone service,DSL,Yes,Yes,No,Yes,No,No,No,Yes,4,2548
9796-BPKIW,Yes,No,Fiber optic,No,No,No,No,No,No,No,No,2,2549
0188-GWFLE,Yes,No,No,No internet service,No internet service,No internet service,No internet service,No internet service,No internet service,No,No,1,2550
8129-GMVGI,Yes,No,No,No internet service,No internet service,No internet service,No internet service,No internet service,No internet service,No,No,1,2551
2882-DDZPG,Yes,No,No,No internet service,No internet service,No internet service,No internet service,No internet service,No internet service,No,No,1,2552
3547-LQRIK,Yes,Yes,No,No internet service,No internet service,No internet service,No internet service,No internet service,No internet service,No,No,2,2553
9137-NOQKA,Yes,No,No,No internet service,No internet service,No internet service,No internet service,No internet service,No internet service,No,No,1,2554
5843-TTHGI,Yes,No,DSL,No,No,Yes,No,No,No,No,No,3,2555
1849-RJYIG,Yes,No,DSL,Yes,No,No,No,Yes,No,Yes,Yes,4,2556
8868-GAGIO,Yes,Yes,Fiber optic,Yes,No,Yes,No,No,No,No,Yes,5,2557
4061-UKJWL,Yes,No,DSL,No,No,No,No,No,No,No,No,2,2558
5380-XPJNZ,Yes,No,No,No internet service,No internet service,No internet service,No internet service,No internet service,No internet service,No,No,1,2559
8263-QMNTJ,Yes,Yes,Fiber optic,Yes,Yes,Yes,Yes,Yes,Yes,Yes,Yes,9,2560
8178-EYZUO,Yes,Yes,Fiber optic,Yes,Yes,No,No,No,Yes,Yes,Yes,6,2561
3230-JCNZS,Yes,Yes,Fiber optic,Yes,Yes,Yes,No,Yes,No,Yes,Yes,7,2562
0277-ORXQS,No,No phone service,DSL,No,No,No,Yes,Yes,Yes,Yes,Yes,4,2563
5130-IEKQT,Yes,Yes,Fiber optic,No,Yes,Yes,No,Yes,Yes,Yes,No,7,2564
3230-WYKIR,Yes,Yes,DSL,No,No,Yes,Yes,Yes,Yes,Yes,Yes,7,2565
7996-BPXHY,Yes,Yes,No,No internet service,No internet service,No internet service,No internet service,No internet service,No internet service,No,No,2,2566
3227-WLKLI,Yes,Yes,DSL,Yes,Yes,Yes,Yes,Yes,Yes,Yes,Yes,9,2567
0407-BDJKB,Yes,Yes,Fiber optic,No,Yes,Yes,No,Yes,No,Yes,No,6,2568
2266-FUBDZ,Yes,No,No,No internet service,No internet service,No internet service,No internet service,No internet service,No internet service,No,No,1,2569
8237-ULIXL,Yes,Yes,No,No internet service,No internet service,No internet service,No internet service,No internet service,No internet service,No,No,2,2570
9600-UDOPK,Yes,Yes,Fiber optic,No,No,No,No,Yes,Yes,Yes,No,5,2571
8216-AZUUZ,Yes,No,Fiber optic,No,No,Yes,Yes,Yes,Yes,Yes,Yes,6,2572
9153-BTBVV,Yes,Yes,No,No internet service,No internet service,No internet service,No internet service,No internet service,No internet service,No,No,2,2573
4074-SJFFA,Yes,No,DSL,No,No,No,No,No,Yes,Yes,No,3,2574
3269-ATYWD,Yes,Yes,Fiber optic,No,No,No,No,Yes,Yes,Yes,No,5,2575
5186-PEIZU,Yes,No,No,No internet service,No internet service,No internet service,No internet service,No internet service,No internet service,No,No,1,2576
1074-AMIOH,Yes,No,Fiber optic,No,Yes,Yes,Yes,Yes,Yes,Yes,Yes,7,2577
4910-GMJOT,Yes,Yes,Fiber optic,No,No,No,No,Yes,Yes,Yes,No,5,2578
0354-WYROK,Yes,No,Fiber optic,No,No,Yes,Yes,Yes,Yes,Yes,Yes,6,2579
4361-FEBGN,Yes,No,No,No internet service,No internet service,No internet service,No internet service,No internet service,No internet service,No,No,1,2580
7748-UMTRK,Yes,Yes,Fiber optic,No,No,No,Yes,Yes,Yes,Yes,Yes,6,2581
0380-ZCSBI,Yes,No,No,No internet service,No internet service,No internet service,No internet service,No internet service,No internet service,No,No,1,2582
7145-FEJWU,Yes,Yes,Fiber optic,No,Yes,Yes,No,Yes,Yes,Yes,No,7,2583
6463-MVYRY,Yes,No,DSL,Yes,No,Yes,Yes,Yes,No,Yes,Yes,6,2584
3969-JQABI,Yes,No,DSL,Yes,Yes,No,No,Yes,No,Yes,Yes,5,2585
9624-EGDEQ,Yes,No,No,No internet service,No internet service,No internet service,No internet service,No internet service,No internet service,No,No,1,2586
1051-EQPZR,Yes,No,No,No internet service,No internet service,No internet service,No internet service,No internet service,No internet service,No,No,1,2587
5849-ASHZJ,Yes,No,No,No internet service,No internet service,No internet service,No internet service,No internet service,No internet service,No,No,1,2588
5780-INQIK,Yes,No,DSL,No,No,No,Yes,No,No,No,Yes,3,2589
7576-OYWBN,Yes,Yes,Fiber optic,No,No,No,No,No,No,No,No,3,2590
4526-ZJJTM,Yes,No,Fiber optic,No,Yes,Yes,No,No,Yes,Yes,No,5,2591
8384-FZBJK,Yes,Yes,Fiber optic,No,Yes,No,No,Yes,Yes,Yes,No,6,2592
3750-RNQKR,Yes,No,No,No internet service,No internet service,No internet service,No internet service,No internet service,No internet service,No,No,1,2593
0962-CQPWQ,Yes,No,No,No internet service,No internet service,No internet service,No internet service,No internet service,No internet service,No,No,1,2594
3096-YXENJ,Yes,Yes,Fiber optic,No,Yes,Yes,Yes,Yes,Yes,Yes,Yes,8,2595
1265-BCFEO,Yes,Yes,DSL,No,No,Yes,Yes,Yes,Yes,Yes,Yes,7,2596
5837-LXSDN,Yes,No,DSL,No,Yes,No,No,Yes,No,Yes,No,4,2597
5945-AZYHT,Yes,Yes,Fiber optic,Yes,Yes,Yes,No,Yes,Yes,Yes,Yes,8,2598
8325-QRPZR,Yes,No,Fiber optic,No,No,Yes,No,No,No,No,No,3,2599
6384-VMJHP,Yes,No,DSL,Yes,Yes,Yes,Yes,No,Yes,Yes,Yes,7,2600
2262-SLNVK,Yes,No,Fiber optic,No,No,No,No,No,No,No,No,2,2601
7730-CLDSV,Yes,Yes,Fiber optic,No,Yes,Yes,Yes,No,Yes,Yes,Yes,7,2602
1135-HIORI,Yes,Yes,Fiber optic,No,Yes,Yes,Yes,Yes,Yes,Yes,Yes,8,2603
0164-APGRB,Yes,Yes,Fiber optic,Yes,Yes,Yes,Yes,Yes,Yes,Yes,Yes,9,2604
6481-ESCNL,Yes,Yes,Fiber optic,No,No,Yes,No,Yes,Yes,Yes,No,6,2605
1790-NESIO,Yes,No,No,No internet service,No internet service,No internet service,No internet service,No internet service,No internet service,No,No,1,2606
1550-EENBN,Yes,Yes,Fiber optic,Yes,Yes,No,No,Yes,Yes,Yes,Yes,7,2607
5539-TMZLF,Yes,No,Fiber optic,No,No,No,No,No,No,No,No,2,2608
4323-SADQS,No,No phone service,DSL,Yes,No,No,Yes,No,No,No,Yes,3,2609
4446-BZKHU,Yes,Yes,Fiber optic,No,Yes,Yes,No,Yes,Yes,Yes,No,7,2610
5202-IVJNU,No,No phone service,DSL,No,No,Yes,No,No,No,No,No,2,2611
5976-JCJRH,Yes,No,Fiber optic,No,No,No,No,No,No,No,No,2,2612
8198-RKSZG,Yes,Yes,DSL,No,Yes,No,Yes,Yes,Yes,Yes,Yes,7,2613
0137-OCGAB,Yes,Yes,Fiber optic,No,Yes,No,No,No,No,No,No,4,2614
3351-NQLDI,Yes,Yes,Fiber optic,Yes,No,No,Yes,No,Yes,Yes,Yes,6,2615
9297-EONCV,Yes,Yes,DSL,Yes,Yes,Yes,Yes,Yes,Yes,Yes,Yes,9,2616
7593-JNWRU,Yes,No,DSL,No,No,No,No,No,No,No,No,2,2617
4588-YBNIB,Yes,No,No,No internet service,No internet service,No internet service,No internet service,No internet service,No internet service,No,No,1,2618
1069-QJOEE,Yes,No,No,No internet service,No internet service,No internet service,No internet service,No internet service,No internet service,No,No,1,2619
3336-JORSO,Yes,Yes,Fiber optic,No,Yes,Yes,Yes,Yes,Yes,Yes,Yes,8,2620
7799-DSEWS,Yes,No,DSL,Yes,No,Yes,Yes,Yes,No,Yes,Yes,6,2621
8766-PAFNE,Yes,No,DSL,No,Yes,Yes,Yes,Yes,Yes,Yes,Yes,7,2622
5315-CKEQK,Yes,Yes,DSL,No,No,No,No,No,No,No,No,3,2623
3130-ICDUP,Yes,Yes,Fiber optic,Yes,No,No,No,No,No,No,Yes,4,2624
0820-FNRNX,Yes,Yes,DSL,No,Yes,Yes,Yes,No,No,No,Yes,6,2625
0880-FVFWF,Yes,Yes,Fiber optic,Yes,Yes,No,No,No,No,No,Yes,5,2626
4611-ANLQC,No,No phone service,DSL,Yes,Yes,Yes,No,No,Yes,Yes,Yes,5,2627
4213-HKBJO,Yes,Yes,No,No internet service,No internet service,No internet service,No internet service,No internet service,No internet service,No,No,2,2628
2792-LSHWX,Yes,No,Fiber optic,Yes,Yes,No,Yes,No,No,No,Yes,5,2629
5028-GZLDO,Yes,No,Fiber optic,No,No,No,No,No,No,No,No,2,2630
0014-BMAQU,Yes,Yes,Fiber optic,Yes,No,No,Yes,No,No,No,Yes,5,2631
6861-XWTWQ,Yes,Yes,Fiber optic,No,No,Yes,No,Yes,Yes,Yes,No,6,2632
9018-PCIOK,Yes,No,DSL,No,Yes,Yes,No,No,Yes,Yes,No,5,2633
4837-QUSFT,Yes,Yes,Fiber optic,Yes,Yes,No,Yes,Yes,No,Yes,Yes,7,2634
6877-TJMBR,Yes,No,Fiber optic,No,No,No,Yes,Yes,No,Yes,Yes,4,2635
9953-ZMKSM,Yes,Yes,No,No internet service,No internet service,No internet service,No internet service,No internet service,No internet service,No,No,2,2636
0907-HQNTS,Yes,Yes,Fiber optic,Yes,Yes,Yes,Yes,Yes,Yes,Yes,Yes,9,2637
7665-NKLAV,No,No phone service,DSL,Yes,No,Yes,Yes,No,No,No,Yes,4,2638
6769-DCQLI,Yes,No,Fiber optic,No,Yes,Yes,Yes,Yes,Yes,Yes,Yes,7,2639
2433-KMEAS,Yes,Yes,DSL,Yes,No,No,No,No,No,No,Yes,4,2640
4391-LNRXK,Yes,No,Fiber optic,No,Yes,Yes,Yes,No,Yes,Yes,Yes,6,2641
8250-ZNGGW,Yes,No,DSL,Yes,Yes,No,Yes,No,No,No,Yes,5,2642
2195-ZRVAX,Yes,No,Fiber optic,No,No,Yes,No,No,Yes,Yes,No,4,2643
3550-SAHFP,Yes,Yes,Fiber optic,No,No,No,No,No,Yes,Yes,No,4,2644
2011-TRQYE,No,No phone service,DSL,No,Yes,Yes,No,No,No,No,No,3,2645
8562-GHPPI,Yes,No,No,No internet service,No internet service,No internet service,No internet service,No internet service,No internet service,No,No,1,2646
5893-PYOLZ,Yes,No,DSL,No,Yes,Yes,Yes,Yes,Yes,Yes,Yes,7,2647
4986-MXSFP,Yes,No,No,No internet service,No internet service,No internet service,No internet service,No internet service,No internet service,No,No,1,2648
6131-FOYAS,Yes,Yes,DSL,Yes,No,Yes,No,No,No,No,Yes,5,2649
3027-YNWZU,Yes,Yes,No,No internet service,No internet service,No internet service,No internet service,No internet service,No internet service,No,No,2,2650
5609-IMCGG,Yes,Yes,Fiber optic,Yes,No,Yes,No,No,No,No,Yes,5,2651
4873-ILOLJ,Yes,No,Fiber optic,No,No,No,No,Yes,Yes,Yes,No,4,2652
4727-MCYZG,Yes,No,DSL,No,No,No,No,No,Yes,Yes,No,3,2653
9481-WHGWY,Yes,No,DSL,Yes,No,No,Yes,Yes,Yes,Yes,Yes,6,2654
2725-KXXWT,Yes,No,Fiber optic,No,No,No,No,Yes,Yes,Yes,No,4,2655
9565-DJPIB,Yes,Yes,Fiber optic,No,Yes,No,No,Yes,No,Yes,No,5,2656
4328-VUFWD,Yes,No,DSL,No,No,No,Yes,No,Yes,Yes,Yes,4,2657
3301-LSLWQ,Yes,Yes,DSL,Yes,No,No,No,No,Yes,Yes,Yes,5,2658
7473-ZBDSN,Yes,No,No,No internet service,No internet service,No internet service,No internet service,No internet service,No internet service,No,No,1,2659
3166-PNEOF,Yes,Yes,DSL,Yes,No,Yes,Yes,Yes,Yes,Yes,Yes,8,2660
5639-NTUPK,Yes,No,DSL,Yes,No,No,No,No,No,No,Yes,3,2661
8780-YRMTT,No,No phone service,DSL,Yes,Yes,Yes,Yes,No,No,No,Yes,5,2662
8348-HFYIV,No,No phone service,DSL,No,No,Yes,No,Yes,Yes,Yes,No,4,2663
5140-FOMCQ,Yes,Yes,Fiber optic,Yes,Yes,Yes,No,Yes,Yes,Yes,Yes,8,2664
6242-SGYTS,Yes,Yes,Fiber optic,Yes,Yes,No,No,Yes,No,Yes,Yes,6,2665
8166-ORCHU,Yes,No,Fiber optic,Yes,Yes,No,Yes,No,Yes,Yes,Yes,6,2666
8414-OOEEL,Yes,No,DSL,No,Yes,Yes,Yes,Yes,Yes,Yes,Yes,7,2667
8454-AATJP,Yes,Yes,Fiber optic,Yes,Yes,Yes,Yes,Yes,Yes,Yes,Yes,9,2668
6849-WLEYG,Yes,No,No,No internet service,No internet service,No internet service,No internet service,No internet service,No internet service,No,No,1,2669
4659-NZRUF,Yes,Yes,Fiber optic,Yes,Yes,No,No,No,Yes,Yes,Yes,6,2670
4531-AUZNK,Yes,Yes,Fiber optic,Yes,No,No,Yes,Yes,No,Yes,Yes,6,2671
4191-XOVOM,Yes,Yes,Fiber optic,No,Yes,No,Yes,Yes,Yes,Yes,Yes,7,2672
2150-OEGBV,Yes,No,No,No internet service,No internet service,No internet service,No internet service,No internet service,No internet service,No,No,1,2673
8429-XIBUM,Yes,Yes,Fiber optic,Yes,No,No,No,Yes,Yes,Yes,Yes,6,2674
1855-CFULU,Yes,No,No,No internet service,No internet service,No internet service,No internet service,No internet service,No internet service,No,No,1,2675
4878-BUNFV,Yes,No,No,No internet service,No internet service,No internet service,No internet service,No internet service,No internet service,No,No,1,2676
1872-EBWSC,Yes,No,No,No internet service,No internet service,No internet service,No internet service,No internet service,No internet service,No,No,1,2677
2608-BHKFN,Yes,No,Fiber optic,No,No,No,No,No,No,No,No,2,2678
7026-YMSBE,Yes,No,No,No internet service,No internet service,No internet service,No internet service,No internet service,No internet service,No,No,1,2679
7341-LXCAF,Yes,Yes,Fiber optic,No,No,No,No,No,No,No,No,3,2680
6997-UVGOX,Yes,No,DSL,Yes,Yes,Yes,Yes,Yes,Yes,Yes,Yes,8,2681
9674-EHPPG,No,No phone service,DSL,Yes,No,Yes,Yes,No,No,No,Yes,4,2682
9462-MJUAW,Yes,Yes,DSL,No,No,No,No,No,No,No,No,3,2683
8128-YVJRG,Yes,Yes,Fiber optic,Yes,No,No,No,No,No,No,Yes,4,2684
5440-VHLUL,Yes,Yes,Fiber optic,No,Yes,No,Yes,Yes,Yes,Yes,Yes,7,2685
5781-BKHOP,Yes,Yes,Fiber optic,Yes,Yes,Yes,No,Yes,No,Yes,Yes,7,2686
4283-FUTGF,Yes,Yes,Fiber optic,No,No,Yes,No,No,No,No,No,4,2687
5213-TWWJU,Yes,No,Fiber optic,No,No,Yes,Yes,No,Yes,Yes,Yes,5,2688
1569-TTNYJ,Yes,Yes,Fiber optic,No,Yes,No,No,No,No,No,No,4,2689
8628-MFKAX,Yes,Yes,Fiber optic,Yes,Yes,Yes,Yes,Yes,Yes,Yes,Yes,9,2690
2397-BRLOM,Yes,No,Fiber optic,No,No,No,No,Yes,No,Yes,No,3,2691
7629-WIXZF,Yes,No,DSL,Yes,No,No,No,No,Yes,Yes,Yes,4,2692
5445-GLVOT,Yes,No,DSL,Yes,No,No,No,No,No,No,Yes,3,2693
3976-HXHCE,Yes,No,No,No internet service,No internet service,No internet service,No internet service,No internet service,No internet service,No,No,1,2694
2466-NEJOJ,Yes,No,No,No internet service,No internet service,No internet service,No internet service,No internet service,No internet service,No,No,1,2695
0254-KCJGT,Yes,Yes,DSL,Yes,Yes,Yes,Yes,No,Yes,Yes,Yes,8,2696
5472-CVMDX,No,No phone service,DSL,Yes,No,Yes,Yes,No,No,No,Yes,4,2697
6461-SZMCV,Yes,Yes,DSL,Yes,Yes,Yes,Yes,Yes,Yes,Yes,Yes,9,2698
8150-QUDFX,Yes,No,No,No internet service,No internet service,No internet service,No internet service,No internet service,No internet service,No,No,1,2699
9508-ILZDG,Yes,Yes,Fiber optic,No,Yes,No,Yes,Yes,No,Yes,Yes,6,2700
2346-DJQTB,No,No phone service,DSL,No,No,No,No,No,No,No,No,1,2701
1697-LYYYX,Yes,No,No,No internet service,No internet service,No internet service,No internet service,No internet service,No internet service,No,No,1,2702
1942-OQFRW,Yes,No,DSL,No,No,No,No,No,No,No,No,2,2703
4749-VFKVB,Yes,Yes,DSL,No,No,No,No,No,No,No,No,3,2704
9640-ZSLDC,Yes,No,DSL,No,No,Yes,No,No,Yes,Yes,No,4,2705
4231-LZUYM,Yes,Yes,No,No internet service,No internet service,No internet service,No internet service,No internet service,No internet service,No,No,2,2706
7598-UAASY,Yes,No,Fiber optic,No,No,Yes,No,No,No,No,No,3,2707
7938-OUHIO,Yes,No,Fiber optic,No,No,Yes,Yes,Yes,Yes,Yes,Yes,6,2708
8510-AWCXC,Yes,Yes,Fiber optic,Yes,No,No,No,Yes,Yes,Yes,Yes,6,2709
6128-AQBMT,No,No phone service,DSL,No,Yes,Yes,No,Yes,Yes,Yes,No,5,2710
3594-BDSOA,Yes,No,No,No internet service,No internet service,No internet service,No internet service,No internet service,No internet service,No,No,1,2711
0431-APWVY,Yes,No,Fiber optic,No,No,No,No,Yes,Yes,Yes,No,4,2712
5133-VRSAB,No,No phone service,DSL,Yes,No,No,No,No,No,No,Yes,2,2713
5996-DAOQL,Yes,No,No,No internet service,No internet service,No internet service,No internet service,No internet service,No internet service,No,No,1,2714
6838-YAUVY,Yes,Yes,Fiber optic,No,No,Yes,Yes,No,Yes,Yes,Yes,6,2715
0484-JPBRU,Yes,Yes,No,No internet service,No internet service,No internet service,No internet service,No internet service,No internet service,No,No,2,2716
7883-ROJOC,Yes,No,DSL,No,No,No,No,No,No,No,No,2,2717
0244-LGNFY,Yes,Yes,DSL,Yes,Yes,Yes,Yes,Yes,Yes,Yes,Yes,9,2718
7274-CGTOD,No,No phone service,DSL,Yes,Yes,Yes,Yes,No,No,No,Yes,5,2719
4295-YURET,Yes,No,DSL,Yes,No,No,Yes,Yes,Yes,Yes,Yes,6,2720
3426-NIYYL,Yes,Yes,DSL,No,No,No,No,No,No,No,No,3,2721
8225-BTJAU,Yes,No,Fiber optic,No,No,No,No,No,Yes,Yes,No,3,2722
4635-EJYPD,Yes,No,No,No internet service,No internet service,No internet service,No internet service,No internet service,No internet service,No,No,1,2723
1866-ZSLJM,Yes,No,No,No internet service,No internet service,No internet service,No internet service,No internet service,No internet service,No,No,1,2724
4636-TVXVG,Yes,No,No,No internet service,No internet service,No internet service,No internet service,No internet service,No internet service,No,No,1,2725
4236-UJPWO,No,No phone service,DSL,No,No,No,No,No,No,No,No,1,2726
9392-XBGTD,Yes,No,No,No internet service,No internet service,No internet service,No internet service,No internet service,No internet service,No,No,1,2727
3387-VATUS,Yes,Yes,Fiber optic,No,No,No,No,Yes,Yes,Yes,No,5,2728
6402-SSEJG,No,No phone service,DSL,Yes,Yes,Yes,No,Yes,Yes,Yes,Yes,6,2729
1143-NMNQJ,Yes,Yes,Fiber optic,No,No,No,No,No,Yes,Yes,No,4,2730
1169-SAOCL,Yes,Yes,Fiber optic,No,Yes,No,Yes,Yes,Yes,Yes,Yes,7,2731
1110-KYLGQ,Yes,Yes,Fiber optic,Yes,Yes,Yes,No,Yes,Yes,Yes,Yes,8,2732
9929-PLVPA,Yes,No,No,No internet service,No internet service,No internet service,No internet service,No internet service,No internet service,No,No,1,2733
3518-PZXZQ,Yes,No,DSL,No,No,No,No,Yes,No,Yes,No,3,2734
2371-JUNGC,Yes,No,No,No internet service,No internet service,No internet service,No internet service,No internet service,No internet service,No,No,1,2735
7693-QPEFS,Yes,Yes,Fiber optic,No,No,No,No,No,No,No,No,3,2736
0924-BJCRC,Yes,Yes,Fiber optic,No,Yes,No,No,No,Yes,Yes,No,5,2737
5074-FBGHB,Yes,Yes,Fiber optic,No,No,Yes,Yes,Yes,Yes,Yes,Yes,7,2738
2351-BKRZW,Yes,No,DSL,Yes,No,Yes,No,Yes,Yes,Yes,Yes,6,2739
4455-BFSPD,Yes,Yes,Fiber optic,No,No,No,Yes,Yes,Yes,Yes,Yes,6,2740
0415-MOSGF,Yes,No,DSL,No,No,No,No,No,No,No,No,2,2741
1724-BQUHA,Yes,No,Fiber optic,No,No,No,No,Yes,Yes,Yes,No,4,2742
3948-KXDUF,Yes,Yes,DSL,Yes,Yes,Yes,Yes,No,No,No,Yes,7,2743
2323-ARSVR,Yes,No,Fiber optic,Yes,Yes,Yes,Yes,Yes,Yes,Yes,Yes,8,2744
0815-MFZGM,Yes,No,Fiber optic,No,No,Yes,Yes,Yes,Yes,Yes,Yes,6,2745
4826-XTSOH,Yes,Yes,Fiber optic,No,No,No,No,Yes,No,Yes,No,4,2746
5480-XTFFL,Yes,No,No,No internet service,No internet service,No internet service,No internet service,No internet service,No internet service,No,No,1,2747
8295-FHIVV,Yes,No,No,No internet service,No internet service,No internet service,No internet service,No internet service,No internet service,No,No,1,2748
2495-INZWQ,No,No phone service,DSL,No,No,No,No,Yes,Yes,Yes,No,3,2749
9086-YJYXS,Yes,Yes,DSL,No,No,Yes,No,Yes,Yes,Yes,No,6,2750
1179-INLAT,Yes,No,No,No internet service,No internet service,No internet service,No internet service,No internet service,No internet service,No,No,1,2751
7909-FIOIY,No,No phone service,DSL,No,No,No,No,No,No,No,No,1,2752
4139-SUGLD,No,No phone service,DSL,Yes,No,No,Yes,No,No,No,Yes,3,2753
6857-VWJDT,Yes,Yes,Fiber optic,No,No,No,No,Yes,Yes,Yes,No,5,2754
6351-SCJKT,No,No phone service,DSL,Yes,No,Yes,Yes,No,No,No,Yes,4,2755
5468-BPMMO,Yes,No,No,No internet service,No internet service,No internet service,No internet service,No internet service,No internet service,No,No,1,2756
5624-BQSSA,Yes,No,No,No internet service,No internet service,No internet service,No internet service,No internet service,No internet service,No,No,1,2757
0197-PNKNK,Yes,Yes,Fiber optic,Yes,No,Yes,No,No,No,No,Yes,5,2758
2439-QKJUL,Yes,No,No,No internet service,No internet service,No internet service,No internet service,No internet service,No internet service,No,No,1,2759
1194-SPVSP,Yes,No,No,No internet service,No internet service,No internet service,No internet service,No internet service,No internet service,No,No,1,2760
9534-NSXEM,Yes,No,No,No internet service,No internet service,No internet service,No internet service,No internet service,No internet service,No,No,1,2761
2408-WITXK,No,No phone service,DSL,No,No,No,No,No,Yes,Yes,No,2,2762
8929-KSWIH,Yes,No,Fiber optic,No,No,Yes,Yes,Yes,Yes,Yes,Yes,6,2763
2250-IVBWA,Yes,No,Fiber optic,Yes,Yes,No,No,No,No,No,Yes,4,2764
1810-MVMAI,Yes,Yes,DSL,Yes,Yes,Yes,Yes,No,No,No,Yes,7,2765
9506-UXUSK,Yes,No,Fiber optic,No,No,No,No,No,No,No,No,2,2766
1229-RCALF,Yes,Yes,Fiber optic,Yes,Yes,Yes,Yes,Yes,Yes,Yes,Yes,9,2767
3572-UOLYZ,Yes,Yes,Fiber optic,No,No,Yes,Yes,No,No,No,Yes,5,2768
1429-UYJSV,Yes,No,No,No internet service,No internet service,No internet service,No internet service,No internet service,No internet service,No,No,1,2769
5577-OTWWW,Yes,No,No,No internet service,No internet service,No internet service,No internet service,No internet service,No internet service,No,No,1,2770
6100-QQHEB,Yes,Yes,Fiber optic,No,No,No,No,Yes,Yes,Yes,No,5,2771
6366-XIVKZ,Yes,No,DSL,Yes,No,Yes,No,No,Yes,Yes,Yes,5,2772
3470-OBUET,Yes,Yes,DSL,Yes,Yes,No,Yes,Yes,No,Yes,Yes,7,2773
2770-NSVDG,No,No phone service,DSL,No,No,Yes,No,No,No,No,No,2,2774
9375-MHRRS,Yes,No,DSL,No,No,No,Yes,No,No,No,Yes,3,2775
2634-HCZGT,Yes,Yes,DSL,Yes,No,No,Yes,No,No,No,Yes,5,2776
7503-QQRVF,Yes,No,Fiber optic,No,Yes,No,No,No,No,No,No,3,2777
4860-YZGZM,Yes,No,No,No internet service,No internet service,No internet service,No internet service,No internet service,No internet service,No,No,1,2778
6599-GZWCM,Yes,No,Fiber optic,No,Yes,No,No,No,No,No,No,3,2779
2691-NZETQ,Yes,Yes,Fiber optic,No,No,No,No,Yes,No,Yes,No,4,2780
4404-HIBDJ,Yes,No,DSL,Yes,Yes,Yes,Yes,Yes,No,Yes,Yes,7,2781
5533-NHFRF,No,No phone service,DSL,No,Yes,No,Yes,No,Yes,Yes,Yes,4,2782
7037-MTYVW,Yes,Yes,DSL,Yes,No,Yes,Yes,Yes,Yes,Yes,Yes,8,2783
4760-THGOT,Yes,Yes,Fiber optic,Yes,Yes,No,No,No,Yes,Yes,Yes,6,2784
7295-JOMMD,Yes,No,Fiber optic,No,No,Yes,Yes,Yes,Yes,Yes,Yes,6,2785
4016-BJKTZ,Yes,Yes,Fiber optic,No,Yes,Yes,Yes,Yes,Yes,Yes,Yes,8,2786
6584-VQMYT,Yes,No,DSL,Yes,Yes,No,No,No,No,No,Yes,4,2787
9838-BFCQT,Yes,Yes,No,No internet service,No internet service,No internet service,No internet service,No internet service,No internet service,No,No,2,2788
2790-XUYMV,Yes,Yes,Fiber optic,Yes,Yes,No,No,No,No,No,Yes,5,2789
0581-MDMPW,Yes,Yes,Fiber optic,No,No,Yes,No,Yes,No,Yes,No,5,2790
5013-SBUIH,Yes,Yes,Fiber optic,Yes,Yes,No,Yes,Yes,Yes,Yes,Yes,8,2791
1023-BQXZE,Yes,No,DSL,Yes,No,Yes,No,Yes,Yes,Yes,Yes,6,2792
9163-GHAYE,Yes,No,DSL,No,Yes,No,No,No,No,No,No,3,2793
3904-UKFRE,Yes,Yes,Fiber optic,Yes,No,No,No,No,No,No,Yes,4,2794
5353-WILCI,Yes,No,DSL,Yes,Yes,No,No,No,No,No,Yes,4,2795
0709-TVGUR,Yes,Yes,Fiber optic,No,No,No,No,No,No,No,No,3,2796
0058-EVZWM,Yes,Yes,Fiber optic,Yes,No,No,No,Yes,No,Yes,Yes,5,2797
6023-YEBUP,Yes,Yes,Fiber optic,No,No,Yes,No,Yes,Yes,Yes,No,6,2798
7209-JCUDS,Yes,No,Fiber optic,No,No,Yes,No,Yes,Yes,Yes,No,5,2799
7009-PCARS,Yes,No,No,No internet service,No internet service,No internet service,No internet service,No internet service,No internet service,No,No,1,2800
0519-DRGTI,Yes,No,No,No internet service,No internet service,No internet service,No internet service,No internet service,No internet service,No,No,1,2801
1017-FBQMM,Yes,Yes,Fiber optic,No,Yes,No,Yes,Yes,Yes,Yes,Yes,7,2802
3001-CBHLQ,Yes,Yes,Fiber optic,No,No,Yes,Yes,Yes,Yes,Yes,Yes,7,2803
1985-MBRYP,Yes,No,No,No internet service,No internet service,No internet service,No internet service,No internet service,No internet service,No,No,1,2804
6158-DWPZT,No,No phone service,DSL,No,No,No,No,No,No,No,No,1,2805
9372-TXXPS,Yes,No,DSL,Yes,Yes,No,Yes,No,No,No,Yes,5,2806
3259-QMXUN,Yes,Yes,DSL,Yes,Yes,Yes,No,Yes,Yes,Yes,Yes,8,2807
1015-JPFYW,Yes,No,No,No internet service,No internet service,No internet service,No internet service,No internet service,No internet service,No,No,1,2808
6645-MXQJT,Yes,No,Fiber optic,Yes,No,No,No,Yes,Yes,Yes,Yes,5,2809
4360-QRAVE,No,No phone service,DSL,No,Yes,Yes,No,No,No,No,No,3,2810
8433-WPJTV,Yes,Yes,Fiber optic,No,No,Yes,Yes,Yes,Yes,Yes,Yes,7,2811
5804-JMYIO,Yes,No,No,No internet service,No internet service,No internet service,No internet service,No internet service,No internet service,No,No,1,2812
3763-GCZHZ,Yes,Yes,Fiber optic,No,Yes,No,Yes,Yes,Yes,Yes,Yes,7,2813
6484-LATFU,Yes,Yes,No,No internet service,No internet service,No internet service,No internet service,No internet service,No internet service,No,No,2,2814
7599-NTMDP,No,No phone service,DSL,Yes,Yes,No,Yes,Yes,No,Yes,Yes,5,2815
0772-GYEQQ,Yes,No,Fiber optic,No,No,Yes,Yes,Yes,No,Yes,Yes,5,2816
0536-ACXIP,Yes,Yes,Fiber optic,Yes,Yes,Yes,No,Yes,Yes,Yes,Yes,8,2817
0936-NQLJU,Yes,No,No,No internet service,No internet service,No internet service,No internet service,No internet service,No internet service,No,No,1,2818
4831-EOBFE,Yes,No,Fiber optic,Yes,No,No,No,Yes,Yes,Yes,Yes,5,2819
1575-KRZZE,Yes,No,DSL,Yes,Yes,No,No,No,No,No,Yes,4,2820
3251-YMVWZ,Yes,Yes,No,No internet service,No internet service,No internet service,No internet service,No internet service,No internet service,No,No,2,2821
4102-OQUPX,Yes,Yes,Fiber optic,No,No,No,No,No,No,No,No,3,2822
9170-GYZJC,Yes,Yes,DSL,Yes,Yes,Yes,Yes,No,Yes,Yes,Yes,8,2823
4884-LEVMQ,Yes,No,No,No internet service,No internet service,No internet service,No internet service,No internet service,No internet service,No,No,1,2824
8857-CUPFQ,Yes,No,No,No internet service,No internet service,No internet service,No internet service,No internet service,No internet service,No,No,1,2825
7610-TVOPG,Yes,Yes,No,No internet service,No internet service,No internet service,No internet service,No internet service,No internet service,No,No,2,2826
3638-DIMPH,Yes,No,DSL,No,No,No,No,No,No,No,No,2,2827
1845-ZLLIG,Yes,No,DSL,No,Yes,No,No,No,No,No,No,3,2828
8559-WNQZS,Yes,No,No,No internet service,No internet service,No internet service,No internet service,No internet service,No internet service,No,No,1,2829
3999-QGRJH,Yes,No,Fiber optic,No,No,No,No,No,No,No,No,2,2830
1699-UOTXU,Yes,No,DSL,Yes,Yes,Yes,No,No,No,No,Yes,5,2831
2454-RPBRZ,Yes,Yes,Fiber optic,No,Yes,Yes,No,Yes,No,Yes,No,6,2832
0635-WKOLD,Yes,Yes,DSL,No,Yes,No,Yes,Yes,No,Yes,Yes,6,2833
5993-JSUWV,Yes,No,DSL,Yes,Yes,Yes,No,No,No,No,Yes,5,2834
4518-FZBSX,Yes,No,No,No internet service,No internet service,No internet service,No internet service,No internet service,No internet service,No,No,1,2835
5387-ASZNZ,Yes,Yes,DSL,Yes,Yes,No,Yes,No,No,No,Yes,6,2836
6988-CJEYV,Yes,Yes,Fiber optic,No,Yes,No,No,Yes,Yes,Yes,No,6,2837
2002-MZHWP,Yes,No,No,No internet service,No internet service,No internet service,No internet service,No internet service,No internet service,No,No,1,2838
3097-FQTVJ,Yes,No,No,No internet service,No internet service,No internet service,No internet service,No internet service,No internet service,No,No,1,2839
5465-BUBFA,Yes,No,No,No internet service,No internet service,No internet service,No internet service,No internet service,No internet service,No,No,1,2840
7299-GNVPL,Yes,No,Fiber optic,Yes,Yes,No,Yes,No,No,No,Yes,5,2841
9743-DQKQW,No,No phone service,DSL,No,No,No,No,No,No,No,No,1,2842
1215-VFYVK,No,No phone service,DSL,Yes,No,Yes,Yes,No,Yes,Yes,Yes,5,2843
9371-BITHB,Yes,No,No,No internet service,No internet service,No internet service,No internet service,No internet service,No internet service,No,No,1,2844
2265-CYWIV,Yes,Yes,Fiber optic,Yes,No,No,No,Yes,Yes,Yes,Yes,6,2845
9093-FPDLG,Yes,No,Fiber optic,No,Yes,Yes,Yes,No,Yes,Yes,Yes,6,2846
0541-FITGH,Yes,No,DSL,Yes,No,No,No,No,Yes,Yes,Yes,4,2847
6985-HAYWX,Yes,Yes,Fiber optic,No,Yes,No,No,No,No,No,No,4,2848
7508-KBIMB,Yes,No,DSL,Yes,No,Yes,No,No,No,No,Yes,4,2849
6838-HVLXG,Yes,No,No,No internet service,No internet service,No internet service,No internet service,No internet service,No internet service,No,No,1,2850
2277-DJJDL,Yes,Yes,Fiber optic,No,No,No,Yes,Yes,Yes,Yes,Yes,6,2851
1897-OKVMW,Yes,Yes,DSL,Yes,Yes,Yes,Yes,Yes,Yes,Yes,Yes,9,2852
5485-ITNPC,Yes,No,DSL,Yes,Yes,Yes,Yes,Yes,Yes,Yes,Yes,8,2853
0233-FTHAV,Yes,Yes,Fiber optic,No,No,Yes,No,No,No,No,No,4,2854
4644-PIZRT,Yes,Yes,DSL,Yes,No,Yes,No,Yes,No,Yes,Yes,6,2855
8922-NPKBJ,Yes,No,No,No internet service,No internet service,No internet service,No internet service,No internet service,No internet service,No,No,1,2856
2740-TVLFN,Yes,Yes,DSL,No,No,No,No,No,No,No,No,3,2857
7771-CFQRQ,Yes,No,DSL,No,Yes,No,Yes,No,Yes,Yes,Yes,5,2858
9512-PHSMG,Yes,No,No,No internet service,No internet service,No internet service,No internet service,No internet service,No internet service,No,No,1,2859
6963-EZQEE,Yes,Yes,DSL,Yes,Yes,Yes,Yes,Yes,Yes,Yes,Yes,9,2860
2452-KDRRH,Yes,Yes,Fiber optic,No,No,Yes,No,Yes,Yes,Yes,No,6,2861
2004-OCQXK,Yes,No,Fiber optic,No,No,No,No,No,Yes,Yes,No,3,2862
5027-QPKTE,Yes,No,Fiber optic,No,No,No,No,No,No,No,No,2,2863
4146-SVFUD,Yes,No,DSL,No,No,No,No,No,No,No,No,2,2864
1564-HJUVY,Yes,No,DSL,No,Yes,No,Yes,Yes,No,Yes,Yes,5,2865
3617-XLSGQ,Yes,Yes,Fiber optic,Yes,Yes,Yes,No,Yes,Yes,Yes,Yes,8,2866
7517-LDMPS,Yes,No,Fiber optic,No,Yes,No,No,No,Yes,Yes,No,4,2867
7244-KXYZN,Yes,No,No,No internet service,No internet service,No internet service,No internet service,No internet service,No internet service,No,No,1,2868
5226-NOZFC,Yes,No,Fiber optic,No,Yes,No,No,Yes,No,Yes,No,4,2869
2672-HUYVI,Yes,No,Fiber optic,No,No,No,No,Yes,Yes,Yes,No,4,2870
1400-WIVLL,Yes,Yes,Fiber optic,No,No,Yes,Yes,Yes,Yes,Yes,Yes,7,2871
7508-MYBOG,Yes,Yes,Fiber optic,No,No,No,No,Yes,No,Yes,No,4,2872
8148-NLEGT,Yes,Yes,No,No internet service,No internet service,No internet service,No internet service,No internet service,No internet service,No,No,2,2873
0148-DCDOS,Yes,Yes,Fiber optic,No,No,No,No,Yes,Yes,Yes,No,5,2874
8347-GDTMP,Yes,No,No,No internet service,No internet service,No internet service,No internet service,No internet service,No internet service,No,No,1,2875
9992-RRAMN,Yes,Yes,Fiber optic,No,No,No,No,No,Yes,Yes,No,4,2876
6746-WAUWT,Yes,No,No,No internet service,No internet service,No internet service,No internet service,No internet service,No internet service,No,No,1,2877
0310-MVLET,Yes,Yes,Fiber optic,No,Yes,No,No,Yes,Yes,Yes,No,6,2878
0428-IKYCP,Yes,No,Fiber optic,No,No,Yes,No,Yes,No,Yes,No,4,2879
4550-VBOFE,Yes,Yes,Fiber optic,No,Yes,Yes,No,Yes,Yes,Yes,No,7,2880
2187-PKZAY,Yes,No,Fiber optic,No,No,No,No,No,Yes,Yes,No,3,2881
4003-OCTMP,Yes,No,DSL,Yes,No,No,Yes,No,Yes,Yes,Yes,5,2882
6652-YFFJO,Yes,No,DSL,No,No,No,No,Yes,Yes,Yes,No,4,2883
7225-IILWY,Yes,Yes,No,No internet service,No internet service,No internet service,No internet service,No internet service,No internet service,No,No,2,2884
5248-RPYWW,Yes,Yes,DSL,Yes,Yes,Yes,Yes,Yes,Yes,Yes,Yes,9,2885
7923-IYJWY,Yes,Yes,Fiber optic,Yes,Yes,Yes,Yes,Yes,Yes,Yes,Yes,9,2886
3170-GWYKC,Yes,No,Fiber optic,Yes,No,Yes,Yes,Yes,Yes,Yes,Yes,7,2887
5696-QURRL,Yes,No,DSL,No,No,No,No,No,No,No,No,2,2888
7409-KIUTL,Yes,No,Fiber optic,No,No,No,No,No,No,No,No,2,2889
9830-ECLEN,No,No phone service,DSL,Yes,Yes,Yes,No,Yes,No,Yes,Yes,5,2890
1732-VHUBQ,Yes,No,Fiber optic,No,No,No,No,No,No,No,No,2,2891
0495-RVCBF,Yes,No,Fiber optic,No,No,No,No,No,Yes,Yes,No,3,2892
2668-TZSPS,Yes,No,No,No internet service,No internet service,No internet service,No internet service,No internet service,No internet service,No,No,1,2893
7854-EDSSA,Yes,Yes,DSL,Yes,Yes,No,No,No,No,No,Yes,5,2894
8869-TORSS,Yes,No,DSL,Yes,No,Yes,Yes,No,No,No,Yes,5,2895
7446-SFAOA,Yes,No,No,No internet service,No internet service,No internet service,No internet service,No internet service,No internet service,No,No,1,2896
9522-ZSINC,Yes,No,No,No internet service,No internet service,No internet service,No internet service,No internet service,No internet service,No,No,1,2897
8234-GSZYK,Yes,Yes,No,No internet service,No internet service,No internet service,No internet service,No internet service,No internet service,No,No,2,2898
6505-OZNPG,No,No phone service,DSL,Yes,Yes,Yes,Yes,Yes,Yes,Yes,Yes,7,2899
6164-HAQTX,No,No phone service,DSL,Yes,Yes,Yes,Yes,Yes,No,Yes,Yes,6,2900
0679-IDSTG,Yes,No,Fiber optic,No,No,No,No,No,No,No,No,2,2901
7765-LWVVH,Yes,Yes,Fiber optic,Yes,Yes,No,No,Yes,No,Yes,Yes,6,2902
1658-TJVOA,Yes,No,Fiber optic,Yes,No,No,No,No,No,No,Yes,3,2903
0953-LGOVU,No,No phone service,DSL,No,Yes,No,Yes,No,No,No,Yes,3,2904
2115-BFTIW,Yes,No,Fiber optic,No,No,No,No,No,No,No,No,2,2905
4692-NNQRU,Yes,No,Fiber optic,No,No,Yes,Yes,No,No,No,Yes,4,2906
7742-MYPGI,Yes,No,DSL,No,No,No,Yes,No,No,No,Yes,3,2907
0611-DFXKO,Yes,No,Fiber optic,No,No,No,No,Yes,Yes,Yes,No,4,2908
7780-OTDSO,Yes,Yes,Fiber optic,Yes,No,No,No,Yes,Yes,Yes,Yes,6,2909
9619-GSATL,Yes,No,DSL,No,Yes,No,Yes,No,No,No,Yes,4,2910
5622-UEJFI,Yes,Yes,No,No internet service,No internet service,No internet service,No internet service,No internet service,No internet service,No,No,2,2911
9747-DDZOS,Yes,No,Fiber optic,No,No,Yes,No,No,No,No,No,3,2912
0674-DGMAQ,Yes,Yes,Fiber optic,No,Yes,Yes,No,No,Yes,Yes,No,6,2913
6203-HBZPA,No,No phone service,DSL,Yes,Yes,Yes,Yes,Yes,Yes,Yes,Yes,7,2914
0484-FFVBJ,Yes,No,DSL,No,No,No,No,Yes,Yes,Yes,No,4,2915
0301-FIDRB,No,No phone service,DSL,Yes,Yes,Yes,Yes,Yes,Yes,Yes,Yes,7,2916
4139-JPIAM,No,No phone service,DSL,Yes,No,No,Yes,No,Yes,Yes,Yes,4,2917
2181-TIDSV,Yes,No,No,No internet service,No internet service,No internet service,No internet service,No internet service,No internet service,No,No,1,2918
2761-XECQW,No,No phone service,DSL,No,Yes,Yes,No,No,Yes,Yes,No,4,2919
1936-CZAKF,No,No phone service,DSL,No,Yes,No,No,Yes,Yes,Yes,No,4,2920
9453-PATOS,Yes,No,DSL,Yes,Yes,Yes,Yes,Yes,Yes,Yes,Yes,8,2921
0564-JJHGS,Yes,Yes,Fiber optic,No,No,No,No,Yes,Yes,Yes,No,5,2922
3348-CFRNX,Yes,No,Fiber optic,Yes,No,No,No,Yes,Yes,Yes,Yes,5,2923
4402-FTBXC,Yes,No,Fiber optic,Yes,No,Yes,No,Yes,No,Yes,Yes,5,2924
1428-GTBJJ,Yes,No,Fiber optic,No,Yes,No,No,No,No,No,No,3,2925
2931-XIQBR,Yes,No,Fiber optic,No,No,Yes,Yes,Yes,Yes,Yes,Yes,6,2926
0106-UGRDO,Yes,Yes,Fiber optic,Yes,Yes,Yes,Yes,Yes,Yes,Yes,Yes,9,2927
5542-TBBWB,Yes,No,Fiber optic,No,No,No,No,No,No,No,No,2,2928
1930-QPBVZ,Yes,No,Fiber optic,Yes,Yes,No,Yes,No,Yes,Yes,Yes,6,2929
2606-PKWJB,No,No phone service,DSL,Yes,Yes,No,Yes,No,No,No,Yes,4,2930
5322-ZSMZY,Yes,Yes,No,No internet service,No internet service,No internet service,No internet service,No internet service,No internet service,No,No,2,2931
8059-UDZFY,Yes,Yes,Fiber optic,No,Yes,Yes,No,Yes,Yes,Yes,No,7,2932
7740-BTPUX,Yes,Yes,Fiber optic,No,Yes,Yes,Yes,Yes,Yes,Yes,Yes,8,2933
5220-AGAAX,Yes,Yes,No,No internet service,No internet service,No internet service,No internet service,No internet service,No internet service,No,No,2,2934
0208-BPQEJ,Yes,No,No,No internet service,No internet service,No internet service,No internet service,No internet service,No internet service,No,No,1,2935
9435-JMLSX,Yes,No,DSL,Yes,Yes,Yes,Yes,Yes,Yes,Yes,Yes,8,2936
3352-ALMCK,Yes,Yes,Fiber optic,No,Yes,Yes,No,Yes,Yes,Yes,No,7,2937
5312-IRCFR,Yes,Yes,Fiber optic,No,Yes,Yes,No,No,Yes,Yes,No,6,2938
5294-IMHHT,Yes,Yes,Fiber optic,No,Yes,No,Yes,No,Yes,Yes,Yes,6,2939
8802-UNOJF,Yes,No,Fiber optic,No,Yes,Yes,Yes,No,No,No,Yes,5,2940
6313-GIDIT,No,No phone service,DSL,No,Yes,Yes,No,Yes,Yes,Yes,No,5,2941
6176-YJWAS,Yes,Yes,Fiber optic,Yes,Yes,Yes,No,Yes,No,Yes,Yes,7,2942
5310-NOOVA,Yes,No,No,No internet service,No internet service,No internet service,No internet service,No internet service,No internet service,No,No,1,2943
4526-EXKKN,Yes,Yes,No,No internet service,No internet service,No internet service,No internet service,No internet service,No internet service,No,No,2,2944
5311-IHLEI,No,No phone service,DSL,Yes,Yes,No,Yes,Yes,No,Yes,Yes,5,2945
3987-KQDDU,Yes,No,Fiber optic,Yes,No,No,No,No,No,No,Yes,3,2946
3404-JNXAX,Yes,Yes,Fiber optic,No,No,No,Yes,No,No,No,Yes,4,2947
5131-PONJI,Yes,No,Fiber optic,No,Yes,Yes,No,Yes,No,Yes,No,5,2948
2845-AFFTX,Yes,Yes,Fiber optic,No,No,Yes,No,Yes,Yes,Yes,No,6,2949
3489-VSFRD,Yes,No,DSL,Yes,No,Yes,Yes,No,No,No,Yes,5,2950
3345-JHUEO,Yes,No,No,No internet service,No internet service,No internet service,No internet service,No internet service,No internet service,No,No,1,2951
5815-HGGHV,Yes,No,DSL,Yes,No,No,Yes,No,Yes,Yes,Yes,5,2952
5260-UMPWX,Yes,No,No,No internet service,No internet service,No internet service,No internet service,No internet service,No internet service,No,No,1,2953
2249-YPRNG,Yes,Yes,Fiber optic,No,Yes,Yes,No,Yes,Yes,Yes,No,7,2954
7410-YTJIK,Yes,Yes,Fiber optic,No,No,No,No,No,No,No,No,3,2955
4626-GYCZP,Yes,Yes,Fiber optic,No,No,No,No,Yes,Yes,Yes,No,5,2956
5649-RXQTV,Yes,No,Fiber optic,No,Yes,Yes,No,Yes,Yes,Yes,No,6,2957
2674-MIAHT,Yes,Yes,Fiber optic,No,Yes,No,No,No,No,No,No,4,2958
2576-HXMPA,Yes,No,No,No internet service,No internet service,No internet service,No internet service,No internet service,No internet service,No,No,1,2959
7587-AOVVU,Yes,Yes,Fiber optic,Yes,Yes,No,Yes,Yes,No,Yes,Yes,7,2960
5590-BYNII,Yes,Yes,Fiber optic,Yes,No,No,No,Yes,Yes,Yes,Yes,6,2961
6898-MDLZW,Yes,No,DSL,No,Yes,No,Yes,No,No,No,Yes,4,2962
3237-AJGEH,No,No phone service,DSL,No,No,No,Yes,No,No,No,Yes,2,2963
4707-YNOQA,Yes,Yes,No,No internet service,No internet service,No internet service,No internet service,No internet service,No internet service,No,No,2,2964
9357-UJRUN,Yes,Yes,DSL,Yes,No,No,Yes,No,No,No,Yes,5,2965
1591-NFNLQ,Yes,Yes,Fiber optic,No,No,Yes,No,No,No,No,No,4,2966
8648-PFRMP,No,No phone service,DSL,No,No,No,No,Yes,Yes,Yes,No,3,2967
7663-CUXZB,Yes,Yes,Fiber optic,Yes,Yes,Yes,Yes,Yes,Yes,Yes,Yes,9,2968
0258-NOKBL,Yes,No,Fiber optic,No,Yes,Yes,No,No,Yes,Yes,No,5,2969
1163-VIPRI,Yes,Yes,Fiber optic,Yes,No,Yes,Yes,Yes,Yes,Yes,Yes,8,2970
2815-CPTUL,Yes,No,Fiber optic,No,No,No,No,No,No,No,No,2,2971
9348-ROUAI,Yes,Yes,DSL,Yes,Yes,Yes,Yes,Yes,Yes,Yes,Yes,9,2972
9443-JUBUO,No,No phone service,DSL,Yes,Yes,Yes,Yes,Yes,Yes,Yes,Yes,7,2973
0596-BQCEQ,Yes,No,Fiber optic,No,Yes,Yes,No,Yes,Yes,Yes,No,6,2974
1481-ZUWZA,Yes,Yes,Fiber optic,Yes,Yes,No,No,No,Yes,Yes,Yes,6,2975
3043-TYBNO,Yes,No,DSL,No,No,No,Yes,No,Yes,Yes,Yes,4,2976
4830-FAXFM,Yes,Yes,No,No internet service,No internet service,No internet service,No internet service,No internet service,No internet service,No,No,2,2977
5906-BFOZT,Yes,No,No,No internet service,No internet service,No internet service,No internet service,No internet service,No internet service,No,No,1,2978
2960-NKRSO,Yes,No,Fiber optic,No,Yes,Yes,Yes,No,No,No,Yes,5,2979
8996-ZROXE,Yes,No,DSL,No,No,Yes,Yes,No,No,No,Yes,4,2980
5598-IKHQQ,Yes,Yes,No,No internet service,No internet service,No internet service,No internet service,No internet service,No internet service,No,No,2,2981
0397-ZXWQF,Yes,No,No,No internet service,No internet service,No internet service,No internet service,No internet service,No internet service,No,No,1,2982
5266-PFRQK,Yes,No,No,No internet service,No internet service,No internet service,No internet service,No internet service,No internet service,No,No,1,2983
4674-HGNUA,Yes,Yes,DSL,Yes,Yes,Yes,Yes,Yes,Yes,Yes,Yes,9,2984
6765-MBQNU,Yes,Yes,No,No internet service,No internet service,No internet service,No internet service,No internet service,No internet service,No,No,2,2985
9786-IJYDL,Yes,Yes,Fiber optic,Yes,Yes,Yes,Yes,Yes,Yes,Yes,Yes,9,2986
1303-SRDOK,Yes,No,Fiber optic,No,No,No,No,No,No,No,No,2,2987
3769-MHZNV,Yes,No,No,No internet service,No internet service,No internet service,No internet service,No internet service,No internet service,No,No,1,2988
6295-OSINB,Yes,Yes,Fiber optic,Yes,Yes,Yes,No,Yes,Yes,Yes,Yes,8,2989
3308-MHOOC,Yes,No,No,No internet service,No internet service,No internet service,No internet service,No internet service,No internet service,No,No,1,2990
2309-OSFEU,No,No phone service,DSL,No,No,No,No,No,Yes,Yes,No,2,2991
2207-QPJED,Yes,No,Fiber optic,No,No,Yes,Yes,Yes,No,Yes,Yes,5,2992
4177-JPDFU,No,No phone service,DSL,No,Yes,No,Yes,No,No,No,Yes,3,2993
2239-CFOUJ,Yes,No,No,No internet service,No internet service,No internet service,No internet service,No internet service,No internet service,No,No,1,2994
8046-DNVTL,No,No phone service,DSL,Yes,Yes,No,Yes,No,No,No,Yes,4,2995
2209-XADXF,No,No phone service,DSL,No,No,No,No,No,No,No,No,1,2996
6620-JDYNW,Yes,Yes,DSL,Yes,No,Yes,No,No,No,No,Yes,5,2997
1891-FZYSA,Yes,Yes,Fiber optic,No,Yes,No,No,Yes,No,Yes,No,5,2998
4770-UEZOX,Yes,No,Fiber optic,No,Yes,No,No,No,No,No,No,3,2999
1038-RQOST,Yes,No,No,No internet service,No internet service,No internet service,No internet service,No internet service,No internet service,No,No,1,3000
7613-LLQFO,Yes,Yes,Fiber optic,No,No,No,No,Yes,No,Yes,No,4,3001
4568-TTZRT,Yes,No,No,No internet service,No internet service,No internet service,No internet service,No internet service,No internet service,No,No,1,3002
9513-DXHDA,Yes,No,DSL,Yes,No,Yes,Yes,Yes,Yes,Yes,Yes,7,3003
2640-PMGFL,Yes,Yes,Fiber optic,No,No,No,Yes,No,No,No,Yes,4,3004
3801-HMYNL,Yes,No,Fiber optic,No,No,No,No,Yes,Yes,Yes,No,4,3005
0516-QREYC,Yes,No,No,No internet service,No internet service,No internet service,No internet service,No internet service,No internet service,No,No,1,3006
9685-WKZGT,Yes,Yes,Fiber optic,No,No,No,No,No,No,No,No,3,3007
6022-UGGSO,Yes,No,Fiber optic,No,Yes,No,No,No,No,No,No,3,3008
8084-OIVBS,Yes,No,No,No internet service,No internet service,No internet service,No internet service,No internet service,No internet service,No,No,1,3009
8896-BQTTI,Yes,Yes,No,No internet service,No internet service,No internet service,No internet service,No internet service,No internet service,No,No,2,3010
3865-QBWSJ,Yes,Yes,Fiber optic,Yes,No,No,No,No,No,No,Yes,4,3011
3352-RICWQ,Yes,No,No,No internet service,No internet service,No internet service,No internet service,No internet service,No internet service,No,No,1,3012
2160-GPFXD,Yes,Yes,DSL,Yes,Yes,No,Yes,No,No,No,Yes,6,3013
2065-MMKGR,Yes,Yes,DSL,No,No,No,No,Yes,Yes,Yes,No,5,3014
5857-TYBCJ,Yes,Yes,Fiber optic,No,No,Yes,No,Yes,No,Yes,No,5,3015
1498-NHTLT,Yes,No,DSL,Yes,Yes,Yes,Yes,Yes,Yes,Yes,Yes,8,3016
4484-CGXFK,Yes,No,DSL,No,No,No,No,No,Yes,Yes,No,3,3017
1402-PTHGN,Yes,No,DSL,Yes,Yes,No,Yes,No,No,No,Yes,5,3018
4176-RELJR,Yes,Yes,No,No internet service,No internet service,No internet service,No internet service,No internet service,No internet service,No,No,2,3019
6214-EDAKZ,Yes,No,DSL,No,Yes,No,Yes,No,No,No,Yes,4,3020
5199-FPUSP,No,No phone service,DSL,Yes,No,No,Yes,No,No,No,Yes,3,3021
6377-KSLXC,Yes,No,No,No internet service,No internet service,No internet service,No internet service,No internet service,No internet service,No,No,1,3022
1796-JANOW,Yes,No,No,No internet service,No internet service,No internet service,No internet service,No internet service,No internet service,No,No,1,3023
0238-WHBIQ,Yes,Yes,DSL,Yes,Yes,Yes,Yes,Yes,Yes,Yes,Yes,9,3024
8735-NBLWT,Yes,No,No,No internet service,No internet service,No internet service,No internet service,No internet service,No internet service,No,No,1,3025
6651-RLGGM,Yes,Yes,No,No internet service,No internet service,No internet service,No internet service,No internet service,No internet service,No,No,2,3026
6127-ISGTU,Yes,Yes,Fiber optic,No,No,No,No,Yes,No,Yes,No,4,3027
1614-JBEBI,Yes,No,No,No internet service,No internet service,No internet service,No internet service,No internet service,No internet service,No,No,1,3028
8740-XLHDR,No,No phone service,DSL,Yes,Yes,Yes,Yes,No,No,No,Yes,5,3029
1208-DNHLN,Yes,Yes,DSL,No,No,No,No,No,No,No,No,3,3030
1761-AEZZR,Yes,No,Fiber optic,No,No,No,No,Yes,No,Yes,No,3,3031
3923-CSIHK,Yes,No,Fiber optic,No,No,No,No,No,No,No,No,2,3032
5696-EXCYS,Yes,No,No,No internet service,No internet service,No internet service,No internet service,No internet service,No internet service,No,No,1,3033
5795-KTGUD,Yes,Yes,Fiber optic,Yes,Yes,Yes,No,Yes,Yes,Yes,Yes,8,3034
7120-RFMVS,Yes,Yes,Fiber optic,No,No,No,No,Yes,No,Yes,No,4,3035
7924-GJZFI,Yes,No,Fiber optic,No,No,No,No,No,No,No,No,2,3036
4702-HDRKD,No,No phone service,DSL,Yes,No,Yes,Yes,Yes,No,Yes,Yes,5,3037
8512-WIWYV,Yes,No,No,No internet service,No internet service,No internet service,No internet service,No internet service,No internet service,No,No,1,3038
5897-ZYEKH,Yes,Yes,Fiber optic,Yes,Yes,No,No,Yes,Yes,Yes,Yes,7,3039
5456-ITGIC,No,No phone service,DSL,Yes,Yes,Yes,Yes,Yes,Yes,Yes,Yes,7,3040
7317-GGVPB,Yes,Yes,Fiber optic,No,Yes,Yes,Yes,Yes,Yes,Yes,Yes,8,3041
1406-PUQVY,Yes,No,DSL,No,Yes,No,No,No,No,No,No,3,3042
1322-AGOQM,No,No phone service,DSL,No,Yes,No,No,No,No,No,No,2,3043
3677-IYRBF,No,No phone service,DSL,No,No,Yes,No,No,No,No,No,2,3044
5692-FPTAH,Yes,No,DSL,No,No,No,No,No,No,No,No,2,3045
9114-AAFQH,Yes,No,DSL,No,Yes,Yes,No,No,Yes,Yes,No,5,3046
8715-KKTFG,Yes,Yes,Fiber optic,No,No,Yes,Yes,Yes,Yes,Yes,Yes,7,3047
1550-LOAHA,Yes,No,Fiber optic,No,Yes,No,No,No,Yes,Yes,No,4,3048
1728-BQDMA,Yes,No,DSL,No,No,No,No,No,No,No,No,2,3049
0268-QKIWO,Yes,No,No,No internet service,No internet service,No internet service,No internet service,No internet service,No internet service,No,No,1,3050
0876-WDUUZ,Yes,No,Fiber optic,No,No,No,Yes,No,Yes,Yes,Yes,4,3051
5117-ZSMHQ,Yes,Yes,DSL,Yes,Yes,Yes,Yes,Yes,Yes,Yes,Yes,9,3052
5151-HQRDG,Yes,Yes,DSL,Yes,No,No,No,No,No,No,Yes,4,3053
0960-HUWBM,Yes,Yes,Fiber optic,No,No,Yes,Yes,Yes,Yes,Yes,Yes,7,3054
6465-GSRCL,Yes,Yes,Fiber optic,No,Yes,No,Yes,Yes,Yes,Yes,Yes,7,3055
0617-FHSGK,Yes,Yes,Fiber optic,No,No,No,No,No,No,No,No,3,3056
0263-FJTQO,Yes,Yes,DSL,Yes,No,No,Yes,Yes,No,Yes,Yes,6,3057
7319-ZNRTR,Yes,No,No,No internet service,No internet service,No internet service,No internet service,No internet service,No internet service,No,No,1,3058
2858-MOFSQ,Yes,Yes,DSL,No,No,Yes,No,No,No,No,No,4,3059
7503-EPSZW,Yes,Yes,No,No internet service,No internet service,No internet service,No internet service,No internet service,No internet service,No,No,2,3060
7089-XXAYG,No,No phone service,DSL,No,No,Yes,No,Yes,No,Yes,No,3,3061
8118-LSUEL,Yes,Yes,Fiber optic,No,Yes,Yes,No,Yes,Yes,Yes,No,7,3062
8070-AAWZP,No,No phone service,DSL,No,No,Yes,Yes,No,No,No,Yes,3,3063
1666-JXLKU,Yes,Yes,Fiber optic,No,No,Yes,No,Yes,Yes,Yes,No,6,3064
7855-DIWPO,Yes,No,Fiber optic,No,No,No,No,No,No,No,No,2,3065
5133-POWUA,Yes,No,DSL,No,No,No,No,No,No,No,No,2,3066
5652-MSDEY,Yes,Yes,Fiber optic,No,No,No,No,No,No,No,No,3,3067
7005-CCBKV,Yes,No,Fiber optic,No,Yes,No,No,No,Yes,Yes,No,4,3068
1810-BOHSY,Yes,Yes,Fiber optic,Yes,Yes,No,No,No,Yes,Yes,Yes,6,3069
1784-BXEFA,Yes,No,No,No internet service,No internet service,No internet service,No internet service,No internet service,No internet service,No,No,1,3070
7351-MHQVU,No,No phone service,DSL,Yes,Yes,No,Yes,No,Yes,Yes,Yes,5,3071
9224-VTYID,Yes,Yes,DSL,Yes,Yes,Yes,Yes,Yes,Yes,Yes,Yes,9,3072
9500-IWPXQ,Yes,Yes,DSL,Yes,Yes,Yes,Yes,No,Yes,Yes,Yes,8,3073
5762-TJXGK,No,No phone service,DSL,Yes,Yes,Yes,No,Yes,Yes,Yes,Yes,6,3074
4504-YOULA,Yes,Yes,DSL,Yes,Yes,No,No,No,No,No,Yes,5,3075
5569-IDSEY,Yes,Yes,Fiber optic,No,Yes,Yes,No,Yes,Yes,Yes,No,7,3076
4250-FDVOU,Yes,No,DSL,Yes,Yes,No,No,No,No,No,Yes,4,3077
7284-ZZLOH,Yes,No,DSL,Yes,No,Yes,No,No,No,No,Yes,4,3078
5277-ZLOOR,Yes,Yes,Fiber optic,No,No,No,No,Yes,No,Yes,No,4,3079
2141-RRYGO,Yes,No,DSL,No,Yes,No,No,Yes,Yes,Yes,No,5,3080
1777-JYQPJ,No,No phone service,DSL,No,No,No,No,No,No,No,No,1,3081
6376-GAHQE,Yes,No,Fiber optic,No,No,No,No,Yes,No,Yes,No,3,3082
3401-URHDA,Yes,Yes,DSL,Yes,No,No,Yes,No,No,No,Yes,5,3083
1599-EAHXY,Yes,Yes,No,No internet service,No internet service,No internet service,No internet service,No internet service,No internet service,No,No,2,3084
8631-XVRZL,Yes,No,No,No internet service,No internet service,No internet service,No internet service,No internet service,No internet service,No,No,1,3085
5052-PNLOS,Yes,Yes,Fiber optic,No,Yes,Yes,No,Yes,Yes,Yes,No,7,3086
3853-LYGAM,Yes,Yes,Fiber optic,No,No,Yes,Yes,No,Yes,Yes,Yes,6,3087
6979-ZNSFF,Yes,Yes,Fiber optic,No,No,No,No,Yes,No,Yes,No,4,3088
5751-USDBL,Yes,No,DSL,Yes,No,Yes,Yes,Yes,Yes,Yes,Yes,7,3089
5680-LQOGP,Yes,No,DSL,Yes,Yes,Yes,Yes,Yes,Yes,Yes,Yes,8,3090
2386-LAHRK,Yes,No,DSL,No,No,No,No,Yes,No,Yes,No,3,3091
8189-DUKMV,Yes,No,No,No internet service,No internet service,No internet service,No internet service,No internet service,No internet service,No,No,1,3092
6032-IGALN,No,No phone service,DSL,No,No,No,No,No,No,No,No,1,3093
9931-DCEZH,Yes,No,DSL,No,Yes,No,Yes,No,No,No,Yes,4,3094
1898-JSNDC,Yes,No,DSL,No,Yes,No,No,Yes,No,Yes,No,4,3095
0315-LVCRK,Yes,No,Fiber optic,No,No,Yes,No,No,Yes,Yes,No,4,3096
3911-RSNHI,No,No phone service,DSL,No,Yes,Yes,Yes,Yes,Yes,Yes,Yes,6,3097
2410-CIYFZ,Yes,No,No,No internet service,No internet service,No internet service,No internet service,No internet service,No internet service,No,No,1,3098
4248-HCETZ,Yes,No,Fiber optic,No,Yes,Yes,No,No,No,No,No,4,3099
5505-OVWQW,Yes,No,No,No internet service,No internet service,No internet service,No internet service,No internet service,No internet service,No,No,1,3100
7271-AJDTL,Yes,Yes,Fiber optic,No,Yes,Yes,No,Yes,No,Yes,No,6,3101
1867-TJHTS,Yes,Yes,Fiber optic,Yes,No,No,No,No,No,No,Yes,4,3102
0516-WJVXC,Yes,No,DSL,Yes,No,No,Yes,No,No,No,Yes,4,3103
9174-FKWZE,Yes,No,No,No internet service,No internet service,No internet service,No internet service,No internet service,No internet service,No,No,1,3104
6860-YRJZP,Yes,Yes,Fiber optic,No,No,No,No,No,No,No,No,3,3105
4429-WYGFR,Yes,No,DSL,No,No,No,Yes,No,No,No,Yes,3,3106
2817-LVCPP,Yes,No,No,No internet service,No internet service,No internet service,No internet service,No internet service,No internet service,No,No,1,3107
5038-ETMLM,Yes,Yes,Fiber optic,Yes,Yes,Yes,Yes,Yes,Yes,Yes,Yes,9,3108
5056-FIMPT,Yes,No,Fiber optic,Yes,Yes,No,Yes,Yes,Yes,Yes,Yes,7,3109
4521-WFJAI,Yes,Yes,No,No internet service,No internet service,No internet service,No internet service,No internet service,No internet service,No,No,2,3110
6569-KTMDU,Yes,No,No,No internet service,No internet service,No internet service,No internet service,No internet service,No internet service,No,No,1,3111
8809-RIHDD,Yes,Yes,Fiber optic,No,Yes,Yes,No,Yes,Yes,Yes,No,7,3112
8809-XKHMD,Yes,Yes,Fiber optic,Yes,Yes,No,Yes,No,Yes,Yes,Yes,7,3113
0396-YCHWO,Yes,Yes,Fiber optic,No,No,No,No,Yes,Yes,Yes,No,5,3114
0867-LDTTC,Yes,No,DSL,No,No,Yes,Yes,Yes,Yes,Yes,Yes,6,3115
4822-NGOCH,Yes,Yes,Fiber optic,No,Yes,Yes,No,No,No,No,No,5,3116
9391-DXGGG,Yes,No,Fiber optic,No,Yes,Yes,No,No,Yes,Yes,No,5,3117
9844-FELAJ,Yes,Yes,Fiber optic,No,Yes,Yes,Yes,Yes,Yes,Yes,Yes,8,3118
2122-SZZZD,Yes,No,No,No internet service,No internet service,No internet service,No internet service,No internet service,No internet service,No,No,1,3119
5307-DZCVC,Yes,Yes,Fiber optic,No,No,No,No,Yes,No,Yes,No,4,3120
3148-AOIQT,Yes,Yes,No,No internet service,No internet service,No internet service,No internet service,No internet service,No internet service,No,No,2,3121
8679-JOEVF,Yes,No,DSL,No,No,No,Yes,Yes,No,Yes,Yes,4,3122
8395-ETZKQ,Yes,No,No,No internet service,No internet service,No internet service,No internet service,No internet service,No internet service,No,No,1,3123
6692-YQHXC,Yes,No,Fiber optic,No,No,No,No,No,No,No,No,2,3124
3889-VWBID,Yes,No,DSL,Yes,Yes,No,Yes,Yes,Yes,Yes,Yes,7,3125
5222-JCXZT,Yes,No,No,No internet service,No internet service,No internet service,No internet service,No internet service,No internet service,No,No,1,3126
9754-CLVZW,No,No phone service,DSL,Yes,Yes,No,Yes,No,No,No,Yes,4,3127
1432-FPAXX,No,No phone service,DSL,No,Yes,No,No,No,No,No,No,2,3128
2739-CCZMB,Yes,No,No,No internet service,No internet service,No internet service,No internet service,No internet service,No internet service,No,No,1,3129
7080-TNUWP,Yes,Yes,Fiber optic,No,Yes,Yes,No,Yes,No,Yes,No,6,3130
0496-AHOOK,Yes,No,DSL,Yes,No,No,Yes,Yes,Yes,Yes,Yes,6,3131
8336-TAVKX,Yes,Yes,DSL,Yes,Yes,Yes,Yes,No,Yes,Yes,Yes,8,3132
2468-SJFLM,Yes,No,Fiber optic,No,No,No,Yes,No,No,No,Yes,3,3133
3181-VTHOE,No,No phone service,DSL,No,Yes,Yes,Yes,No,Yes,Yes,Yes,5,3134
7168-HDQHG,Yes,No,No,No internet service,No internet service,No internet service,No internet service,No internet service,No internet service,No,No,1,3135
4803-AXVYP,Yes,Yes,Fiber optic,No,No,No,Yes,Yes,Yes,Yes,Yes,6,3136
3884-HCSWG,Yes,No,Fiber optic,No,No,No,No,No,No,No,No,2,3137
4567-AKPIA,Yes,Yes,Fiber optic,No,Yes,Yes,Yes,Yes,Yes,Yes,Yes,8,3138
5077-DXTCG,Yes,No,DSL,No,No,No,No,No,No,No,No,2,3139
1142-WACZW,No,No phone service,DSL,No,No,No,Yes,No,No,No,Yes,2,3140
7901-HXJVA,Yes,No,Fiber optic,No,No,Yes,No,No,No,No,No,3,3141
5649-ANRML,Yes,No,Fiber optic,No,Yes,Yes,Yes,No,Yes,Yes,Yes,6,3142
4892-VLANZ,Yes,No,No,No internet service,No internet service,No internet service,No internet service,No internet service,No internet service,No,No,1,3143
5924-IFQTT,Yes,Yes,DSL,No,Yes,Yes,Yes,Yes,No,Yes,Yes,7,3144
7968-QUXNS,Yes,No,No,No internet service,No internet service,No internet service,No internet service,No internet service,No internet service,No,No,1,3145
2919-HBCJO,Yes,No,Fiber optic,No,Yes,No,No,No,No,No,No,3,3146
4236-XPXAV,Yes,No,Fiber optic,No,Yes,No,Yes,Yes,Yes,Yes,Yes,6,3147
8903-WMRNW,Yes,No,Fiber optic,Yes,No,Yes,No,Yes,Yes,Yes,Yes,6,3148
2452-SNHFZ,Yes,No,Fiber optic,Yes,No,No,No,No,No,No,Yes,3,3149
3629-WEAAM,Yes,No,DSL,No,No,Yes,Yes,No,Yes,Yes,Yes,5,3150
6029-CSMJE,No,No phone service,DSL,No,No,No,No,No,No,No,No,1,3151
7993-NQLJE,Yes,No,Fiber optic,Yes,No,No,No,No,No,No,Yes,3,3152
9909-DFRJA,Yes,No,Fiber optic,Yes,No,Yes,Yes,No,Yes,Yes,Yes,6,3153
9099-FTUHS,Yes,Yes,DSL,Yes,No,No,No,No,No,No,Yes,4,3154
0581-BXBUB,Yes,No,Fiber optic,No,Yes,No,No,No,No,No,No,3,3155
4962-CHQPW,Yes,No,No,No internet service,No internet service,No internet service,No internet service,No internet service,No internet service,No,No,1,3156
9467-ROOLM,Yes,No,No,No internet service,No internet service,No internet service,No internet service,No internet service,No internet service,No,No,1,3157
3030-YZADT,Yes,No,DSL,No,No,No,No,No,No,No,No,2,3158
7410-KTVFV,Yes,No,DSL,No,No,Yes,No,No,No,No,No,3,3159
5150-ITWWB,Yes,Yes,Fiber optic,No,No,No,No,Yes,Yes,Yes,No,5,3160
2253-KPMNB,No,No phone service,DSL,Yes,Yes,Yes,Yes,No,No,No,Yes,5,3161
1345-ZUKID,Yes,No,No,No internet service,No internet service,No internet service,No internet service,No internet service,No internet service,No,No,1,3162
6429-SHBCB,Yes,Yes,DSL,No,No,No,No,Yes,Yes,Yes,No,5,3163
9281-OFDMF,Yes,Yes,Fiber optic,No,Yes,No,No,No,Yes,Yes,No,5,3164
2603-HVKCG,Yes,No,Fiber optic,No,Yes,Yes,No,Yes,Yes,Yes,No,6,3165
1834-WULEG,Yes,No,No,No internet service,No internet service,No internet service,No internet service,No internet service,No internet service,No,No,1,3166
9097-ZUBYC,Yes,No,DSL,No,No,No,Yes,No,No,No,Yes,3,3167
5148-ORICT,Yes,No,DSL,Yes,Yes,Yes,Yes,No,Yes,Yes,Yes,7,3168
4893-GYUJU,Yes,No,No,No internet service,No internet service,No internet service,No internet service,No internet service,No internet service,No,No,1,3169
4578-PHJYZ,Yes,No,DSL,No,Yes,Yes,Yes,Yes,No,Yes,Yes,6,3170
7272-QDCKA,Yes,Yes,Fiber optic,No,Yes,No,No,Yes,Yes,Yes,No,6,3171
8908-SLFCJ,Yes,No,No,No internet service,No internet service,No internet service,No internet service,No internet service,No internet service,No,No,1,3172
8393-DLHGA,Yes,No,Fiber optic,No,Yes,No,No,Yes,Yes,Yes,No,5,3173
9766-HGEDE,Yes,No,No,No internet service,No internet service,No internet service,No internet service,No internet service,No internet service,No,No,1,3174
6968-MHOMU,No,No phone service,DSL,No,No,No,No,Yes,Yes,Yes,No,3,3175
7395-IGJOS,Yes,No,Fiber optic,No,No,No,No,No,Yes,Yes,No,3,3176
5044-XDPYX,Yes,Yes,No,No internet service,No internet service,No internet service,No internet service,No internet service,No internet service,No,No,2,3177
1814-WFGVS,No,No phone service,DSL,Yes,No,Yes,Yes,Yes,No,Yes,Yes,5,3178
2834-SPCJV,Yes,No,Fiber optic,Yes,No,No,No,Yes,No,Yes,Yes,4,3179
3721-WKIIL,Yes,No,No,No internet service,No internet service,No internet service,No internet service,No internet service,No internet service,No,No,1,3180
6734-CKRSM,Yes,No,No,No internet service,No internet service,No internet service,No internet service,No internet service,No internet service,No,No,1,3181
1265-ZFOSD,Yes,Yes,DSL,Yes,Yes,Yes,Yes,No,Yes,Yes,Yes,8,3182
6568-POCUI,Yes,No,Fiber optic,No,No,No,Yes,Yes,Yes,Yes,Yes,5,3183
7890-VYYWG,No,No phone service,DSL,No,No,No,No,Yes,No,Yes,No,2,3184
5197-LQXXH,Yes,Yes,DSL,No,Yes,Yes,Yes,Yes,Yes,Yes,Yes,8,3185
9907-SWKKF,No,No phone service,DSL,No,No,No,No,No,No,No,No,1,3186
3457-PQBYH,Yes,No,No,No internet service,No internet service,No internet service,No internet service,No internet service,No internet service,No,No,1,3187
7682-AZNDK,Yes,No,Fiber optic,No,Yes,Yes,No,Yes,No,Yes,No,5,3188
0587-DMGBH,Yes,No,DSL,Yes,No,No,No,No,No,No,Yes,3,3189
5384-ZTTWP,Yes,No,No,No internet service,No internet service,No internet service,No internet service,No internet service,No internet service,No,No,1,3190
3745-HRPHI,No,No phone service,DSL,No,No,Yes,Yes,Yes,Yes,Yes,Yes,5,3191
7636-OWBPG,No,No phone service,DSL,No,Yes,No,No,No,No,No,No,2,3192
1231-YNDEK,Yes,No,No,No internet service,No internet service,No internet service,No internet service,No internet service,No internet service,No,No,1,3193
1407-DIGZV,Yes,No,No,No internet service,No internet service,No internet service,No internet service,No internet service,No internet service,No,No,1,3194
6397-JNZZG,No,No phone service,DSL,No,Yes,Yes,No,Yes,Yes,Yes,No,5,3195
0570-BFQHT,Yes,No,Fiber optic,No,Yes,Yes,No,No,No,No,No,4,3196
4393-OBCRR,Yes,No,No,No internet service,No internet service,No internet service,No internet service,No internet service,No internet service,No,No,1,3197
3523-QRQLL,Yes,No,DSL,No,Yes,No,No,Yes,Yes,Yes,No,5,3198
8564-LDKFL,Yes,Yes,Fiber optic,No,Yes,Yes,No,Yes,Yes,Yes,No,7,3199
3696-DFHHB,Yes,Yes,No,No internet service,No internet service,No internet service,No internet service,No internet service,No internet service,No,No,2,3200
0895-DQHEW,Yes,Yes,Fiber optic,No,Yes,Yes,No,Yes,Yes,Yes,No,7,3201
4717-GHADL,Yes,Yes,DSL,No,Yes,No,Yes,Yes,Yes,Yes,Yes,7,3202
5501-TVMGM,Yes,No,DSL,No,No,No,No,No,Yes,Yes,No,3,3203
5879-HMFFH,Yes,Yes,DSL,Yes,Yes,Yes,Yes,Yes,Yes,Yes,Yes,9,3204
6772-WFQRD,Yes,No,No,No internet service,No internet service,No internet service,No internet service,No internet service,No internet service,No,No,1,3205
3810-DVDQQ,Yes,Yes,Fiber optic,Yes,Yes,Yes,Yes,Yes,Yes,Yes,Yes,9,3206
6972-SNKKW,Yes,No,No,No internet service,No internet service,No internet service,No internet service,No internet service,No internet service,No,No,1,3207
3694-GLTJM,Yes,No,No,No internet service,No internet service,No internet service,No internet service,No internet service,No internet service,No,No,1,3208
8550-XSXUQ,Yes,Yes,DSL,No,Yes,Yes,No,No,Yes,Yes,No,6,3209
8149-RSOUN,Yes,Yes,Fiber optic,No,No,No,No,Yes,Yes,Yes,No,5,3210
9055-MOJJJ,Yes,No,DSL,Yes,No,No,Yes,Yes,No,Yes,Yes,5,3211
4359-INNWN,Yes,No,No,No internet service,No internet service,No internet service,No internet service,No internet service,No internet service,No,No,1,3212
0585-EGDDA,Yes,No,Fiber optic,No,Yes,Yes,No,No,No,No,No,4,3213
4032-RMHCI,No,No phone service,DSL,Yes,No,Yes,No,No,No,No,Yes,3,3214
0549-CYCQN,Yes,Yes,Fiber optic,No,Yes,No,No,No,No,No,No,4,3215
3481-JHUZH,Yes,Yes,Fiber optic,No,Yes,No,No,No,No,No,No,4,3216
7250-EQKIY,Yes,No,DSL,No,No,Yes,No,No,No,No,No,3,3217
3594-IVHJZ,Yes,No,No,No internet service,No internet service,No internet service,No internet service,No internet service,No internet service,No,No,1,3218
6869-FGJJC,Yes,No,Fiber optic,No,Yes,Yes,No,No,No,No,No,4,3219
3896-ZVNET,Yes,Yes,No,No internet service,No internet service,No internet service,No internet service,No internet service,No internet service,No,No,2,3220
8205-VSLRB,Yes,Yes,DSL,Yes,No,Yes,Yes,No,Yes,Yes,Yes,7,3221
5960-MVTUK,No,No phone service,DSL,No,No,No,Yes,No,No,No,Yes,2,3222
6817-WTYHE,Yes,No,DSL,No,No,No,No,No,No,No,No,2,3223
3082-VQXNH,No,No phone service,DSL,No,Yes,No,No,No,No,No,No,2,3224
4013-UBXWQ,Yes,Yes,DSL,No,No,No,Yes,Yes,Yes,Yes,Yes,6,3225
4931-TRZWN,Yes,No,DSL,Yes,No,No,No,Yes,Yes,Yes,Yes,5,3226
0750-EKNGL,Yes,No,No,No internet service,No internet service,No internet service,No internet service,No internet service,No internet service,No,No,1,3227
7669-LCRSD,Yes,No,DSL,No,No,No,No,Yes,No,Yes,No,3,3228
3567-PQTSO,Yes,Yes,Fiber optic,No,Yes,Yes,No,Yes,Yes,Yes,No,7,3229
5519-NPHVG,Yes,Yes,Fiber optic,No,No,No,No,Yes,Yes,Yes,No,5,3230
8043-PNYSD,Yes,No,No,No internet service,No internet service,No internet service,No internet service,No internet service,No internet service,No,No,1,3231
9938-EKRGF,Yes,No,DSL,Yes,Yes,Yes,Yes,Yes,Yes,Yes,Yes,8,3232
2703-AMTUL,Yes,No,DSL,Yes,Yes,No,No,No,No,No,Yes,4,3233
0928-JMXNP,No,No phone service,DSL,No,No,Yes,No,No,No,No,No,2,3234
8173-RXAYP,Yes,No,No,No internet service,No internet service,No internet service,No internet service,No internet service,No internet service,No,No,1,3235
4825-XJGDM,No,No phone service,DSL,Yes,Yes,Yes,Yes,No,No,No,Yes,5,3236
5402-HTOTQ,Yes,Yes,DSL,No,Yes,No,No,No,No,No,No,4,3237
6734-JDTTV,Yes,No,No,No internet service,No internet service,No internet service,No internet service,No internet service,No internet service,No,No,1,3238
7850-THJMU,Yes,No,No,No internet service,No internet service,No internet service,No internet service,No internet service,No internet service,No,No,1,3239
3890-RTCMS,Yes,No,DSL,No,No,No,Yes,No,No,No,Yes,3,3240
8849-GYOKR,Yes,Yes,Fiber optic,Yes,Yes,No,No,Yes,Yes,Yes,Yes,7,3241
3148-BLQJT,Yes,No,No,No internet service,No internet service,No internet service,No internet service,No internet service,No internet service,No,No,1,3242
3717-FDJFU,Yes,No,No,No internet service,No internet service,No internet service,No internet service,No internet service,No internet service,No,No,1,3243
3665-JATSN,No,No phone service,DSL,No,Yes,No,No,No,Yes,Yes,No,3,3244
7966-YOTQW,Yes,Yes,DSL,Yes,No,No,No,No,No,No,Yes,4,3245
0461-CVKMU,Yes,No,Fiber optic,No,Yes,Yes,Yes,No,No,No,Yes,5,3246
8806-EAGWC,Yes,No,DSL,No,No,No,No,Yes,No,Yes,No,3,3247
8853-TZDGH,Yes,Yes,Fiber optic,No,Yes,Yes,Yes,Yes,Yes,Yes,Yes,8,3248
7779-LGOVN,Yes,Yes,Fiber optic,No,No,No,No,No,Yes,Yes,No,4,3249
4324-BZCKL,Yes,No,DSL,No,Yes,Yes,No,No,No,No,No,4,3250
6924-TDGMT,Yes,No,No,No internet service,No internet service,No internet service,No internet service,No internet service,No internet service,No,No,1,3251
9710-ZUSHQ,Yes,Yes,Fiber optic,Yes,Yes,No,No,Yes,Yes,Yes,Yes,7,3252
1536-YHDOE,Yes,Yes,DSL,Yes,No,No,Yes,No,No,No,Yes,5,3253
8123-QBNAZ,Yes,Yes,Fiber optic,Yes,No,Yes,No,Yes,Yes,Yes,Yes,7,3254
3629-ZNKXA,Yes,No,Fiber optic,No,Yes,Yes,No,Yes,Yes,Yes,No,6,3255
4827-LTQRJ,Yes,Yes,Fiber optic,Yes,Yes,No,Yes,Yes,Yes,Yes,Yes,8,3256
7711-YIJWC,Yes,No,DSL,Yes,Yes,Yes,Yes,Yes,Yes,Yes,Yes,8,3257
5482-VXSXJ,Yes,No,Fiber optic,No,Yes,No,No,Yes,Yes,Yes,No,5,3258
7365-BVCJH,No,No phone service,DSL,No,No,No,No,No,No,No,No,1,3259
9620-ENEJV,Yes,No,Fiber optic,No,No,No,No,No,No,No,No,2,3260
4183-WCSEP,Yes,No,Fiber optic,No,Yes,No,Yes,No,No,No,Yes,4,3261
2378-YIZKA,Yes,No,DSL,Yes,Yes,Yes,Yes,Yes,Yes,Yes,Yes,8,3262
5498-TXHLF,Yes,Yes,Fiber optic,No,No,Yes,No,Yes,No,Yes,No,5,3263
0689-DSXGL,Yes,No,Fiber optic,No,Yes,Yes,Yes,No,No,No,Yes,5,3264
6818-DJXAA,Yes,No,Fiber optic,No,No,Yes,Yes,Yes,No,Yes,Yes,5,3265
9722-UJOJR,Yes,No,Fiber optic,No,No,No,No,No,No,No,No,2,3266
0464-WJTKO,Yes,No,No,No internet service,No internet service,No internet service,No internet service,No internet service,No internet service,No,No,1,3267
8902-ZEOVF,Yes,No,No,No internet service,No internet service,No internet service,No internet service,No internet service,No internet service,No,No,1,3268
6778-EICRF,Yes,Yes,DSL,Yes,No,No,No,Yes,Yes,Yes,Yes,6,3269
2662-NNTDK,Yes,Yes,No,No internet service,No internet service,No internet service,No internet service,No internet service,No internet service,No,No,2,3270
4132-KALRO,Yes,Yes,Fiber optic,No,No,No,Yes,Yes,Yes,Yes,Yes,6,3271
3902-FOIGH,Yes,Yes,Fiber optic,No,Yes,No,No,Yes,Yes,Yes,No,6,3272
6772-KSATR,Yes,Yes,Fiber optic,Yes,No,No,No,No,No,No,Yes,4,3273
7112-OPOTK,Yes,No,Fiber optic,No,No,No,No,No,No,No,No,2,3274
2874-YXVVA,Yes,No,Fiber optic,No,Yes,Yes,Yes,Yes,Yes,Yes,Yes,7,3275
1245-HARPS,Yes,No,No,No internet service,No internet service,No internet service,No internet service,No internet service,No internet service,No,No,1,3276
4210-QFJMF,Yes,No,Fiber optic,No,No,No,No,No,Yes,Yes,No,3,3277
4323-ELYYB,Yes,No,No,No internet service,No internet service,No internet service,No internet service,No internet service,No internet service,No,No,1,3278
4293-ETKAP,Yes,Yes,DSL,No,Yes,No,Yes,Yes,Yes,Yes,Yes,7,3279
6064-PUPMC,Yes,No,DSL,Yes,No,No,Yes,No,No,No,Yes,4,3280
6504-VBLFL,Yes,No,DSL,Yes,Yes,Yes,No,No,No,No,Yes,5,3281
6322-PJJDJ,Yes,No,Fiber optic,No,Yes,No,No,Yes,Yes,Yes,No,5,3282
0330-BGYZE,Yes,Yes,Fiber optic,No,Yes,Yes,No,Yes,Yes,Yes,No,7,3283
1085-LDWAM,Yes,No,No,No internet service,No internet service,No internet service,No internet service,No internet service,No internet service,No,No,1,3284
7586-ZATGZ,Yes,Yes,Fiber optic,No,No,No,No,Yes,No,Yes,No,4,3285
7197-VOJMM,Yes,No,DSL,Yes,Yes,No,Yes,No,Yes,Yes,Yes,6,3286
3318-OSATS,Yes,Yes,Fiber optic,No,No,No,No,Yes,Yes,Yes,No,5,3287
5828-AVIPD,Yes,Yes,Fiber optic,No,No,No,Yes,Yes,Yes,Yes,Yes,6,3288
1843-TLSGD,Yes,No,No,No internet service,No internet service,No internet service,No internet service,No internet service,No internet service,No,No,1,3289
9626-VFRGG,Yes,Yes,Fiber optic,No,Yes,No,No,Yes,No,Yes,No,5,3290
7075-BNDVQ,No,No phone service,DSL,Yes,No,Yes,No,No,No,No,Yes,3,3291
9143-CANJF,Yes,No,DSL,Yes,No,No,Yes,No,No,No,Yes,4,3292
7284-BUYEC,No,No phone service,DSL,No,Yes,No,No,Yes,Yes,Yes,No,4,3293
2041-JIJCI,Yes,Yes,DSL,No,Yes,No,No,No,Yes,Yes,No,5,3294
1086-LXKFY,Yes,No,Fiber optic,No,No,No,No,No,No,No,No,2,3295
4900-MSOMT,Yes,Yes,DSL,Yes,Yes,Yes,Yes,Yes,No,Yes,Yes,8,3296
2229-VWQJH,Yes,No,DSL,No,No,Yes,No,No,No,No,No,3,3297
9194-GFVOI,Yes,Yes,DSL,Yes,No,Yes,Yes,Yes,Yes,Yes,Yes,8,3298
1336-EZFZY,Yes,No,No,No internet service,No internet service,No internet service,No internet service,No internet service,No internet service,No,No,1,3299
4282-MSACW,Yes,Yes,Fiber optic,Yes,Yes,Yes,Yes,Yes,Yes,Yes,Yes,9,3300
1403-LKLIK,Yes,No,No,No internet service,No internet service,No internet service,No internet service,No internet service,No internet service,No,No,1,3301
2636-ALXXZ,Yes,No,Fiber optic,No,No,No,No,No,No,No,No,2,3302
7774-OJSXI,Yes,Yes,Fiber optic,No,Yes,Yes,No,Yes,Yes,Yes,No,7,3303
7786-WBJYI,Yes,Yes,Fiber optic,No,Yes,No,No,No,No,No,No,4,3304
0136-IFMYD,Yes,Yes,Fiber optic,No,Yes,Yes,Yes,Yes,Yes,Yes,Yes,8,3305
5144-TVGLP,Yes,Yes,Fiber optic,No,No,No,No,Yes,Yes,Yes,No,5,3306
9643-AVVWI,Yes,No,Fiber optic,No,Yes,No,Yes,No,No,No,Yes,4,3307
0253-ZTEOB,Yes,Yes,DSL,No,Yes,No,Yes,Yes,Yes,Yes,Yes,7,3308
2706-QZIHY,Yes,Yes,No,No internet service,No internet service,No internet service,No internet service,No internet service,No internet service,No,No,2,3309
6061-PQHMK,Yes,No,No,No internet service,No internet service,No internet service,No internet service,No internet service,No internet service,No,No,1,3310
9885-CSMWE,Yes,No,Fiber optic,No,No,No,No,Yes,No,Yes,No,3,3311
6137-MFAJN,No,No phone service,DSL,Yes,Yes,No,No,Yes,No,Yes,Yes,4,3312
9122-UMROB,Yes,No,No,No internet service,No internet service,No internet service,No internet service,No internet service,No internet service,No,No,1,3313
4232-JGKIY,Yes,No,No,No internet service,No internet service,No internet service,No internet service,No internet service,No internet service,No,No,1,3314
2402-TAIRZ,Yes,No,Fiber optic,No,Yes,Yes,No,No,No,No,No,4,3315
9659-ZTWSM,Yes,Yes,Fiber optic,No,Yes,Yes,Yes,Yes,Yes,Yes,Yes,8,3316
9139-TWBAS,No,No phone service,DSL,Yes,Yes,Yes,No,Yes,No,Yes,Yes,5,3317
6685-GBWJZ,Yes,No,DSL,Yes,Yes,No,Yes,Yes,No,Yes,Yes,6,3318
5016-ETTFF,No,No phone service,DSL,No,No,Yes,No,No,No,No,No,2,3319
3866-MDTUB,Yes,No,DSL,Yes,No,No,No,Yes,Yes,Yes,Yes,5,3320
2195-VVRJF,Yes,No,DSL,Yes,No,No,No,No,Yes,Yes,Yes,4,3321
3913-RDSJZ,Yes,Yes,No,No internet service,No internet service,No internet service,No internet service,No internet service,No internet service,No,No,2,3322
8058-JMEQO,Yes,Yes,Fiber optic,No,No,No,No,No,Yes,Yes,No,4,3323
4203-QGNZA,Yes,No,No,No internet service,No internet service,No internet service,No internet service,No internet service,No internet service,No,No,1,3324
5043-TRZWM,Yes,No,Fiber optic,No,No,Yes,No,No,No,No,No,3,3325
0697-ZMSWS,Yes,Yes,Fiber optic,No,No,No,No,No,Yes,Yes,No,4,3326
7657-DYEPJ,Yes,No,DSL,No,Yes,Yes,Yes,Yes,No,Yes,Yes,6,3327
9494-BDNNC,Yes,Yes,Fiber optic,No,Yes,Yes,No,No,Yes,Yes,No,6,3328
1640-PLFMP,Yes,No,Fiber optic,No,No,No,No,No,No,No,No,2,3329
5366-OBVMR,Yes,No,DSL,No,No,No,Yes,No,No,No,Yes,3,3330
8276-MQBYC,Yes,Yes,Fiber optic,No,No,Yes,No,Yes,Yes,Yes,No,6,3331
7644-OMVMY,Yes,No,No,No internet service,No internet service,No internet service,No internet service,No internet service,No internet service,No,No,1,3332
7593-XFKDI,Yes,No,DSL,No,No,No,No,No,No,No,No,2,3333
4573-JKNAE,Yes,No,No,No internet service,No internet service,No internet service,No internet service,No internet service,No internet service,No,No,1,3334
0337-CNPZE,Yes,Yes,Fiber optic,No,Yes,Yes,No,Yes,Yes,Yes,No,7,3335
9817-APLHW,Yes,Yes,No,No internet service,No internet service,No internet service,No internet service,No internet service,No internet service,No,No,2,3336
8380-MQINP,Yes,No,No,No internet service,No internet service,No internet service,No internet service,No internet service,No internet service,No,No,1,3337
0840-DFEZH,Yes,Yes,Fiber optic,No,No,No,No,No,No,No,No,3,3338
1513-XNPPH,Yes,No,Fiber optic,No,No,Yes,Yes,No,Yes,Yes,Yes,5,3339
8690-ZVLCL,Yes,Yes,DSL,Yes,Yes,Yes,Yes,Yes,Yes,Yes,Yes,9,3340
6015-VVHHE,Yes,Yes,Fiber optic,No,No,No,No,Yes,No,Yes,No,4,3341
1125-SNVCK,Yes,No,DSL,No,No,No,No,No,No,No,No,2,3342
0384-LPITE,No,No phone service,DSL,Yes,Yes,Yes,No,Yes,Yes,Yes,Yes,6,3343
4616-EWBNJ,Yes,No,No,No internet service,No internet service,No internet service,No internet service,No internet service,No internet service,No,No,1,3344
6347-DCUIK,Yes,Yes,Fiber optic,No,No,No,No,No,No,No,No,3,3345
1335-HQMKX,Yes,Yes,Fiber optic,No,Yes,Yes,No,Yes,Yes,Yes,No,7,3346
2545-EBUPK,Yes,Yes,Fiber optic,No,No,No,No,No,Yes,Yes,No,4,3347
6923-AQONU,Yes,No,No,No internet service,No internet service,No internet service,No internet service,No internet service,No internet service,No,No,1,3348
2172-EJXVF,Yes,Yes,Fiber optic,No,Yes,Yes,No,Yes,Yes,Yes,No,7,3349
0897-FEGMU,Yes,Yes,Fiber optic,No,No,Yes,No,Yes,Yes,Yes,No,6,3350
7663-RGWBC,Yes,No,DSL,No,No,No,No,No,No,No,No,2,3351
1120-BMWUB,Yes,No,DSL,No,Yes,No,Yes,No,No,No,Yes,4,3352
9124-LHCJQ,Yes,Yes,Fiber optic,No,No,No,No,No,Yes,Yes,No,4,3353
4536-PLEQY,Yes,No,Fiber optic,No,Yes,No,No,No,Yes,Yes,No,4,3354
7029-IJEJK,No,No phone service,DSL,Yes,No,No,Yes,No,Yes,Yes,Yes,4,3355
8871-JLMHM,Yes,Yes,Fiber optic,No,Yes,Yes,Yes,No,No,No,Yes,6,3356
2235-ZGKPT,Yes,Yes,DSL,No,No,No,No,No,No,No,No,3,3357
3891-PUQOD,Yes,No,DSL,No,No,Yes,No,No,Yes,Yes,No,4,3358
5447-VYTKW,Yes,No,DSL,Yes,No,No,Yes,No,No,No,Yes,4,3359
3623-FQBOX,Yes,No,No,No internet service,No internet service,No internet service,No internet service,No internet service,No internet service,No,No,1,3360
0689-NKYLF,Yes,No,Fiber optic,No,No,Yes,No,Yes,No,Yes,No,4,3361
8659-HDIYE,Yes,Yes,DSL,No,Yes,Yes,Yes,No,Yes,Yes,Yes,7,3362
3658-KIBGF,Yes,No,DSL,Yes,Yes,No,No,No,No,No,Yes,4,3363
3474-BAFSJ,No,No phone service,DSL,No,Yes,Yes,Yes,Yes,Yes,Yes,Yes,6,3364
5519-YLDGW,Yes,Yes,Fiber optic,Yes,No,Yes,No,Yes,Yes,Yes,Yes,7,3365
3865-ZFZIB,Yes,No,No,No internet service,No internet service,No internet service,No internet service,No internet service,No internet service,No,No,1,3366
1855-AGAWH,Yes,No,Fiber optic,No,No,Yes,No,Yes,Yes,Yes,No,5,3367
7109-CQYUZ,Yes,Yes,DSL,Yes,Yes,Yes,Yes,Yes,Yes,Yes,Yes,9,3368
1370-GGAWX,Yes,Yes,Fiber optic,No,Yes,Yes,No,No,Yes,Yes,No,6,3369
4680-KUTAJ,Yes,Yes,DSL,Yes,No,No,No,No,No,No,Yes,4,3370
5307-UVGNB,No,No phone service,DSL,Yes,Yes,Yes,No,No,Yes,Yes,Yes,5,3371
4946-EDSEW,Yes,No,No,No internet service,No internet service,No internet service,No internet service,No internet service,No internet service,No,No,1,3372
2883-ILGWO,Yes,Yes,Fiber optic,No,Yes,No,Yes,Yes,Yes,Yes,Yes,7,3373
2516-VQRRV,Yes,Yes,Fiber optic,No,No,No,No,No,No,No,No,3,3374
7580-UGXNC,Yes,No,DSL,Yes,Yes,No,No,No,No,No,Yes,4,3375
3642-BYHDO,Yes,No,No,No internet service,No internet service,No internet service,No internet service,No internet service,No internet service,No,No,1,3376
9629-NHXFW,Yes,No,No,No internet service,No internet service,No internet service,No internet service,No internet service,No internet service,No,No,1,3377
2696-RZVZW,Yes,Yes,No,No internet service,No internet service,No internet service,No internet service,No internet service,No internet service,No,No,2,3378
5766-FTRTS,Yes,No,DSL,Yes,Yes,Yes,Yes,Yes,Yes,Yes,Yes,8,3379
0396-HUJBP,Yes,No,No,No internet service,No internet service,No internet service,No internet service,No internet service,No internet service,No,No,1,3380
5178-LMXOP,Yes,Yes,Fiber optic,No,No,No,No,Yes,Yes,Yes,No,5,3381
8879-ZKJOF,Yes,No,DSL,Yes,No,Yes,Yes,Yes,Yes,Yes,Yes,7,3382
6285-FTQBF,Yes,Yes,No,No internet service,No internet service,No internet service,No internet service,No internet service,No internet service,No,No,2,3383
8185-UPYBR,Yes,Yes,Fiber optic,No,No,No,No,No,No,No,No,3,3384
4585-HETAI,Yes,No,Fiber optic,No,No,Yes,No,No,No,No,No,3,3385
7526-BEZQB,Yes,Yes,Fiber optic,No,No,No,No,Yes,Yes,Yes,No,5,3386
1474-JUWSM,Yes,Yes,DSL,Yes,No,No,Yes,No,Yes,Yes,Yes,6,3387
3530-CRZSB,Yes,No,No,No internet service,No internet service,No internet service,No internet service,No internet service,No internet service,No,No,1,3388
8498-XXGWA,Yes,No,DSL,Yes,No,Yes,No,No,No,No,Yes,4,3389
9617-INGJY,Yes,No,Fiber optic,No,No,No,No,No,No,No,No,2,3390
0621-TSSMU,Yes,No,No,No internet service,No internet service,No internet service,No internet service,No internet service,No internet service,No,No,1,3391
7234-KMNRQ,Yes,No,No,No internet service,No internet service,No internet service,No internet service,No internet service,No internet service,No,No,1,3392
7636-PEPNS,Yes,No,DSL,No,No,No,No,No,No,No,No,2,3393
4683-WYDOU,Yes,Yes,Fiber optic,No,No,Yes,Yes,Yes,Yes,Yes,Yes,7,3394
9052-DHNKM,Yes,Yes,DSL,Yes,Yes,No,No,No,No,No,Yes,5,3395
6794-HKIAJ,Yes,Yes,Fiber optic,Yes,Yes,Yes,No,No,No,No,Yes,6,3396
5578-NKCXI,Yes,No,Fiber optic,Yes,Yes,No,No,Yes,Yes,Yes,Yes,6,3397
1642-HMARX,Yes,Yes,DSL,Yes,Yes,Yes,Yes,Yes,Yes,Yes,Yes,9,3398
3096-WPXBT,Yes,Yes,Fiber optic,Yes,Yes,Yes,No,No,Yes,Yes,Yes,7,3399
8434-PNQZX,Yes,Yes,DSL,No,No,Yes,Yes,Yes,Yes,Yes,Yes,7,3400
5950-AAAGJ,Yes,Yes,Fiber optic,No,No,No,No,Yes,No,Yes,No,4,3401
4299-OPXEJ,Yes,No,No,No internet service,No internet service,No internet service,No internet service,No internet service,No internet service,No,No,1,3402
4951-UKAAQ,Yes,Yes,Fiber optic,No,Yes,No,No,No,Yes,Yes,No,5,3403
9618-LFJRU,Yes,No,No,No internet service,No internet service,No internet service,No internet service,No internet service,No internet service,No,No,1,3404
6693-DJWTY,Yes,No,DSL,Yes,Yes,No,No,No,No,No,Yes,4,3405
0744-GKNGE,Yes,Yes,Fiber optic,Yes,No,No,Yes,No,No,No,Yes,5,3406
6447-EGDIV,Yes,No,No,No internet service,No internet service,No internet service,No internet service,No internet service,No internet service,No,No,1,3407
1167-OYZJF,Yes,No,No,No internet service,No internet service,No internet service,No internet service,No internet service,No internet service,No,No,1,3408
2108-YKQTY,Yes,No,DSL,No,Yes,No,No,No,No,No,No,3,3409
4806-DXQCE,Yes,Yes,Fiber optic,Yes,Yes,Yes,Yes,Yes,Yes,Yes,Yes,9,3410
4918-QLLIW,Yes,No,DSL,No,No,No,No,Yes,No,Yes,No,3,3411
7056-IMHCC,Yes,Yes,Fiber optic,No,Yes,No,No,Yes,Yes,Yes,No,6,3412
4854-SSLTN,Yes,No,DSL,Yes,Yes,No,Yes,No,No,No,Yes,5,3413
5294-DMSFH,Yes,No,Fiber optic,No,No,No,No,Yes,Yes,Yes,No,4,3414
4837-PZTIC,No,No phone service,DSL,Yes,No,Yes,Yes,No,No,No,Yes,4,3415
1625-JAIIY,Yes,Yes,Fiber optic,No,No,No,No,Yes,No,Yes,No,4,3416
0603-OLQDC,Yes,No,DSL,Yes,No,No,No,Yes,Yes,Yes,Yes,5,3417
3272-VUHPV,Yes,No,DSL,No,Yes,No,Yes,No,No,No,Yes,4,3418
4176-FXYBO,Yes,Yes,Fiber optic,Yes,Yes,Yes,No,Yes,Yes,Yes,Yes,8,3419
1063-DHQJF,Yes,No,Fiber optic,No,Yes,No,Yes,Yes,No,Yes,Yes,5,3420
8663-UPDGF,Yes,Yes,DSL,Yes,Yes,No,No,Yes,No,Yes,Yes,6,3421
6719-FGEDO,Yes,Yes,Fiber optic,Yes,Yes,Yes,Yes,No,No,No,Yes,7,3422
1837-YQUCE,No,No phone service,DSL,Yes,No,Yes,Yes,Yes,Yes,Yes,Yes,6,3423
2947-DOMLJ,Yes,No,DSL,Yes,No,No,No,No,No,No,Yes,3,3424
4112-LUEIZ,Yes,No,Fiber optic,No,No,No,No,Yes,Yes,Yes,No,4,3425
0369-ZGOVK,Yes,No,Fiber optic,No,No,No,No,No,No,No,No,2,3426
4510-HIMLV,Yes,No,Fiber optic,No,No,No,No,No,No,No,No,2,3427
9919-KNPOO,Yes,Yes,Fiber optic,No,No,No,No,Yes,Yes,Yes,No,5,3428
8749-JMNKX,Yes,Yes,Fiber optic,Yes,No,Yes,No,Yes,No,Yes,Yes,6,3429
7872-BAAZR,Yes,No,No,No internet service,No internet service,No internet service,No internet service,No internet service,No internet service,No,No,1,3430
9391-LMANN,Yes,No,Fiber optic,Yes,Yes,Yes,No,No,Yes,Yes,Yes,6,3431
2430-USGXP,Yes,Yes,Fiber optic,No,No,Yes,No,Yes,Yes,Yes,No,6,3432
8174-TBVCF,Yes,Yes,DSL,Yes,Yes,Yes,Yes,Yes,Yes,Yes,Yes,9,3433
1698-XFZCI,Yes,Yes,Fiber optic,Yes,Yes,Yes,No,Yes,Yes,Yes,Yes,8,3434
1877-HKBQX,Yes,No,DSL,Yes,No,No,Yes,No,No,No,Yes,4,3435
4450-DLLMH,Yes,No,Fiber optic,No,No,No,No,No,No,No,No,2,3436
0428-AXXLJ,Yes,No,No,No internet service,No internet service,No internet service,No internet service,No internet service,No internet service,No,No,1,3437
2746-DIJLO,Yes,Yes,DSL,No,Yes,No,No,No,No,No,No,4,3438
5955-ERIHD,Yes,Yes,Fiber optic,No,No,No,No,Yes,Yes,Yes,No,5,3439
0917-EZOLA,Yes,Yes,Fiber optic,No,Yes,Yes,No,Yes,Yes,Yes,No,7,3440
3508-VLHCZ,Yes,Yes,DSL,Yes,Yes,Yes,Yes,Yes,Yes,Yes,Yes,9,3441
4086-ATNFV,Yes,No,DSL,Yes,Yes,Yes,No,No,No,No,Yes,5,3442
0468-YRPXN,Yes,No,Fiber optic,No,No,Yes,Yes,Yes,Yes,Yes,Yes,6,3443
5996-NRVXR,Yes,No,Fiber optic,Yes,Yes,Yes,Yes,Yes,No,Yes,Yes,7,3444
3739-YBWAB,No,No phone service,DSL,Yes,No,Yes,No,No,No,No,Yes,3,3445
7047-FWEYA,Yes,Yes,Fiber optic,No,Yes,No,Yes,Yes,Yes,Yes,Yes,7,3446
2000-MPKCA,Yes,Yes,Fiber optic,Yes,Yes,Yes,No,Yes,Yes,Yes,Yes,8,3447
9762-YAQAA,Yes,Yes,Fiber optic,No,Yes,No,No,No,No,No,No,4,3448
5949-EBSQK,Yes,No,DSL,No,No,No,Yes,No,Yes,Yes,Yes,4,3449
5473-KHBPS,Yes,Yes,Fiber optic,No,Yes,Yes,No,Yes,No,Yes,No,6,3450
0100-DUVFC,Yes,Yes,Fiber optic,No,Yes,Yes,No,Yes,Yes,Yes,No,7,3451
5397-TUPSH,Yes,No,Fiber optic,No,No,No,No,No,No,No,No,2,3452
8950-MTZNV,Yes,No,DSL,No,No,No,No,No,No,No,No,2,3453
0326-VDYXE,Yes,Yes,Fiber optic,No,No,Yes,No,Yes,Yes,Yes,No,6,3454
6773-LQTVT,No,No phone service,DSL,No,Yes,Yes,No,No,No,No,No,3,3455
7274-RTAPZ,Yes,No,Fiber optic,No,No,No,No,Yes,Yes,Yes,No,4,3456
0436-TWFFZ,Yes,Yes,DSL,Yes,No,Yes,Yes,Yes,Yes,Yes,Yes,8,3457
8566-YPRGL,Yes,No,No,No internet service,No internet service,No internet service,No internet service,No internet service,No internet service,No,No,1,3458
0311-UNPFF,Yes,No,Fiber optic,No,No,No,No,Yes,Yes,Yes,No,4,3459
6609-MXJHJ,Yes,Yes,No,No internet service,No internet service,No internet service,No internet service,No internet service,No internet service,No,No,2,3460
2669-OIDSD,Yes,No,Fiber optic,No,No,Yes,Yes,Yes,Yes,Yes,Yes,6,3461
8400-WZICQ,Yes,No,DSL,Yes,Yes,No,No,No,No,No,Yes,4,3462
3834-XUIFC,Yes,Yes,Fiber optic,No,No,No,No,No,Yes,Yes,No,4,3463
9576-SYUHJ,Yes,Yes,Fiber optic,Yes,No,No,No,Yes,No,Yes,Yes,5,3464
0410-IPFTY,Yes,No,Fiber optic,No,Yes,No,No,No,Yes,Yes,No,4,3465
2831-EBWRN,Yes,No,DSL,No,No,No,No,No,No,No,No,2,3466
9430-NKQLY,Yes,Yes,No,No internet service,No internet service,No internet service,No internet service,No internet service,No internet service,No,No,2,3467
8414-MYSHR,Yes,No,Fiber optic,No,No,No,No,Yes,Yes,Yes,No,4,3468
0247-SLUJI,Yes,No,No,No internet service,No internet service,No internet service,No internet service,No internet service,No internet service,No,No,1,3469
9402-ORRAH,Yes,No,Fiber optic,No,No,No,No,Yes,Yes,Yes,No,4,3470
6483-OATDN,Yes,No,DSL,Yes,No,No,No,No,No,No,Yes,3,3471
1293-HHSHJ,Yes,No,No,No internet service,No internet service,No internet service,No internet service,No internet service,No internet service,No,No,1,3472
4840-ORQXB,Yes,Yes,Fiber optic,No,Yes,Yes,No,Yes,Yes,Yes,No,7,3473
7599-FKVXZ,Yes,Yes,Fiber optic,No,No,Yes,Yes,Yes,Yes,Yes,Yes,7,3474
3982-DQLUS,Yes,Yes,Fiber optic,Yes,Yes,No,No,No,No,No,Yes,5,3475
8610-ZIKJJ,Yes,No,No,No internet service,No internet service,No internet service,No internet service,No internet service,No internet service,No,No,1,3476
3756-VNWDH,Yes,Yes,Fiber optic,Yes,No,No,No,Yes,Yes,Yes,Yes,6,3477
7801-KICAO,Yes,Yes,Fiber optic,No,No,No,No,No,No,No,No,3,3478
7673-LPRNY,Yes,Yes,DSL,Yes,No,Yes,No,Yes,Yes,Yes,Yes,7,3479
8229-TNIQA,Yes,No,DSL,No,No,No,No,No,No,No,No,2,3480
6060-QBMGV,Yes,No,No,No internet service,No internet service,No internet service,No internet service,No internet service,No internet service,No,No,1,3481
7339-POGZN,Yes,Yes,DSL,No,No,No,No,No,No,No,No,3,3482
2828-SLQPF,Yes,No,DSL,No,No,No,No,No,No,No,No,2,3483
4465-VDKIQ,Yes,No,Fiber optic,No,Yes,Yes,No,No,No,No,No,4,3484
2921-XWDJH,Yes,No,Fiber optic,Yes,No,No,No,No,Yes,Yes,Yes,4,3485
6221-AVQYL,Yes,Yes,Fiber optic,No,No,No,No,No,No,No,No,3,3486
2558-BUOZZ,Yes,Yes,Fiber optic,Yes,Yes,No,No,Yes,No,Yes,Yes,6,3487
9257-AZMTZ,Yes,No,No,No internet service,No internet service,No internet service,No internet service,No internet service,No internet service,No,No,1,3488
0003-MKNFE,Yes,Yes,DSL,No,No,No,No,No,Yes,Yes,No,4,3489
0975-UYDTX,Yes,Yes,DSL,Yes,Yes,Yes,Yes,Yes,Yes,Yes,Yes,9,3490
7743-EXURX,Yes,No,DSL,No,No,Yes,No,No,No,No,No,3,3491
4682-BLBUC,Yes,No,DSL,No,Yes,Yes,Yes,Yes,No,Yes,Yes,6,3492
0975-VOOVL,No,No phone service,DSL,No,Yes,No,No,No,No,No,No,2,3493
5968-VXZLG,Yes,No,DSL,No,No,No,No,No,No,No,No,2,3494
5569-KGJHX,Yes,Yes,Fiber optic,No,No,No,No,Yes,No,Yes,No,4,3495
4988-IQIGL,Yes,Yes,Fiber optic,No,No,No,No,No,No,No,No,3,3496
5201-FRKKS,Yes,No,Fiber optic,Yes,No,No,No,No,No,No,Yes,3,3497
9799-CAYJJ,Yes,No,Fiber optic,No,No,No,No,No,No,No,No,2,3498
7730-IUTDZ,Yes,No,Fiber optic,Yes,No,No,No,No,No,No,Yes,3,3499
0426-TIRNE,Yes,No,No,No internet service,No internet service,No internet service,No internet service,No internet service,No internet service,No,No,1,3500
5443-SCMKX,Yes,Yes,Fiber optic,No,Yes,Yes,No,No,Yes,Yes,No,6,3501
8295-KMENE,Yes,Yes,DSL,Yes,No,Yes,Yes,Yes,No,Yes,Yes,7,3502
6738-ISCBM,No,No phone service,DSL,Yes,No,Yes,No,Yes,Yes,Yes,Yes,5,3503
9821-BESNZ,Yes,Yes,Fiber optic,No,Yes,No,Yes,Yes,Yes,Yes,Yes,7,3504
3678-MNGZX,Yes,No,No,No internet service,No internet service,No internet service,No internet service,No internet service,No internet service,No,No,1,3505
1335-NTIUC,No,No phone service,DSL,No,No,No,No,No,No,No,No,1,3506
2916-BQZLN,Yes,Yes,Fiber optic,Yes,No,Yes,No,No,No,No,Yes,5,3507
4558-CGYCZ,Yes,No,No,No internet service,No internet service,No internet service,No internet service,No internet service,No internet service,No,No,1,3508
2368-GAKKQ,Yes,Yes,Fiber optic,Yes,Yes,Yes,Yes,Yes,Yes,Yes,Yes,9,3509
8710-YGLWG,Yes,No,DSL,No,No,No,No,No,No,No,No,2,3510
3199-XGZCY,Yes,Yes,Fiber optic,No,No,No,No,No,No,No,No,3,3511
3785-KTYSH,Yes,Yes,No,No internet service,No internet service,No internet service,No internet service,No internet service,No internet service,No,No,2,3512
6814-ZPWFQ,Yes,Yes,No,No internet service,No internet service,No internet service,No internet service,No internet service,No internet service,No,No,2,3513
4063-EIKNQ,Yes,No,No,No internet service,No internet service,No internet service,No internet service,No internet service,No internet service,No,No,1,3514
6993-YCOBK,Yes,Yes,Fiber optic,Yes,No,Yes,Yes,Yes,Yes,Yes,Yes,8,3515
5206-HPJKM,Yes,No,DSL,Yes,Yes,No,No,No,No,No,Yes,4,3516
7587-RZNME,Yes,No,DSL,No,No,No,No,No,No,No,No,2,3517
0748-RDGGM,Yes,No,Fiber optic,Yes,Yes,Yes,Yes,Yes,Yes,Yes,Yes,8,3518
8393-JMVMB,Yes,No,No,No internet service,No internet service,No internet service,No internet service,No internet service,No internet service,No,No,1,3519
5019-GQVCR,Yes,Yes,Fiber optic,No,No,No,No,Yes,No,Yes,No,4,3520
6036-TTFYU,Yes,No,No,No internet service,No internet service,No internet service,No internet service,No internet service,No internet service,No,No,1,3521
2550-AEVRU,Yes,No,DSL,Yes,Yes,No,No,No,No,No,Yes,4,3522
0969-RGKCU,Yes,No,No,No internet service,No internet service,No internet service,No internet service,No internet service,No internet service,No,No,1,3523
0378-CJKPV,Yes,Yes,Fiber optic,Yes,Yes,Yes,Yes,Yes,Yes,Yes,Yes,9,3524
4706-AXVKM,Yes,Yes,Fiber optic,No,No,No,No,No,Yes,Yes,No,4,3525
5889-JTMUL,Yes,Yes,Fiber optic,No,Yes,Yes,No,Yes,No,Yes,No,6,3526
9026-RNUJS,Yes,No,DSL,No,No,Yes,No,No,No,No,No,3,3527
3746-EUBYR,Yes,Yes,Fiber optic,No,No,No,No,No,No,No,No,3,3528
2332-EFBJY,Yes,No,No,No internet service,No internet service,No internet service,No internet service,No internet service,No internet service,No,No,1,3529
2880-FPNAE,Yes,No,Fiber optic,No,No,Yes,No,No,No,No,No,3,3530
1703-MGIAB,Yes,Yes,DSL,No,No,Yes,Yes,Yes,No,Yes,Yes,6,3531
4311-QTTAI,Yes,No,No,No internet service,No internet service,No internet service,No internet service,No internet service,No internet service,No,No,1,3532
9474-PHLYD,Yes,No,DSL,No,No,Yes,No,No,Yes,Yes,No,4,3533
4318-RAJVY,Yes,No,No,No internet service,No internet service,No internet service,No internet service,No internet service,No internet service,No,No,1,3534
2165-VOEGB,Yes,No,Fiber optic,Yes,Yes,No,Yes,Yes,Yes,Yes,Yes,7,3535
3612-YUNGG,Yes,Yes,Fiber optic,No,Yes,Yes,Yes,Yes,Yes,Yes,Yes,8,3536
2254-DLXRI,Yes,Yes,Fiber optic,No,Yes,No,No,No,No,No,No,4,3537
5062-CJJKH,Yes,No,DSL,No,Yes,Yes,No,No,No,No,No,4,3538
9028-LIHRP,Yes,No,Fiber optic,Yes,Yes,Yes,Yes,Yes,No,Yes,Yes,7,3539
2219-MVUSO,Yes,No,DSL,No,No,No,No,No,No,No,No,2,3540
1053-MXTTK,Yes,No,Fiber optic,Yes,Yes,Yes,Yes,Yes,Yes,Yes,Yes,8,3541
1530-ZTDOZ,No,No phone service,DSL,Yes,No,No,No,Yes,No,Yes,Yes,3,3542
1301-LOPVR,No,No phone service,DSL,Yes,Yes,Yes,Yes,No,Yes,Yes,Yes,6,3543
0853-TWRVK,Yes,Yes,Fiber optic,Yes,Yes,Yes,Yes,No,Yes,Yes,Yes,8,3544
8914-RBTSB,Yes,Yes,Fiber optic,No,Yes,Yes,No,Yes,No,Yes,No,6,3545
6212-ATMLK,Yes,Yes,Fiber optic,No,No,No,No,Yes,Yes,Yes,No,5,3546
8200-LGKSR,Yes,Yes,DSL,Yes,No,Yes,Yes,Yes,Yes,Yes,Yes,8,3547
1568-BEKZM,Yes,Yes,DSL,Yes,Yes,Yes,Yes,Yes,Yes,Yes,Yes,9,3548
0670-ANMUU,Yes,Yes,Fiber optic,Yes,No,No,Yes,No,Yes,Yes,Yes,6,3549
6897-RWMUB,Yes,No,DSL,Yes,Yes,Yes,Yes,No,No,No,Yes,6,3550
0963-ZBDRN,Yes,No,Fiber optic,No,No,No,Yes,Yes,Yes,Yes,Yes,5,3551
7594-RQHXR,Yes,No,Fiber optic,No,No,No,No,No,Yes,Yes,No,3,3552
6999-CHVCF,Yes,Yes,Fiber optic,Yes,Yes,Yes,No,No,Yes,Yes,Yes,7,3553
6134-KWTBV,Yes,Yes,No,No internet service,No internet service,No internet service,No internet service,No internet service,No internet service,No,No,2,3554
1077-HUUJM,Yes,No,Fiber optic,No,No,No,No,No,No,No,No,2,3555
6331-EWIEB,Yes,Yes,Fiber optic,No,No,No,No,Yes,No,Yes,No,4,3556
0895-LNKRC,Yes,No,No,No internet service,No internet service,No internet service,No internet service,No internet service,No internet service,No,No,1,3557
2045-BMBTJ,No,No phone service,DSL,Yes,Yes,Yes,No,Yes,Yes,Yes,Yes,6,3558
8417-GSODA,Yes,Yes,Fiber optic,No,No,No,No,Yes,Yes,Yes,No,5,3559
5171-EPLKN,Yes,No,No,No internet service,No internet service,No internet service,No internet service,No internet service,No internet service,No,No,1,3560
4452-QIIEB,Yes,No,DSL,No,No,No,No,No,No,No,No,2,3561
5998-VVEJY,Yes,Yes,Fiber optic,No,No,No,Yes,No,No,No,Yes,4,3562
1624-NALOJ,Yes,Yes,Fiber optic,No,Yes,No,No,No,Yes,Yes,No,5,3563
6741-EGCBI,Yes,Yes,Fiber optic,Yes,No,No,No,No,Yes,Yes,Yes,5,3564
7820-ZYGNY,Yes,Yes,Fiber optic,No,Yes,No,No,No,Yes,Yes,No,5,3565
4317-VTEOA,Yes,No,DSL,No,Yes,No,No,No,No,No,No,3,3566
9677-AVKED,Yes,Yes,DSL,No,Yes,Yes,Yes,Yes,Yes,Yes,Yes,8,3567
1670-SVOWZ,Yes,No,Fiber optic,No,Yes,No,Yes,No,Yes,Yes,Yes,5,3568
2227-JRSJX,Yes,No,Fiber optic,No,Yes,No,Yes,Yes,Yes,Yes,Yes,6,3569
9847-HNVGP,Yes,No,No,No internet service,No internet service,No internet service,No internet service,No internet service,No internet service,No,No,1,3570
6696-YDAYZ,Yes,No,No,No internet service,No internet service,No internet service,No internet service,No internet service,No internet service,No,No,1,3571
8980-WQFWL,Yes,No,DSL,No,No,Yes,No,No,Yes,Yes,No,4,3572
1730-ZMAME,Yes,No,Fiber optic,No,No,No,No,No,Yes,Yes,No,3,3573
6506-EYCNH,Yes,No,No,No internet service,No internet service,No internet service,No internet service,No internet service,No internet service,No,No,1,3574
4634-JLRJT,Yes,No,No,No internet service,No internet service,No internet service,No internet service,No internet service,No internet service,No,No,1,3575
9501-UKKNL,No,No phone service,DSL,No,No,No,Yes,Yes,Yes,Yes,Yes,4,3576
2560-QTSBS,Yes,Yes,No,No internet service,No internet service,No internet service,No internet service,No internet service,No internet service,No,No,2,3577
7541-YLXCL,Yes,No,DSL,No,Yes,No,Yes,No,Yes,Yes,Yes,5,3578
4795-WRNVT,Yes,No,DSL,Yes,Yes,No,No,Yes,No,Yes,Yes,5,3579
6080-TCMYC,Yes,Yes,Fiber optic,No,No,Yes,No,No,No,No,No,4,3580
0260-ZDLGK,Yes,No,DSL,No,No,Yes,Yes,Yes,Yes,Yes,Yes,6,3581
7860-UXCRM,Yes,No,DSL,Yes,Yes,Yes,Yes,Yes,No,Yes,Yes,7,3582
6357-JJPQT,Yes,No,Fiber optic,No,No,No,No,Yes,No,Yes,No,3,3583
2292-XQWSV,No,No phone service,DSL,No,Yes,Yes,Yes,Yes,Yes,Yes,Yes,6,3584
9552-TGUZV,Yes,No,Fiber optic,Yes,No,No,No,No,No,No,Yes,3,3585
5913-INRQV,Yes,No,Fiber optic,Yes,No,No,Yes,Yes,No,Yes,Yes,5,3586
8722-NGNBH,No,No phone service,DSL,Yes,No,Yes,Yes,No,No,No,Yes,4,3587
6210-KBBPI,Yes,Yes,Fiber optic,No,Yes,No,No,Yes,Yes,Yes,No,6,3588
9643-YBLUR,Yes,Yes,DSL,No,Yes,Yes,No,No,Yes,Yes,No,6,3589
8734-FNWVH,Yes,Yes,DSL,No,No,No,No,No,Yes,Yes,No,4,3590
9447-YPTBX,Yes,No,No,No internet service,No internet service,No internet service,No internet service,No internet service,No internet service,No,No,1,3591
0133-BMFZO,Yes,No,Fiber optic,Yes,Yes,No,Yes,No,No,No,Yes,5,3592
6128-CZOMY,Yes,No,DSL,No,No,No,No,No,No,No,No,2,3593
9540-JYROE,Yes,No,Fiber optic,No,No,No,No,No,No,No,No,2,3594
9026-LHEVG,No,No phone service,DSL,No,Yes,No,No,No,Yes,Yes,No,3,3595
2260-USTRB,Yes,No,Fiber optic,No,No,No,No,No,No,No,No,2,3596
3656-TKRVZ,Yes,No,DSL,Yes,Yes,No,No,No,No,No,Yes,4,3597
7011-CVEUC,Yes,No,Fiber optic,No,No,No,Yes,Yes,Yes,Yes,Yes,5,3598
6185-TASNN,Yes,No,DSL,No,No,No,No,No,No,No,No,2,3599
7925-PNRGI,Yes,Yes,DSL,Yes,Yes,Yes,Yes,Yes,No,Yes,Yes,8,3600
8623-TMRBY,Yes,Yes,Fiber optic,No,Yes,Yes,No,No,No,No,No,5,3601
1552-CZCLL,Yes,No,No,No internet service,No internet service,No internet service,No internet service,No internet service,No internet service,No,No,1,3602
3038-PQIUY,Yes,Yes,DSL,Yes,Yes,Yes,No,No,No,No,Yes,6,3603
1501-SGHBW,Yes,No,DSL,No,No,No,No,No,No,No,No,2,3604
9313-CDOGY,Yes,No,No,No internet service,No internet service,No internet service,No internet service,No internet service,No internet service,No,No,1,3605
8148-BPLZQ,Yes,No,DSL,No,Yes,No,No,No,No,No,No,3,3606
2623-DRYAM,Yes,Yes,Fiber optic,No,No,Yes,No,Yes,Yes,Yes,No,6,3607
9987-LUTYD,Yes,No,DSL,Yes,No,No,Yes,No,No,No,Yes,4,3608
3208-YPIOE,Yes,Yes,Fiber optic,No,No,No,No,No,No,No,No,3,3609
4488-KQFDT,Yes,Yes,Fiber optic,No,Yes,Yes,No,Yes,Yes,Yes,No,7,3610
2612-RANWT,Yes,Yes,Fiber optic,No,No,Yes,No,Yes,Yes,Yes,No,6,3611
5693-PIPCS,Yes,No,Fiber optic,No,Yes,No,Yes,Yes,Yes,Yes,Yes,6,3612
0491-KAPQG,Yes,Yes,Fiber optic,No,No,No,No,No,No,No,No,3,3613
1925-LFCZZ,No,No phone service,DSL,No,No,Yes,No,Yes,Yes,Yes,No,4,3614
8039-EQPIM,No,No phone service,DSL,Yes,No,Yes,Yes,Yes,Yes,Yes,Yes,6,3615
6900-PXRMS,Yes,Yes,Fiber optic,No,Yes,Yes,No,Yes,Yes,Yes,No,7,3616
8707-RMEZH,Yes,No,Fiber optic,Yes,Yes,No,No,No,Yes,Yes,Yes,5,3617
3346-BRMIS,No,No phone service,DSL,No,No,Yes,No,Yes,Yes,Yes,No,4,3618
3209-ZPKFI,Yes,Yes,DSL,No,Yes,No,No,No,No,No,No,4,3619
6479-VDGRK,Yes,No,DSL,Yes,Yes,Yes,Yes,Yes,Yes,Yes,Yes,8,3620
9373-WSLOY,No,No phone service,DSL,No,Yes,Yes,Yes,Yes,No,Yes,Yes,5,3621
2933-FILNV,No,No phone service,DSL,No,No,No,No,No,No,No,No,1,3622
3569-JFODW,Yes,Yes,DSL,Yes,Yes,Yes,Yes,Yes,Yes,Yes,Yes,9,3623
9819-FBNSV,Yes,No,Fiber optic,No,No,No,No,No,No,No,No,2,3624
9544-PYPSJ,Yes,Yes,Fiber optic,No,Yes,Yes,No,No,Yes,Yes,No,6,3625
1591-XWLGB,Yes,No,No,No internet service,No internet service,No internet service,No internet service,No internet service,No internet service,No,No,1,3626
0396-UKGAI,Yes,No,DSL,No,Yes,No,Yes,No,No,No,Yes,4,3627
3243-ZHOHY,Yes,No,No,No internet service,No internet service,No internet service,No internet service,No internet service,No internet service,No,No,1,3628
5186-EJEGL,Yes,No,DSL,Yes,No,Yes,Yes,Yes,No,Yes,Yes,6,3629
7527-QNRUS,Yes,Yes,No,No internet service,No internet service,No internet service,No internet service,No internet service,No internet service,No,No,2,3630
9986-BONCE,Yes,No,No,No internet service,No internet service,No internet service,No internet service,No internet service,No internet service,No,No,1,3631
2722-JMONI,Yes,No,DSL,Yes,No,No,No,No,No,No,Yes,3,3632
2203-GHNWN,Yes,Yes,Fiber optic,No,No,Yes,No,No,No,No,No,4,3633
3878-AVSOQ,Yes,No,Fiber optic,No,No,No,No,No,No,No,No,2,3634
3258-SYSWS,Yes,Yes,Fiber optic,Yes,Yes,Yes,Yes,Yes,Yes,Yes,Yes,9,3635
5296-PSYVW,Yes,Yes,No,No internet service,No internet service,No internet service,No internet service,No internet service,No internet service,No,No,2,3636
6319-QSUSR,Yes,No,No,No internet service,No internet service,No internet service,No internet service,No internet service,No internet service,No,No,1,3637
4083-EUGRJ,Yes,No,No,No internet service,No internet service,No internet service,No internet service,No internet service,No internet service,No,No,1,3638
7579-OOPEC,Yes,No,DSL,No,Yes,No,No,No,No,No,No,3,3639
0512-FLFDW,Yes,Yes,Fiber optic,No,No,Yes,No,Yes,Yes,Yes,No,6,3640
1771-OADNZ,Yes,Yes,Fiber optic,No,Yes,Yes,No,No,Yes,Yes,No,6,3641
0487-CRLZF,Yes,No,DSL,No,No,Yes,Yes,Yes,Yes,Yes,Yes,6,3642
2107-FBPTK,Yes,Yes,Fiber optic,No,Yes,Yes,No,Yes,Yes,Yes,No,7,3643
9451-WLYRI,Yes,No,No,No internet service,No internet service,No internet service,No internet service,No internet service,No internet service,No,No,1,3644
8219-VYBVI,Yes,Yes,No,No internet service,No internet service,No internet service,No internet service,No internet service,No internet service,No,No,2,3645
1991-VOPLL,Yes,No,No,No internet service,No internet service,No internet service,No internet service,No internet service,No internet service,No,No,1,3646
9738-QLWTP,Yes,No,Fiber optic,No,No,Yes,Yes,No,No,No,Yes,4,3647
1016-DJTSV,Yes,No,Fiber optic,No,No,No,No,No,No,No,No,2,3648
9419-IPPBE,Yes,Yes,Fiber optic,No,No,Yes,No,No,Yes,Yes,No,5,3649
0174-QRVVY,Yes,Yes,No,No internet service,No internet service,No internet service,No internet service,No internet service,No internet service,No,No,2,3650
5699-BNCAS,Yes,Yes,No,No internet service,No internet service,No internet service,No internet service,No internet service,No internet service,No,No,2,3651
2900-PHPLN,Yes,No,No,No internet service,No internet service,No internet service,No internet service,No internet service,No internet service,No,No,1,3652
0612-RTZZA,No,No phone service,DSL,No,No,No,No,No,No,No,No,1,3653
8106-GWQOK,No,No phone service,DSL,Yes,Yes,No,Yes,Yes,Yes,Yes,Yes,6,3654
8751-EDEKA,Yes,No,Fiber optic,No,Yes,Yes,No,No,Yes,Yes,No,5,3655
6878-GGDWG,Yes,No,No,No internet service,No internet service,No internet service,No internet service,No internet service,No internet service,No,No,1,3656
4039-PIMHX,Yes,No,DSL,No,Yes,No,No,No,No,No,No,3,3657
8450-LUGUK,Yes,Yes,No,No internet service,No internet service,No internet service,No internet service,No internet service,No internet service,No,No,2,3658
3604-WLABM,Yes,No,DSL,No,No,Yes,Yes,No,No,No,Yes,4,3659
0795-GMVQO,Yes,Yes,Fiber optic,Yes,Yes,Yes,No,Yes,Yes,Yes,Yes,8,3660
2259-OUUSZ,No,No phone service,DSL,No,No,Yes,Yes,No,No,No,Yes,3,3661
1142-IHLOO,Yes,No,Fiber optic,No,No,No,No,Yes,Yes,Yes,No,4,3662
6410-LEFEN,Yes,No,DSL,No,No,No,No,No,No,No,No,2,3663
4633-MKHYU,Yes,No,Fiber optic,No,No,No,No,Yes,Yes,Yes,No,4,3664
6257-RJOHI,Yes,No,DSL,No,No,No,Yes,No,No,No,Yes,3,3665
1545-JFUML,Yes,Yes,Fiber optic,Yes,Yes,Yes,No,Yes,No,Yes,Yes,7,3666
3194-ORPIK,Yes,Yes,Fiber optic,No,No,No,No,Yes,No,Yes,No,4,3667
7826-VVKWT,Yes,No,Fiber optic,No,No,Yes,No,Yes,Yes,Yes,No,5,3668
1353-GHZOS,Yes,No,DSL,Yes,No,No,No,Yes,No,Yes,Yes,4,3669
2587-EKXTS,Yes,Yes,Fiber optic,Yes,Yes,Yes,No,Yes,Yes,Yes,Yes,8,3670
5442-BXVND,Yes,Yes,No,No internet service,No internet service,No internet service,No internet service,No internet service,No internet service,No,No,2,3671
8816-VXNZD,Yes,Yes,Fiber optic,No,No,No,No,No,No,No,No,3,3672
9378-FXTIZ,Yes,Yes,DSL,No,No,No,No,Yes,Yes,Yes,No,5,3673
1723-HKXJQ,Yes,Yes,Fiber optic,No,Yes,No,No,Yes,Yes,Yes,No,6,3674
7825-GKXMW,Yes,No,DSL,No,No,No,No,No,No,No,No,2,3675
9753-OYLBX,Yes,No,No,No internet service,No internet service,No internet service,No internet service,No internet service,No internet service,No,No,1,3676
2364-UFROM,Yes,No,DSL,Yes,Yes,No,Yes,Yes,No,Yes,Yes,6,3677
6656-JWRQX,No,No phone service,DSL,No,No,No,Yes,No,No,No,Yes,2,3678
6473-ULUHT,Yes,Yes,DSL,Yes,Yes,No,Yes,Yes,Yes,Yes,Yes,8,3679
1240-KNSEZ,Yes,No,No,No internet service,No internet service,No internet service,No internet service,No internet service,No internet service,No,No,1,3680
0836-SEYLU,No,No phone service,DSL,No,No,No,Yes,Yes,No,Yes,Yes,3,3681
4433-JCGCG,Yes,Yes,Fiber optic,No,No,Yes,No,Yes,Yes,Yes,No,6,3682
3716-BDVDB,Yes,No,Fiber optic,No,No,No,No,No,No,No,No,2,3683
7688-AWMDX,Yes,No,DSL,Yes,No,No,Yes,No,No,No,Yes,4,3684
2842-BCQGE,Yes,Yes,Fiber optic,No,No,No,No,No,No,No,No,3,3685
7244-QWYHG,No,No phone service,DSL,Yes,No,No,Yes,Yes,No,Yes,Yes,4,3686
5899-MQZZL,Yes,Yes,Fiber optic,No,No,No,No,No,No,No,No,3,3687
6849-OYAMU,Yes,No,Fiber optic,No,Yes,No,Yes,Yes,Yes,Yes,Yes,6,3688
5312-UXESG,Yes,Yes,Fiber optic,No,No,Yes,No,Yes,Yes,Yes,No,6,3689
9488-HGMJH,Yes,No,Fiber optic,No,No,No,No,No,No,No,No,2,3690
6038-GCYEC,No,No phone service,DSL,No,Yes,Yes,No,Yes,Yes,Yes,No,5,3691
2150-WLKUW,Yes,Yes,DSL,No,Yes,No,No,Yes,No,Yes,No,5,3692
7159-FVYPK,Yes,Yes,DSL,No,Yes,Yes,No,Yes,No,Yes,No,6,3693
7032-LMBHI,Yes,Yes,DSL,Yes,No,No,No,Yes,No,Yes,Yes,5,3694
1150-WFARN,Yes,Yes,Fiber optic,Yes,No,Yes,Yes,Yes,Yes,Yes,Yes,8,3695
6088-BXMRG,Yes,Yes,Fiber optic,No,Yes,No,No,Yes,Yes,Yes,No,6,3696
3144-AUDBS,Yes,No,DSL,No,No,No,Yes,No,No,No,Yes,3,3697
4821-SJHJV,Yes,Yes,Fiber optic,Yes,No,No,No,Yes,No,Yes,Yes,5,3698
7346-MEDWM,Yes,Yes,Fiber optic,No,Yes,Yes,No,No,No,No,No,5,3699
1137-DGOWI,Yes,No,DSL,No,Yes,Yes,Yes,No,Yes,Yes,Yes,6,3700
5616-PRTNT,Yes,No,No,No internet service,No internet service,No internet service,No internet service,No internet service,No internet service,No,No,1,3701
3812-LRZIR,Yes,Yes,No,No internet service,No internet service,No internet service,No internet service,No internet service,No internet service,No,No,2,3702
4818-QIUFN,Yes,Yes,Fiber optic,Yes,No,No,No,No,No,No,Yes,4,3703
9483-GCPWE,Yes,No,No,No internet service,No internet service,No internet service,No internet service,No internet service,No internet service,No,No,1,3704
4227-OJHAL,Yes,Yes,DSL,Yes,Yes,Yes,No,Yes,No,Yes,Yes,7,3705
9220-CXRSC,Yes,Yes,DSL,Yes,No,No,Yes,No,No,No,Yes,5,3706
4993-JCRGJ,Yes,Yes,Fiber optic,No,No,Yes,Yes,No,No,No,Yes,5,3707
9537-JALFH,Yes,No,No,No internet service,No internet service,No internet service,No internet service,No internet service,No internet service,No,No,1,3708
6698-OXETB,Yes,No,No,No internet service,No internet service,No internet service,No internet service,No internet service,No internet service,No,No,1,3709
2103-ZRXFN,Yes,Yes,DSL,No,No,No,No,No,No,No,No,3,3710
3724-BSCVH,Yes,No,No,No internet service,No internet service,No internet service,No internet service,No internet service,No internet service,No,No,1,3711
4877-TSOFF,Yes,Yes,DSL,Yes,Yes,No,Yes,No,Yes,Yes,Yes,7,3712
9209-NWPGU,Yes,No,DSL,Yes,No,No,Yes,Yes,No,Yes,Yes,5,3713
6961-VCPMC,Yes,No,Fiber optic,No,No,No,No,No,Yes,Yes,No,3,3714
7306-YDSOI,Yes,No,DSL,Yes,Yes,Yes,No,No,No,No,Yes,5,3715
5288-AHOUP,Yes,No,Fiber optic,No,No,No,No,No,Yes,Yes,No,3,3716
6688-UZPWD,Yes,Yes,Fiber optic,No,Yes,No,No,Yes,Yes,Yes,No,6,3717
0655-YDGFJ,Yes,No,DSL,No,No,Yes,No,No,No,No,No,3,3718
8468-EHYJA,Yes,Yes,Fiber optic,Yes,No,No,No,Yes,Yes,Yes,Yes,6,3719
6823-SIDFQ,Yes,No,No,No internet service,No internet service,No internet service,No internet service,No internet service,No internet service,No,No,1,3720
1097-FSPVW,Yes,No,DSL,Yes,No,Yes,No,No,No,No,Yes,4,3721
2839-RFSQE,Yes,No,No,No internet service,No internet service,No internet service,No internet service,No internet service,No internet service,No,No,1,3722
8328-SKJNO,No,No phone service,DSL,Yes,Yes,No,Yes,No,No,No,Yes,4,3723
7010-ZMVBF,Yes,No,No,No internet service,No internet service,No internet service,No internet service,No internet service,No internet service,No,No,1,3724
5201-CBWYG,Yes,Yes,No,No internet service,No internet service,No internet service,No internet service,No internet service,No internet service,No,No,2,3725
0968-GSIKN,Yes,No,Fiber optic,No,No,No,No,No,No,No,No,2,3726
1965-DDBWU,Yes,Yes,Fiber optic,No,No,No,Yes,No,Yes,Yes,Yes,5,3727
9057-SIHCH,Yes,Yes,Fiber optic,No,No,No,No,Yes,Yes,Yes,No,5,3728
6352-GIGGQ,Yes,Yes,DSL,Yes,Yes,Yes,Yes,Yes,Yes,Yes,Yes,9,3729
3635-QQRQD,Yes,No,No,No internet service,No internet service,No internet service,No internet service,No internet service,No internet service,No,No,1,3730
6771-XWBDM,Yes,Yes,Fiber optic,No,Yes,Yes,No,Yes,Yes,Yes,No,7,3731
2897-DOVND,Yes,No,Fiber optic,No,No,No,No,No,No,No,No,2,3732
3082-YVEKW,Yes,Yes,DSL,Yes,No,Yes,Yes,Yes,No,Yes,Yes,7,3733
0191-EQUUH,No,No phone service,DSL,Yes,No,No,Yes,No,No,No,Yes,3,3734
7134-HBPBS,Yes,Yes,Fiber optic,No,Yes,Yes,Yes,Yes,Yes,Yes,Yes,8,3735
3489-HHPFY,Yes,Yes,Fiber optic,No,No,No,No,Yes,No,Yes,No,4,3736
2926-JEJJC,Yes,No,No,No internet service,No internet service,No internet service,No internet service,No internet service,No internet service,No,No,1,3737
8601-QACRS,Yes,Yes,DSL,No,No,No,No,No,No,No,No,3,3738
4950-BDEUX,No,No phone service,DSL,No,No,Yes,No,Yes,Yes,Yes,No,4,3739
5789-LDFXO,Yes,Yes,No,No internet service,No internet service,No internet service,No internet service,No internet service,No internet service,No,No,2,3740
0508-OOLTO,Yes,No,Fiber optic,No,No,No,No,No,No,No,No,2,3741
2984-TBYKU,Yes,Yes,Fiber optic,Yes,Yes,Yes,Yes,No,Yes,Yes,Yes,8,3742
9822-WMWVG,Yes,Yes,Fiber optic,Yes,Yes,Yes,Yes,Yes,No,Yes,Yes,8,3743
2391-SOORI,Yes,No,DSL,Yes,No,No,No,No,No,No,Yes,3,3744
9040-KZVWO,Yes,No,Fiber optic,No,Yes,No,No,No,No,No,No,3,3745
2645-QTLMB,Yes,No,Fiber optic,No,Yes,No,No,Yes,Yes,Yes,No,5,3746
4806-HIPDW,Yes,No,Fiber optic,No,No,No,No,No,No,No,No,2,3747
1548-ARAGG,Yes,Yes,DSL,No,Yes,No,Yes,No,No,No,Yes,5,3748
6339-RZCBJ,Yes,No,DSL,No,Yes,Yes,Yes,Yes,Yes,Yes,Yes,7,3749
4424-TKOPW,Yes,Yes,Fiber optic,No,No,No,No,Yes,Yes,Yes,No,5,3750
4415-WNGVR,Yes,No,DSL,Yes,No,Yes,Yes,Yes,Yes,Yes,Yes,7,3751
2522-AHJXR,Yes,Yes,Fiber optic,Yes,No,Yes,Yes,Yes,Yes,Yes,Yes,8,3752
0412-UCCNP,Yes,No,DSL,Yes,No,Yes,Yes,No,No,No,Yes,5,3753
1816-FLZDK,No,No phone service,DSL,No,No,No,Yes,No,No,No,Yes,2,3754
7096-UCLNH,Yes,No,No,No internet service,No internet service,No internet service,No internet service,No internet service,No internet service,No,No,1,3755
8443-ZRDBZ,Yes,Yes,Fiber optic,No,No,No,No,No,No,No,No,3,3756
9136-ALYBR,No,No phone service,DSL,No,No,No,No,No,No,No,No,1,3757
4615-PIVVU,Yes,No,DSL,No,No,Yes,Yes,No,Yes,Yes,Yes,5,3758
8885-QSQBX,Yes,No,DSL,Yes,No,No,No,No,No,No,Yes,3,3759
7479-NITWS,Yes,Yes,Fiber optic,No,No,Yes,No,Yes,No,Yes,No,5,3760
8617-ENBDS,Yes,No,Fiber optic,No,No,Yes,No,No,No,No,No,3,3761
9385-NXKDA,Yes,Yes,DSL,Yes,Yes,Yes,No,Yes,Yes,Yes,Yes,8,3762
0430-IHCDJ,Yes,Yes,DSL,No,No,No,No,No,No,No,No,3,3763
2959-MJHIC,Yes,No,Fiber optic,No,No,No,No,Yes,No,Yes,No,3,3764
6674-KVJHG,Yes,Yes,No,No internet service,No internet service,No internet service,No internet service,No internet service,No internet service,No,No,2,3765
1814-DKOLC,Yes,Yes,No,No internet service,No internet service,No internet service,No internet service,No internet service,No internet service,No,No,2,3766
4201-JMNGR,Yes,No,DSL,Yes,No,Yes,No,No,No,No,Yes,4,3767
9351-HXDMR,Yes,Yes,Fiber optic,Yes,No,Yes,Yes,Yes,Yes,Yes,Yes,8,3768
3537-HPKQT,Yes,Yes,Fiber optic,No,Yes,No,No,No,No,No,No,4,3769
2129-ALKBS,Yes,Yes,No,No internet service,No internet service,No internet service,No internet service,No internet service,No internet service,No,No,2,3770
5821-MMEIL,Yes,No,No,No internet service,No internet service,No internet service,No internet service,No internet service,No internet service,No,No,1,3771
5960-WPXQM,Yes,No,Fiber optic,No,No,No,No,Yes,No,Yes,No,3,3772
0684-AOSIH,Yes,No,Fiber optic,Yes,No,No,No,Yes,Yes,Yes,Yes,5,3773
8260-NGFNY,No,No phone service,DSL,No,No,No,No,No,No,No,No,1,3774
1309-XGFSN,Yes,Yes,DSL,No,Yes,Yes,No,Yes,Yes,Yes,No,7,3775
1866-RZZQS,Yes,Yes,Fiber optic,No,No,Yes,No,Yes,Yes,Yes,No,6,3776
6968-URWQU,Yes,No,DSL,No,No,No,No,Yes,No,Yes,No,3,3777
4742-TXUEX,Yes,No,No,No internet service,No internet service,No internet service,No internet service,No internet service,No internet service,No,No,1,3778
9631-XEYKE,Yes,Yes,DSL,No,No,No,No,No,No,No,No,3,3779
8631-NBHFZ,Yes,Yes,DSL,Yes,Yes,Yes,Yes,Yes,No,Yes,Yes,8,3780
1335-MXCSE,Yes,No,DSL,No,No,Yes,Yes,No,No,No,Yes,4,3781
8873-TMKGR,Yes,No,No,No internet service,No internet service,No internet service,No internet service,No internet service,No internet service,No,No,1,3782
8800-JOOCF,Yes,Yes,Fiber optic,No,No,No,No,Yes,No,Yes,No,4,3783
1469-LBJQJ,Yes,Yes,Fiber optic,No,Yes,Yes,No,Yes,Yes,Yes,No,7,3784
4958-XCBDQ,Yes,Yes,Fiber optic,No,No,Yes,No,Yes,Yes,Yes,No,6,3785
8337-UPOAQ,Yes,Yes,Fiber optic,No,No,Yes,No,No,Yes,Yes,No,5,3786
0064-YIJGF,Yes,Yes,Fiber optic,No,No,No,No,No,No,No,No,3,3787
2386-OWURY,Yes,No,Fiber optic,No,No,No,Yes,Yes,Yes,Yes,Yes,5,3788
1725-IQNIY,Yes,No,Fiber optic,Yes,Yes,Yes,Yes,Yes,Yes,Yes,Yes,8,3789
0310-VQXAM,Yes,No,No,No internet service,No internet service,No internet service,No internet service,No internet service,No internet service,No,No,1,3790
6598-RFFVI,Yes,No,No,No internet service,No internet service,No internet service,No internet service,No internet service,No internet service,No,No,1,3791
3453-RTHJQ,Yes,No,Fiber optic,No,No,No,No,No,No,No,No,2,3792
6712-OAWRH,Yes,No,Fiber optic,No,No,No,No,Yes,Yes,Yes,No,4,3793
6278-FEPBZ,Yes,No,No,No internet service,No internet service,No internet service,No internet service,No internet service,No internet service,No,No,1,3794
4280-DLSHD,Yes,No,DSL,No,Yes,Yes,No,No,No,No,No,4,3795
1508-DFXCU,Yes,No,Fiber optic,No,No,No,No,Yes,No,Yes,No,3,3796
8614-VGMMV,Yes,Yes,DSL,No,No,No,No,No,No,No,No,3,3797
7868-BGSZA,Yes,Yes,DSL,Yes,No,Yes,No,Yes,Yes,Yes,Yes,7,3798
2800-QQUSO,Yes,Yes,Fiber optic,No,No,No,Yes,Yes,Yes,Yes,Yes,6,3799
2930-UOTMB,Yes,Yes,DSL,Yes,No,Yes,Yes,No,No,No,Yes,6,3800
7973-DZRKH,Yes,Yes,Fiber optic,Yes,No,Yes,Yes,No,No,No,Yes,6,3801
5914-DVBWJ,Yes,Yes,Fiber optic,No,Yes,No,Yes,No,No,No,Yes,5,3802
7698-YFGEZ,Yes,No,No,No internet service,No internet service,No internet service,No internet service,No internet service,No internet service,No,No,1,3803
2533-QVMSK,Yes,Yes,Fiber optic,No,Yes,No,Yes,Yes,No,Yes,Yes,6,3804
9773-PEQBZ,Yes,Yes,Fiber optic,No,Yes,No,No,No,No,No,No,4,3805
8644-XLFBW,Yes,No,Fiber optic,No,No,No,No,No,No,No,No,2,3806
0650-BWOZN,Yes,No,Fiber optic,No,Yes,No,No,No,No,No,No,3,3807
8625-AZYZY,Yes,Yes,Fiber optic,No,Yes,Yes,No,Yes,Yes,Yes,No,7,3808
7785-RDVIG,Yes,No,No,No internet service,No internet service,No internet service,No internet service,No internet service,No internet service,No,No,1,3809
9602-WCXPI,Yes,No,No,No internet service,No internet service,No internet service,No internet service,No internet service,No internet service,No,No,1,3810
2903-YYTBW,Yes,No,DSL,No,No,No,No,No,No,No,No,2,3811
3620-MWJNE,Yes,No,DSL,Yes,No,No,Yes,No,No,No,Yes,4,3812
8573-JGCZW,Yes,No,No,No internet service,No internet service,No internet service,No internet service,No internet service,No internet service,No,No,1,3813
6837-HAEVO,Yes,Yes,Fiber optic,No,Yes,Yes,No,Yes,Yes,Yes,No,7,3814
6701-YVNQG,Yes,Yes,DSL,Yes,Yes,Yes,Yes,Yes,Yes,Yes,Yes,9,3815
9306-CPCBC,Yes,Yes,Fiber optic,No,No,No,No,No,No,No,No,3,3816
4304-XUMGI,Yes,Yes,DSL,Yes,Yes,Yes,No,No,Yes,Yes,Yes,7,3817
9504-YAZWB,Yes,No,No,No internet service,No internet service,No internet service,No internet service,No internet service,No internet service,No,No,1,3818
8819-ZBYNA,Yes,Yes,Fiber optic,Yes,Yes,No,Yes,Yes,Yes,Yes,Yes,8,3819
6174-NRBTZ,No,No phone service,DSL,Yes,No,No,No,No,No,No,Yes,2,3820
9481-IEBZY,Yes,Yes,Fiber optic,Yes,Yes,Yes,Yes,Yes,Yes,Yes,Yes,9,3821
1833-VGRUM,Yes,Yes,Fiber optic,No,No,No,No,No,No,No,No,3,3822
6137-NICCO,Yes,Yes,Fiber optic,No,Yes,Yes,No,Yes,No,Yes,No,6,3823
9065-ZCPQX,Yes,Yes,DSL,Yes,Yes,Yes,Yes,No,Yes,Yes,Yes,8,3824
6402-EJMWF,Yes,No,DSL,No,No,No,No,No,Yes,Yes,No,3,3825
3620-EHIMZ,Yes,No,No,No internet service,No internet service,No internet service,No internet service,No internet service,No internet service,No,No,1,3826
3213-VVOLG,Yes,Yes,No,No internet service,No internet service,No internet service,No internet service,No internet service,No internet service,No,No,2,3827
6870-ECSHE,Yes,No,No,No internet service,No internet service,No internet service,No internet service,No internet service,No internet service,No,No,1,3828
8747-UDCOI,Yes,No,No,No internet service,No internet service,No internet service,No internet service,No internet service,No internet service,No,No,1,3829
8374-XGEJJ,Yes,Yes,Fiber optic,No,Yes,No,No,Yes,Yes,Yes,No,6,3830
2656-TABEH,Yes,Yes,Fiber optic,No,Yes,No,No,Yes,Yes,Yes,No,6,3831
6946-LMSQS,Yes,Yes,Fiber optic,Yes,No,No,No,No,Yes,Yes,Yes,5,3832
4626-OZDTJ,Yes,Yes,DSL,No,Yes,No,Yes,Yes,Yes,Yes,Yes,7,3833
9169-BSVIN,Yes,Yes,DSL,No,No,Yes,No,Yes,Yes,Yes,No,6,3834
2325-ZUSFD,Yes,No,DSL,Yes,No,No,No,Yes,Yes,Yes,Yes,5,3835
8194-PEEBY,Yes,No,No,No internet service,No internet service,No internet service,No internet service,No internet service,No internet service,No,No,1,3836
6872-HXFNF,Yes,Yes,DSL,No,No,Yes,Yes,No,No,No,Yes,5,3837
3932-CMDTD,Yes,No,Fiber optic,No,Yes,Yes,Yes,Yes,Yes,Yes,Yes,7,3838
7714-YXSMB,Yes,Yes,Fiber optic,No,No,Yes,No,Yes,Yes,Yes,No,6,3839
8387-UGUSU,Yes,No,No,No internet service,No internet service,No internet service,No internet service,No internet service,No internet service,No,No,1,3840
1080-BWSYE,Yes,Yes,No,No internet service,No internet service,No internet service,No internet service,No internet service,No internet service,No,No,2,3841
4039-HEUNW,Yes,Yes,Fiber optic,No,Yes,No,No,Yes,Yes,Yes,No,6,3842
1194-HVAIF,Yes,Yes,Fiber optic,No,No,No,No,Yes,Yes,Yes,No,5,3843
0812-WUPTB,Yes,No,Fiber optic,No,No,No,No,No,No,No,No,2,3844
3594-UVONA,Yes,Yes,DSL,Yes,No,Yes,Yes,Yes,Yes,Yes,Yes,8,3845
0004-TLHLJ,Yes,No,Fiber optic,No,No,Yes,No,No,No,No,No,3,3846
1767-TGTKO,Yes,No,DSL,No,No,No,No,No,No,No,No,2,3847
8439-LTUGF,Yes,No,No,No internet service,No internet service,No internet service,No internet service,No internet service,No internet service,No,No,1,3848
8805-JNRAZ,Yes,No,DSL,No,Yes,No,No,No,No,No,No,3,3849
5089-IFSDP,Yes,Yes,Fiber optic,Yes,Yes,Yes,No,Yes,Yes,Yes,Yes,8,3850
6418-HNFED,Yes,No,DSL,Yes,Yes,Yes,Yes,Yes,Yes,Yes,Yes,8,3851
0206-OYVOC,Yes,No,No,No internet service,No internet service,No internet service,No internet service,No internet service,No internet service,No,No,1,3852
7291-CDTMJ,Yes,No,No,No internet service,No internet service,No internet service,No internet service,No internet service,No internet service,No,No,1,3853
7128-GGCNO,Yes,Yes,Fiber optic,No,No,No,No,No,No,No,No,3,3854
0237-YFUTL,Yes,Yes,Fiber optic,Yes,Yes,No,Yes,Yes,Yes,Yes,Yes,8,3855
7691-KGKGP,Yes,No,DSL,No,Yes,No,Yes,Yes,No,Yes,Yes,5,3856
6710-HSJRD,Yes,Yes,Fiber optic,No,Yes,Yes,Yes,Yes,Yes,Yes,Yes,8,3857
3675-EQOZA,Yes,No,No,No internet service,No internet service,No internet service,No internet service,No internet service,No internet service,No,No,1,3858
0840-DCNZE,Yes,No,DSL,Yes,Yes,Yes,Yes,Yes,Yes,Yes,Yes,8,3859
1732-FEKLD,Yes,Yes,Fiber optic,No,Yes,Yes,No,Yes,No,Yes,No,6,3860
9862-KJTYK,No,No phone service,DSL,No,No,No,No,No,No,No,No,1,3861
0479-HMSWA,Yes,No,Fiber optic,No,Yes,Yes,Yes,Yes,Yes,Yes,Yes,7,3862
5854-KSRBJ,Yes,Yes,No,No internet service,No internet service,No internet service,No internet service,No internet service,No internet service,No,No,2,3863
0365-BZUWY,Yes,Yes,Fiber optic,No,Yes,Yes,No,Yes,Yes,Yes,No,7,3864
4817-VYYWS,Yes,Yes,Fiber optic,No,Yes,No,No,Yes,Yes,Yes,No,6,3865
5701-SVCWR,Yes,Yes,No,No internet service,No internet service,No internet service,No internet service,No internet service,No internet service,No,No,2,3866
3129-AAQOU,Yes,Yes,No,No internet service,No internet service,No internet service,No internet service,No internet service,No internet service,No,No,2,3867
4922-CVPDX,Yes,No,DSL,No,Yes,Yes,No,Yes,Yes,Yes,No,6,3868
1396-QWFBJ,Yes,No,Fiber optic,No,Yes,No,No,No,No,No,No,3,3869
1357-BIJKI,Yes,Yes,Fiber optic,No,Yes,No,No,Yes,Yes,Yes,No,6,3870
1099-BTKWT,No,No phone service,DSL,Yes,No,Yes,No,Yes,Yes,Yes,Yes,5,3871
5299-SJCZT,Yes,Yes,Fiber optic,No,No,Yes,No,Yes,Yes,Yes,No,6,3872
2018-PZKMU,Yes,No,Fiber optic,No,No,Yes,Yes,Yes,Yes,Yes,Yes,6,3873
7340-KEFQE,No,No phone service,DSL,Yes,No,No,Yes,No,No,No,Yes,3,3874
4570-QHXHL,Yes,No,DSL,No,No,No,No,No,No,No,No,2,3875
2403-BCASL,Yes,Yes,Fiber optic,No,Yes,Yes,Yes,Yes,Yes,Yes,Yes,8,3876
7392-YYPYJ,Yes,Yes,Fiber optic,No,Yes,No,No,Yes,Yes,Yes,No,6,3877
2898-LSJGD,No,No phone service,DSL,Yes,No,Yes,No,Yes,Yes,Yes,Yes,5,3878
2223-GDSHL,Yes,Yes,Fiber optic,Yes,Yes,Yes,Yes,Yes,Yes,Yes,Yes,9,3879
7359-PTSXY,Yes,No,DSL,No,No,No,No,No,No,No,No,2,3880
9470-RTWDV,Yes,Yes,DSL,No,No,Yes,Yes,Yes,Yes,Yes,Yes,7,3881
2176-OSJUV,Yes,Yes,DSL,Yes,Yes,No,Yes,No,No,No,Yes,6,3882
9348-YVOMK,Yes,No,DSL,No,No,No,No,No,No,No,No,2,3883
8104-OSKWT,Yes,Yes,Fiber optic,Yes,No,No,No,No,No,No,Yes,4,3884
4521-YEEHE,Yes,Yes,Fiber optic,No,No,No,Yes,Yes,No,Yes,Yes,5,3885
4090-KPJIP,Yes,Yes,Fiber optic,No,No,No,No,No,No,No,No,3,3886
3786-WOVKF,Yes,Yes,Fiber optic,Yes,Yes,No,No,Yes,Yes,Yes,Yes,7,3887
4503-BDXBD,Yes,No,Fiber optic,No,Yes,No,No,No,No,No,No,3,3888
6086-ESGRL,Yes,No,Fiber optic,No,No,No,No,No,Yes,Yes,No,3,3889
2592-HODOV,Yes,No,No,No internet service,No internet service,No internet service,No internet service,No internet service,No internet service,No,No,1,3890
3886-CERTZ,Yes,Yes,Fiber optic,No,Yes,Yes,Yes,Yes,Yes,Yes,Yes,8,3891
7995-ZHHNZ,Yes,Yes,DSL,Yes,No,No,No,No,No,No,Yes,4,3892
3824-RHKVR,Yes,No,No,No internet service,No internet service,No internet service,No internet service,No internet service,No internet service,No,No,1,3893
5816-SCGFC,Yes,No,DSL,No,Yes,No,No,No,No,No,No,3,3894
5989-AXPUC,Yes,Yes,Fiber optic,Yes,Yes,Yes,Yes,Yes,Yes,Yes,Yes,9,3895
4979-HPRFL,Yes,Yes,No,No internet service,No internet service,No internet service,No internet service,No internet service,No internet service,No,No,2,3896
8590-OHDIW,Yes,No,No,No internet service,No internet service,No internet service,No internet service,No internet service,No internet service,No,No,1,3897
8015-IHCGW,Yes,Yes,Fiber optic,Yes,Yes,Yes,Yes,Yes,Yes,Yes,Yes,9,3898
2332-TODQS,Yes,Yes,No,No internet service,No internet service,No internet service,No internet service,No internet service,No internet service,No,No,2,3899
9278-VZKCD,Yes,Yes,Fiber optic,Yes,Yes,Yes,No,Yes,Yes,Yes,Yes,8,3900
8008-OTEZX,Yes,No,No,No internet service,No internet service,No internet service,No internet service,No internet service,No internet service,No,No,1,3901
2773-OVBPK,Yes,Yes,Fiber optic,No,Yes,Yes,Yes,Yes,Yes,Yes,Yes,8,3902
5999-LCXAO,No,No phone service,DSL,Yes,No,No,No,No,No,No,Yes,2,3903
5206-XZZQI,Yes,No,Fiber optic,No,Yes,No,Yes,No,No,No,Yes,4,3904
4803-LBYPN,Yes,No,No,No internet service,No internet service,No internet service,No internet service,No internet service,No internet service,No,No,1,3905
5759-RCVCB,No,No phone service,DSL,No,No,No,No,Yes,No,Yes,No,2,3906
6372-RFVNS,Yes,No,Fiber optic,No,No,No,No,Yes,No,Yes,No,3,3907
2139-FQHLM,Yes,No,Fiber optic,No,No,Yes,Yes,Yes,No,Yes,Yes,5,3908
8261-GWDBQ,Yes,Yes,Fiber optic,Yes,Yes,Yes,Yes,Yes,Yes,Yes,Yes,9,3909
1093-YSWCA,Yes,No,No,No internet service,No internet service,No internet service,No internet service,No internet service,No internet service,No,No,1,3910
8938-UMKPI,Yes,Yes,Fiber optic,No,Yes,Yes,No,Yes,Yes,Yes,No,7,3911
0991-BRRFB,Yes,No,DSL,Yes,No,No,No,No,No,No,Yes,3,3912
3882-IYOIJ,Yes,Yes,Fiber optic,Yes,Yes,Yes,Yes,Yes,Yes,Yes,Yes,9,3913
8749-TZYEC,Yes,Yes,No,No internet service,No internet service,No internet service,No internet service,No internet service,No internet service,No,No,2,3914
1755-FZQEC,Yes,No,No,No internet service,No internet service,No internet service,No internet service,No internet service,No internet service,No,No,1,3915
3115-JPJDD,Yes,No,Fiber optic,Yes,No,Yes,No,No,No,No,Yes,4,3916
5600-KTXFM,Yes,No,Fiber optic,No,No,No,No,No,No,No,No,2,3917
3871-IKPYH,Yes,No,Fiber optic,No,No,No,No,No,No,No,No,2,3918
6319-IEJWJ,Yes,No,Fiber optic,No,No,No,No,Yes,Yes,Yes,No,4,3919
9025-AOMKI,Yes,Yes,Fiber optic,No,No,No,No,Yes,Yes,Yes,No,5,3920
6339-TBELP,Yes,Yes,Fiber optic,No,No,Yes,Yes,No,No,No,Yes,5,3921
7964-YESJC,Yes,Yes,DSL,Yes,Yes,Yes,No,No,No,No,Yes,6,3922
6173-GOLSU,Yes,Yes,Fiber optic,No,No,No,No,Yes,Yes,Yes,No,5,3923
5275-SQEIZ,Yes,No,Fiber optic,No,No,No,No,No,Yes,Yes,No,3,3924
7716-YTYHG,Yes,Yes,Fiber optic,No,No,No,No,No,Yes,Yes,No,4,3925
9938-ZREHM,Yes,Yes,DSL,No,Yes,No,Yes,No,Yes,Yes,Yes,6,3926
7950-XWOVN,No,No phone service,DSL,No,Yes,Yes,No,No,No,No,No,3,3927
4390-KYULV,Yes,No,No,No internet service,No internet service,No internet service,No internet service,No internet service,No internet service,No,No,1,3928
4647-MUZON,Yes,No,Fiber optic,No,No,Yes,No,Yes,Yes,Yes,No,5,3929
9702-AIUJO,Yes,No,DSL,No,No,No,No,No,No,No,No,2,3930
8849-PRIQJ,Yes,Yes,Fiber optic,Yes,No,Yes,Yes,Yes,Yes,Yes,Yes,8,3931
8851-RAGOV,Yes,No,DSL,Yes,Yes,No,Yes,No,Yes,Yes,Yes,6,3932
1304-NECVQ,Yes,Yes,Fiber optic,No,No,Yes,No,No,No,No,No,4,3933
5396-IZEPB,Yes,No,No,No internet service,No internet service,No internet service,No internet service,No internet service,No internet service,No,No,1,3934
1729-VLAZJ,No,No phone service,DSL,Yes,Yes,No,Yes,No,No,No,Yes,4,3935
8285-ABVLB,Yes,No,No,No internet service,No internet service,No internet service,No internet service,No internet service,No internet service,No,No,1,3936
0701-TJSEF,Yes,No,DSL,Yes,No,Yes,Yes,No,Yes,Yes,Yes,6,3937
5712-VBOXD,Yes,No,No,No internet service,No internet service,No internet service,No internet service,No internet service,No internet service,No,No,1,3938
6629-LADHQ,Yes,No,DSL,Yes,No,No,No,No,No,No,Yes,3,3939
8945-GRKHX,Yes,No,Fiber optic,No,No,No,No,No,Yes,Yes,No,3,3940
1559-DTODC,No,No phone service,DSL,No,No,No,No,No,No,No,No,1,3941
4797-MIWUM,Yes,No,No,No internet service,No internet service,No internet service,No internet service,No internet service,No internet service,No,No,1,3942
6959-UWKHF,Yes,No,DSL,No,No,No,No,No,No,No,No,2,3943
8720-RQSBJ,Yes,No,DSL,No,No,No,No,No,No,No,No,2,3944
4537-CIBHB,Yes,No,No,No internet service,No internet service,No internet service,No internet service,No internet service,No internet service,No,No,1,3945
3815-SLMEF,No,No phone service,DSL,Yes,No,No,Yes,No,No,No,Yes,3,3946
5154-VEKBL,No,No phone service,DSL,Yes,No,Yes,Yes,Yes,Yes,Yes,Yes,6,3947
4324-AHJKS,Yes,No,DSL,Yes,No,Yes,No,No,No,No,Yes,4,3948
4355-CVPVS,Yes,No,Fiber optic,No,No,No,No,Yes,Yes,Yes,No,4,3949
4495-LHSSK,Yes,Yes,DSL,Yes,No,No,No,No,No,No,Yes,4,3950
5655-JSMZM,Yes,Yes,Fiber optic,No,No,No,No,Yes,Yes,Yes,No,5,3951
5915-ANOEI,Yes,Yes,DSL,Yes,Yes,Yes,Yes,Yes,No,Yes,Yes,8,3952
9861-PDSZP,Yes,Yes,Fiber optic,No,Yes,Yes,Yes,Yes,Yes,Yes,Yes,8,3953
4505-EXZHB,Yes,No,Fiber optic,No,No,Yes,No,No,No,No,No,3,3954
7225-CBZPL,Yes,Yes,Fiber optic,No,No,No,No,Yes,Yes,Yes,No,5,3955
6704-UTUKK,No,No phone service,DSL,No,No,No,No,Yes,Yes,Yes,No,3,3956
4587-VVTOX,Yes,Yes,Fiber optic,No,Yes,Yes,No,Yes,Yes,Yes,No,7,3957
2019-HDCZY,Yes,Yes,Fiber optic,No,No,Yes,No,Yes,Yes,Yes,No,6,3958
4652-NNHNY,Yes,Yes,Fiber optic,No,No,No,No,No,No,No,No,3,3959
8788-DOXSU,Yes,No,DSL,No,No,Yes,No,No,Yes,Yes,No,4,3960
7404-JLKQG,Yes,No,DSL,No,No,Yes,No,Yes,No,Yes,No,4,3961
7421-ZLUPA,No,No phone service,DSL,No,Yes,No,No,No,No,No,No,2,3962
8972-HJWNV,Yes,Yes,Fiber optic,No,No,No,No,No,Yes,Yes,No,4,3963
3274-NSDWE,Yes,No,No,No internet service,No internet service,No internet service,No internet service,No internet service,No internet service,No,No,1,3964
2632-IVXVF,Yes,Yes,Fiber optic,Yes,No,Yes,Yes,Yes,Yes,Yes,Yes,8,3965
3692-JHONH,Yes,Yes,Fiber optic,No,Yes,Yes,No,Yes,Yes,Yes,No,7,3966
8915-NNTRC,Yes,Yes,Fiber optic,Yes,Yes,No,Yes,Yes,Yes,Yes,Yes,8,3967
5914-GXMDA,Yes,No,No,No internet service,No internet service,No internet service,No internet service,No internet service,No internet service,No,No,1,3968
7463-IFMQU,Yes,No,No,No internet service,No internet service,No internet service,No internet service,No internet service,No internet service,No,No,1,3969
2920-RNCEZ,Yes,No,Fiber optic,No,No,No,No,No,No,No,No,2,3970
2541-YGPKE,Yes,No,DSL,Yes,No,No,Yes,No,Yes,Yes,Yes,5,3971
8515-OCTJS,Yes,Yes,No,No internet service,No internet service,No internet service,No internet service,No internet service,No internet service,No,No,2,3972
5382-TEMLV,Yes,No,DSL,Yes,No,No,No,No,No,No,Yes,3,3973
3441-CGZJH,No,No phone service,DSL,Yes,No,Yes,Yes,Yes,Yes,Yes,Yes,6,3974
9592-ERDKV,Yes,Yes,DSL,Yes,No,Yes,No,Yes,Yes,Yes,Yes,7,3975
2860-RANUS,Yes,Yes,Fiber optic,No,No,No,No,No,Yes,Yes,No,4,3976
5261-QSHQM,No,No phone service,DSL,No,No,No,No,No,No,No,No,1,3977
4778-IZARL,Yes,No,Fiber optic,Yes,Yes,Yes,Yes,Yes,Yes,Yes,Yes,8,3978
0432-CAJZV,Yes,No,Fiber optic,No,No,No,No,Yes,Yes,Yes,No,4,3979
7008-LZVOZ,Yes,Yes,No,No internet service,No internet service,No internet service,No internet service,No internet service,No internet service,No,No,2,3980
8868-WOZGU,Yes,Yes,Fiber optic,No,Yes,Yes,No,Yes,Yes,Yes,No,7,3981
1200-TUZHR,Yes,Yes,Fiber optic,No,No,No,No,No,Yes,Yes,No,4,3982
9365-CSLBQ,Yes,Yes,No,No internet service,No internet service,No internet service,No internet service,No internet service,No internet service,No,No,2,3983
1334-FJSVR,No,No phone service,DSL,No,No,No,No,No,No,No,No,1,3984
5884-FBCTL,Yes,Yes,No,No internet service,No internet service,No internet service,No internet service,No internet service,No internet service,No,No,2,3985
7130-CTCUS,Yes,No,DSL,Yes,Yes,No,No,No,No,No,Yes,4,3986
6242-FEGFD,Yes,Yes,Fiber optic,Yes,Yes,Yes,Yes,No,No,No,Yes,7,3987
7625-XCQRH,Yes,Yes,Fiber optic,No,No,No,No,No,No,No,No,3,3988
6194-HBGQN,Yes,Yes,DSL,Yes,Yes,Yes,Yes,Yes,No,Yes,Yes,8,3989
7634-WSWDB,No,No phone service,DSL,Yes,No,No,No,No,Yes,Yes,Yes,3,3990
6986-IXNDM,Yes,No,Fiber optic,No,No,No,No,Yes,Yes,Yes,No,4,3991
1731-TVIUK,Yes,Yes,Fiber optic,No,Yes,No,Yes,No,Yes,Yes,Yes,6,3992
2987-BJXIK,Yes,Yes,DSL,Yes,Yes,Yes,No,Yes,Yes,Yes,Yes,8,3993
9769-TSBZE,Yes,Yes,DSL,Yes,Yes,No,Yes,No,No,No,Yes,6,3994
0406-BPDVR,Yes,Yes,Fiber optic,No,Yes,No,No,Yes,Yes,Yes,No,6,3995
0618-XWMSS,Yes,No,Fiber optic,Yes,No,No,No,No,No,No,Yes,3,3996
1395-WSWXR,Yes,No,No,No internet service,No internet service,No internet service,No internet service,No internet service,No internet service,No,No,1,3997
6023-GSSXW,Yes,No,DSL,No,Yes,No,No,No,Yes,Yes,No,4,3998
6752-APNJL,Yes,No,DSL,Yes,Yes,No,No,No,No,No,Yes,4,3999
5276-KQWHG,Yes,No,Fiber optic,No,No,No,No,No,No,No,No,2,4000
0420-HLGXF,Yes,Yes,Fiber optic,No,No,Yes,No,Yes,Yes,Yes,No,6,4001
7446-KQISO,Yes,Yes,Fiber optic,No,Yes,Yes,Yes,Yes,Yes,Yes,Yes,8,4002
9823-EALYC,Yes,Yes,DSL,Yes,Yes,Yes,Yes,Yes,No,Yes,Yes,8,4003
0582-AVCLN,Yes,No,No,No internet service,No internet service,No internet service,No internet service,No internet service,No internet service,No,No,1,4004
5803-NQJZO,Yes,Yes,DSL,Yes,Yes,Yes,Yes,No,No,No,Yes,7,4005
2565-JSLRY,Yes,Yes,No,No internet service,No internet service,No internet service,No internet service,No internet service,No internet service,No,No,2,4006
2607-DHDAK,Yes,No,No,No internet service,No internet service,No internet service,No internet service,No internet service,No internet service,No,No,1,4007
1073-XXCZD,Yes,Yes,No,No internet service,No internet service,No internet service,No internet service,No internet service,No internet service,No,No,2,4008
0743-HRVFF,No,No phone service,DSL,No,No,Yes,Yes,Yes,Yes,Yes,Yes,5,4009
4006-HKYHO,Yes,No,DSL,Yes,Yes,Yes,Yes,Yes,Yes,Yes,Yes,8,4010
3727-JEZTU,Yes,No,No,No internet service,No internet service,No internet service,No internet service,No internet service,No internet service,No,No,1,4011
8143-ETQTI,Yes,No,No,No internet service,No internet service,No internet service,No internet service,No internet service,No internet service,No,No,1,4012
6689-KXGBO,Yes,No,DSL,No,Yes,No,No,No,No,No,No,3,4013
9667-TKTVZ,Yes,Yes,DSL,No,No,No,Yes,No,No,No,Yes,4,4014
3657-COGMW,Yes,Yes,Fiber optic,Yes,Yes,Yes,No,Yes,Yes,Yes,Yes,8,4015
8570-KLJYJ,Yes,Yes,DSL,Yes,No,No,No,No,No,No,Yes,4,4016
7754-IXRMC,Yes,No,DSL,No,No,No,No,No,No,No,No,2,4017
9473-CBZOP,Yes,Yes,DSL,Yes,No,Yes,No,No,No,No,Yes,5,4018
2969-WGHQO,Yes,No,DSL,Yes,Yes,Yes,No,Yes,No,Yes,Yes,6,4019
6615-NGGZJ,Yes,Yes,Fiber optic,No,Yes,No,No,Yes,Yes,Yes,No,6,4020
4334-HOWRP,No,No phone service,DSL,Yes,Yes,Yes,Yes,Yes,Yes,Yes,Yes,7,4021
4255-DDUOU,Yes,No,No,No internet service,No internet service,No internet service,No internet service,No internet service,No internet service,No,No,1,4022
5863-OOKCL,Yes,No,No,No internet service,No internet service,No internet service,No internet service,No internet service,No internet service,No,No,1,4023
1686-STUHN,Yes,No,No,No internet service,No internet service,No internet service,No internet service,No internet service,No internet service,No,No,1,4024
1329-VHWNP,No,No phone service,DSL,No,No,No,No,No,No,No,No,1,4025
2984-MIIZL,Yes,No,Fiber optic,No,No,Yes,No,No,No,No,No,3,4026
0266-GMEAO,Yes,Yes,Fiber optic,Yes,Yes,Yes,Yes,Yes,Yes,Yes,Yes,9,4027
5590-YRFJT,No,No phone service,DSL,No,No,No,No,No,No,No,No,1,4028
5574-NXZIU,Yes,No,Fiber optic,Yes,Yes,Yes,Yes,Yes,Yes,Yes,Yes,8,4029
0019-GFNTW,No,No phone service,DSL,Yes,Yes,Yes,Yes,No,No,No,Yes,5,4030
4256-ZWTZI,Yes,No,DSL,No,No,No,Yes,No,No,No,Yes,3,4031
8309-PPCED,Yes,Yes,Fiber optic,No,Yes,Yes,Yes,Yes,Yes,Yes,Yes,8,4032
4098-NAUKP,Yes,Yes,Fiber optic,No,Yes,Yes,No,No,No,No,No,5,4033
5196-WPYOW,Yes,No,DSL,Yes,Yes,No,Yes,No,No,No,Yes,5,4034
4608-LCIMN,Yes,No,DSL,No,No,No,No,No,No,No,No,2,4035
1485-YDHMM,Yes,Yes,Fiber optic,No,Yes,No,Yes,No,Yes,Yes,Yes,6,4036
4054-CUMIA,Yes,No,No,No internet service,No internet service,No internet service,No internet service,No internet service,No internet service,No,No,1,4037
0603-TPMIB,Yes,Yes,No,No internet service,No internet service,No internet service,No internet service,No internet service,No internet service,No,No,2,4038
2525-GVKQU,Yes,No,No,No internet service,No internet service,No internet service,No internet service,No internet service,No internet service,No,No,1,4039
8161-QYMTT,Yes,Yes,Fiber optic,No,No,No,No,Yes,Yes,Yes,No,5,4040
9581-GVBXT,No,No phone service,DSL,Yes,No,Yes,No,No,No,No,Yes,3,4041
5862-BRIXZ,No,No phone service,DSL,Yes,No,Yes,Yes,Yes,Yes,Yes,Yes,6,4042
5404-GGUKR,Yes,No,DSL,No,Yes,No,No,No,No,No,No,3,4043
3308-JSGML,No,No phone service,DSL,Yes,No,Yes,Yes,Yes,Yes,Yes,Yes,6,4044
2126-GSEGL,Yes,Yes,DSL,No,Yes,Yes,Yes,Yes,Yes,Yes,Yes,8,4045
3677-TNKIO,Yes,No,Fiber optic,No,No,No,No,No,No,No,No,2,4046
0440-QEXBZ,Yes,Yes,DSL,No,No,No,No,No,No,No,No,3,4047
2434-EEVDB,Yes,Yes,Fiber optic,Yes,No,Yes,No,Yes,No,Yes,Yes,6,4048
6762-QVYJO,No,No phone service,DSL,Yes,No,Yes,Yes,Yes,Yes,Yes,Yes,6,4049
6199-IWKGC,Yes,Yes,Fiber optic,No,No,No,Yes,Yes,Yes,Yes,Yes,6,4050
2675-DHUTR,Yes,Yes,Fiber optic,No,Yes,No,No,Yes,Yes,Yes,No,6,4051
8152-VETUR,Yes,Yes,Fiber optic,No,Yes,No,No,Yes,Yes,Yes,No,6,4052
9667-EQRXU,No,No phone service,DSL,No,No,Yes,No,Yes,No,Yes,No,3,4053
7446-YPODE,Yes,Yes,DSL,Yes,Yes,No,No,No,No,No,Yes,5,4054
9522-BNTHX,No,No phone service,DSL,No,Yes,Yes,No,Yes,Yes,Yes,No,5,4055
4676-WLUHT,No,No phone service,DSL,Yes,Yes,No,No,No,Yes,Yes,Yes,4,4056
3329-WDIOK,No,No phone service,DSL,No,Yes,No,No,Yes,Yes,Yes,No,4,4057
7980-MHFLQ,Yes,Yes,No,No internet service,No internet service,No internet service,No internet service,No internet service,No internet service,No,No,2,4058
2873-ZLIWT,Yes,Yes,Fiber optic,No,No,Yes,Yes,No,No,No,Yes,5,4059
3415-TAILE,Yes,No,DSL,No,No,No,No,Yes,Yes,Yes,No,4,4060
0757-WCUUZ,Yes,Yes,DSL,No,No,Yes,No,No,Yes,Yes,No,5,4061
1629-DQQVB,Yes,No,DSL,Yes,No,No,No,No,No,No,Yes,3,4062
1915-IOFGU,Yes,No,Fiber optic,No,No,No,No,No,No,No,No,2,4063
3045-XETSH,Yes,Yes,Fiber optic,No,Yes,Yes,No,No,Yes,Yes,No,6,4064
0374-AACSZ,Yes,No,DSL,Yes,No,No,No,No,No,No,Yes,3,4065
7239-HZZCX,Yes,No,No,No internet service,No internet service,No internet service,No internet service,No internet service,No internet service,No,No,1,4066
4872-VXRIL,Yes,Yes,DSL,Yes,Yes,No,Yes,No,No,No,Yes,6,4067
9140-CZQZZ,Yes,No,DSL,Yes,Yes,No,Yes,Yes,Yes,Yes,Yes,7,4068
3423-HHXAO,Yes,No,No,No internet service,No internet service,No internet service,No internet service,No internet service,No internet service,No,No,1,4069
9938-TKDGL,Yes,No,Fiber optic,Yes,No,No,Yes,Yes,Yes,Yes,Yes,6,4070
0531-ZZJWQ,Yes,Yes,Fiber optic,No,No,No,No,No,No,No,No,3,4071
6537-QLGEX,No,No phone service,DSL,Yes,No,No,No,Yes,No,Yes,Yes,3,4072
2688-BHGOG,Yes,No,Fiber optic,No,No,No,No,No,Yes,Yes,No,3,4073
7683-CBDKJ,Yes,No,DSL,Yes,Yes,No,No,Yes,No,Yes,Yes,5,4074
0946-CLJTI,Yes,Yes,Fiber optic,No,No,Yes,No,Yes,Yes,Yes,No,6,4075
3160-TYXLT,No,No phone service,DSL,Yes,Yes,No,No,No,Yes,Yes,Yes,4,4076
1325-USMEC,Yes,Yes,Fiber optic,Yes,Yes,Yes,No,Yes,No,Yes,Yes,7,4077
0916-QOFDP,Yes,Yes,Fiber optic,No,No,No,No,Yes,Yes,Yes,No,5,4078
0628-CNQRM,Yes,No,DSL,Yes,No,Yes,Yes,Yes,No,Yes,Yes,6,4079
5606-AMZBO,Yes,Yes,Fiber optic,Yes,No,No,No,No,No,No,Yes,4,4080
6199-IPCAO,Yes,Yes,No,No internet service,No internet service,No internet service,No internet service,No internet service,No internet service,No,No,2,4081
7665-TOALD,Yes,No,Fiber optic,No,No,No,No,No,No,No,No,2,4082
0112-QWPNC,Yes,Yes,DSL,Yes,No,Yes,Yes,Yes,Yes,Yes,Yes,8,4083
0324-BRPCJ,Yes,Yes,Fiber optic,No,Yes,No,No,Yes,Yes,Yes,No,6,4084
2777-PHDEI,Yes,No,Fiber optic,No,No,No,No,Yes,No,Yes,No,3,4085
5640-CAXOA,No,No phone service,DSL,No,No,No,Yes,No,Yes,Yes,Yes,3,4086
2235-EZAIK,Yes,Yes,DSL,Yes,Yes,Yes,Yes,Yes,No,Yes,Yes,8,4087
3847-BAERP,Yes,No,No,No internet service,No internet service,No internet service,No internet service,No internet service,No internet service,No,No,1,4088
1196-AMORA,Yes,Yes,Fiber optic,No,No,No,No,No,No,No,No,3,4089
4282-YMKNA,Yes,Yes,Fiber optic,No,No,No,No,No,No,No,No,3,4090
1453-RZFON,Yes,No,DSL,Yes,No,No,No,No,No,No,Yes,3,4091
8263-OKETD,Yes,Yes,DSL,No,Yes,No,Yes,No,Yes,Yes,Yes,6,4092
0670-KDOMA,Yes,No,No,No internet service,No internet service,No internet service,No internet service,No internet service,No internet service,No,No,1,4093
2476-YGEFM,Yes,Yes,Fiber optic,No,No,No,No,No,No,No,No,3,4094
8687-BAFGU,Yes,No,Fiber optic,No,No,No,Yes,No,No,No,Yes,3,4095
0641-EVBOJ,Yes,No,Fiber optic,Yes,No,No,Yes,No,No,No,Yes,4,4096
0829-XXPLX,Yes,No,Fiber optic,Yes,No,Yes,No,Yes,No,Yes,Yes,5,4097
9974-JFBHQ,Yes,No,Fiber optic,No,Yes,No,Yes,Yes,Yes,Yes,Yes,6,4098
5356-RHIPP,Yes,No,No,No internet service,No internet service,No internet service,No internet service,No internet service,No internet service,No,No,1,4099
6624-JDRDS,No,No phone service,DSL,Yes,No,No,No,No,No,No,Yes,2,4100
0608-JDVEC,Yes,No,No,No internet service,No internet service,No internet service,No internet service,No internet service,No internet service,No,No,1,4101
9780-FKVVF,Yes,No,DSL,Yes,No,No,No,No,Yes,Yes,Yes,4,4102
1919-RTPQD,Yes,No,DSL,No,No,No,No,No,No,No,No,2,4103
5214-NLTIT,Yes,Yes,Fiber optic,No,No,Yes,No,No,Yes,Yes,No,5,4104
3345-PBBFH,Yes,No,DSL,No,Yes,No,No,No,No,No,No,3,4105
5055-BRMNE,Yes,Yes,Fiber optic,Yes,No,No,Yes,Yes,Yes,Yes,Yes,7,4106
9189-JWSHV,Yes,Yes,Fiber optic,No,No,No,No,Yes,Yes,Yes,No,5,4107
2190-PHBHR,Yes,Yes,Fiber optic,Yes,Yes,No,No,No,Yes,Yes,Yes,6,4108
2650-GYRYL,Yes,No,No,No internet service,No internet service,No internet service,No internet service,No internet service,No internet service,No,No,1,4109
0746-JTRFU,No,No phone service,DSL,No,No,No,No,No,No,No,No,1,4110
5208-FVQKB,Yes,No,DSL,Yes,Yes,No,Yes,No,Yes,Yes,Yes,6,4111
7184-LRUUR,Yes,No,DSL,No,Yes,Yes,No,Yes,No,Yes,No,5,4112
6627-CFOSN,Yes,Yes,Fiber optic,Yes,Yes,Yes,No,No,Yes,Yes,Yes,7,4113
3982-JGSFD,Yes,No,No,No internet service,No internet service,No internet service,No internet service,No internet service,No internet service,No,No,1,4114
1574-DYCWE,Yes,No,No,No internet service,No internet service,No internet service,No internet service,No internet service,No internet service,No,No,1,4115
7247-XOZPB,Yes,Yes,DSL,Yes,No,Yes,Yes,Yes,No,Yes,Yes,7,4116
2466-FCCPT,Yes,No,No,No internet service,No internet service,No internet service,No internet service,No internet service,No internet service,No,No,1,4117
6211-WWLTF,Yes,No,Fiber optic,Yes,No,Yes,No,Yes,Yes,Yes,Yes,6,4118
4826-TZEVA,Yes,No,Fiber optic,No,Yes,No,No,No,No,No,No,3,4119
6016-NXBNJ,Yes,No,No,No internet service,No internet service,No internet service,No internet service,No internet service,No internet service,No,No,1,4120
9138-EFSMO,Yes,No,Fiber optic,No,No,No,No,No,Yes,Yes,No,3,4121
0576-WNXXC,Yes,Yes,Fiber optic,No,Yes,Yes,No,No,Yes,Yes,No,6,4122
4632-XJMEX,Yes,No,DSL,Yes,Yes,No,Yes,No,No,No,Yes,5,4123
8910-LEDAG,Yes,No,Fiber optic,No,No,No,No,No,No,No,No,2,4124
3452-GWUIN,Yes,Yes,Fiber optic,No,No,No,No,Yes,Yes,Yes,No,5,4125
2716-GFZOR,Yes,No,Fiber optic,Yes,Yes,Yes,No,No,No,No,Yes,5,4126
3724-UCSHY,Yes,No,No,No internet service,No internet service,No internet service,No internet service,No internet service,No internet service,No,No,1,4127
8626-XHBIE,Yes,Yes,No,No internet service,No internet service,No internet service,No internet service,No internet service,No internet service,No,No,2,4128
4628-CTTLA,No,No phone service,DSL,No,Yes,No,No,Yes,No,Yes,No,3,4129
3192-LNKRK,Yes,No,Fiber optic,No,No,Yes,No,Yes,No,Yes,No,4,4130
4439-YRNVD,No,No phone service,DSL,No,Yes,No,Yes,No,No,No,Yes,3,4131
2876-VBBBL,Yes,No,No,No internet service,No internet service,No internet service,No internet service,No internet service,No internet service,No,No,1,4132
6834-NXDCA,No,No phone service,DSL,No,No,No,No,No,No,No,No,1,4133
2208-UGTGR,Yes,Yes,Fiber optic,No,Yes,No,No,Yes,Yes,Yes,No,6,4134
3005-TYFRD,Yes,Yes,Fiber optic,No,Yes,Yes,No,Yes,Yes,Yes,No,7,4135
8670-MEFCP,Yes,Yes,DSL,Yes,Yes,Yes,Yes,Yes,Yes,Yes,Yes,9,4136
3079-BCHLN,Yes,No,No,No internet service,No internet service,No internet service,No internet service,No internet service,No internet service,No,No,1,4137
7777-UNYHB,Yes,No,No,No internet service,No internet service,No internet service,No internet service,No internet service,No internet service,No,No,1,4138
5597-GLBUC,Yes,No,Fiber optic,No,No,Yes,No,Yes,No,Yes,No,4,4139
7278-CKDNC,Yes,Yes,Fiber optic,No,Yes,No,No,No,No,No,No,4,4140
2748-MYRVK,Yes,Yes,Fiber optic,No,Yes,No,No,Yes,Yes,Yes,No,6,4141
8450-UYIBU,No,No phone service,DSL,No,No,Yes,No,Yes,No,Yes,No,3,4142
2969-VAPYH,Yes,No,DSL,Yes,Yes,No,Yes,No,No,No,Yes,5,4143
4822-YCXMX,Yes,Yes,Fiber optic,No,No,No,No,No,Yes,Yes,No,4,4144
7181-OQCUT,Yes,Yes,Fiber optic,Yes,No,Yes,No,Yes,Yes,Yes,Yes,7,4145
8474-UMLNT,Yes,No,DSL,Yes,Yes,No,Yes,No,Yes,Yes,Yes,6,4146
9821-POOTN,Yes,Yes,Fiber optic,No,No,No,No,No,No,No,No,3,4147
3836-FZSDJ,Yes,Yes,No,No internet service,No internet service,No internet service,No internet service,No internet service,No internet service,No,No,2,4148
9142-XMYJH,Yes,No,No,No internet service,No internet service,No internet service,No internet service,No internet service,No internet service,No,No,1,4149
6559-ILWKJ,No,No phone service,DSL,No,Yes,No,No,Yes,Yes,Yes,No,4,4150
0187-QSXOE,Yes,No,Fiber optic,No,No,No,No,Yes,Yes,Yes,No,4,4151
7733-UDMTP,No,No phone service,DSL,No,Yes,Yes,No,Yes,Yes,Yes,No,5,4152
2649-HWLYB,Yes,Yes,DSL,Yes,No,Yes,Yes,No,Yes,Yes,Yes,7,4153
5214-CHIWJ,Yes,No,No,No internet service,No internet service,No internet service,No internet service,No internet service,No internet service,No,No,1,4154
4229-CZMLL,Yes,Yes,Fiber optic,No,No,No,No,No,No,No,No,3,4155
6904-JLBGY,Yes,Yes,Fiber optic,Yes,Yes,Yes,Yes,Yes,Yes,Yes,Yes,9,4156
2465-BLLEU,Yes,No,No,No internet service,No internet service,No internet service,No internet service,No internet service,No internet service,No,No,1,4157
1685-VAYJF,Yes,No,DSL,No,No,No,No,No,No,No,No,2,4158
8874-EJNSR,Yes,Yes,No,No internet service,No internet service,No internet service,No internet service,No internet service,No internet service,No,No,2,4159
6917-YACBP,Yes,Yes,Fiber optic,Yes,Yes,Yes,No,No,No,No,Yes,6,4160
5049-MUBWG,Yes,No,DSL,Yes,No,No,Yes,Yes,Yes,Yes,Yes,6,4161
4223-WOZCM,Yes,No,DSL,No,No,Yes,No,No,No,No,No,3,4162
0769-MURVM,No,No phone service,DSL,Yes,Yes,Yes,Yes,Yes,Yes,Yes,Yes,7,4163
9253-VIFJQ,Yes,Yes,DSL,Yes,Yes,Yes,No,No,No,No,Yes,6,4164
7030-FZTFM,Yes,Yes,Fiber optic,No,Yes,Yes,Yes,Yes,Yes,Yes,Yes,8,4165
9741-YLNTD,Yes,Yes,Fiber optic,No,No,No,Yes,No,Yes,Yes,Yes,5,4166
5917-RYRMG,Yes,No,No,No internet service,No internet service,No internet service,No internet service,No internet service,No internet service,No,No,1,4167
5120-ZBLAI,Yes,Yes,DSL,No,No,Yes,No,Yes,Yes,Yes,No,6,4168
1194-BHJYC,No,No phone service,DSL,Yes,No,Yes,Yes,Yes,Yes,Yes,Yes,6,4169
3663-MITLP,Yes,No,Fiber optic,No,Yes,Yes,No,Yes,Yes,Yes,No,6,4170
0906-QVPMS,Yes,Yes,Fiber optic,Yes,Yes,Yes,Yes,Yes,Yes,Yes,Yes,9,4171
9025-ZRPVR,Yes,No,No,No internet service,No internet service,No internet service,No internet service,No internet service,No internet service,No,No,1,4172
1905-OEILC,Yes,No,No,No internet service,No internet service,No internet service,No internet service,No internet service,No internet service,No,No,1,4173
7858-GTZSP,Yes,Yes,Fiber optic,No,No,No,No,No,Yes,Yes,No,4,4174
3285-UCQVC,No,No phone service,DSL,No,No,No,Yes,No,No,No,Yes,2,4175
6248-BSHKG,Yes,No,No,No internet service,No internet service,No internet service,No internet service,No internet service,No internet service,No,No,1,4176
4685-TFLLS,Yes,No,No,No internet service,No internet service,No internet service,No internet service,No internet service,No internet service,No,No,1,4177
3470-BTGQO,Yes,No,DSL,No,No,No,No,No,No,No,No,2,4178
1209-VFFOC,No,No phone service,DSL,Yes,Yes,Yes,Yes,No,Yes,Yes,Yes,6,4179
8224-DWCKX,Yes,Yes,Fiber optic,No,No,No,No,No,No,No,No,3,4180
5482-PLVPE,No,No phone service,DSL,No,No,No,No,No,No,No,No,1,4181
4553-DVPZG,Yes,Yes,Fiber optic,No,No,Yes,No,Yes,Yes,Yes,No,6,4182
4902-OHLSK,Yes,Yes,Fiber optic,No,No,No,Yes,Yes,Yes,Yes,Yes,6,4183
6917-IAYHD,No,No phone service,DSL,No,Yes,No,Yes,No,No,No,Yes,3,4184
0495-ZBNGW,Yes,Yes,Fiber optic,No,No,Yes,No,No,No,No,No,4,4185
8620-RJPZN,Yes,No,No,No internet service,No internet service,No internet service,No internet service,No internet service,No internet service,No,No,1,4186
7572-KPVKK,Yes,Yes,Fiber optic,No,No,Yes,Yes,Yes,Yes,Yes,Yes,7,4187
2642-MAWLJ,Yes,No,No,No internet service,No internet service,No internet service,No internet service,No internet service,No internet service,No,No,1,4188
2357-COQEK,Yes,Yes,Fiber optic,No,No,Yes,Yes,Yes,Yes,Yes,Yes,7,4189
7103-ZGVNT,Yes,Yes,DSL,Yes,Yes,No,Yes,Yes,No,Yes,Yes,7,4190
3737-GCSPV,Yes,Yes,Fiber optic,Yes,No,No,Yes,Yes,No,Yes,Yes,6,4191
2027-WKXMW,Yes,Yes,Fiber optic,No,Yes,Yes,Yes,Yes,Yes,Yes,Yes,8,4192
7137-NAXML,Yes,No,No,No internet service,No internet service,No internet service,No internet service,No internet service,No internet service,No,No,1,4193
2428-ZMCTB,Yes,No,No,No internet service,No internet service,No internet service,No internet service,No internet service,No internet service,No,No,1,4194
2961-VNFKL,Yes,Yes,No,No internet service,No internet service,No internet service,No internet service,No internet service,No internet service,No,No,2,4195
1768-HNVGJ,Yes,Yes,DSL,Yes,No,No,Yes,No,Yes,Yes,Yes,6,4196
6963-KQYQB,Yes,Yes,No,No internet service,No internet service,No internet service,No internet service,No internet service,No internet service,No,No,2,4197
5934-RMPOV,Yes,Yes,Fiber optic,No,No,No,No,No,Yes,Yes,No,4,4198
1207-BLKSA,Yes,Yes,No,No internet service,No internet service,No internet service,No internet service,No internet service,No internet service,No,No,2,4199
4088-YLDSU,Yes,Yes,Fiber optic,No,No,Yes,Yes,Yes,Yes,Yes,Yes,7,4200
8316-BBQAY,No,No phone service,DSL,Yes,No,Yes,Yes,Yes,Yes,Yes,Yes,6,4201
1166-PQLGG,Yes,No,No,No internet service,No internet service,No internet service,No internet service,No internet service,No internet service,No,No,1,4202
3146-JTQHR,Yes,No,No,No internet service,No internet service,No internet service,No internet service,No internet service,No internet service,No,No,1,4203
4291-YZODP,Yes,No,No,No internet service,No internet service,No internet service,No internet service,No internet service,No internet service,No,No,1,4204
4395-PZMSN,Yes,No,Fiber optic,No,Yes,No,No,No,Yes,Yes,No,4,4205
6427-FEFIG,Yes,Yes,DSL,Yes,No,Yes,No,Yes,Yes,Yes,Yes,7,4206
0017-IUDMW,Yes,Yes,Fiber optic,Yes,Yes,Yes,Yes,Yes,Yes,Yes,Yes,9,4207
8706-HRADD,No,No phone service,DSL,Yes,No,No,Yes,Yes,No,Yes,Yes,4,4208
9955-QOPOY,No,No phone service,DSL,No,Yes,Yes,Yes,Yes,Yes,Yes,Yes,6,4209
4385-ZKVNW,Yes,No,DSL,No,Yes,No,Yes,No,No,No,Yes,4,4210
5446-DKWYW,Yes,Yes,DSL,No,No,Yes,No,Yes,No,Yes,No,5,4211
2034-CGRHZ,Yes,Yes,Fiber optic,No,Yes,Yes,No,Yes,Yes,Yes,No,7,4212
5797-APWZC,Yes,No,Fiber optic,No,No,No,No,Yes,Yes,Yes,No,4,4213
3683-QKIUE,Yes,No,DSL,No,No,No,Yes,No,No,No,Yes,3,4214
4228-ZGYUW,Yes,Yes,Fiber optic,No,Yes,No,No,No,Yes,Yes,No,5,4215
9031-ZVQPT,Yes,Yes,Fiber optic,No,Yes,Yes,Yes,Yes,Yes,Yes,Yes,8,4216
2990-IAJSV,Yes,Yes,DSL,Yes,Yes,Yes,Yes,Yes,Yes,Yes,Yes,9,4217
8107-KNCIM,Yes,Yes,Fiber optic,No,No,No,No,No,No,No,No,3,4218
9027-YFHQJ,Yes,Yes,No,No internet service,No internet service,No internet service,No internet service,No internet service,No internet service,No,No,2,4219
5176-LDKUH,Yes,No,Fiber optic,No,Yes,No,No,No,No,No,No,3,4220
4644-OBGFZ,Yes,No,No,No internet service,No internet service,No internet service,No internet service,No internet service,No internet service,No,No,1,4221
7926-IJOOU,Yes,No,No,No internet service,No internet service,No internet service,No internet service,No internet service,No internet service,No,No,1,4222
6480-YAGIY,Yes,No,Fiber optic,Yes,Yes,Yes,Yes,Yes,Yes,Yes,Yes,8,4223
4029-HPFVY,Yes,No,Fiber optic,No,No,No,No,No,No,No,No,2,4224
7602-DBTOU,Yes,No,No,No internet service,No internet service,No internet service,No internet service,No internet service,No internet service,No,No,1,4225
5345-BMKWB,Yes,No,No,No internet service,No internet service,No internet service,No internet service,No internet service,No internet service,No,No,1,4226
3519-ZKXGG,Yes,Yes,Fiber optic,No,No,No,No,No,No,No,No,3,4227
5457-COLHT,Yes,No,DSL,Yes,Yes,No,Yes,Yes,Yes,Yes,Yes,7,4228
6416-TVAIH,Yes,No,Fiber optic,No,No,No,No,No,No,No,No,2,4229
5451-YHYPW,Yes,Yes,Fiber optic,Yes,Yes,Yes,Yes,Yes,Yes,Yes,Yes,9,4230
5108-ADXWO,Yes,No,Fiber optic,Yes,No,No,No,No,No,No,Yes,3,4231
7998-WNZEM,Yes,Yes,DSL,Yes,Yes,Yes,Yes,No,Yes,Yes,Yes,8,4232
3066-RRJIO,Yes,No,Fiber optic,No,No,No,No,No,No,No,No,2,4233
4664-NJCMS,No,No phone service,DSL,Yes,No,Yes,Yes,Yes,Yes,Yes,Yes,6,4234
0307-BCOPK,Yes,No,No,No internet service,No internet service,No internet service,No internet service,No internet service,No internet service,No,No,1,4235
7629-WFGLW,Yes,Yes,Fiber optic,Yes,Yes,Yes,Yes,No,No,No,Yes,7,4236
2542-HYGIQ,Yes,No,No,No internet service,No internet service,No internet service,No internet service,No internet service,No internet service,No,No,1,4237
6715-OFDBP,Yes,No,DSL,No,No,Yes,No,Yes,Yes,Yes,No,5,4238
5016-LIPDW,Yes,No,No,No internet service,No internet service,No internet service,No internet service,No internet service,No internet service,No,No,1,4239
6481-LXPWL,No,No phone service,DSL,No,Yes,Yes,No,No,No,No,No,3,4240
1567-DSCIC,Yes,Yes,Fiber optic,No,Yes,Yes,No,Yes,No,Yes,No,6,4241
2150-UWTFY,Yes,No,DSL,Yes,Yes,Yes,No,No,No,No,Yes,5,4242
6124-ACRHJ,Yes,No,No,No internet service,No internet service,No internet service,No internet service,No internet service,No internet service,No,No,1,4243
9362-MWODR,Yes,No,DSL,Yes,No,No,Yes,Yes,No,Yes,Yes,5,4244
9975-GPKZU,Yes,No,No,No internet service,No internet service,No internet service,No internet service,No internet service,No internet service,No,No,1,4245
9625-RZFUK,Yes,No,No,No internet service,No internet service,No internet service,No internet service,No internet service,No internet service,No,No,1,4246
5153-LXKDT,Yes,Yes,Fiber optic,Yes,Yes,Yes,No,Yes,Yes,Yes,Yes,8,4247
5161-UBZXI,Yes,No,Fiber optic,Yes,Yes,No,Yes,Yes,Yes,Yes,Yes,7,4248
1020-JPQOW,Yes,Yes,Fiber optic,No,Yes,Yes,Yes,No,No,No,Yes,6,4249
7919-ZODZZ,Yes,No,DSL,No,Yes,Yes,No,No,Yes,Yes,No,5,4250
0565-JUPYD,Yes,Yes,Fiber optic,Yes,Yes,Yes,Yes,Yes,No,Yes,Yes,8,4251
6867-ACCZI,No,No phone service,DSL,Yes,Yes,Yes,Yes,No,Yes,Yes,Yes,6,4252
5939-XAIXZ,Yes,Yes,DSL,No,No,Yes,No,No,No,No,No,4,4253
9054-FOWNV,Yes,Yes,Fiber optic,No,No,Yes,No,Yes,No,Yes,No,5,4254
2683-BPJSO,Yes,Yes,Fiber optic,Yes,Yes,No,No,No,No,No,Yes,5,4255
2157-MXBJS,Yes,Yes,DSL,No,No,Yes,No,Yes,Yes,Yes,No,6,4256
8207-VVMYB,Yes,Yes,No,No internet service,No internet service,No internet service,No internet service,No internet service,No internet service,No,No,2,4257
9732-EQMWY,Yes,No,Fiber optic,No,Yes,Yes,No,Yes,Yes,Yes,No,6,4258
9360-AHGNL,Yes,Yes,Fiber optic,Yes,No,Yes,Yes,Yes,Yes,Yes,Yes,8,4259
1087-UDSIH,Yes,No,No,No internet service,No internet service,No internet service,No internet service,No internet service,No internet service,No,No,1,4260
5269-NRGDP,Yes,No,DSL,No,No,Yes,Yes,Yes,Yes,Yes,Yes,6,4261
6195-MELTI,Yes,No,DSL,No,Yes,No,Yes,No,No,No,Yes,4,4262
5485-WUYWF,Yes,No,DSL,Yes,No,Yes,No,Yes,No,Yes,Yes,5,4263
2121-JAFOM,Yes,Yes,Fiber optic,Yes,Yes,Yes,Yes,Yes,Yes,Yes,Yes,9,4264
8818-DOPVL,Yes,Yes,Fiber optic,No,Yes,Yes,No,Yes,Yes,Yes,No,7,4265
2632-UCGVD,Yes,Yes,Fiber optic,No,No,No,Yes,Yes,Yes,Yes,Yes,6,4266
5445-PZWGX,Yes,Yes,Fiber optic,Yes,Yes,No,Yes,No,Yes,Yes,Yes,7,4267
1227-UDMZR,Yes,Yes,DSL,Yes,Yes,Yes,Yes,Yes,Yes,Yes,Yes,9,4268
5198-HQAEN,Yes,No,Fiber optic,No,Yes,No,Yes,Yes,No,Yes,Yes,5,4269
9170-CCKOU,Yes,Yes,Fiber optic,Yes,Yes,Yes,No,No,No,No,Yes,6,4270
2167-FQSTQ,Yes,Yes,DSL,Yes,Yes,Yes,Yes,Yes,Yes,Yes,Yes,9,4271
2819-GWENI,Yes,No,No,No internet service,No internet service,No internet service,No internet service,No internet service,No internet service,No,No,1,4272
1043-YCUTE,Yes,Yes,No,No internet service,No internet service,No internet service,No internet service,No internet service,No internet service,No,No,2,4273
3814-MLAXC,Yes,Yes,Fiber optic,No,No,No,Yes,No,No,No,Yes,4,4274
3572-UUHRS,Yes,No,No,No internet service,No internet service,No internet service,No internet service,No internet service,No internet service,No,No,1,4275
2692-PFYTJ,Yes,Yes,No,No internet service,No internet service,No internet service,No internet service,No internet service,No internet service,No,No,2,4276
1226-UDFZR,Yes,No,DSL,No,Yes,No,No,No,No,No,No,3,4277
5955-EPOAZ,Yes,No,No,No internet service,No internet service,No internet service,No internet service,No internet service,No internet service,No,No,1,4278
6821-JPCDC,Yes,No,Fiber optic,No,Yes,Yes,No,Yes,Yes,Yes,No,6,4279
8815-LMFLX,Yes,Yes,No,No internet service,No internet service,No internet service,No internet service,No internet service,No internet service,No,No,2,4280
9135-HSWOC,Yes,No,No,No internet service,No internet service,No internet service,No internet service,No internet service,No internet service,No,No,1,4281
8582-KRHPJ,No,No phone service,DSL,Yes,Yes,No,No,No,No,No,Yes,3,4282
5811-IWXYM,Yes,Yes,Fiber optic,No,No,Yes,No,Yes,Yes,Yes,No,6,4283
7044-YAACC,Yes,No,Fiber optic,No,No,No,No,No,No,No,No,2,4284
8189-XRIKE,Yes,No,Fiber optic,No,No,No,No,Yes,Yes,Yes,No,4,4285
1506-YJTYT,Yes,Yes,DSL,Yes,Yes,No,Yes,Yes,No,Yes,Yes,7,4286
4123-DVHPH,Yes,Yes,Fiber optic,Yes,No,No,No,No,Yes,Yes,Yes,5,4287
6425-YQLLO,Yes,Yes,Fiber optic,No,No,Yes,Yes,Yes,Yes,Yes,Yes,7,4288
5442-UTCVD,Yes,Yes,Fiber optic,No,No,Yes,No,No,Yes,Yes,No,5,4289
2228-BZDEE,Yes,No,No,No internet service,No internet service,No internet service,No internet service,No internet service,No internet service,No,No,1,4290
7734-DBOAI,No,No phone service,DSL,No,No,No,Yes,Yes,No,Yes,Yes,3,4291
2789-CZANW,Yes,Yes,Fiber optic,Yes,Yes,No,Yes,Yes,Yes,Yes,Yes,8,4292
2091-RFFBA,Yes,Yes,Fiber optic,No,No,No,No,No,No,No,No,3,4293
2114-MGINA,Yes,No,Fiber optic,No,No,No,No,Yes,Yes,Yes,No,4,4294
7596-LDUXP,Yes,No,Fiber optic,Yes,No,No,No,Yes,No,Yes,Yes,4,4295
3740-RLMVT,Yes,No,DSL,Yes,Yes,No,Yes,No,No,No,Yes,5,4296
4489-SNOJF,Yes,Yes,DSL,Yes,No,Yes,Yes,Yes,No,Yes,Yes,7,4297
2192-OZITF,Yes,Yes,DSL,Yes,No,No,Yes,No,Yes,Yes,Yes,6,4298
5651-CPDND,Yes,No,DSL,No,No,No,No,No,No,No,No,2,4299
2186-QZEYA,Yes,Yes,DSL,Yes,Yes,No,No,No,No,No,Yes,5,4300
1131-ALZWV,Yes,Yes,No,No internet service,No internet service,No internet service,No internet service,No internet service,No internet service,No,No,2,4301
7729-XBTWX,Yes,No,No,No internet service,No internet service,No internet service,No internet service,No internet service,No internet service,No,No,1,4302
9134-WYRVP,Yes,No,Fiber optic,Yes,No,No,No,Yes,No,Yes,Yes,4,4303
3284-SVCRO,Yes,Yes,No,No internet service,No internet service,No internet service,No internet service,No internet service,No internet service,No,No,2,4304
9732-OUYRN,Yes,No,No,No internet service,No internet service,No internet service,No internet service,No internet service,No internet service,No,No,1,4305
0559-CKHUS,Yes,No,No,No internet service,No internet service,No internet service,No internet service,No internet service,No internet service,No,No,1,4306
2931-SVLTV,Yes,Yes,Fiber optic,Yes,Yes,No,Yes,Yes,Yes,Yes,Yes,8,4307
6899-PPEEA,Yes,Yes,Fiber optic,No,No,No,No,Yes,Yes,Yes,No,5,4308
7504-UWHNB,Yes,No,Fiber optic,No,No,No,No,No,No,No,No,2,4309
2582-FFFZR,No,No phone service,DSL,No,No,Yes,No,Yes,Yes,Yes,No,4,4310
8908-NMQTX,No,No phone service,DSL,Yes,Yes,Yes,Yes,Yes,Yes,Yes,Yes,7,4311
2187-LZGPL,No,No phone service,DSL,No,Yes,No,No,No,Yes,Yes,No,3,4312
1431-AIDJQ,Yes,No,DSL,No,Yes,Yes,Yes,Yes,Yes,Yes,Yes,7,4313
6288-LBEAR,Yes,No,Fiber optic,No,Yes,No,Yes,No,No,No,Yes,4,4314
4597-NUCQV,Yes,Yes,Fiber optic,No,Yes,No,No,Yes,Yes,Yes,No,6,4315
9019-QVLZD,Yes,No,Fiber optic,No,No,No,No,Yes,No,Yes,No,3,4316
8413-YNHNV,Yes,Yes,DSL,Yes,Yes,Yes,Yes,Yes,Yes,Yes,Yes,9,4317
5808-TOTXO,Yes,No,No,No internet service,No internet service,No internet service,No internet service,No internet service,No internet service,No,No,1,4318
4369-NYSCF,Yes,No,DSL,No,Yes,No,Yes,Yes,Yes,Yes,Yes,6,4319
6333-YDVLT,Yes,Yes,Fiber optic,Yes,No,Yes,Yes,Yes,Yes,Yes,Yes,8,4320
5324-KTGCG,Yes,No,No,No internet service,No internet service,No internet service,No internet service,No internet service,No internet service,No,No,1,4321
5599-HVLTW,Yes,Yes,Fiber optic,No,No,Yes,No,No,No,No,No,4,4322
7394-LWLYN,Yes,No,Fiber optic,No,No,No,No,No,No,No,No,2,4323
3707-LRWZD,Yes,Yes,Fiber optic,No,No,No,No,Yes,No,Yes,No,4,4324
6873-UDNLD,Yes,No,DSL,Yes,No,Yes,No,No,Yes,Yes,Yes,5,4325
2700-LUEVA,Yes,No,No,No internet service,No internet service,No internet service,No internet service,No internet service,No internet service,No,No,1,4326
1455-ESIQH,Yes,No,Fiber optic,No,No,No,No,Yes,Yes,Yes,No,4,4327
0958-YHXGP,Yes,No,Fiber optic,No,No,No,No,No,No,No,No,2,4328
1101-SSWAG,Yes,Yes,DSL,No,No,No,No,No,No,No,No,3,4329
2979-SXESE,Yes,Yes,Fiber optic,Yes,No,Yes,No,Yes,No,Yes,Yes,6,4330
4013-TLDHQ,Yes,No,Fiber optic,No,Yes,Yes,No,No,No,No,No,4,4331
5743-KHMNA,Yes,Yes,No,No internet service,No internet service,No internet service,No internet service,No internet service,No internet service,No,No,2,4332
4194-FJARJ,Yes,Yes,DSL,Yes,No,No,Yes,No,No,No,Yes,5,4333
5325-UWTWJ,Yes,Yes,Fiber optic,Yes,Yes,No,Yes,No,No,No,Yes,6,4334
3969-GYXEL,Yes,No,Fiber optic,Yes,No,No,No,No,No,No,Yes,3,4335
9208-OLGAQ,Yes,No,Fiber optic,No,No,Yes,No,No,Yes,Yes,No,4,4336
3244-CQPHU,Yes,Yes,Fiber optic,Yes,Yes,No,Yes,Yes,Yes,Yes,Yes,8,4337
2674-MLXMN,Yes,Yes,Fiber optic,No,Yes,No,No,Yes,Yes,Yes,No,6,4338
9708-HPXWZ,No,No phone service,DSL,No,No,Yes,Yes,Yes,No,Yes,Yes,4,4339
6992-TKNYO,Yes,Yes,DSL,No,No,Yes,Yes,No,Yes,Yes,Yes,6,4340
4468-YDOVK,Yes,No,DSL,No,No,No,Yes,No,No,No,Yes,3,4341
3754-DXMRT,Yes,No,DSL,No,No,No,No,No,No,No,No,2,4342
5792-JALQC,Yes,Yes,DSL,Yes,No,Yes,No,No,No,No,Yes,5,4343
7130-VTEWQ,Yes,Yes,Fiber optic,No,No,No,No,No,No,No,No,3,4344
2200-DSAAL,Yes,Yes,DSL,No,Yes,Yes,No,Yes,Yes,Yes,No,7,4345
4302-ZYFEL,Yes,No,No,No internet service,No internet service,No internet service,No internet service,No internet service,No internet service,No,No,1,4346
9351-LZYGF,Yes,Yes,DSL,Yes,Yes,No,Yes,No,No,No,Yes,6,4347
4366-CTOUZ,Yes,No,Fiber optic,No,Yes,No,Yes,Yes,Yes,Yes,Yes,6,4348
6121-VZNQB,Yes,No,No,No internet service,No internet service,No internet service,No internet service,No internet service,No internet service,No,No,1,4349
7903-CMPEY,Yes,Yes,Fiber optic,Yes,No,No,No,No,No,No,Yes,4,4350
1518-OMDIK,Yes,No,DSL,No,No,No,No,No,No,No,No,2,4351
6671-NGWON,Yes,No,No,No internet service,No internet service,No internet service,No internet service,No internet service,No internet service,No,No,1,4352
0595-ITUDF,Yes,Yes,Fiber optic,Yes,Yes,Yes,No,No,No,No,Yes,6,4353
6996-KNSML,Yes,No,Fiber optic,No,No,Yes,No,No,No,No,No,3,4354
1955-IBMMB,Yes,No,No,No internet service,No internet service,No internet service,No internet service,No internet service,No internet service,No,No,1,4355
0096-BXERS,Yes,Yes,DSL,No,No,No,No,No,No,No,No,3,4356
3806-YAZOV,Yes,No,No,No internet service,No internet service,No internet service,No internet service,No internet service,No internet service,No,No,1,4357
7998-ZLXWN,Yes,No,No,No internet service,No internet service,No internet service,No internet service,No internet service,No internet service,No,No,1,4358
6253-WRFHY,Yes,No,DSL,No,No,No,No,Yes,Yes,Yes,No,4,4359
9133-AYJZG,Yes,Yes,Fiber optic,No,Yes,No,No,Yes,Yes,Yes,No,6,4360
2675-OTVVJ,Yes,Yes,Fiber optic,Yes,No,No,No,Yes,No,Yes,Yes,5,4361
8680-CGLTP,Yes,No,DSL,Yes,Yes,No,Yes,No,No,No,Yes,5,4362
8430-TWCBX,Yes,No,No,No internet service,No internet service,No internet service,No internet service,No internet service,No internet service,No,No,1,4363
5018-GWURO,Yes,Yes,Fiber optic,No,No,No,No,Yes,No,Yes,No,4,4364
6741-QRLUP,Yes,Yes,DSL,Yes,Yes,Yes,Yes,No,Yes,Yes,Yes,8,4365
4737-HOBAX,Yes,Yes,DSL,No,No,Yes,Yes,Yes,Yes,Yes,Yes,7,4366
0537-QYZZN,Yes,Yes,Fiber optic,Yes,No,No,No,No,No,No,Yes,4,4367
3340-QBBFM,Yes,No,DSL,No,No,Yes,Yes,No,No,No,Yes,4,4368
1704-NRWYE,Yes,No,Fiber optic,No,No,No,No,Yes,No,Yes,No,3,4369
2592-SEIFQ,No,No phone service,DSL,No,No,No,No,No,No,No,No,1,4370
8200-KLNYW,Yes,No,DSL,Yes,No,Yes,Yes,Yes,Yes,Yes,Yes,7,4371
3372-CDXFJ,Yes,Yes,No,No internet service,No internet service,No internet service,No internet service,No internet service,No internet service,No,No,2,4372
4781-ZXYGU,Yes,No,No,No internet service,No internet service,No internet service,No internet service,No internet service,No internet service,No,No,1,4373
7632-YUTXB,Yes,No,No,No internet service,No internet service,No internet service,No internet service,No internet service,No internet service,No,No,1,4374
2718-YSKCS,Yes,No,No,No internet service,No internet service,No internet service,No internet service,No internet service,No internet service,No,No,1,4375
9896-UYMIE,Yes,Yes,Fiber optic,Yes,Yes,Yes,Yes,Yes,Yes,Yes,Yes,9,4376
0853-NWIFK,Yes,No,Fiber optic,Yes,Yes,No,No,Yes,Yes,Yes,Yes,6,4377
8212-CRQXP,Yes,No,Fiber optic,No,No,No,No,Yes,No,Yes,No,3,4378
6980-CDGFC,Yes,No,No,No internet service,No internet service,No internet service,No internet service,No internet service,No internet service,No,No,1,4379
7691-XVTZH,Yes,Yes,Fiber optic,No,No,Yes,No,Yes,No,Yes,No,5,4380
2520-SGTTA,Yes,No,No,No internet service,No internet service,No internet service,No internet service,No internet service,No internet service,No,No,1,4381
7481-ATQQS,Yes,Yes,Fiber optic,No,No,Yes,No,No,Yes,Yes,No,5,4382
2277-VWCNI,Yes,Yes,DSL,No,No,No,No,No,No,No,No,3,4383
1088-CNNKB,Yes,Yes,DSL,Yes,Yes,Yes,Yes,No,Yes,Yes,Yes,8,4384
8642-GVWRF,Yes,No,Fiber optic,No,Yes,Yes,No,No,No,No,No,4,4385
1930-BZLHI,Yes,No,No,No internet service,No internet service,No internet service,No internet service,No internet service,No internet service,No,No,1,4386
3400-ESFUW,Yes,No,DSL,Yes,Yes,No,Yes,No,No,No,Yes,5,4387
5868-YTYKS,Yes,No,No,No internet service,No internet service,No internet service,No internet service,No internet service,No internet service,No,No,1,4388
3525-DVKFN,Yes,No,No,No internet service,No internet service,No internet service,No internet service,No internet service,No internet service,No,No,1,4389
1482-OXZSY,Yes,Yes,Fiber optic,Yes,No,No,No,Yes,Yes,Yes,Yes,6,4390
0377-JBKKT,Yes,No,DSL,Yes,Yes,No,Yes,No,No,No,Yes,5,4391
5778-BVOFB,Yes,No,DSL,No,No,No,Yes,Yes,No,Yes,Yes,4,4392
3373-YZZYM,Yes,No,No,No internet service,No internet service,No internet service,No internet service,No internet service,No internet service,No,No,1,4393
2057-ZBLPD,Yes,Yes,Fiber optic,No,No,No,No,No,Yes,Yes,No,4,4394
0228-MAUWC,Yes,Yes,DSL,No,No,Yes,Yes,No,No,No,Yes,5,4395
5502-RLUYV,Yes,Yes,Fiber optic,No,Yes,Yes,No,Yes,Yes,Yes,No,7,4396
0023-HGHWL,No,No phone service,DSL,No,No,No,No,No,No,No,No,1,4397
7663-YJHSN,Yes,Yes,Fiber optic,Yes,Yes,Yes,Yes,Yes,No,Yes,Yes,8,4398
4915-BFSXL,Yes,Yes,DSL,Yes,No,Yes,No,Yes,No,Yes,Yes,6,4399
3086-RUCRN,Yes,Yes,Fiber optic,Yes,Yes,Yes,Yes,No,Yes,Yes,Yes,8,4400
5215-LNLDJ,No,No phone service,DSL,No,No,No,No,No,No,No,No,1,4401
7576-JMYWV,Yes,Yes,Fiber optic,Yes,Yes,No,Yes,Yes,Yes,Yes,Yes,8,4402
9039-RBEEE,No,No phone service,DSL,Yes,Yes,No,Yes,Yes,No,Yes,Yes,5,4403
0257-KXZGU,Yes,Yes,DSL,No,Yes,Yes,No,No,No,No,No,5,4404
1307-ATKGB,Yes,No,Fiber optic,No,Yes,Yes,No,No,Yes,Yes,No,5,4405
8417-FMLZI,Yes,No,Fiber optic,No,Yes,No,No,No,Yes,Yes,No,4,4406
3714-XPXBW,Yes,Yes,DSL,Yes,Yes,Yes,Yes,Yes,No,Yes,Yes,8,4407
1850-AKQEP,Yes,No,No,No internet service,No internet service,No internet service,No internet service,No internet service,No internet service,No,No,1,4408
2824-DXNKN,Yes,Yes,DSL,Yes,No,Yes,No,Yes,No,Yes,Yes,6,4409
5227-JSCFE,No,No phone service,DSL,Yes,Yes,Yes,Yes,No,No,No,Yes,5,4410
0848-ZGQIJ,Yes,No,Fiber optic,No,Yes,No,No,Yes,Yes,Yes,No,5,4411
3621-CHYVB,No,No phone service,DSL,Yes,No,Yes,Yes,No,Yes,Yes,Yes,5,4412
8042-RNLKO,Yes,Yes,No,No internet service,No internet service,No internet service,No internet service,No internet service,No internet service,No,No,2,4413
1792-UXAFY,Yes,No,Fiber optic,No,Yes,Yes,No,Yes,No,Yes,No,5,4414
5372-FBKBN,Yes,No,No,No internet service,No internet service,No internet service,No internet service,No internet service,No internet service,No,No,1,4415
0420-TXVSG,Yes,Yes,DSL,Yes,Yes,Yes,No,No,No,No,Yes,6,4416
6217-TOWGS,Yes,Yes,DSL,No,Yes,No,No,Yes,Yes,Yes,No,6,4417
0515-YPMCW,Yes,No,Fiber optic,No,No,No,No,No,No,No,No,2,4418
0378-XSZPU,Yes,No,DSL,Yes,Yes,Yes,No,No,No,No,Yes,5,4419
1045-LTCYT,Yes,No,No,No internet service,No internet service,No internet service,No internet service,No internet service,No internet service,No,No,1,4420
1544-JJMYL,Yes,No,DSL,Yes,No,Yes,Yes,Yes,No,Yes,Yes,6,4421
4636-JGAAI,Yes,Yes,Fiber optic,No,Yes,No,No,No,Yes,Yes,No,5,4422
6874-SGLHU,Yes,No,Fiber optic,No,Yes,No,No,Yes,Yes,Yes,No,5,4423
5951-AOFIH,Yes,No,DSL,No,Yes,Yes,No,Yes,No,Yes,No,5,4424
4729-XKASR,No,No phone service,DSL,No,No,No,No,No,No,No,No,1,4425
3059-NGMXB,Yes,Yes,DSL,Yes,Yes,No,No,No,Yes,Yes,Yes,6,4426
8652-YHIYU,Yes,Yes,Fiber optic,No,No,No,Yes,No,No,No,Yes,4,4427
5278-PNYOX,Yes,No,Fiber optic,No,No,Yes,Yes,Yes,Yes,Yes,Yes,6,4428
5449-FIBXJ,Yes,Yes,Fiber optic,No,No,Yes,Yes,Yes,Yes,Yes,Yes,7,4429
3486-HOOGQ,Yes,Yes,DSL,Yes,Yes,Yes,Yes,Yes,No,Yes,Yes,8,4430
5061-PBXFW,Yes,No,DSL,Yes,Yes,No,Yes,No,No,No,Yes,5,4431
8630-FJLIB,Yes,No,Fiber optic,No,No,No,No,No,No,No,No,2,4432
3891-NLXJB,No,No phone service,DSL,Yes,Yes,No,Yes,No,No,No,Yes,4,4433
4749-OJKQU,Yes,Yes,Fiber optic,No,No,No,No,No,No,No,No,3,4434
0577-WHMEV,Yes,Yes,Fiber optic,Yes,Yes,Yes,No,No,No,No,Yes,6,4435
5453-AXEPF,Yes,Yes,Fiber optic,No,Yes,No,No,No,No,No,No,4,4436
3639-XJHKQ,Yes,No,DSL,Yes,Yes,Yes,No,No,No,No,Yes,5,4437
3716-LRGXK,Yes,Yes,Fiber optic,No,No,Yes,No,Yes,Yes,Yes,No,6,4438
2263-SFSQZ,Yes,Yes,No,No internet service,No internet service,No internet service,No internet service,No internet service,No internet service,No,No,2,4439
9950-MTGYX,Yes,No,No,No internet service,No internet service,No internet service,No internet service,No internet service,No internet service,No,No,1,4440
3397-AVTKU,Yes,No,DSL,No,Yes,No,No,No,Yes,Yes,No,4,4441
4825-FUREZ,Yes,No,No,No internet service,No internet service,No internet service,No internet service,No internet service,No internet service,No,No,1,4442
9837-BMCLM,Yes,No,Fiber optic,No,No,No,No,Yes,No,Yes,No,3,4443
2672-OJQZP,Yes,No,DSL,No,No,No,No,No,No,No,No,2,4444
0137-UDEUO,Yes,No,No,No internet service,No internet service,No internet service,No internet service,No internet service,No internet service,No,No,1,4445
3134-DSHVC,Yes,Yes,Fiber optic,Yes,Yes,Yes,No,Yes,No,Yes,Yes,7,4446
6161-UUUTA,Yes,No,Fiber optic,No,No,No,No,Yes,No,Yes,No,3,4447
7821-DPRQE,Yes,Yes,Fiber optic,Yes,Yes,No,Yes,Yes,Yes,Yes,Yes,8,4448
6543-XRMYR,Yes,Yes,Fiber optic,No,Yes,No,No,Yes,Yes,Yes,No,6,4449
2001-EWBQU,Yes,Yes,Fiber optic,No,Yes,Yes,No,Yes,Yes,Yes,No,7,4450
4925-LMHOK,Yes,Yes,DSL,No,Yes,No,Yes,No,No,No,Yes,5,4451
1608-GMEWB,Yes,Yes,Fiber optic,No,No,No,No,Yes,Yes,Yes,No,5,4452
6695-AMZUF,Yes,No,DSL,Yes,Yes,Yes,Yes,Yes,Yes,Yes,Yes,8,4453
1455-UGQVH,Yes,Yes,Fiber optic,No,No,Yes,No,Yes,Yes,Yes,No,6,4454
8410-BGQXN,Yes,No,No,No internet service,No internet service,No internet service,No internet service,No internet service,No internet service,No,No,1,4455
8280-MQRQN,Yes,No,DSL,No,No,Yes,No,No,No,No,No,3,4456
1619-YWUBB,Yes,Yes,No,No internet service,No internet service,No internet service,No internet service,No internet service,No internet service,No,No,2,4457
7611-YKYTC,Yes,No,Fiber optic,Yes,No,No,No,No,No,No,Yes,3,4458
2037-SGXHH,Yes,Yes,Fiber optic,No,Yes,Yes,No,Yes,No,Yes,No,6,4459
3178-FESZO,Yes,Yes,Fiber optic,No,Yes,No,No,Yes,Yes,Yes,No,6,4460
0365-GXEZS,Yes,No,Fiber optic,No,No,Yes,Yes,No,No,No,Yes,4,4461
0082-OQIQY,Yes,No,Fiber optic,No,No,No,Yes,Yes,Yes,Yes,Yes,5,4462
6087-MVHJH,Yes,Yes,Fiber optic,No,No,Yes,No,No,Yes,Yes,No,5,4463
4603-JANFB,Yes,No,Fiber optic,No,No,No,No,No,No,No,No,2,4464
3018-TFTSU,Yes,No,Fiber optic,Yes,No,Yes,No,No,No,No,Yes,4,4465
3606-SBKRY,No,No phone service,DSL,No,No,Yes,No,Yes,Yes,Yes,No,4,4466
4806-KEXQR,Yes,No,Fiber optic,No,No,No,No,No,Yes,Yes,No,3,4467
0667-NSRGI,Yes,Yes,DSL,No,No,Yes,Yes,No,Yes,Yes,Yes,6,4468
7083-YNSKY,Yes,Yes,No,No internet service,No internet service,No internet service,No internet service,No internet service,No internet service,No,No,2,4469
6893-ODYYE,Yes,No,Fiber optic,Yes,Yes,Yes,Yes,No,No,No,Yes,6,4470
8242-JSVBO,Yes,No,DSL,No,No,No,No,No,No,No,No,2,4471
2479-BRAMR,Yes,Yes,Fiber optic,Yes,No,Yes,No,No,No,No,Yes,5,4472
9541-ZPSEA,Yes,No,Fiber optic,Yes,No,Yes,No,No,No,No,Yes,4,4473
2665-NPTGL,Yes,Yes,Fiber optic,No,No,Yes,No,Yes,Yes,Yes,No,6,4474
1139-WUOAH,No,No phone service,DSL,No,No,Yes,Yes,Yes,Yes,Yes,Yes,5,4475
4693-VWVBO,Yes,No,No,No internet service,No internet service,No internet service,No internet service,No internet service,No internet service,No,No,1,4476
7434-SHXLS,Yes,No,No,No internet service,No internet service,No internet service,No internet service,No internet service,No internet service,No,No,1,4477
6937-GCDGQ,Yes,No,DSL,Yes,No,No,No,No,No,No,Yes,3,4478
0988-JRWWP,Yes,No,DSL,No,No,No,No,Yes,No,Yes,No,3,4479
5075-JSDKI,Yes,Yes,No,No internet service,No internet service,No internet service,No internet service,No internet service,No internet service,No,No,2,4480
7908-QCBCA,Yes,No,Fiber optic,No,No,No,No,No,No,No,No,2,4481
8644-XYTSV,No,No phone service,DSL,Yes,No,No,No,Yes,No,Yes,Yes,3,4482
6711-FLDFB,Yes,Yes,Fiber optic,No,No,No,No,No,No,No,No,3,4483
3873-WOSBC,Yes,Yes,No,No internet service,No internet service,No internet service,No internet service,No internet service,No internet service,No,No,2,4484
7465-ZZRVX,Yes,No,Fiber optic,No,No,No,No,No,No,No,No,2,4485
7975-JMZNT,Yes,Yes,DSL,Yes,Yes,Yes,Yes,Yes,Yes,Yes,Yes,9,4486
7251-XFOIL,Yes,Yes,Fiber optic,No,No,Yes,No,No,Yes,Yes,No,5,4487
4116-IQRFR,Yes,Yes,No,No internet service,No internet service,No internet service,No internet service,No internet service,No internet service,No,No,2,4488
3714-JTVOV,Yes,No,Fiber optic,Yes,No,No,No,No,No,No,Yes,3,4489
8259-DZLIZ,Yes,Yes,DSL,No,Yes,No,No,No,No,No,No,4,4490
0442-ZXKVS,Yes,Yes,Fiber optic,Yes,Yes,Yes,Yes,Yes,Yes,Yes,Yes,9,4491
7853-WNZSY,Yes,No,No,No internet service,No internet service,No internet service,No internet service,No internet service,No internet service,No,No,1,4492
3120-FAZKD,Yes,Yes,No,No internet service,No internet service,No internet service,No internet service,No internet service,No internet service,No,No,2,4493
8606-OEGQZ,Yes,Yes,No,No internet service,No internet service,No internet service,No internet service,No internet service,No internet service,No,No,2,4494
0225-ZORZP,Yes,No,Fiber optic,No,Yes,No,No,No,Yes,Yes,No,4,4495
4702-IOQDC,Yes,No,Fiber optic,No,No,No,No,No,No,No,No,2,4496
9489-JMTTN,Yes,Yes,DSL,Yes,Yes,Yes,Yes,Yes,Yes,Yes,Yes,9,4497
0575-CUQOV,Yes,No,Fiber optic,No,Yes,Yes,No,Yes,Yes,Yes,No,6,4498
0967-BMLBD,Yes,No,No,No internet service,No internet service,No internet service,No internet service,No internet service,No internet service,No,No,1,4499
6178-KFNHS,Yes,Yes,Fiber optic,Yes,No,No,No,No,No,No,Yes,4,4500
2830-LEWOA,Yes,No,Fiber optic,No,Yes,Yes,Yes,Yes,Yes,Yes,Yes,7,4501
5006-MXVRN,Yes,No,No,No internet service,No internet service,No internet service,No internet service,No internet service,No internet service,No,No,1,4502
1264-BYWMS,Yes,Yes,Fiber optic,No,No,No,No,Yes,Yes,Yes,No,5,4503
9658-WYUFB,Yes,Yes,Fiber optic,Yes,Yes,No,No,Yes,No,Yes,Yes,6,4504
8327-WKMIE,Yes,No,No,No internet service,No internet service,No internet service,No internet service,No internet service,No internet service,No,No,1,4505
6917-FIJHC,Yes,Yes,No,No internet service,No internet service,No internet service,No internet service,No internet service,No internet service,No,No,2,4506
5329-KRDTM,Yes,Yes,DSL,No,Yes,Yes,Yes,Yes,No,Yes,Yes,7,4507
7797-EJMDP,Yes,No,DSL,Yes,No,No,Yes,No,Yes,Yes,Yes,5,4508
3530-VWVGU,Yes,No,No,No internet service,No internet service,No internet service,No internet service,No internet service,No internet service,No,No,1,4509
2013-SGDXK,Yes,No,Fiber optic,No,Yes,No,No,Yes,No,Yes,No,4,4510
6368-NWMCE,Yes,Yes,DSL,No,Yes,No,Yes,No,Yes,Yes,Yes,6,4511
3633-CDBUW,Yes,No,DSL,No,Yes,Yes,Yes,Yes,Yes,Yes,Yes,7,4512
0707-HOVVN,Yes,Yes,DSL,No,Yes,Yes,Yes,Yes,No,Yes,Yes,7,4513
8580-QVLOC,Yes,Yes,DSL,Yes,Yes,Yes,Yes,Yes,Yes,Yes,Yes,9,4514
3956-MGXOG,Yes,No,Fiber optic,No,No,No,No,No,Yes,Yes,No,3,4515
9274-UARKJ,Yes,No,Fiber optic,No,Yes,No,No,Yes,No,Yes,No,4,4516
4077-HWUYD,Yes,Yes,DSL,Yes,Yes,Yes,Yes,Yes,Yes,Yes,Yes,9,4517
2012-NWRPA,Yes,Yes,Fiber optic,No,No,Yes,No,Yes,Yes,Yes,No,6,4518
8808-ELEHO,Yes,Yes,Fiber optic,No,No,Yes,No,No,No,No,No,4,4519
0103-CSITQ,Yes,Yes,Fiber optic,No,Yes,Yes,Yes,Yes,Yes,Yes,Yes,8,4520
3506-LCJDC,Yes,No,No,No internet service,No internet service,No internet service,No internet service,No internet service,No internet service,No,No,1,4521
8671-KKKOS,No,No phone service,DSL,Yes,Yes,No,No,Yes,No,Yes,Yes,4,4522
7305-ZWMAJ,Yes,No,No,No internet service,No internet service,No internet service,No internet service,No internet service,No internet service,No,No,1,4523
9518-XXBXE,Yes,No,Fiber optic,Yes,No,No,No,No,No,No,Yes,3,4524
3934-HXCFZ,Yes,Yes,Fiber optic,Yes,Yes,Yes,No,Yes,No,Yes,Yes,7,4525
6578-KRMAW,Yes,No,Fiber optic,Yes,Yes,Yes,No,No,Yes,Yes,Yes,6,4526
4860-IJUDE,Yes,No,Fiber optic,Yes,No,No,No,No,No,No,Yes,3,4527
7666-WKRON,Yes,No,Fiber optic,No,No,Yes,Yes,No,No,No,Yes,4,4528
9688-YGXVR,Yes,No,Fiber optic,No,Yes,Yes,No,Yes,No,Yes,No,5,4529
0423-UDIJQ,Yes,No,DSL,No,No,No,Yes,No,No,No,Yes,3,4530
1945-XISKS,Yes,No,No,No internet service,No internet service,No internet service,No internet service,No internet service,No internet service,No,No,1,4531
4910-AQFFX,Yes,Yes,Fiber optic,No,No,Yes,No,No,No,No,No,4,4532
2154-KVJFF,Yes,Yes,Fiber optic,No,Yes,No,No,No,No,No,No,4,4533
5360-LJCNJ,Yes,Yes,Fiber optic,No,Yes,Yes,No,Yes,Yes,Yes,No,7,4534
2607-FBDFF,Yes,No,DSL,No,No,No,Yes,No,No,No,Yes,3,4535
9647-ERGBE,Yes,Yes,Fiber optic,No,No,Yes,No,Yes,Yes,Yes,No,6,4536
3428-XZMAZ,Yes,No,Fiber optic,No,No,No,No,No,No,No,No,2,4537
1100-DDVRV,No,No phone service,DSL,No,Yes,No,No,Yes,Yes,Yes,No,4,4538
0378-TOVMS,Yes,No,Fiber optic,No,No,No,Yes,No,Yes,Yes,Yes,4,4539
4355-HBJHH,Yes,Yes,DSL,Yes,No,Yes,No,Yes,Yes,Yes,Yes,7,4540
6728-WYQBC,Yes,No,No,No internet service,No internet service,No internet service,No internet service,No internet service,No internet service,No,No,1,4541
9058-CBREO,Yes,Yes,DSL,No,No,No,No,No,No,No,No,3,4542
9029-FEGVJ,Yes,Yes,Fiber optic,No,No,Yes,No,No,No,No,No,4,4543
7216-KAOID,Yes,No,No,No internet service,No internet service,No internet service,No internet service,No internet service,No internet service,No,No,1,4544
0318-QUUOB,Yes,No,Fiber optic,No,No,No,No,Yes,No,Yes,No,3,4545
6145-NNPNO,Yes,No,DSL,No,No,No,No,No,No,No,No,2,4546
5520-FVEWJ,Yes,Yes,Fiber optic,No,Yes,Yes,No,No,No,No,No,5,4547
5339-TJFEK,Yes,Yes,Fiber optic,Yes,Yes,No,No,Yes,Yes,Yes,Yes,7,4548
5572-ZDXHY,Yes,No,Fiber optic,No,Yes,No,No,No,Yes,Yes,No,4,4549
2074-GUHPQ,Yes,Yes,Fiber optic,No,Yes,Yes,Yes,No,No,No,Yes,6,4550
4625-XMOYM,Yes,Yes,No,No internet service,No internet service,No internet service,No internet service,No internet service,No internet service,No,No,2,4551
5827-MWCZK,Yes,Yes,Fiber optic,No,Yes,No,Yes,Yes,No,Yes,Yes,6,4552
1385-TQOZW,Yes,No,No,No internet service,No internet service,No internet service,No internet service,No internet service,No internet service,No,No,1,4553
5914-XRFQB,Yes,Yes,Fiber optic,Yes,Yes,Yes,Yes,Yes,Yes,Yes,Yes,9,4554
4329-YPDDQ,Yes,No,Fiber optic,Yes,Yes,Yes,Yes,Yes,Yes,Yes,Yes,8,4555
4804-NCPET,Yes,No,No,No internet service,No internet service,No internet service,No internet service,No internet service,No internet service,No,No,1,4556
3750-CKVKH,Yes,No,Fiber optic,No,No,No,No,No,No,No,No,2,4557
5944-UGLLK,No,No phone service,DSL,No,No,Yes,Yes,Yes,Yes,Yes,Yes,5,4558
8063-GBATB,Yes,Yes,Fiber optic,No,No,No,No,No,Yes,Yes,No,4,4559
7787-BNTZM,Yes,No,No,No internet service,No internet service,No internet service,No internet service,No internet service,No internet service,No,No,1,4560
2252-ISRNH,Yes,Yes,Fiber optic,No,No,Yes,No,Yes,No,Yes,No,5,4561
9415-TPKRV,Yes,Yes,DSL,No,Yes,No,No,No,No,No,No,4,4562
5322-TEUJK,Yes,Yes,Fiber optic,Yes,Yes,Yes,Yes,Yes,Yes,Yes,Yes,9,4563
4547-KQRTM,Yes,Yes,Fiber optic,No,Yes,No,No,No,No,No,No,4,4564
4877-EVATK,Yes,No,No,No internet service,No internet service,No internet service,No internet service,No internet service,No internet service,No,No,1,4565
1866-DIOQZ,No,No phone service,DSL,Yes,Yes,Yes,Yes,Yes,Yes,Yes,Yes,7,4566
8375-KVTHK,Yes,No,Fiber optic,No,Yes,No,Yes,Yes,Yes,Yes,Yes,6,4567
2697-NQBPF,Yes,Yes,Fiber optic,No,Yes,No,Yes,Yes,Yes,Yes,Yes,7,4568
3709-OIJEA,Yes,No,Fiber optic,No,Yes,Yes,Yes,No,No,No,Yes,5,4569
7639-SUPCW,Yes,No,DSL,Yes,No,No,No,No,No,No,Yes,3,4570
1386-ZIKUV,Yes,No,No,No internet service,No internet service,No internet service,No internet service,No internet service,No internet service,No,No,1,4571
0599-XNYDO,Yes,No,Fiber optic,No,No,No,No,No,No,No,No,2,4572
6377-WHAOX,Yes,Yes,Fiber optic,No,Yes,Yes,No,Yes,Yes,Yes,No,7,4573
6855-VLGOS,Yes,No,No,No internet service,No internet service,No internet service,No internet service,No internet service,No internet service,No,No,1,4574
8999-XXGNS,Yes,Yes,Fiber optic,No,Yes,Yes,No,Yes,Yes,Yes,No,7,4575
8746-OQQRW,Yes,Yes,No,No internet service,No internet service,No internet service,No internet service,No internet service,No internet service,No,No,2,4576
3181-MIZBN,Yes,No,No,No internet service,No internet service,No internet service,No internet service,No internet service,No internet service,No,No,1,4577
0471-ARVMX,Yes,Yes,Fiber optic,Yes,No,Yes,No,Yes,Yes,Yes,Yes,7,4578
7766-CLTIC,Yes,No,DSL,No,No,No,Yes,No,Yes,Yes,Yes,4,4579
5650-YLIBA,Yes,Yes,Fiber optic,No,Yes,No,No,No,No,No,No,4,4580
0825-CPPQH,Yes,No,No,No internet service,No internet service,No internet service,No internet service,No internet service,No internet service,No,No,1,4581
9084-OAYKL,Yes,No,No,No internet service,No internet service,No internet service,No internet service,No internet service,No internet service,No,No,1,4582
6122-LJADA,Yes,Yes,DSL,Yes,Yes,Yes,Yes,Yes,Yes,Yes,Yes,9,4583
2400-XIWIO,Yes,Yes,DSL,Yes,Yes,Yes,Yes,Yes,Yes,Yes,Yes,9,4584
7524-VRLPL,Yes,Yes,DSL,Yes,No,Yes,Yes,No,Yes,Yes,Yes,7,4585
1069-XAIEM,Yes,Yes,Fiber optic,No,No,No,No,No,Yes,Yes,No,4,4586
7569-NMZYQ,Yes,Yes,Fiber optic,Yes,Yes,Yes,Yes,Yes,Yes,Yes,Yes,9,4587
5201-USSQZ,Yes,No,Fiber optic,No,No,No,Yes,No,Yes,Yes,Yes,4,4588
2105-PHWON,Yes,Yes,Fiber optic,No,No,Yes,Yes,No,Yes,Yes,Yes,6,4589
1494-EJZDW,Yes,No,No,No internet service,No internet service,No internet service,No internet service,No internet service,No internet service,No,No,1,4590
4884-TVUQF,Yes,Yes,Fiber optic,Yes,No,Yes,Yes,No,Yes,Yes,Yes,7,4591
8003-EWNDZ,Yes,No,No,No internet service,No internet service,No internet service,No internet service,No internet service,No internet service,No,No,1,4592
1897-RCFUM,Yes,Yes,No,No internet service,No internet service,No internet service,No internet service,No internet service,No internet service,No,No,2,4593
9256-JTBNZ,Yes,No,No,No internet service,No internet service,No internet service,No internet service,No internet service,No internet service,No,No,1,4594
4658-HCOHW,Yes,No,Fiber optic,No,Yes,Yes,Yes,Yes,Yes,Yes,Yes,7,4595
2211-RMNHO,Yes,Yes,DSL,No,Yes,Yes,Yes,Yes,Yes,Yes,Yes,8,4596
2432-TFSMK,Yes,Yes,Fiber optic,No,No,Yes,No,Yes,No,Yes,No,5,4597
3440-JPSCL,Yes,No,Fiber optic,No,No,Yes,Yes,Yes,Yes,Yes,Yes,6,4598
4929-ROART,Yes,Yes,DSL,Yes,No,No,No,No,No,No,Yes,4,4599
1834-ABKHQ,Yes,No,DSL,No,No,Yes,No,No,No,No,No,3,4600
1741-WTPON,Yes,Yes,Fiber optic,Yes,Yes,Yes,Yes,Yes,Yes,Yes,Yes,9,4601
3932-IJWDZ,Yes,Yes,Fiber optic,No,No,Yes,Yes,Yes,Yes,Yes,Yes,7,4602
1240-HCBOH,Yes,Yes,No,No internet service,No internet service,No internet service,No internet service,No internet service,No internet service,No,No,2,4603
3594-KADLU,No,No phone service,DSL,Yes,No,No,Yes,No,No,No,Yes,3,4604
8065-BVEPF,Yes,No,Fiber optic,No,Yes,Yes,No,Yes,Yes,Yes,No,6,4605
3796-ENZGF,Yes,Yes,DSL,No,Yes,No,Yes,No,Yes,Yes,Yes,6,4606
1734-ZMNTZ,Yes,Yes,No,No internet service,No internet service,No internet service,No internet service,No internet service,No internet service,No,No,2,4607
2853-CWQFQ,Yes,No,DSL,No,No,No,Yes,No,Yes,Yes,Yes,4,4608
0813-TAXXS,Yes,Yes,DSL,No,No,Yes,No,Yes,Yes,Yes,No,6,4609
2519-TWKFS,Yes,Yes,DSL,No,No,No,Yes,No,No,No,Yes,4,4610
2889-FPWRM,Yes,Yes,Fiber optic,Yes,Yes,Yes,Yes,Yes,Yes,Yes,Yes,9,4611
0626-QXNGV,Yes,Yes,No,No internet service,No internet service,No internet service,No internet service,No internet service,No internet service,No,No,2,4612
6723-CEGQI,No,No phone service,DSL,No,Yes,No,Yes,Yes,No,Yes,Yes,4,4613
6987-XQSJT,Yes,Yes,Fiber optic,No,Yes,No,No,No,No,No,No,4,4614
4732-RRJZC,Yes,No,No,No internet service,No internet service,No internet service,No internet service,No internet service,No internet service,No,No,1,4615
9499-XPZXM,Yes,Yes,DSL,Yes,Yes,No,Yes,No,No,No,Yes,6,4616
4338-EYCER,Yes,No,DSL,No,No,No,No,Yes,No,Yes,No,3,4617
3007-FDPEA,Yes,No,No,No internet service,No internet service,No internet service,No internet service,No internet service,No internet service,No,No,1,4618
6350-XFYGW,Yes,No,Fiber optic,No,No,Yes,No,Yes,Yes,Yes,No,5,4619
4290-BSXUX,Yes,Yes,Fiber optic,No,No,No,Yes,No,No,No,Yes,4,4620
8513-OLYGY,Yes,Yes,Fiber optic,Yes,Yes,Yes,Yes,Yes,Yes,Yes,Yes,9,4621
0311-QYWSS,Yes,No,DSL,Yes,No,No,No,No,No,No,Yes,3,4622
8705-DWKTI,Yes,No,Fiber optic,No,No,Yes,No,No,Yes,Yes,No,4,4623
8755-IWJHN,Yes,Yes,Fiber optic,No,Yes,Yes,No,No,Yes,Yes,No,6,4624
0325-XBFAC,Yes,No,Fiber optic,No,No,Yes,No,Yes,Yes,Yes,No,5,4625
4480-QQRHC,Yes,No,Fiber optic,No,No,Yes,No,No,No,No,No,3,4626
0929-PECLO,Yes,Yes,Fiber optic,No,No,Yes,No,No,Yes,Yes,No,5,4627
3680-CTHUH,Yes,Yes,Fiber optic,Yes,Yes,Yes,Yes,Yes,Yes,Yes,Yes,9,4628
1202-KKGFU,Yes,No,DSL,Yes,No,No,Yes,No,No,No,Yes,4,4629
6112-KTHFQ,Yes,No,No,No internet service,No internet service,No internet service,No internet service,No internet service,No internet service,No,No,1,4630
1852-XEMDW,Yes,Yes,DSL,Yes,Yes,Yes,No,No,No,No,Yes,6,4631
2462-XIIJB,Yes,Yes,Fiber optic,No,No,Yes,No,Yes,No,Yes,No,5,4632
4760-XOHVN,Yes,No,No,No internet service,No internet service,No internet service,No internet service,No internet service,No internet service,No,No,1,4633
1820-DJFPH,Yes,Yes,No,No internet service,No internet service,No internet service,No internet service,No internet service,No internet service,No,No,2,4634
9426-SXNHE,Yes,No,No,No internet service,No internet service,No internet service,No internet service,No internet service,No internet service,No,No,1,4635
9068-FHQHD,Yes,No,No,No internet service,No internet service,No internet service,No internet service,No internet service,No internet service,No,No,1,4636
1269-FOYWN,Yes,No,No,No internet service,No internet service,No internet service,No internet service,No internet service,No internet service,No,No,1,4637
9470-YFUYI,Yes,No,DSL,Yes,Yes,No,Yes,Yes,No,Yes,Yes,6,4638
7817-BOQPW,Yes,Yes,Fiber optic,No,No,No,No,No,No,No,No,3,4639
7402-EYFXX,Yes,Yes,Fiber optic,No,No,No,No,Yes,Yes,Yes,No,5,4640
1853-UDXBW,Yes,No,Fiber optic,No,No,No,No,No,No,No,No,2,4641
9895-VFOXH,No,No phone service,DSL,No,No,No,No,No,No,No,No,1,4642
5458-CQJTA,Yes,No,DSL,Yes,No,No,Yes,Yes,Yes,Yes,Yes,6,4643
1230-QAJDW,Yes,Yes,DSL,No,No,No,Yes,Yes,No,Yes,Yes,5,4644
5701-ZIKJE,Yes,No,DSL,No,No,No,Yes,No,No,No,Yes,3,4645
5219-YIPTK,Yes,Yes,Fiber optic,No,Yes,Yes,No,Yes,Yes,Yes,No,7,4646
5032-MIYKT,Yes,No,Fiber optic,No,No,No,No,No,No,No,No,2,4647
7396-VJUZB,Yes,No,DSL,No,No,No,No,No,No,No,No,2,4648
9717-QEBGU,Yes,No,Fiber optic,No,No,No,No,No,No,No,No,2,4649
5172-RKOCB,Yes,Yes,Fiber optic,Yes,Yes,No,Yes,Yes,Yes,Yes,Yes,8,4650
6509-TSGWN,Yes,Yes,No,No internet service,No internet service,No internet service,No internet service,No internet service,No internet service,No,No,2,4651
3540-RZJYU,Yes,No,Fiber optic,Yes,No,No,No,Yes,No,Yes,Yes,4,4652
3178-CIFOT,Yes,No,No,No internet service,No internet service,No internet service,No internet service,No internet service,No internet service,No,No,1,4653
2091-MJTFX,No,No phone service,DSL,No,No,No,Yes,Yes,Yes,Yes,Yes,4,4654
4530-NDRKU,Yes,No,No,No internet service,No internet service,No internet service,No internet service,No internet service,No internet service,No,No,1,4655
5985-TBABQ,Yes,Yes,DSL,Yes,No,No,No,Yes,Yes,Yes,Yes,6,4656
9800-ONTFE,Yes,Yes,Fiber optic,No,No,No,No,No,No,No,No,3,4657
6743-HHQPF,No,No phone service,DSL,No,No,No,No,No,No,No,No,1,4658
8455-HIRAQ,Yes,No,DSL,No,No,No,No,No,No,No,No,2,4659
6616-AALSR,Yes,Yes,Fiber optic,Yes,No,Yes,No,Yes,Yes,Yes,Yes,7,4660
0883-EIBTI,Yes,No,No,No internet service,No internet service,No internet service,No internet service,No internet service,No internet service,No,No,1,4661
9415-ZNBSX,Yes,Yes,DSL,Yes,Yes,Yes,Yes,Yes,Yes,Yes,Yes,9,4662
4018-KJYUY,Yes,No,No,No internet service,No internet service,No internet service,No internet service,No internet service,No internet service,No,No,1,4663
0722-TROQR,Yes,Yes,Fiber optic,No,No,No,No,No,No,No,No,3,4664
7571-YXDAD,Yes,Yes,Fiber optic,No,No,No,No,No,No,No,No,3,4665
3884-UEBXB,No,No phone service,DSL,Yes,Yes,No,No,No,No,No,Yes,3,4666
8780-RSYYU,Yes,No,No,No internet service,No internet service,No internet service,No internet service,No internet service,No internet service,No,No,1,4667
5537-UXXVS,Yes,No,No,No internet service,No internet service,No internet service,No internet service,No internet service,No internet service,No,No,1,4668
1791-PQHBB,Yes,No,DSL,Yes,No,No,No,No,Yes,Yes,Yes,4,4669
8701-DGLVH,Yes,No,No,No internet service,No internet service,No internet service,No internet service,No internet service,No internet service,No,No,1,4670
8741-LQOBK,No,No phone service,DSL,Yes,Yes,No,No,No,No,No,Yes,3,4671
3393-FMZPV,Yes,Yes,Fiber optic,No,Yes,No,No,Yes,Yes,Yes,No,6,4672
8082-GHXOP,Yes,No,DSL,No,No,No,No,No,No,No,No,2,4673
6402-ZFPPI,Yes,Yes,Fiber optic,Yes,Yes,No,No,Yes,Yes,Yes,Yes,7,4674
0980-FEXWF,Yes,No,DSL,No,No,Yes,No,No,No,No,No,3,4675
7486-KSRVI,Yes,Yes,Fiber optic,No,No,No,Yes,Yes,Yes,Yes,Yes,6,4676
3011-WQKSZ,Yes,No,No,No internet service,No internet service,No internet service,No internet service,No internet service,No internet service,No,No,1,4677
8443-WVPSS,Yes,No,Fiber optic,No,Yes,No,Yes,Yes,Yes,Yes,Yes,6,4678
3006-XIMLN,Yes,Yes,Fiber optic,No,No,No,No,Yes,Yes,Yes,No,5,4679
8218-FFJDS,Yes,Yes,DSL,Yes,Yes,No,Yes,Yes,Yes,Yes,Yes,8,4680
1986-PHGZF,Yes,Yes,DSL,Yes,Yes,No,No,No,No,No,Yes,5,4681
9965-YOKZB,Yes,Yes,Fiber optic,No,No,No,No,No,Yes,Yes,No,4,4682
0504-HHAPI,Yes,Yes,Fiber optic,No,No,Yes,No,No,Yes,Yes,No,5,4683
9360-OMDZZ,Yes,Yes,Fiber optic,No,No,No,No,Yes,Yes,Yes,No,5,4684
6305-YLBMM,Yes,No,Fiber optic,No,Yes,Yes,Yes,Yes,Yes,Yes,Yes,7,4685
0345-XMMUG,Yes,Yes,Fiber optic,No,Yes,Yes,Yes,Yes,Yes,Yes,Yes,8,4686
8024-XNAFQ,Yes,Yes,Fiber optic,Yes,Yes,Yes,Yes,No,Yes,Yes,Yes,8,4687
3647-GMGDH,Yes,No,Fiber optic,No,No,Yes,No,Yes,Yes,Yes,No,5,4688
2988-GBIVW,Yes,Yes,Fiber optic,Yes,No,No,No,No,Yes,Yes,Yes,5,4689
2832-SCUCO,Yes,No,No,No internet service,No internet service,No internet service,No internet service,No internet service,No internet service,No,No,1,4690
7036-ZZKBD,Yes,No,DSL,No,No,Yes,Yes,No,Yes,Yes,Yes,5,4691
3791-LGQCY,Yes,Yes,Fiber optic,No,No,Yes,No,Yes,Yes,Yes,No,6,4692
0265-PSUAE,Yes,No,Fiber optic,Yes,No,Yes,No,Yes,Yes,Yes,Yes,6,4693
0463-TXOAK,Yes,Yes,No,No internet service,No internet service,No internet service,No internet service,No internet service,No internet service,No,No,2,4694
0594-UFTUL,Yes,No,No,No internet service,No internet service,No internet service,No internet service,No internet service,No internet service,No,No,1,4695
9509-MPYOD,Yes,No,No,No internet service,No internet service,No internet service,No internet service,No internet service,No internet service,No,No,1,4696
9128-CPXKI,Yes,No,Fiber optic,No,No,Yes,No,Yes,Yes,Yes,No,5,4697
0129-KPTWJ,Yes,No,Fiber optic,No,No,Yes,No,Yes,Yes,Yes,No,5,4698
8166-ZZTFS,Yes,Yes,DSL,No,Yes,Yes,No,Yes,Yes,Yes,No,7,4699
5855-EIBDE,Yes,Yes,Fiber optic,Yes,Yes,Yes,Yes,No,Yes,Yes,Yes,8,4700
5365-LLFYV,Yes,No,DSL,No,No,No,No,No,No,No,No,2,4701
5956-YHHRX,Yes,Yes,Fiber optic,No,Yes,Yes,No,Yes,Yes,Yes,No,7,4702
6008-NAIXK,No,No phone service,DSL,No,Yes,Yes,No,Yes,Yes,Yes,No,5,4703
2956-GGUCQ,Yes,Yes,Fiber optic,Yes,No,No,No,No,No,No,Yes,4,4704
1928-BXYIV,Yes,Yes,DSL,Yes,Yes,No,No,No,No,No,Yes,5,4705
5760-FXFVO,Yes,No,Fiber optic,Yes,Yes,No,No,No,No,No,Yes,4,4706
6595-COKXZ,Yes,No,DSL,No,No,No,No,No,No,No,No,2,4707
0961-ZWLVI,Yes,Yes,Fiber optic,Yes,Yes,Yes,No,Yes,Yes,Yes,Yes,8,4708
5181-OABFK,Yes,No,DSL,Yes,Yes,Yes,No,No,No,No,Yes,5,4709
4007-NHVHI,Yes,Yes,Fiber optic,Yes,Yes,No,No,No,Yes,Yes,Yes,6,4710
7816-VGHTO,No,No phone service,DSL,No,Yes,Yes,Yes,No,No,No,Yes,4,4711
5871-DGTXZ,Yes,No,No,No internet service,No internet service,No internet service,No internet service,No internet service,No internet service,No,No,1,4712
7550-WIQVA,Yes,Yes,Fiber optic,Yes,Yes,Yes,No,Yes,Yes,Yes,Yes,8,4713
7544-ZVIKX,Yes,Yes,Fiber optic,No,No,Yes,Yes,Yes,Yes,Yes,Yes,7,4714
0016-QLJIS,Yes,Yes,DSL,Yes,Yes,Yes,Yes,Yes,Yes,Yes,Yes,9,4715
7508-DQAKK,Yes,Yes,DSL,Yes,Yes,Yes,Yes,Yes,Yes,Yes,Yes,9,4716
5176-OLSKT,Yes,Yes,DSL,Yes,Yes,Yes,No,No,No,No,Yes,6,4717
9356-AXGMP,Yes,Yes,Fiber optic,Yes,No,Yes,Yes,Yes,Yes,Yes,Yes,8,4718
3556-BVQGL,Yes,No,No,No internet service,No internet service,No internet service,No internet service,No internet service,No internet service,No,No,1,4719
0362-ZBZWJ,Yes,Yes,Fiber optic,No,No,No,No,No,Yes,Yes,No,4,4720
8979-CAMGB,Yes,Yes,Fiber optic,No,No,Yes,Yes,Yes,Yes,Yes,Yes,7,4721
4211-MMAZN,Yes,No,No,No internet service,No internet service,No internet service,No internet service,No internet service,No internet service,No,No,1,4722
7581-EBBOU,Yes,No,DSL,No,Yes,Yes,Yes,Yes,No,Yes,Yes,6,4723
4274-OWWYO,Yes,No,Fiber optic,No,Yes,No,No,No,No,No,No,3,4724
5073-RZGBK,Yes,Yes,DSL,Yes,Yes,Yes,Yes,No,Yes,Yes,Yes,8,4725
1541-ETJZO,Yes,Yes,DSL,No,No,Yes,Yes,No,No,No,Yes,5,4726
2192-CKRLV,No,No phone service,DSL,Yes,Yes,Yes,No,No,Yes,Yes,Yes,5,4727
3154-HMWUU,Yes,No,No,No internet service,No internet service,No internet service,No internet service,No internet service,No internet service,No,No,1,4728
6119-SPUDB,No,No phone service,DSL,Yes,No,Yes,Yes,No,No,No,Yes,4,4729
6522-OIQSX,No,No phone service,DSL,No,Yes,Yes,No,Yes,Yes,Yes,No,5,4730
7813-ZGGAW,Yes,Yes,Fiber optic,No,No,Yes,Yes,Yes,No,Yes,Yes,6,4731
8748-HFWBO,Yes,No,No,No internet service,No internet service,No internet service,No internet service,No internet service,No internet service,No,No,1,4732
1052-QJIBV,Yes,No,No,No internet service,No internet service,No internet service,No internet service,No internet service,No internet service,No,No,1,4733
1319-YLZJG,Yes,No,Fiber optic,Yes,Yes,Yes,No,No,No,No,Yes,5,4734
4106-HADHQ,Yes,No,DSL,Yes,No,Yes,Yes,Yes,Yes,Yes,Yes,7,4735
0723-FDLAY,Yes,Yes,DSL,No,Yes,Yes,Yes,Yes,Yes,Yes,Yes,8,4736
3050-RLLXC,Yes,Yes,DSL,Yes,Yes,Yes,Yes,Yes,No,Yes,Yes,8,4737
9298-WGMRW,Yes,Yes,Fiber optic,Yes,Yes,Yes,Yes,Yes,Yes,Yes,Yes,9,4738
2369-UAPKZ,Yes,Yes,Fiber optic,No,Yes,Yes,No,Yes,Yes,Yes,No,7,4739
3088-LHEFH,Yes,Yes,Fiber optic,Yes,No,No,No,No,No,No,Yes,4,4740
2778-OCLGR,No,No phone service,DSL,Yes,No,No,No,No,Yes,Yes,Yes,3,4741
6583-KQJLK,Yes,No,Fiber optic,No,Yes,No,No,Yes,Yes,Yes,No,5,4742
8544-JNBOX,Yes,No,No,No internet service,No internet service,No internet service,No internet service,No internet service,No internet service,No,No,1,4743
6681-ZSEXG,Yes,Yes,DSL,No,Yes,Yes,No,No,No,No,No,5,4744
6139-ZZRBQ,Yes,No,No,No internet service,No internet service,No internet service,No internet service,No internet service,No internet service,No,No,1,4745
6116-RFVHN,Yes,Yes,Fiber optic,No,No,Yes,No,Yes,Yes,Yes,No,6,4746
0637-KVDLV,Yes,Yes,Fiber optic,No,No,No,No,No,No,No,No,3,4747
8884-FEEWR,Yes,No,No,No internet service,No internet service,No internet service,No internet service,No internet service,No internet service,No,No,1,4748
3125-RAHBV,Yes,No,No,No internet service,No internet service,No internet service,No internet service,No internet service,No internet service,No,No,1,4749
6633-MPWBS,Yes,No,DSL,No,No,No,Yes,No,No,No,Yes,3,4750
0373-AIVNJ,No,No phone service,DSL,Yes,Yes,Yes,No,No,No,No,Yes,4,4751
8785-EPNCG,Yes,Yes,No,No internet service,No internet service,No internet service,No internet service,No internet service,No internet service,No,No,2,4752
1682-VCOIO,Yes,No,No,No internet service,No internet service,No internet service,No internet service,No internet service,No internet service,No,No,1,4753
5729-KLZAR,Yes,No,Fiber optic,No,No,No,No,No,Yes,Yes,No,3,4754
2072-ZVJJX,Yes,Yes,No,No internet service,No internet service,No internet service,No internet service,No internet service,No internet service,No,No,2,4755
8849-AYPTR,Yes,No,Fiber optic,No,No,No,No,Yes,Yes,Yes,No,4,4756
9518-IMLHK,Yes,No,DSL,Yes,Yes,Yes,Yes,Yes,No,Yes,Yes,7,4757
1582-RAFML,Yes,Yes,DSL,No,Yes,No,Yes,No,No,No,Yes,5,4758
3646-ITDGM,Yes,No,No,No internet service,No internet service,No internet service,No internet service,No internet service,No internet service,No,No,1,4759
8740-CRYFY,Yes,No,Fiber optic,No,No,No,No,Yes,No,Yes,No,3,4760
3569-VLDHH,Yes,No,DSL,Yes,Yes,Yes,Yes,Yes,No,Yes,Yes,7,4761
8224-KDLKN,Yes,Yes,No,No internet service,No internet service,No internet service,No internet service,No internet service,No internet service,No,No,2,4762
7594-LZNWR,Yes,No,Fiber optic,No,No,No,No,No,No,No,No,2,4763
4001-TSBTV,Yes,No,Fiber optic,No,Yes,Yes,No,Yes,No,Yes,No,5,4764
2962-XPMCQ,Yes,No,DSL,No,No,No,No,No,No,No,No,2,4765
8727-XDPUD,No,No phone service,DSL,No,No,No,No,Yes,No,Yes,No,2,4766
1043-UXOVO,Yes,Yes,Fiber optic,Yes,Yes,Yes,Yes,Yes,Yes,Yes,Yes,9,4767
1064-FBXNK,Yes,No,No,No internet service,No internet service,No internet service,No internet service,No internet service,No internet service,No,No,1,4768
3996-ZNWYK,Yes,No,No,No internet service,No internet service,No internet service,No internet service,No internet service,No internet service,No,No,1,4769
2878-DHMIN,Yes,No,No,No internet service,No internet service,No internet service,No internet service,No internet service,No internet service,No,No,1,4770
7762-ONLJY,Yes,No,No,No internet service,No internet service,No internet service,No internet service,No internet service,No internet service,No,No,1,4771
1678-FYZOW,Yes,No,Fiber optic,No,No,No,No,Yes,No,Yes,No,3,4772
5795-BKOYE,Yes,No,DSL,No,Yes,Yes,Yes,No,No,No,Yes,5,4773
8627-EHGIP,No,No phone service,DSL,No,Yes,Yes,No,Yes,Yes,Yes,No,5,4774
7402-PWYJJ,Yes,Yes,Fiber optic,No,No,No,Yes,No,Yes,Yes,Yes,5,4775
5480-TBGPH,Yes,No,Fiber optic,No,Yes,Yes,No,Yes,Yes,Yes,No,6,4776
0018-NYROU,Yes,No,Fiber optic,No,No,No,No,No,No,No,No,2,4777
7501-VTYLJ,Yes,No,DSL,No,Yes,No,No,No,No,No,No,3,4778
7608-RGIRO,Yes,Yes,No,No internet service,No internet service,No internet service,No internet service,No internet service,No internet service,No,No,2,4779
0480-BIXDE,Yes,No,Fiber optic,No,No,Yes,No,Yes,Yes,Yes,No,5,4780
5895-QSXOD,Yes,No,Fiber optic,No,No,No,No,No,No,No,No,2,4781
9814-AOUDH,Yes,No,No,No internet service,No internet service,No internet service,No internet service,No internet service,No internet service,No,No,1,4782
6175-IRFIT,Yes,No,Fiber optic,No,No,No,No,No,Yes,Yes,No,3,4783
8760-ZRHKE,Yes,Yes,DSL,Yes,Yes,No,No,Yes,No,Yes,Yes,6,4784
1622-HSHSF,Yes,No,No,No internet service,No internet service,No internet service,No internet service,No internet service,No internet service,No,No,1,4785
8854-CCVSQ,Yes,Yes,Fiber optic,No,Yes,No,No,No,No,No,No,4,4786
6749-UTDVX,Yes,Yes,Fiber optic,No,Yes,Yes,No,Yes,Yes,Yes,No,7,4787
5542-DHSXL,Yes,No,DSL,Yes,Yes,No,No,No,No,No,Yes,4,4788
9102-OXKFY,Yes,Yes,DSL,No,No,Yes,No,No,No,No,No,4,4789
0511-JTEOY,Yes,No,Fiber optic,No,No,No,No,No,No,No,No,2,4790
5216-WASFJ,Yes,Yes,Fiber optic,No,No,No,No,No,Yes,Yes,No,4,4791
7808-DVWEP,Yes,No,No,No internet service,No internet service,No internet service,No internet service,No internet service,No internet service,No,No,1,4792
7067-KSAZT,Yes,Yes,Fiber optic,No,Yes,Yes,No,Yes,Yes,Yes,No,7,4793
2284-VFLKH,Yes,No,Fiber optic,No,No,Yes,Yes,Yes,Yes,Yes,Yes,6,4794
0366-NQSHS,Yes,No,No,No internet service,No internet service,No internet service,No internet service,No internet service,No internet service,No,No,1,4795
6532-YLWSI,Yes,No,No,No internet service,No internet service,No internet service,No internet service,No internet service,No internet service,No,No,1,4796
3807-BPOMJ,Yes,No,Fiber optic,Yes,No,No,No,Yes,Yes,Yes,Yes,5,4797
3892-NXAZG,Yes,Yes,Fiber optic,Yes,Yes,Yes,Yes,Yes,Yes,Yes,Yes,9,4798
4948-WBBKL,Yes,Yes,Fiber optic,No,No,No,No,No,No,No,No,3,4799
4182-BGSIQ,Yes,No,No,No internet service,No internet service,No internet service,No internet service,No internet service,No internet service,No,No,1,4800
9300-AGZNL,Yes,Yes,Fiber optic,No,No,No,No,Yes,Yes,Yes,No,5,4801
0988-AADSA,Yes,Yes,DSL,Yes,Yes,Yes,Yes,No,Yes,Yes,Yes,8,4802
9972-NKTFD,Yes,No,DSL,No,Yes,No,Yes,No,No,No,Yes,4,4803
3717-LNXKW,Yes,Yes,Fiber optic,Yes,No,No,No,Yes,No,Yes,Yes,5,4804
5734-EJKXG,Yes,Yes,Fiber optic,Yes,Yes,Yes,Yes,Yes,Yes,Yes,Yes,9,4805
2207-RYYRL,Yes,Yes,No,No internet service,No internet service,No internet service,No internet service,No internet service,No internet service,No,No,2,4806
6729-FZWSY,Yes,No,No,No internet service,No internet service,No internet service,No internet service,No internet service,No internet service,No,No,1,4807
9695-IDRZR,Yes,Yes,Fiber optic,Yes,Yes,Yes,Yes,Yes,Yes,Yes,Yes,9,4808
8144-DGHXP,Yes,No,DSL,Yes,No,Yes,Yes,Yes,Yes,Yes,Yes,7,4809
7814-LEEVE,Yes,No,No,No internet service,No internet service,No internet service,No internet service,No internet service,No internet service,No,No,1,4810
1112-CUNAO,Yes,Yes,Fiber optic,No,Yes,No,No,No,Yes,Yes,No,5,4811
5175-AOBHI,Yes,No,DSL,No,No,No,No,No,No,No,No,2,4812
5174-RNGBH,Yes,No,DSL,No,Yes,No,Yes,Yes,No,Yes,Yes,5,4813
8631-WUXGY,Yes,No,Fiber optic,No,Yes,Yes,No,Yes,Yes,Yes,No,6,4814
7270-BDIOA,Yes,Yes,Fiber optic,No,No,No,Yes,Yes,No,Yes,Yes,5,4815
9565-JSNFM,Yes,No,Fiber optic,No,No,No,No,No,No,No,No,2,4816
5906-DVAPM,Yes,Yes,DSL,Yes,Yes,No,Yes,Yes,No,Yes,Yes,7,4817
6654-QGBZZ,Yes,No,No,No internet service,No internet service,No internet service,No internet service,No internet service,No internet service,No,No,1,4818
8348-JLBUG,Yes,No,Fiber optic,Yes,No,Yes,No,No,No,No,Yes,4,4819
0607-DAAHE,Yes,No,No,No internet service,No internet service,No internet service,No internet service,No internet service,No internet service,No,No,1,4820
5641-DMBFJ,Yes,Yes,DSL,Yes,No,Yes,Yes,Yes,Yes,Yes,Yes,8,4821
9200-NLNPD,No,No phone service,DSL,No,No,Yes,Yes,Yes,Yes,Yes,Yes,5,4822
2664-XJZNO,Yes,No,Fiber optic,Yes,No,Yes,Yes,Yes,Yes,Yes,Yes,7,4823
9732-KPKBW,Yes,No,DSL,Yes,No,No,Yes,No,No,No,Yes,4,4824
3339-EAQNV,Yes,Yes,Fiber optic,No,Yes,No,No,Yes,Yes,Yes,No,6,4825
0921-OHLVP,Yes,Yes,Fiber optic,No,No,No,No,No,Yes,Yes,No,4,4826
3389-YGYAI,Yes,Yes,Fiber optic,No,Yes,Yes,No,Yes,Yes,Yes,No,7,4827
9560-ARGQJ,Yes,No,Fiber optic,No,No,No,No,Yes,No,Yes,No,3,4828
8350-NYMVI,No,No phone service,DSL,No,Yes,Yes,Yes,No,No,No,Yes,4,4829
1600-DILPE,Yes,No,DSL,No,No,No,No,No,No,No,No,2,4830
0536-ESJEP,Yes,No,DSL,Yes,Yes,No,No,Yes,Yes,Yes,Yes,6,4831
4654-GGUII,No,No phone service,DSL,Yes,Yes,No,Yes,No,No,No,Yes,4,4832
6478-HRRCZ,Yes,No,DSL,Yes,Yes,No,Yes,No,Yes,Yes,Yes,6,4833
8510-BBWMU,Yes,No,No,No internet service,No internet service,No internet service,No internet service,No internet service,No internet service,No,No,1,4834
6857-TKDJV,Yes,Yes,No,No internet service,No internet service,No internet service,No internet service,No internet service,No internet service,No,No,2,4835
2360-RDGRO,Yes,Yes,Fiber optic,Yes,No,Yes,No,Yes,Yes,Yes,Yes,7,4836
0584-BJQGZ,Yes,Yes,DSL,Yes,Yes,Yes,Yes,Yes,No,Yes,Yes,8,4837
5134-IKDAY,Yes,No,Fiber optic,No,No,No,No,No,No,No,No,2,4838
1360-XFJMR,Yes,Yes,Fiber optic,No,Yes,Yes,Yes,Yes,Yes,Yes,Yes,8,4839
3070-DVEYC,Yes,Yes,Fiber optic,No,No,No,No,No,No,No,No,3,4840
5730-RIITO,No,No phone service,DSL,Yes,Yes,No,No,No,No,No,Yes,3,4841
9058-MJLZC,Yes,No,Fiber optic,Yes,No,No,No,Yes,Yes,Yes,Yes,5,4842
5707-ORNDZ,Yes,Yes,DSL,Yes,No,No,No,No,No,No,Yes,4,4843
0902-XKXPN,Yes,No,No,No internet service,No internet service,No internet service,No internet service,No internet service,No internet service,No,No,1,4844
5177-RVZNU,Yes,No,No,No internet service,No internet service,No internet service,No internet service,No internet service,No internet service,No,No,1,4845
0056-EPFBG,No,No phone service,DSL,Yes,No,Yes,Yes,No,No,No,Yes,4,4846
8993-IZEUX,Yes,No,Fiber optic,No,No,No,No,No,No,No,No,2,4847
8696-JKZNU,Yes,Yes,Fiber optic,No,No,No,No,No,No,No,No,3,4848
5380-AFSSK,Yes,Yes,Fiber optic,No,No,No,No,Yes,Yes,Yes,No,5,4849
8190-ZTQFB,No,No phone service,DSL,No,No,Yes,No,Yes,Yes,Yes,No,4,4850
0931-MHTEM,Yes,No,Fiber optic,Yes,Yes,No,No,Yes,Yes,Yes,Yes,6,4851
2055-PDADH,Yes,No,Fiber optic,No,No,No,No,No,No,No,No,2,4852
7515-LODFU,Yes,No,No,No internet service,No internet service,No internet service,No internet service,No internet service,No internet service,No,No,1,4853
0440-UEDAI,Yes,No,Fiber optic,No,Yes,Yes,Yes,No,Yes,Yes,Yes,6,4854
1337-BOZWO,No,No phone service,DSL,No,Yes,Yes,No,Yes,No,Yes,No,4,4855
0868-VJRDR,Yes,No,Fiber optic,Yes,Yes,No,Yes,Yes,Yes,Yes,Yes,7,4856
8714-EUHJO,Yes,Yes,Fiber optic,No,Yes,No,No,No,Yes,Yes,No,5,4857
6344-SFJVH,No,No phone service,DSL,No,No,No,No,No,No,No,No,1,4858
3950-VPYJB,Yes,No,DSL,Yes,Yes,No,Yes,No,No,No,Yes,5,4859
8041-TMEID,Yes,Yes,Fiber optic,Yes,Yes,Yes,No,Yes,Yes,Yes,Yes,8,4860
7321-ZNSLA,No,No phone service,DSL,Yes,Yes,No,Yes,No,No,No,Yes,4,4861
6941-KXRRV,Yes,No,DSL,No,Yes,No,No,No,Yes,Yes,No,4,4862
3721-CNEYS,Yes,No,Fiber optic,No,No,No,No,No,No,No,No,2,4863
8727-JQFHV,Yes,No,No,No internet service,No internet service,No internet service,No internet service,No internet service,No internet service,No,No,1,4864
9475-NNDGC,Yes,Yes,Fiber optic,No,Yes,Yes,Yes,Yes,Yes,Yes,Yes,8,4865
1355-KUSBG,Yes,Yes,DSL,No,No,No,No,No,No,No,No,3,4866
3688-FTHLT,Yes,Yes,DSL,No,No,No,No,No,Yes,Yes,No,4,4867
0899-LIIBW,Yes,Yes,Fiber optic,No,No,Yes,No,Yes,Yes,Yes,No,6,4868
2568-OIADY,Yes,Yes,Fiber optic,No,No,Yes,No,Yes,Yes,Yes,No,6,4869
1384-RCUXW,Yes,Yes,Fiber optic,No,Yes,No,No,No,No,No,No,4,4870
5825-XJOCM,Yes,Yes,DSL,Yes,Yes,Yes,No,No,No,No,Yes,6,4871
6848-YLDFR,Yes,No,DSL,No,Yes,No,Yes,Yes,Yes,Yes,Yes,6,4872
8125-QPFJD,Yes,Yes,DSL,Yes,No,Yes,Yes,Yes,Yes,Yes,Yes,8,4873
2320-YKQBO,Yes,No,No,No internet service,No internet service,No internet service,No internet service,No internet service,No internet service,No,No,1,4874
1193-RTSLK,Yes,No,Fiber optic,Yes,Yes,Yes,No,No,No,No,Yes,5,4875
2302-ANTDP,Yes,Yes,Fiber optic,Yes,Yes,Yes,Yes,Yes,Yes,Yes,Yes,9,4876
5923-GXUOC,Yes,No,Fiber optic,Yes,Yes,Yes,No,Yes,Yes,Yes,Yes,7,4877
4973-RLZVI,Yes,No,DSL,Yes,Yes,Yes,Yes,Yes,No,Yes,Yes,7,4878
7869-ZYDST,Yes,Yes,DSL,No,No,No,No,Yes,No,Yes,No,4,4879
4501-UYKBC,Yes,Yes,DSL,No,No,Yes,Yes,No,Yes,Yes,Yes,6,4880
1215-EXRMO,Yes,No,No,No internet service,No internet service,No internet service,No internet service,No internet service,No internet service,No,No,1,4881
2305-MRGLV,Yes,No,Fiber optic,No,No,No,Yes,No,No,No,Yes,3,4882
8404-VIOMB,No,No phone service,DSL,Yes,Yes,Yes,Yes,Yes,Yes,Yes,Yes,7,4883
5233-GEEAX,No,No phone service,DSL,No,No,Yes,No,No,No,No,No,2,4884
2359-KLTEK,Yes,No,Fiber optic,No,No,Yes,No,Yes,Yes,Yes,No,5,4885
5304-EFJLP,Yes,Yes,Fiber optic,No,Yes,Yes,Yes,Yes,Yes,Yes,Yes,8,4886
2673-ZALNP,Yes,No,No,No internet service,No internet service,No internet service,No internet service,No internet service,No internet service,No,No,1,4887
9184-GALIL,Yes,No,No,No internet service,No internet service,No internet service,No internet service,No internet service,No internet service,No,No,1,4888
4393-RYCRE,Yes,No,Fiber optic,Yes,Yes,Yes,No,Yes,Yes,Yes,Yes,7,4889
9746-MDMBK,Yes,Yes,Fiber optic,Yes,Yes,Yes,Yes,Yes,Yes,Yes,Yes,9,4890
3162-ZJZFU,Yes,No,Fiber optic,No,Yes,No,Yes,Yes,No,Yes,Yes,5,4891
8404-GFGCZ,Yes,Yes,DSL,No,No,Yes,No,Yes,No,Yes,No,5,4892
8875-AKBYH,Yes,Yes,Fiber optic,No,No,No,No,Yes,No,Yes,No,4,4893
4432-ADRLB,Yes,No,DSL,No,No,No,No,No,No,No,No,2,4894
0533-UCAAU,Yes,Yes,DSL,No,Yes,Yes,No,Yes,No,Yes,No,6,4895
1394-SUIUH,Yes,No,Fiber optic,Yes,Yes,No,Yes,No,No,No,Yes,5,4896
3521-MNKLV,Yes,No,DSL,No,No,Yes,No,No,No,No,No,3,4897
2533-TIBIX,No,No phone service,DSL,Yes,No,No,No,No,No,No,Yes,2,4898
8993-PHFWD,No,No phone service,DSL,No,No,No,No,No,No,No,No,1,4899
1565-RHDJD,Yes,Yes,Fiber optic,No,Yes,Yes,No,No,No,No,No,5,4900
7137-RYLPP,Yes,Yes,Fiber optic,No,No,No,No,Yes,No,Yes,No,4,4901
3765-JXVKY,Yes,No,Fiber optic,No,Yes,No,No,No,No,No,No,3,4902
5092-STPKP,Yes,No,DSL,Yes,No,No,Yes,No,No,No,Yes,4,4903
7330-WZLNC,Yes,Yes,Fiber optic,No,Yes,No,No,Yes,No,Yes,No,5,4904
0114-PEGZZ,Yes,Yes,Fiber optic,No,Yes,Yes,No,Yes,Yes,Yes,No,7,4905
3359-DSRKA,Yes,No,No,No internet service,No internet service,No internet service,No internet service,No internet service,No internet service,No,No,1,4906
8639-NHQEI,Yes,Yes,Fiber optic,Yes,Yes,No,No,Yes,No,Yes,Yes,6,4907
7161-DFHUF,Yes,Yes,No,No internet service,No internet service,No internet service,No internet service,No internet service,No internet service,No,No,2,4908
3957-LXOLK,Yes,Yes,Fiber optic,No,Yes,Yes,No,Yes,Yes,Yes,No,7,4909
3720-DBRWL,Yes,No,DSL,Yes,Yes,Yes,Yes,Yes,Yes,Yes,Yes,8,4910
6635-MYYYZ,Yes,No,DSL,Yes,Yes,Yes,Yes,Yes,Yes,Yes,Yes,8,4911
8565-WUXZU,Yes,No,Fiber optic,Yes,Yes,No,Yes,No,No,No,Yes,5,4912
5281-BUZGT,Yes,Yes,Fiber optic,Yes,No,No,No,Yes,No,Yes,Yes,5,4913
4994-OBRSZ,Yes,No,DSL,Yes,Yes,Yes,Yes,No,Yes,Yes,Yes,7,4914
0562-FGDCR,Yes,Yes,DSL,Yes,Yes,No,Yes,Yes,No,Yes,Yes,7,4915
2436-QBZFP,No,No phone service,DSL,No,Yes,No,No,Yes,No,Yes,No,3,4916
3420-YJLQT,Yes,Yes,Fiber optic,No,Yes,No,No,No,No,No,No,4,4917
6040-CGACY,Yes,No,No,No internet service,No internet service,No internet service,No internet service,No internet service,No internet service,No,No,1,4918
6582-PLFUU,Yes,No,No,No internet service,No internet service,No internet service,No internet service,No internet service,No internet service,No,No,1,4919
8242-PDSGJ,No,No phone service,DSL,Yes,No,Yes,Yes,No,No,No,Yes,4,4920
0264-CNITK,Yes,No,No,No internet service,No internet service,No internet service,No internet service,No internet service,No internet service,No,No,1,4921
0089-IIQKO,Yes,Yes,Fiber optic,No,No,No,Yes,Yes,Yes,Yes,Yes,6,4922
7839-NUIAA,Yes,Yes,DSL,Yes,Yes,No,No,No,No,No,Yes,5,4923
6075-QMNRR,Yes,No,DSL,Yes,No,No,No,No,No,No,Yes,3,4924
5378-IKEEG,No,No phone service,DSL,No,No,No,No,Yes,No,Yes,No,2,4925
5966-EMAZU,Yes,Yes,Fiber optic,Yes,No,Yes,Yes,Yes,Yes,Yes,Yes,8,4926
0440-EKDCF,Yes,No,DSL,No,Yes,Yes,Yes,No,No,No,Yes,5,4927
4774-HHGGS,Yes,No,No,No internet service,No internet service,No internet service,No internet service,No internet service,No internet service,No,No,1,4928
2718-GAXQD,Yes,No,DSL,No,No,No,No,No,No,No,No,2,4929
2055-BFOCC,Yes,No,DSL,Yes,Yes,Yes,Yes,Yes,Yes,Yes,Yes,8,4930
8180-AKMJV,Yes,No,DSL,No,No,No,No,No,No,No,No,2,4931
4298-OYIFC,Yes,Yes,Fiber optic,No,No,Yes,Yes,Yes,Yes,Yes,Yes,7,4932
5566-SOEZD,Yes,No,Fiber optic,Yes,Yes,No,No,No,No,No,Yes,4,4933
9842-EFSYY,No,No phone service,DSL,Yes,Yes,Yes,No,Yes,Yes,Yes,Yes,6,4934
2272-WUSPA,Yes,Yes,Fiber optic,Yes,Yes,Yes,No,Yes,Yes,Yes,Yes,8,4935
4584-LBNMK,Yes,Yes,No,No internet service,No internet service,No internet service,No internet service,No internet service,No internet service,No,No,2,4936
3898-GUYTS,Yes,Yes,Fiber optic,Yes,Yes,No,Yes,Yes,No,Yes,Yes,7,4937
0930-EHUZA,Yes,No,DSL,Yes,Yes,Yes,Yes,Yes,No,Yes,Yes,7,4938
6413-XKKPU,Yes,No,Fiber optic,Yes,No,Yes,No,Yes,No,Yes,Yes,5,4939
9975-SKRNR,Yes,No,No,No internet service,No internet service,No internet service,No internet service,No internet service,No internet service,No,No,1,4940
3703-KBKZP,Yes,Yes,Fiber optic,No,No,No,No,No,No,No,No,3,4941
1449-XQEMT,Yes,No,No,No internet service,No internet service,No internet service,No internet service,No internet service,No internet service,No,No,1,4942
2626-URJFX,Yes,Yes,DSL,No,No,No,No,No,No,No,No,3,4943
4973-MGTON,Yes,No,DSL,Yes,Yes,Yes,Yes,Yes,Yes,Yes,Yes,8,4944
3682-YEUWS,Yes,Yes,No,No internet service,No internet service,No internet service,No internet service,No internet service,No internet service,No,No,2,4945
1223-UNPKS,Yes,No,No,No internet service,No internet service,No internet service,No internet service,No internet service,No internet service,No,No,1,4946
2612-RRIDN,Yes,No,Fiber optic,No,No,No,No,Yes,No,Yes,No,3,4947
4735-ASGMA,Yes,Yes,Fiber optic,No,No,Yes,No,Yes,Yes,Yes,No,6,4948
3446-QDSZF,Yes,No,DSL,No,No,No,No,Yes,No,Yes,No,3,4949
3669-LVWZB,No,No phone service,DSL,No,Yes,No,No,Yes,Yes,Yes,No,4,4950
6892-EZDTG,Yes,Yes,Fiber optic,No,Yes,No,No,Yes,No,Yes,No,5,4951
5117-IFGPS,Yes,Yes,Fiber optic,No,No,No,No,No,Yes,Yes,No,4,4952
7379-FNIUJ,Yes,No,Fiber optic,Yes,Yes,No,No,Yes,Yes,Yes,Yes,6,4953
1627-AFWVJ,Yes,No,No,No internet service,No internet service,No internet service,No internet service,No internet service,No internet service,No,No,1,4954
9725-SCPZG,Yes,No,Fiber optic,No,No,No,No,Yes,Yes,Yes,No,4,4955
5884-GCYMI,Yes,No,Fiber optic,No,No,No,No,No,No,No,No,2,4956
3217-FZDMN,Yes,No,Fiber optic,No,No,Yes,No,Yes,Yes,Yes,No,5,4957
4486-EFAEB,Yes,No,No,No internet service,No internet service,No internet service,No internet service,No internet service,No internet service,No,No,1,4958
0060-FUALY,Yes,Yes,Fiber optic,Yes,Yes,No,No,Yes,No,Yes,Yes,6,4959
7853-GVUDZ,Yes,No,No,No internet service,No internet service,No internet service,No internet service,No internet service,No internet service,No,No,1,4960
7480-QNVZJ,Yes,Yes,Fiber optic,No,No,No,No,Yes,Yes,Yes,No,5,4961
6954-OOYZZ,Yes,No,DSL,No,No,No,No,No,No,No,No,2,4962
7088-FBAWU,Yes,No,DSL,Yes,Yes,No,No,Yes,Yes,Yes,Yes,6,4963
8313-AFGBW,Yes,No,DSL,No,Yes,Yes,No,Yes,Yes,Yes,No,6,4964
3943-KDREE,Yes,Yes,Fiber optic,No,No,No,No,No,No,No,No,3,4965
9239-ZBZZV,No,No phone service,DSL,No,No,Yes,No,Yes,Yes,Yes,No,4,4966
3097-IDVPU,Yes,Yes,DSL,No,No,No,No,No,No,No,No,3,4967
4398-HSCJH,Yes,Yes,DSL,No,No,No,Yes,Yes,No,Yes,Yes,5,4968
2197-OMWGI,No,No phone service,DSL,No,Yes,Yes,No,Yes,Yes,Yes,No,5,4969
2303-PJYHN,Yes,No,No,No internet service,No internet service,No internet service,No internet service,No internet service,No internet service,No,No,1,4970
9795-VOWON,No,No phone service,DSL,No,No,No,No,No,No,No,No,1,4971
1237-WIYYZ,Yes,No,No,No internet service,No internet service,No internet service,No internet service,No internet service,No internet service,No,No,1,4972
1987-AUELQ,Yes,Yes,No,No internet service,No internet service,No internet service,No internet service,No internet service,No internet service,No,No,2,4973
7852-LECYP,Yes,Yes,Fiber optic,Yes,Yes,No,No,No,Yes,Yes,Yes,6,4974
4430-UZIPO,No,No phone service,DSL,No,Yes,No,Yes,No,No,No,Yes,3,4975
4822-LPTYJ,Yes,Yes,Fiber optic,No,Yes,Yes,No,Yes,Yes,Yes,No,7,4976
8165-CBKXO,No,No phone service,DSL,No,Yes,Yes,No,Yes,Yes,Yes,No,5,4977
6527-PZFPV,Yes,No,No,No internet service,No internet service,No internet service,No internet service,No internet service,No internet service,No,No,1,4978
4855-SNKMY,Yes,No,DSL,No,No,No,No,No,No,No,No,2,4979
9593-CVZKR,Yes,Yes,No,No internet service,No internet service,No internet service,No internet service,No internet service,No internet service,No,No,2,4980
8595-SIZNC,Yes,Yes,No,No internet service,No internet service,No internet service,No internet service,No internet service,No internet service,No,No,2,4981
8008-HAWED,No,No phone service,DSL,No,No,Yes,No,Yes,Yes,Yes,No,4,4982
7124-UGSUR,Yes,Yes,Fiber optic,No,Yes,Yes,No,Yes,Yes,Yes,No,7,4983
1862-SKORY,No,No phone service,DSL,No,Yes,No,No,Yes,No,Yes,No,3,4984
5236-XMZJY,Yes,No,DSL,Yes,Yes,Yes,No,No,No,No,Yes,5,4985
4827-DPADN,Yes,Yes,DSL,Yes,No,Yes,Yes,Yes,Yes,Yes,Yes,8,4986
2694-CIUMO,Yes,Yes,Fiber optic,No,No,No,Yes,No,No,No,Yes,4,4987
5846-ABOBJ,Yes,Yes,No,No internet service,No internet service,No internet service,No internet service,No internet service,No internet service,No,No,2,4988
1439-LCGVL,Yes,No,No,No internet service,No internet service,No internet service,No internet service,No internet service,No internet service,No,No,1,4989
0909-SDHNU,No,No phone service,DSL,Yes,No,No,No,No,No,No,Yes,2,4990
4647-XXZAM,Yes,No,DSL,No,No,No,No,No,No,No,No,2,4991
1502-XFCVR,Yes,No,Fiber optic,Yes,Yes,Yes,No,Yes,Yes,Yes,Yes,7,4992
7740-KKCXF,No,No phone service,DSL,No,Yes,No,No,No,No,No,No,2,4993
5360-XGYAZ,No,No phone service,DSL,Yes,Yes,Yes,Yes,Yes,Yes,Yes,Yes,7,4994
9692-TUSXH,Yes,No,Fiber optic,Yes,No,No,No,Yes,Yes,Yes,Yes,5,4995
7912-SYRQT,Yes,Yes,Fiber optic,No,No,No,No,No,No,No,No,3,4996
3557-HTYWR,Yes,Yes,DSL,Yes,Yes,No,Yes,No,Yes,Yes,Yes,7,4997
4816-JBHOV,Yes,No,DSL,No,No,No,No,No,No,No,No,2,4998
8920-NAVAY,Yes,Yes,Fiber optic,No,Yes,Yes,Yes,Yes,Yes,Yes,Yes,8,4999
1699-TLDLZ,Yes,No,No,No internet service,No internet service,No internet service,No internet service,No internet service,No internet service,No,No,1,5000
5600-PDUJF,Yes,No,DSL,No,No,No,Yes,No,No,No,Yes,3,5001
8292-TYSPY,Yes,No,DSL,No,No,Yes,Yes,No,No,No,Yes,4,5002
0567-XRHCU,No,No phone service,DSL,Yes,No,Yes,No,No,Yes,Yes,Yes,4,5003
1867-BDVFH,Yes,Yes,Fiber optic,No,No,No,No,No,No,No,No,3,5004
2067-QYTCF,Yes,Yes,Fiber optic,No,Yes,Yes,Yes,Yes,Yes,Yes,Yes,8,5005
2359-QWQUL,Yes,No,Fiber optic,Yes,No,Yes,Yes,Yes,Yes,Yes,Yes,7,5006
9103-TCIHJ,Yes,Yes,DSL,Yes,No,No,No,No,No,No,Yes,4,5007
7407-SUJIZ,Yes,No,No,No internet service,No internet service,No internet service,No internet service,No internet service,No internet service,No,No,1,5008
9150-KPBJQ,Yes,No,No,No internet service,No internet service,No internet service,No internet service,No internet service,No internet service,No,No,1,5009
0052-DCKON,Yes,Yes,Fiber optic,Yes,Yes,Yes,Yes,Yes,Yes,Yes,Yes,9,5010
3654-ARMGP,Yes,Yes,DSL,No,Yes,Yes,Yes,Yes,Yes,Yes,Yes,8,5011
9699-UBQFS,Yes,Yes,Fiber optic,Yes,Yes,No,No,Yes,No,Yes,Yes,6,5012
9367-TCUYN,Yes,No,No,No internet service,No internet service,No internet service,No internet service,No internet service,No internet service,No,No,1,5013
1261-FWTTE,No,No phone service,DSL,No,No,No,No,No,Yes,Yes,No,2,5014
3528-HFRIQ,No,No phone service,DSL,No,Yes,Yes,No,Yes,Yes,Yes,No,5,5015
0708-SJDIS,Yes,Yes,DSL,No,No,No,Yes,Yes,No,Yes,Yes,5,5016
4140-WJAWW,Yes,No,No,No internet service,No internet service,No internet service,No internet service,No internet service,No internet service,No,No,1,5017
2073-QBVBI,No,No phone service,DSL,No,Yes,No,Yes,No,No,No,Yes,3,5018
6928-ONTRW,Yes,No,No,No internet service,No internet service,No internet service,No internet service,No internet service,No internet service,No,No,1,5019
3320-VEOYC,Yes,Yes,Fiber optic,No,No,No,No,Yes,Yes,Yes,No,5,5020
5231-FIQPA,Yes,No,No,No internet service,No internet service,No internet service,No internet service,No internet service,No internet service,No,No,1,5021
6617-WLBQC,Yes,Yes,Fiber optic,Yes,No,No,No,No,No,No,Yes,4,5022
2599-CIPQE,Yes,No,Fiber optic,Yes,Yes,Yes,Yes,Yes,Yes,Yes,Yes,8,5023
6653-CBBOM,Yes,No,Fiber optic,No,No,No,No,No,No,No,No,2,5024
8774-GSBUN,Yes,Yes,No,No internet service,No internet service,No internet service,No internet service,No internet service,No internet service,No,No,2,5025
7326-RIGQZ,Yes,No,Fiber optic,No,No,No,No,No,No,No,No,2,5026
1401-FTHFQ,Yes,No,No,No internet service,No internet service,No internet service,No internet service,No internet service,No internet service,No,No,1,5027
3247-ZVOUO,Yes,Yes,Fiber optic,No,No,No,No,No,Yes,Yes,No,4,5028
0254-FNMCI,Yes,No,Fiber optic,Yes,Yes,Yes,Yes,Yes,Yes,Yes,Yes,8,5029
1848-LBZHY,Yes,No,DSL,Yes,No,No,No,No,No,No,Yes,3,5030
6101-IMRMM,Yes,No,Fiber optic,No,No,Yes,No,Yes,Yes,Yes,No,5,5031
8118-TJAFG,Yes,No,Fiber optic,No,Yes,No,Yes,Yes,Yes,Yes,Yes,6,5032
5429-LWCMV,Yes,Yes,Fiber optic,No,Yes,No,No,No,Yes,Yes,No,5,5033
7298-IZWLY,Yes,No,No,No internet service,No internet service,No internet service,No internet service,No internet service,No internet service,No,No,1,5034
9758-MFWGD,No,No phone service,DSL,No,Yes,No,No,No,No,No,No,2,5035
3955-JBZZM,Yes,No,Fiber optic,No,No,No,No,Yes,No,Yes,No,3,5036
1268-ASBGA,Yes,Yes,Fiber optic,No,No,No,No,No,Yes,Yes,No,4,5037
8943-URTMR,Yes,No,Fiber optic,No,No,No,No,Yes,No,Yes,No,3,5038
4815-TUMEQ,Yes,No,No,No internet service,No internet service,No internet service,No internet service,No internet service,No internet service,No,No,1,5039
4713-LZDRV,Yes,No,Fiber optic,No,No,No,No,No,Yes,Yes,No,3,5040
9909-IDLEK,Yes,Yes,Fiber optic,No,Yes,No,Yes,Yes,No,Yes,Yes,6,5041
4092-OFQZS,Yes,No,No,No internet service,No internet service,No internet service,No internet service,No internet service,No internet service,No,No,1,5042
1561-BWHIN,Yes,No,No,No internet service,No internet service,No internet service,No internet service,No internet service,No internet service,No,No,1,5043
4325-NFSKC,Yes,Yes,Fiber optic,Yes,No,No,No,Yes,No,Yes,Yes,5,5044
9927-DSWDF,Yes,No,Fiber optic,Yes,Yes,No,Yes,Yes,Yes,Yes,Yes,7,5045
9500-LTVBP,Yes,Yes,Fiber optic,No,No,No,Yes,No,No,No,Yes,4,5046
7252-NTGSS,Yes,No,DSL,No,No,No,No,No,No,No,No,2,5047
8149-AIQCG,Yes,Yes,Fiber optic,No,No,No,No,No,No,No,No,3,5048
1360-JYXKQ,Yes,No,Fiber optic,No,No,Yes,Yes,Yes,Yes,Yes,Yes,6,5049
2955-PSXOE,Yes,No,No,No internet service,No internet service,No internet service,No internet service,No internet service,No internet service,No,No,1,5050
7762-URZQH,Yes,Yes,Fiber optic,Yes,No,Yes,No,Yes,Yes,Yes,Yes,7,5051
0899-WZRSD,Yes,Yes,Fiber optic,Yes,No,No,Yes,Yes,Yes,Yes,Yes,7,5052
3255-GRXMG,Yes,No,DSL,No,No,No,No,No,No,No,No,2,5053
4828-FAZPK,Yes,Yes,Fiber optic,No,Yes,No,No,No,No,No,No,4,5054
6094-ZIVKX,Yes,No,DSL,Yes,No,Yes,No,No,No,No,Yes,4,5055
6925-BAYGL,Yes,Yes,No,No internet service,No internet service,No internet service,No internet service,No internet service,No internet service,No,No,2,5056
3262-EIDHV,Yes,Yes,DSL,Yes,No,Yes,Yes,Yes,Yes,Yes,Yes,8,5057
7354-OIJLX,Yes,Yes,Fiber optic,No,No,No,No,No,No,No,No,3,5058
1376-HHBDV,Yes,No,DSL,Yes,No,No,No,No,No,No,Yes,3,5059
6907-NZZIJ,Yes,Yes,Fiber optic,No,Yes,No,No,Yes,Yes,Yes,No,6,5060
6133-OZILE,No,No phone service,DSL,No,No,Yes,Yes,No,No,No,Yes,3,5061
4135-FRWKJ,Yes,Yes,DSL,Yes,No,Yes,Yes,Yes,No,Yes,Yes,7,5062
2911-UREFD,No,No phone service,DSL,Yes,No,Yes,No,Yes,Yes,Yes,Yes,5,5063
3744-ZRRDZ,Yes,Yes,Fiber optic,No,Yes,No,No,No,No,No,No,4,5064
5673-TIYIB,No,No phone service,DSL,No,Yes,Yes,Yes,No,No,No,Yes,4,5065
6551-ZCOTS,Yes,Yes,No,No internet service,No internet service,No internet service,No internet service,No internet service,No internet service,No,No,2,5066
7191-ADRGF,No,No phone service,DSL,No,Yes,Yes,No,Yes,Yes,Yes,No,5,5067
5018-LXQQG,Yes,No,DSL,Yes,No,No,Yes,No,Yes,Yes,Yes,5,5068
6892-BOGQE,Yes,No,No,No internet service,No internet service,No internet service,No internet service,No internet service,No internet service,No,No,1,5069
1602-IJQQE,Yes,Yes,Fiber optic,No,No,No,No,No,No,No,No,3,5070
4628-WQCQQ,Yes,No,Fiber optic,No,No,Yes,No,Yes,No,Yes,No,4,5071
1746-TGTWV,Yes,No,Fiber optic,No,No,Yes,No,No,No,No,No,3,5072
5995-SNNEW,Yes,Yes,Fiber optic,No,Yes,Yes,No,Yes,Yes,Yes,No,7,5073
8050-WYBND,No,No phone service,DSL,No,No,Yes,No,Yes,Yes,Yes,No,4,5074
2821-WARNZ,Yes,No,No,No internet service,No internet service,No internet service,No internet service,No internet service,No internet service,No,No,1,5075
4879-GZLFH,Yes,No,Fiber optic,No,No,Yes,No,Yes,Yes,Yes,No,5,5076
1644-IRKSF,Yes,No,Fiber optic,No,No,Yes,No,Yes,Yes,Yes,No,5,5077
8314-HTWVE,Yes,No,No,No internet service,No internet service,No internet service,No internet service,No internet service,No internet service,No,No,1,5078
9402-ROUMJ,Yes,Yes,Fiber optic,Yes,No,Yes,Yes,No,Yes,Yes,Yes,7,5079
2507-QZPQS,Yes,Yes,Fiber optic,No,Yes,No,Yes,No,Yes,Yes,Yes,6,5080
7159-NOKYQ,Yes,Yes,Fiber optic,No,Yes,Yes,No,No,Yes,Yes,No,6,5081
5707-ZMDJP,Yes,No,DSL,Yes,Yes,No,Yes,Yes,No,Yes,Yes,6,5082
8779-YIQQA,Yes,No,No,No internet service,No internet service,No internet service,No internet service,No internet service,No internet service,No,No,1,5083
7136-IHZJA,Yes,No,DSL,Yes,Yes,No,Yes,No,Yes,Yes,Yes,6,5084
8966-OIQHG,Yes,No,No,No internet service,No internet service,No internet service,No internet service,No internet service,No internet service,No,No,1,5085
7074-STDCN,No,No phone service,DSL,No,No,No,Yes,No,Yes,Yes,Yes,3,5086
3705-PSNGL,Yes,No,No,No internet service,No internet service,No internet service,No internet service,No internet service,No internet service,No,No,1,5087
8739-QOTTN,Yes,No,No,No internet service,No internet service,No internet service,No internet service,No internet service,No internet service,No,No,1,5088
1399-OUPJN,Yes,No,No,No internet service,No internet service,No internet service,No internet service,No internet service,No internet service,No,No,1,5089
0277-BKSQP,Yes,No,DSL,No,No,No,No,Yes,No,Yes,No,3,5090
6502-HCJTI,Yes,Yes,Fiber optic,Yes,Yes,No,No,No,Yes,Yes,Yes,6,5091
2606-RMDHZ,No,No phone service,DSL,No,Yes,No,No,No,No,No,No,2,5092
5774-XZTQC,Yes,No,No,No internet service,No internet service,No internet service,No internet service,No internet service,No internet service,No,No,1,5093
2676-SSLTO,Yes,Yes,DSL,No,No,No,Yes,Yes,No,Yes,Yes,5,5094
6266-QHOJZ,Yes,Yes,Fiber optic,Yes,Yes,No,Yes,No,No,No,Yes,6,5095
7269-JISCY,Yes,No,DSL,No,No,No,No,No,No,No,No,2,5096
0363-SVHYR,Yes,Yes,DSL,Yes,Yes,Yes,Yes,Yes,Yes,Yes,Yes,9,5097
8547-NSBBO,Yes,Yes,Fiber optic,Yes,Yes,Yes,Yes,No,No,No,Yes,7,5098
8258-GSTJK,Yes,Yes,Fiber optic,No,No,No,No,No,No,No,No,3,5099
6861-OKBCE,Yes,No,No,No internet service,No internet service,No internet service,No internet service,No internet service,No internet service,No,No,1,5100
9940-RHLFB,Yes,No,Fiber optic,No,No,Yes,No,No,No,No,No,3,5101
6591-QGOYB,Yes,Yes,Fiber optic,Yes,Yes,Yes,Yes,Yes,No,Yes,Yes,8,5102
9070-BCKQP,Yes,Yes,Fiber optic,Yes,No,Yes,Yes,Yes,Yes,Yes,Yes,8,5103
6421-SZVEM,Yes,No,Fiber optic,Yes,No,No,No,No,Yes,Yes,Yes,4,5104
1328-EUZHC,Yes,No,No,No internet service,No internet service,No internet service,No internet service,No internet service,No internet service,No,No,1,5105
2995-UPRYS,Yes,No,Fiber optic,No,Yes,No,Yes,Yes,Yes,Yes,Yes,6,5106
8878-RYUKI,Yes,No,DSL,No,No,Yes,No,No,Yes,Yes,No,4,5107
9633-DENPU,Yes,No,DSL,No,Yes,No,No,Yes,No,Yes,No,4,5108
7811-JIVPF,Yes,No,DSL,No,No,Yes,No,No,No,No,No,3,5109
7113-HIPFI,Yes,No,DSL,Yes,Yes,Yes,Yes,No,No,No,Yes,6,5110
8541-QVFKM,Yes,Yes,Fiber optic,No,No,No,No,No,No,No,No,3,5111
6686-YPGHK,Yes,No,Fiber optic,Yes,No,No,No,No,Yes,Yes,Yes,4,5112
1383-EZRWL,Yes,No,No,No internet service,No internet service,No internet service,No internet service,No internet service,No internet service,No,No,1,5113
9258-CNWAC,Yes,Yes,Fiber optic,Yes,Yes,Yes,Yes,Yes,Yes,Yes,Yes,9,5114
5371-VYLSX,Yes,Yes,Fiber optic,Yes,Yes,No,No,No,No,No,Yes,5,5115
6374-AFWOX,Yes,No,DSL,Yes,Yes,Yes,Yes,No,No,No,Yes,6,5116
4759-TRPLW,Yes,No,Fiber optic,No,No,No,No,No,No,No,No,2,5117
5317-FLPJF,No,No phone service,DSL,Yes,No,Yes,Yes,Yes,Yes,Yes,Yes,6,5118
7621-VPNET,Yes,Yes,Fiber optic,No,No,Yes,Yes,No,No,No,Yes,5,5119
6034-YMTOB,Yes,No,Fiber optic,No,No,No,Yes,No,No,No,Yes,3,5120
8563-IIOXK,Yes,No,DSL,Yes,No,No,No,No,No,No,Yes,3,5121
4903-CNOZC,Yes,Yes,DSL,No,Yes,Yes,No,No,Yes,Yes,No,6,5122
4353-HYOJD,Yes,No,DSL,No,Yes,No,No,No,No,No,No,3,5123
8020-BWHYL,Yes,No,Fiber optic,No,Yes,No,No,No,No,No,No,3,5124
7267-FRMJW,Yes,No,No,No internet service,No internet service,No internet service,No internet service,No internet service,No internet service,No,No,1,5125
2982-VPSGI,Yes,Yes,Fiber optic,No,No,No,No,Yes,Yes,Yes,No,5,5126
4188-FRABG,Yes,Yes,Fiber optic,Yes,Yes,Yes,Yes,Yes,No,Yes,Yes,8,5127
8199-ZLLSA,Yes,Yes,Fiber optic,Yes,Yes,Yes,Yes,Yes,Yes,Yes,Yes,9,5128
4128-ETESU,Yes,Yes,Fiber optic,No,No,Yes,No,Yes,Yes,Yes,No,6,5129
0620-DLSLK,Yes,No,Fiber optic,No,No,No,No,Yes,No,Yes,No,3,5130
4625-EWPTF,No,No phone service,DSL,Yes,No,No,No,No,No,No,Yes,2,5131
5980-NOPLP,Yes,Yes,Fiber optic,No,No,No,No,Yes,Yes,Yes,No,5,5132
3850-OKINF,Yes,Yes,DSL,Yes,No,No,No,Yes,No,Yes,Yes,5,5133
6892-XPFPU,Yes,Yes,Fiber optic,No,Yes,Yes,No,Yes,Yes,Yes,No,7,5134
8010-EZLOU,Yes,Yes,Fiber optic,No,Yes,No,No,No,No,No,No,4,5135
1156-ZFYDO,Yes,No,No,No internet service,No internet service,No internet service,No internet service,No internet service,No internet service,No,No,1,5136
3295-YVUSR,Yes,Yes,Fiber optic,No,No,No,No,No,No,No,No,3,5137
8016-NCFVO,Yes,Yes,Fiber optic,Yes,Yes,Yes,Yes,Yes,Yes,Yes,Yes,9,5138
4119-ZYPZY,Yes,Yes,Fiber optic,No,Yes,No,Yes,Yes,Yes,Yes,Yes,7,5139
5549-ZGHFB,Yes,Yes,No,No internet service,No internet service,No internet service,No internet service,No internet service,No internet service,No,No,2,5140
7577-SWIFR,Yes,No,Fiber optic,No,No,No,No,Yes,Yes,Yes,No,4,5141
0303-WMMRN,Yes,No,No,No internet service,No internet service,No internet service,No internet service,No internet service,No internet service,No,No,1,5142
6408-OTUBZ,Yes,Yes,Fiber optic,Yes,Yes,Yes,Yes,Yes,No,Yes,Yes,8,5143
5204-HMGYF,Yes,No,DSL,Yes,Yes,Yes,Yes,Yes,Yes,Yes,Yes,8,5144
1078-TDCRN,No,No phone service,DSL,No,Yes,No,No,No,No,No,No,2,5145
3727-OVPRY,Yes,Yes,No,No internet service,No internet service,No internet service,No internet service,No internet service,No internet service,No,No,2,5146
3797-FKOGQ,Yes,Yes,Fiber optic,No,No,No,No,No,Yes,Yes,No,4,5147
7622-NXQZR,No,No phone service,DSL,No,No,No,Yes,No,No,No,Yes,2,5148
6196-HBOBZ,Yes,Yes,Fiber optic,Yes,Yes,Yes,No,Yes,No,Yes,Yes,7,5149
3970-XGJDU,Yes,No,No,No internet service,No internet service,No internet service,No internet service,No internet service,No internet service,No,No,1,5150
7017-VFULY,Yes,No,No,No internet service,No internet service,No internet service,No internet service,No internet service,No internet service,No,No,1,5151
5562-YJQGT,Yes,No,No,No internet service,No internet service,No internet service,No internet service,No internet service,No internet service,No,No,1,5152
8807-OPMBM,Yes,Yes,No,No internet service,No internet service,No internet service,No internet service,No internet service,No internet service,No,No,2,5153
5439-WIKXB,Yes,No,Fiber optic,No,Yes,No,No,Yes,Yes,Yes,No,5,5154
9874-QLCLH,Yes,Yes,Fiber optic,Yes,No,Yes,No,Yes,Yes,Yes,Yes,7,5155
8294-UIMBA,Yes,No,Fiber optic,No,No,No,Yes,Yes,Yes,Yes,Yes,5,5156
8109-YUOHE,Yes,No,DSL,Yes,Yes,No,No,No,No,No,Yes,4,5157
5840-NVDCG,Yes,No,DSL,Yes,Yes,No,Yes,No,Yes,Yes,Yes,6,5158
8092-NLTGF,Yes,Yes,No,No internet service,No internet service,No internet service,No internet service,No internet service,No internet service,No,No,2,5159
5928-QLDHB,Yes,Yes,Fiber optic,No,No,No,No,No,No,No,No,3,5160
9840-EFJQB,Yes,No,Fiber optic,No,Yes,No,No,No,No,No,No,3,5161
0696-UKTOX,Yes,No,DSL,No,Yes,No,Yes,No,No,No,Yes,4,5162
4801-KFYKL,Yes,No,No,No internet service,No internet service,No internet service,No internet service,No internet service,No internet service,No,No,1,5163
3472-OAOOR,No,No phone service,DSL,Yes,Yes,No,No,No,No,No,Yes,3,5164
6135-OZQVA,Yes,Yes,DSL,Yes,No,No,No,No,No,No,Yes,4,5165
8062-YBDOE,Yes,No,Fiber optic,No,No,No,No,No,No,No,No,2,5166
2252-JHJGE,Yes,Yes,Fiber optic,Yes,No,Yes,No,Yes,Yes,Yes,Yes,7,5167
4188-PCPIG,Yes,No,DSL,Yes,Yes,No,Yes,Yes,No,Yes,Yes,6,5168
6000-APYLU,Yes,No,Fiber optic,No,No,No,No,No,Yes,Yes,No,3,5169
7105-BENQF,Yes,No,DSL,Yes,No,Yes,No,No,Yes,Yes,Yes,5,5170
7721-DVEKZ,Yes,No,No,No internet service,No internet service,No internet service,No internet service,No internet service,No internet service,No,No,1,5171
3566-VVORZ,Yes,No,DSL,No,No,No,No,No,No,No,No,2,5172
9507-HSMMZ,Yes,No,No,No internet service,No internet service,No internet service,No internet service,No internet service,No internet service,No,No,1,5173
2480-SQIOB,Yes,No,DSL,No,No,No,No,No,No,No,No,2,5174
0947-IDHRQ,Yes,No,Fiber optic,No,No,No,No,Yes,No,Yes,No,3,5175
7813-TKCVO,Yes,No,No,No internet service,No internet service,No internet service,No internet service,No internet service,No internet service,No,No,1,5176
0128-MKWSG,No,No phone service,DSL,Yes,No,No,Yes,No,Yes,Yes,Yes,4,5177
3672-YITQD,Yes,Yes,Fiber optic,No,No,No,No,No,Yes,Yes,No,4,5178
4350-ZTLPI,Yes,Yes,Fiber optic,No,Yes,Yes,Yes,Yes,Yes,Yes,Yes,8,5179
9048-JVYVF,Yes,No,DSL,No,No,No,Yes,Yes,Yes,Yes,Yes,5,5180
0361-HJRDX,No,No phone service,DSL,Yes,Yes,Yes,Yes,Yes,Yes,Yes,Yes,7,5181
5727-MYATE,Yes,Yes,DSL,Yes,Yes,Yes,Yes,Yes,Yes,Yes,Yes,9,5182
3823-KYNQY,Yes,Yes,No,No internet service,No internet service,No internet service,No internet service,No internet service,No internet service,No,No,2,5183
8988-ECPJR,Yes,Yes,Fiber optic,No,Yes,No,No,No,No,No,No,4,5184
7570-WELNY,Yes,Yes,Fiber optic,Yes,Yes,No,No,No,No,No,Yes,5,5185
3021-VLNRJ,Yes,No,DSL,Yes,No,Yes,Yes,Yes,No,Yes,Yes,6,5186
3776-EKTKM,No,No phone service,DSL,No,No,No,No,Yes,No,Yes,No,2,5187
2080-CAZNM,Yes,Yes,Fiber optic,No,Yes,Yes,No,Yes,Yes,Yes,No,7,5188
1028-FFNJK,Yes,Yes,Fiber optic,No,No,No,Yes,Yes,Yes,Yes,Yes,6,5189
6907-FLBER,Yes,Yes,DSL,No,Yes,No,No,No,No,No,No,4,5190
3001-UNBTL,Yes,Yes,Fiber optic,No,No,Yes,No,Yes,Yes,Yes,No,6,5191
5982-PSMKW,Yes,Yes,DSL,Yes,Yes,Yes,Yes,Yes,Yes,Yes,Yes,9,5192
3507-GASNP,Yes,No,No,No internet service,No internet service,No internet service,No internet service,No internet service,No internet service,No,No,1,5193
7096-ZNBZI,Yes,Yes,No,No internet service,No internet service,No internet service,No internet service,No internet service,No internet service,No,No,2,5194
1902-XBTFB,Yes,No,Fiber optic,No,Yes,Yes,No,Yes,No,Yes,No,5,5195
1676-MQAOA,Yes,No,DSL,Yes,Yes,Yes,Yes,Yes,No,Yes,Yes,7,5196
0786-IVLAW,Yes,Yes,Fiber optic,No,Yes,Yes,No,Yes,Yes,Yes,No,7,5197
7566-DSRLQ,Yes,Yes,Fiber optic,No,Yes,Yes,Yes,Yes,Yes,Yes,Yes,8,5198
0643-OKLRP,Yes,Yes,Fiber optic,Yes,No,No,No,No,No,No,Yes,4,5199
7245-JMTTQ,Yes,Yes,Fiber optic,No,Yes,Yes,Yes,Yes,Yes,Yes,Yes,8,5200
6050-IJRHS,Yes,Yes,Fiber optic,No,Yes,Yes,No,Yes,Yes,Yes,No,7,5201
6202-JVYEU,Yes,No,No,No internet service,No internet service,No internet service,No internet service,No internet service,No internet service,No,No,1,5202
8591-TKMZH,Yes,Yes,Fiber optic,Yes,Yes,No,Yes,Yes,Yes,Yes,Yes,8,5203
0734-OXWBT,Yes,No,DSL,No,No,No,Yes,Yes,Yes,Yes,Yes,5,5204
4282-ACRXS,No,No phone service,DSL,No,No,No,No,No,No,No,No,1,5205
0365-TRTPY,Yes,Yes,Fiber optic,Yes,Yes,Yes,No,No,No,No,Yes,6,5206
7349-ALMUX,Yes,No,DSL,Yes,Yes,Yes,Yes,No,No,No,Yes,6,5207
9381-NDKME,No,No phone service,DSL,No,No,Yes,No,No,Yes,Yes,No,3,5208
6502-KUGLL,Yes,No,DSL,Yes,Yes,No,Yes,No,No,No,Yes,5,5209
1841-YSJGV,Yes,Yes,Fiber optic,Yes,Yes,No,Yes,Yes,Yes,Yes,Yes,8,5210
2794-XIMMO,No,No phone service,DSL,No,Yes,Yes,Yes,Yes,Yes,Yes,Yes,6,5211
8382-SHQEH,Yes,Yes,Fiber optic,No,No,No,No,No,Yes,Yes,No,4,5212
3511-BFTJW,No,No phone service,DSL,Yes,Yes,Yes,No,No,No,No,Yes,4,5213
7668-XCFYV,Yes,Yes,Fiber optic,No,No,No,No,Yes,Yes,Yes,No,5,5214
2983-ZANRP,Yes,No,Fiber optic,No,Yes,No,No,No,No,No,No,3,5215
7845-URHJN,Yes,No,No,No internet service,No internet service,No internet service,No internet service,No internet service,No internet service,No,No,1,5216
3034-ZBEQN,No,No phone service,DSL,No,Yes,Yes,No,No,No,No,No,3,5217
5018-HEKFO,Yes,Yes,No,No internet service,No internet service,No internet service,No internet service,No internet service,No internet service,No,No,2,5218
2923-ARZLG,Yes,No,No,No internet service,No internet service,No internet service,No internet service,No internet service,No internet service,No,No,1,5219
3976-NLDEZ,Yes,No,No,No internet service,No internet service,No internet service,No internet service,No internet service,No internet service,No,No,1,5220
2282-YGNOR,Yes,No,DSL,Yes,No,Yes,Yes,No,No,No,Yes,5,5221
5336-UFNZP,Yes,Yes,Fiber optic,No,Yes,Yes,No,Yes,Yes,Yes,No,7,5222
6854-EXGSF,Yes,Yes,DSL,Yes,Yes,Yes,No,No,No,No,Yes,6,5223
1241-EZFMJ,Yes,Yes,No,No internet service,No internet service,No internet service,No internet service,No internet service,No internet service,No,No,2,5224
9233-PSYHO,Yes,Yes,Fiber optic,No,No,Yes,No,Yes,Yes,Yes,No,6,5225
5376-PCKNB,Yes,Yes,Fiber optic,No,Yes,Yes,No,Yes,Yes,Yes,No,7,5226
8044-BGWPI,Yes,No,No,No internet service,No internet service,No internet service,No internet service,No internet service,No internet service,No,No,1,5227
4060-LDNLU,Yes,Yes,Fiber optic,No,No,No,No,Yes,Yes,Yes,No,5,5228
3589-PPVKW,Yes,No,DSL,No,No,No,No,No,No,No,No,2,5229
8327-LZKAS,Yes,Yes,Fiber optic,No,No,Yes,Yes,Yes,Yes,Yes,Yes,7,5230
5887-IKKYO,Yes,Yes,Fiber optic,No,No,Yes,Yes,No,Yes,Yes,Yes,6,5231
1075-BGWOH,Yes,Yes,Fiber optic,No,No,Yes,No,Yes,Yes,Yes,No,6,5232
1755-RMCXH,Yes,No,No,No internet service,No internet service,No internet service,No internet service,No internet service,No internet service,No,No,1,5233
0302-JOIVN,Yes,No,Fiber optic,No,Yes,Yes,No,Yes,Yes,Yes,No,6,5234
3858-XHYJO,Yes,Yes,Fiber optic,Yes,No,Yes,No,Yes,Yes,Yes,Yes,7,5235
4299-SIMNS,Yes,Yes,Fiber optic,Yes,No,No,No,No,No,No,Yes,4,5236
7025-IWFHT,Yes,No,Fiber optic,No,Yes,No,Yes,Yes,No,Yes,Yes,5,5237
6261-LHRTG,Yes,No,DSL,No,Yes,Yes,No,No,No,No,No,4,5238
7841-FCRQD,Yes,No,DSL,No,Yes,No,Yes,No,No,No,Yes,4,5239
2056-EVGZL,Yes,No,Fiber optic,No,Yes,Yes,Yes,Yes,Yes,Yes,Yes,7,5240
8777-MBMTS,Yes,No,Fiber optic,No,Yes,Yes,Yes,Yes,Yes,Yes,Yes,7,5241
7753-USQYQ,Yes,No,DSL,No,Yes,No,Yes,No,Yes,Yes,Yes,5,5242
5366-IJEQJ,Yes,Yes,Fiber optic,No,No,Yes,No,Yes,No,Yes,No,5,5243
7661-CPURM,Yes,No,Fiber optic,No,No,No,Yes,No,Yes,Yes,Yes,4,5244
6233-HXJMX,Yes,Yes,Fiber optic,No,No,Yes,No,No,Yes,Yes,No,5,5245
5902-WBLSE,Yes,No,No,No internet service,No internet service,No internet service,No internet service,No internet service,No internet service,No,No,1,5246
1981-INRFU,Yes,No,Fiber optic,No,No,No,No,Yes,No,Yes,No,3,5247
4971-PUYQO,Yes,Yes,Fiber optic,No,No,No,No,Yes,Yes,Yes,No,5,5248
3239-TPHPZ,Yes,No,No,No internet service,No internet service,No internet service,No internet service,No internet service,No internet service,No,No,1,5249
5115-GZDEL,No,No phone service,DSL,Yes,Yes,Yes,Yes,Yes,Yes,Yes,Yes,7,5250
3338-CVVEH,Yes,Yes,Fiber optic,No,No,No,No,Yes,Yes,Yes,No,5,5251
8485-GJCDN,Yes,No,Fiber optic,No,No,No,No,No,No,No,No,2,5252
2615-YVMYX,Yes,Yes,Fiber optic,Yes,Yes,Yes,No,Yes,Yes,Yes,Yes,8,5253
2851-STERV,Yes,No,DSL,No,No,Yes,Yes,Yes,Yes,Yes,Yes,6,5254
4393-GEADV,Yes,Yes,Fiber optic,Yes,Yes,Yes,Yes,Yes,Yes,Yes,Yes,9,5255
8486-AYEQH,Yes,Yes,Fiber optic,No,No,No,No,No,No,No,No,3,5256
1527-SXDPN,Yes,Yes,Fiber optic,No,No,Yes,Yes,No,Yes,Yes,Yes,6,5257
6029-WTIPC,Yes,Yes,Fiber optic,No,No,Yes,No,Yes,Yes,Yes,No,6,5258
8634-CILSZ,Yes,Yes,Fiber optic,No,Yes,No,Yes,Yes,Yes,Yes,Yes,7,5259
5419-JKZNQ,Yes,Yes,Fiber optic,No,No,No,No,No,No,No,No,3,5260
2495-KZNFB,Yes,Yes,Fiber optic,Yes,No,No,No,No,Yes,Yes,Yes,5,5261
1409-PHXTF,Yes,Yes,Fiber optic,No,Yes,Yes,Yes,Yes,Yes,Yes,Yes,8,5262
4560-WQAQW,Yes,Yes,DSL,Yes,No,No,Yes,No,Yes,Yes,Yes,6,5263
9591-YVTEB,No,No phone service,DSL,Yes,Yes,No,No,Yes,No,Yes,Yes,4,5264
9309-BZGNT,No,No phone service,DSL,No,No,Yes,No,No,No,No,No,2,5265
4274-DRSQT,Yes,Yes,Fiber optic,No,Yes,No,No,Yes,No,Yes,No,5,5266
2027-DNKIV,Yes,No,DSL,Yes,No,Yes,Yes,No,No,No,Yes,5,5267
8075-GXIUB,Yes,No,No,No internet service,No internet service,No internet service,No internet service,No internet service,No internet service,No,No,1,5268
2885-HIJDH,Yes,Yes,DSL,Yes,No,Yes,Yes,Yes,Yes,Yes,Yes,8,5269
5424-RLQLC,Yes,No,DSL,No,Yes,No,No,Yes,No,Yes,No,4,5270
6682-QJDGB,Yes,No,DSL,Yes,Yes,No,No,No,No,No,Yes,4,5271
6507-DTJZV,Yes,No,DSL,No,No,No,No,Yes,Yes,Yes,No,4,5272
8780-IXSTS,Yes,Yes,Fiber optic,No,Yes,No,No,Yes,No,Yes,No,5,5273
7673-BQGKU,Yes,No,No,No internet service,No internet service,No internet service,No internet service,No internet service,No internet service,No,No,1,5274
6723-WSNTY,Yes,Yes,Fiber optic,No,Yes,Yes,Yes,Yes,Yes,Yes,Yes,8,5275
9530-EHPOH,Yes,Yes,DSL,No,No,Yes,No,No,No,No,No,4,5276
2725-IWWBA,Yes,No,DSL,Yes,No,Yes,Yes,No,No,No,Yes,5,5277
0345-HKJVM,Yes,No,Fiber optic,No,No,No,No,Yes,Yes,Yes,No,4,5278
1061-PNTHC,Yes,Yes,Fiber optic,Yes,No,Yes,Yes,Yes,Yes,Yes,Yes,8,5279
0394-YONDK,Yes,Yes,No,No internet service,No internet service,No internet service,No internet service,No internet service,No internet service,No,No,2,5280
6574-MCOEH,Yes,Yes,DSL,No,No,Yes,Yes,Yes,Yes,Yes,Yes,7,5281
7399-QHBJS,Yes,Yes,DSL,Yes,Yes,No,Yes,No,No,No,Yes,6,5282
3049-SOLAY,Yes,Yes,Fiber optic,No,No,No,No,Yes,Yes,Yes,No,5,5283
0997-YTLNY,Yes,No,DSL,No,No,No,Yes,No,No,No,Yes,3,5284
3317-HRTNN,No,No phone service,DSL,No,No,No,No,Yes,Yes,Yes,No,3,5285
9479-HYNYL,Yes,No,DSL,No,Yes,Yes,Yes,Yes,Yes,Yes,Yes,7,5286
3235-ETOOB,Yes,No,Fiber optic,Yes,No,No,No,No,No,No,Yes,3,5287
9708-KFDBY,Yes,No,No,No internet service,No internet service,No internet service,No internet service,No internet service,No internet service,No,No,1,5288
8058-INTPH,Yes,No,Fiber optic,No,No,No,No,Yes,No,Yes,No,3,5289
3642-GKTCT,Yes,Yes,Fiber optic,Yes,Yes,Yes,Yes,Yes,Yes,Yes,Yes,9,5290
0774-RMNUW,No,No phone service,DSL,Yes,Yes,No,Yes,Yes,Yes,Yes,Yes,6,5291
1334-PDUKM,Yes,Yes,Fiber optic,No,Yes,Yes,No,No,No,No,No,5,5292
0756-MPZRL,No,No phone service,DSL,No,No,Yes,Yes,No,No,No,Yes,3,5293
2242-MFOTG,Yes,Yes,Fiber optic,Yes,No,No,No,No,No,No,Yes,4,5294
2927-CVULT,Yes,Yes,Fiber optic,Yes,Yes,Yes,Yes,No,Yes,Yes,Yes,8,5295
2144-BFDSO,Yes,Yes,Fiber optic,Yes,Yes,Yes,No,Yes,Yes,Yes,Yes,8,5296
8745-PVESG,No,No phone service,DSL,Yes,No,Yes,Yes,No,No,No,Yes,4,5297
7647-GYYKX,Yes,No,No,No internet service,No internet service,No internet service,No internet service,No internet service,No internet service,No,No,1,5298
5647-FXOTP,Yes,Yes,Fiber optic,No,Yes,Yes,No,Yes,Yes,Yes,No,7,5299
5569-OUICF,Yes,Yes,Fiber optic,No,No,No,Yes,Yes,Yes,Yes,Yes,6,5300
8821-XNHVZ,Yes,No,Fiber optic,No,No,No,No,Yes,No,Yes,No,3,5301
2082-OJVTK,Yes,Yes,Fiber optic,No,No,Yes,No,No,Yes,Yes,No,5,5302
9700-ISPUP,Yes,No,DSL,No,Yes,No,Yes,No,Yes,Yes,Yes,5,5303
9839-ETQOE,No,No phone service,DSL,Yes,Yes,Yes,No,No,No,No,Yes,4,5304
6078-VESFR,Yes,No,Fiber optic,No,No,No,No,No,No,No,No,2,5305
9027-TMATR,Yes,No,DSL,Yes,No,Yes,Yes,Yes,Yes,Yes,Yes,7,5306
5940-NFXKV,Yes,Yes,Fiber optic,No,No,No,No,No,Yes,Yes,No,4,5307
1941-HOSAM,Yes,No,Fiber optic,No,No,No,No,Yes,Yes,Yes,No,4,5308
9110-HSGTV,Yes,No,DSL,Yes,No,Yes,Yes,Yes,Yes,Yes,Yes,7,5309
0704-VCUMB,Yes,No,No,No internet service,No internet service,No internet service,No internet service,No internet service,No internet service,No,No,1,5310
6171-ZTVYB,Yes,Yes,DSL,Yes,Yes,No,Yes,No,No,No,Yes,6,5311
8053-WWDRO,Yes,No,No,No internet service,No internet service,No internet service,No internet service,No internet service,No internet service,No,No,1,5312
9564-KCLHR,Yes,No,DSL,No,No,No,Yes,No,No,No,Yes,3,5313
1935-IMVBB,Yes,No,Fiber optic,No,No,No,No,Yes,Yes,Yes,No,4,5314
2535-PBCGC,No,No phone service,DSL,Yes,Yes,Yes,Yes,Yes,Yes,Yes,Yes,7,5315
2082-CEFLT,Yes,No,DSL,No,No,No,No,No,No,No,No,2,5316
1470-PSXNM,Yes,Yes,Fiber optic,No,Yes,Yes,No,Yes,No,Yes,No,6,5317
1213-NGCUN,Yes,No,DSL,No,No,No,Yes,No,No,No,Yes,3,5318
2498-XLDZR,Yes,No,DSL,Yes,Yes,Yes,Yes,No,Yes,Yes,Yes,7,5319
9866-OCCKE,Yes,Yes,Fiber optic,Yes,No,Yes,Yes,Yes,Yes,Yes,Yes,8,5320
5338-YHWYT,Yes,No,DSL,Yes,Yes,No,Yes,No,No,No,Yes,5,5321
7718-UPSKJ,Yes,No,Fiber optic,Yes,Yes,No,Yes,Yes,Yes,Yes,Yes,7,5322
8731-WBBMB,Yes,No,DSL,No,Yes,Yes,Yes,Yes,Yes,Yes,Yes,7,5323
1448-CYWKC,Yes,Yes,Fiber optic,No,Yes,Yes,No,Yes,Yes,Yes,No,7,5324
7901-IIDQV,Yes,Yes,DSL,No,No,No,Yes,No,No,No,Yes,4,5325
2690-DVRVK,Yes,No,No,No internet service,No internet service,No internet service,No internet service,No internet service,No internet service,No,No,1,5326
5688-KZTSN,Yes,No,No,No internet service,No internet service,No internet service,No internet service,No internet service,No internet service,No,No,1,5327
1270-XKUCC,Yes,No,No,No internet service,No internet service,No internet service,No internet service,No internet service,No internet service,No,No,1,5328
0334-ZFJSR,Yes,Yes,DSL,Yes,Yes,No,Yes,No,No,No,Yes,6,5329
2894-QOJRX,No,No phone service,DSL,No,No,No,No,Yes,No,Yes,No,2,5330
5747-PMBSQ,Yes,No,Fiber optic,No,Yes,Yes,Yes,Yes,No,Yes,Yes,6,5331
5583-EJXRD,No,No phone service,DSL,Yes,Yes,Yes,Yes,No,Yes,Yes,Yes,6,5332
4565-EVZMJ,Yes,No,DSL,Yes,Yes,No,Yes,No,No,No,Yes,5,5333
3143-JQEGI,Yes,No,Fiber optic,No,No,No,No,Yes,Yes,Yes,No,4,5334
6386-SZZKH,Yes,Yes,Fiber optic,No,Yes,Yes,Yes,Yes,Yes,Yes,Yes,8,5335
3327-YBAKM,Yes,No,Fiber optic,Yes,No,No,Yes,Yes,Yes,Yes,Yes,6,5336
9441-QHEVC,Yes,No,No,No internet service,No internet service,No internet service,No internet service,No internet service,No internet service,No,No,1,5337
6705-LNMDD,Yes,No,DSL,No,No,No,Yes,No,No,No,Yes,3,5338
2580-ASVVY,No,No phone service,DSL,Yes,No,No,Yes,Yes,No,Yes,Yes,4,5339
3370-GQEAL,Yes,Yes,Fiber optic,No,No,No,No,Yes,No,Yes,No,4,5340
5032-USPKF,Yes,Yes,DSL,Yes,Yes,Yes,No,Yes,Yes,Yes,Yes,8,5341
2982-IHMFT,Yes,Yes,Fiber optic,No,No,No,No,No,No,No,No,3,5342
3521-SYVOR,Yes,No,DSL,No,No,No,No,Yes,Yes,Yes,No,4,5343
4254-QPEDE,No,No phone service,DSL,Yes,Yes,Yes,Yes,Yes,Yes,Yes,Yes,7,5344
6283-GITPX,Yes,No,DSL,Yes,Yes,Yes,Yes,Yes,No,Yes,Yes,7,5345
9526-JAWYF,Yes,No,Fiber optic,No,Yes,Yes,No,Yes,No,Yes,No,5,5346
0771-CHWSK,Yes,Yes,DSL,Yes,Yes,Yes,No,No,Yes,Yes,Yes,7,5347
9788-HNGUT,Yes,Yes,Fiber optic,Yes,Yes,Yes,Yes,Yes,Yes,Yes,Yes,9,5348
9495-REDIY,No,No phone service,DSL,Yes,No,No,No,Yes,No,Yes,Yes,3,5349
5375-XLDOF,Yes,Yes,Fiber optic,Yes,Yes,Yes,Yes,Yes,Yes,Yes,Yes,9,5350
1172-VIYBP,Yes,Yes,DSL,Yes,Yes,No,No,No,Yes,Yes,Yes,6,5351
5649-VUKMC,Yes,No,Fiber optic,No,No,Yes,No,Yes,Yes,Yes,No,5,5352
6559-PDZLR,Yes,No,Fiber optic,No,No,Yes,Yes,Yes,Yes,Yes,Yes,6,5353
8992-OBVDG,Yes,No,DSL,No,No,Yes,No,No,Yes,Yes,No,4,5354
4273-MBHYA,Yes,No,Fiber optic,No,No,No,No,Yes,Yes,Yes,No,4,5355
4724-WXVWF,Yes,Yes,Fiber optic,Yes,No,No,Yes,No,Yes,Yes,Yes,6,5356
5701-GUXDC,No,No phone service,DSL,Yes,No,Yes,No,No,No,No,Yes,3,5357
1460-UZPRJ,Yes,No,No,No internet service,No internet service,No internet service,No internet service,No internet service,No internet service,No,No,1,5358
6082-GLJIX,Yes,No,No,No internet service,No internet service,No internet service,No internet service,No internet service,No internet service,No,No,1,5359
5143-EGQFK,No,No phone service,DSL,No,No,No,Yes,No,No,No,Yes,2,5360
4919-IKATY,Yes,Yes,Fiber optic,Yes,No,Yes,No,No,No,No,Yes,5,5361
2495-TTHBQ,Yes,No,No,No internet service,No internet service,No internet service,No internet service,No internet service,No internet service,No,No,1,5362
0485-ZBSLN,Yes,Yes,No,No internet service,No internet service,No internet service,No internet service,No internet service,No internet service,No,No,2,5363
3810-PJUHR,Yes,Yes,No,No internet service,No internet service,No internet service,No internet service,No internet service,No internet service,No,No,2,5364
9050-QLROH,Yes,Yes,Fiber optic,No,No,Yes,No,No,Yes,Yes,No,5,5365
0847-HGRML,Yes,No,No,No internet service,No internet service,No internet service,No internet service,No internet service,No internet service,No,No,1,5366
8232-CTLKO,Yes,No,DSL,Yes,No,No,No,Yes,No,Yes,Yes,4,5367
9227-YBAXE,Yes,Yes,DSL,Yes,Yes,No,Yes,Yes,Yes,Yes,Yes,8,5368
6168-WFVVF,Yes,No,Fiber optic,No,No,No,No,No,No,No,No,2,5369
9860-LISIZ,Yes,No,No,No internet service,No internet service,No internet service,No internet service,No internet service,No internet service,No,No,1,5370
0112-QAWRZ,Yes,Yes,Fiber optic,No,No,Yes,No,Yes,No,Yes,No,5,5371
0877-SDMBN,Yes,Yes,Fiber optic,Yes,No,Yes,No,Yes,Yes,Yes,Yes,7,5372
2786-GCDPI,Yes,Yes,Fiber optic,No,No,Yes,Yes,Yes,Yes,Yes,Yes,7,5373
4043-MKDTV,Yes,No,Fiber optic,No,Yes,Yes,Yes,Yes,Yes,Yes,Yes,7,5374
8065-YKXKD,Yes,Yes,Fiber optic,No,No,No,No,No,No,No,No,3,5375
9637-EIHEQ,Yes,No,DSL,No,No,No,Yes,No,No,No,Yes,3,5376
9229-RQABD,Yes,Yes,No,No internet service,No internet service,No internet service,No internet service,No internet service,No internet service,No,No,2,5377
8313-KTIHG,Yes,No,DSL,No,No,No,Yes,Yes,No,Yes,Yes,4,5378
5320-BRKGK,Yes,Yes,DSL,Yes,No,Yes,Yes,Yes,No,Yes,Yes,7,5379
6284-KMNUF,Yes,Yes,Fiber optic,Yes,No,No,No,Yes,Yes,Yes,Yes,6,5380
9689-PTNPG,Yes,No,Fiber optic,No,No,No,No,Yes,No,Yes,No,3,5381
9465-RWMXL,Yes,Yes,Fiber optic,No,No,Yes,No,No,No,No,No,4,5382
6229-UOLQL,No,No phone service,DSL,Yes,Yes,No,Yes,Yes,No,Yes,Yes,5,5383
2362-IBOOY,Yes,Yes,Fiber optic,No,No,No,No,No,Yes,Yes,No,4,5384
3137-LUPIX,Yes,Yes,DSL,No,No,No,Yes,Yes,No,Yes,Yes,5,5385
0843-WTBXE,Yes,Yes,Fiber optic,No,No,No,No,Yes,No,Yes,No,4,5386
6143-JQKEA,Yes,No,DSL,No,No,No,No,No,No,No,No,2,5387
8676-OOQEJ,No,No phone service,DSL,No,No,No,Yes,No,No,No,Yes,2,5388
5515-IDEJJ,Yes,No,No,No internet service,No internet service,No internet service,No internet service,No internet service,No internet service,No,No,1,5389
9701-CDXHR,Yes,No,Fiber optic,No,No,No,No,No,No,No,No,2,5390
7450-NWRTR,Yes,Yes,Fiber optic,No,No,Yes,No,Yes,Yes,Yes,No,6,5391
8124-NZVGJ,No,No phone service,DSL,No,No,No,Yes,Yes,Yes,Yes,Yes,4,5392
2162-FRZAA,No,No phone service,DSL,No,Yes,Yes,Yes,No,No,No,Yes,4,5393
5376-DEQCP,Yes,No,Fiber optic,No,No,No,No,No,No,No,No,2,5394
5118-MUEYH,Yes,Yes,Fiber optic,No,Yes,No,Yes,Yes,Yes,Yes,Yes,7,5395
9095-HFAFX,Yes,No,Fiber optic,No,No,No,No,Yes,No,Yes,No,3,5396
5627-TVBPP,Yes,No,No,No internet service,No internet service,No internet service,No internet service,No internet service,No internet service,No,No,1,5397
2379-ENZGV,Yes,No,Fiber optic,No,Yes,No,No,Yes,No,Yes,No,4,5398
3936-QQFLL,Yes,No,No,No internet service,No internet service,No internet service,No internet service,No internet service,No internet service,No,No,1,5399
2589-AYCRP,Yes,No,No,No internet service,No internet service,No internet service,No internet service,No internet service,No internet service,No,No,1,5400
4067-HLYQI,Yes,No,Fiber optic,No,No,No,No,No,No,No,No,2,5401
5124-EOGYE,Yes,No,No,No internet service,No internet service,No internet service,No internet service,No internet service,No internet service,No,No,1,5402
5057-RKGLH,Yes,No,No,No internet service,No internet service,No internet service,No internet service,No internet service,No internet service,No,No,1,5403
0292-WEGCH,Yes,Yes,DSL,No,Yes,Yes,Yes,Yes,Yes,Yes,Yes,8,5404
8910-ICHIU,Yes,No,Fiber optic,Yes,Yes,Yes,No,Yes,No,Yes,Yes,6,5405
4097-YODCF,Yes,Yes,Fiber optic,Yes,Yes,No,No,Yes,Yes,Yes,Yes,7,5406
9715-WZCLW,Yes,Yes,Fiber optic,Yes,No,No,No,Yes,Yes,Yes,Yes,6,5407
9786-YWNHU,Yes,No,DSL,Yes,Yes,Yes,Yes,No,No,No,Yes,6,5408
6407-GSJNL,Yes,Yes,No,No internet service,No internet service,No internet service,No internet service,No internet service,No internet service,No,No,2,5409
6005-OBZPH,Yes,Yes,Fiber optic,No,Yes,No,No,Yes,No,Yes,No,5,5410
4049-ZPALD,Yes,No,Fiber optic,Yes,No,Yes,No,Yes,Yes,Yes,Yes,6,5411
7932-WPTDS,No,No phone service,DSL,No,No,No,No,No,No,No,No,1,5412
3733-UOCWF,Yes,Yes,Fiber optic,No,Yes,No,Yes,No,No,No,Yes,5,5413
6833-JMZYP,Yes,No,Fiber optic,No,No,Yes,No,Yes,Yes,Yes,No,5,5414
2722-VOJQL,Yes,Yes,Fiber optic,No,Yes,No,Yes,Yes,Yes,Yes,Yes,7,5415
1310-QRITU,Yes,Yes,DSL,No,No,No,No,No,No,No,No,3,5416
8961-QDZZJ,Yes,No,Fiber optic,No,Yes,No,No,Yes,Yes,Yes,No,5,5417
9715-SBVSU,Yes,No,DSL,Yes,Yes,No,No,No,Yes,Yes,Yes,5,5418
8490-BXHEO,Yes,Yes,Fiber optic,No,Yes,No,No,No,No,No,No,4,5419
7173-TETGO,Yes,Yes,Fiber optic,Yes,No,No,No,No,No,No,Yes,4,5420
7929-SKFGK,Yes,Yes,Fiber optic,Yes,Yes,Yes,Yes,Yes,Yes,Yes,Yes,9,5421
2300-RQGOI,Yes,No,No,No internet service,No internet service,No internet service,No internet service,No internet service,No internet service,No,No,1,5422
3563-SVYLG,Yes,No,DSL,Yes,Yes,Yes,Yes,No,No,No,Yes,6,5423
5228-EXCET,Yes,No,Fiber optic,No,No,No,No,No,Yes,Yes,No,3,5424
6435-VWCCY,Yes,Yes,Fiber optic,Yes,Yes,No,No,Yes,No,Yes,Yes,6,5425
4998-IKFSE,Yes,Yes,Fiber optic,No,No,Yes,No,Yes,Yes,Yes,No,6,5426
8630-QSGXK,Yes,Yes,DSL,No,No,No,Yes,Yes,Yes,Yes,Yes,6,5427
2455-USLMV,Yes,Yes,Fiber optic,Yes,No,Yes,No,No,No,No,Yes,5,5428
7394-FKDNK,Yes,No,Fiber optic,No,No,No,No,Yes,Yes,Yes,No,4,5429
9488-FVZCC,Yes,Yes,DSL,Yes,Yes,Yes,Yes,No,Yes,Yes,Yes,8,5430
6331-LWDTQ,Yes,Yes,DSL,No,No,No,No,Yes,Yes,Yes,No,5,5431
5995-WWKKG,Yes,No,No,No internet service,No internet service,No internet service,No internet service,No internet service,No internet service,No,No,1,5432
1597-FZREH,Yes,No,DSL,No,No,Yes,Yes,Yes,Yes,Yes,Yes,6,5433
7879-CGSFV,Yes,No,Fiber optic,Yes,Yes,No,No,Yes,Yes,Yes,Yes,6,5434
9921-EZKBY,Yes,Yes,Fiber optic,Yes,No,Yes,No,No,Yes,Yes,Yes,6,5435
7432-FFVAR,Yes,No,Fiber optic,No,No,Yes,Yes,No,Yes,Yes,Yes,5,5436
7246-ZGQDF,Yes,No,DSL,Yes,No,No,Yes,No,No,No,Yes,4,5437
7000-WCEVQ,Yes,Yes,DSL,No,No,No,No,No,Yes,Yes,No,4,5438
0727-IWKVK,Yes,No,Fiber optic,No,Yes,Yes,No,No,No,No,No,4,5439
5959-BELXA,Yes,Yes,Fiber optic,No,No,No,No,Yes,Yes,Yes,No,5,5440
4456-RHSNB,Yes,No,DSL,No,No,Yes,No,No,No,No,No,3,5441
3512-IZIKN,Yes,Yes,DSL,Yes,No,Yes,Yes,No,No,No,Yes,6,5442
2481-SBOYW,Yes,Yes,No,No internet service,No internet service,No internet service,No internet service,No internet service,No internet service,No,No,2,5443
7109-MFBYV,Yes,No,DSL,No,No,No,No,No,No,No,No,2,5444
1833-TCXKK,Yes,Yes,Fiber optic,No,Yes,Yes,No,Yes,Yes,Yes,No,7,5445
1832-PEUTS,Yes,Yes,Fiber optic,No,No,Yes,No,Yes,No,Yes,No,5,5446
6141-OOXUQ,Yes,No,No,No internet service,No internet service,No internet service,No internet service,No internet service,No internet service,No,No,1,5447
8660-BUETV,Yes,No,DSL,No,No,No,No,No,No,No,No,2,5448
0580-PIQHM,Yes,Yes,Fiber optic,Yes,Yes,Yes,No,No,Yes,Yes,Yes,7,5449
5696-CEIQJ,Yes,No,Fiber optic,No,Yes,Yes,Yes,Yes,Yes,Yes,Yes,7,5450
7503-ZGUZJ,Yes,Yes,Fiber optic,No,No,No,No,Yes,No,Yes,No,4,5451
1696-HXOWK,Yes,Yes,Fiber optic,Yes,Yes,No,No,Yes,No,Yes,Yes,6,5452
3026-ATZYV,Yes,No,DSL,Yes,Yes,No,No,Yes,Yes,Yes,Yes,6,5453
4012-YCFAI,Yes,No,DSL,Yes,Yes,No,Yes,No,No,No,Yes,5,5454
2506-TNFCO,Yes,No,Fiber optic,No,No,No,No,No,No,No,No,2,5455
9970-QBCDA,Yes,No,No,No internet service,No internet service,No internet service,No internet service,No internet service,No internet service,No,No,1,5456
8718-PTMEZ,No,No phone service,DSL,No,Yes,No,No,No,No,No,No,2,5457
9496-IVVRP,Yes,No,DSL,Yes,No,No,No,No,No,No,Yes,3,5458
2207-OBZNX,Yes,No,DSL,Yes,No,No,No,No,No,No,Yes,3,5459
2657-VPXTA,Yes,No,Fiber optic,No,No,No,No,Yes,Yes,Yes,No,4,5460
6551-VLJMV,Yes,No,No,No internet service,No internet service,No internet service,No internet service,No internet service,No internet service,No,No,1,5461
1221-GHZEP,Yes,No,DSL,Yes,No,No,Yes,No,Yes,Yes,Yes,5,5462
9289-LBQVU,Yes,Yes,DSL,No,Yes,No,Yes,No,Yes,Yes,Yes,6,5463
6142-VSJQO,Yes,No,DSL,No,No,No,No,No,No,No,No,2,5464
3458-IDMFK,Yes,No,No,No internet service,No internet service,No internet service,No internet service,No internet service,No internet service,No,No,1,5465
6933-FHBZC,Yes,No,DSL,No,Yes,Yes,No,No,No,No,No,4,5466
0221-NAUXK,Yes,No,No,No internet service,No internet service,No internet service,No internet service,No internet service,No internet service,No,No,1,5467
9770-KXGQU,Yes,Yes,Fiber optic,Yes,Yes,Yes,No,Yes,No,Yes,Yes,7,5468
6437-UKHMV,Yes,No,Fiber optic,No,No,No,No,Yes,No,Yes,No,3,5469
6538-POCHL,Yes,No,Fiber optic,No,Yes,Yes,No,No,No,No,No,4,5470
6726-NNFWD,Yes,No,Fiber optic,No,Yes,Yes,No,No,Yes,Yes,No,5,5471
3002-WQZWT,Yes,Yes,Fiber optic,No,No,No,No,No,No,No,No,3,5472
4277-UDIEF,Yes,Yes,DSL,Yes,No,No,Yes,Yes,Yes,Yes,Yes,7,5473
1208-NBVFH,Yes,No,DSL,No,No,Yes,No,No,No,No,No,3,5474
4912-PIGUY,Yes,Yes,Fiber optic,No,No,No,No,Yes,No,Yes,No,4,5475
1114-CENIM,Yes,Yes,DSL,No,Yes,No,No,No,No,No,No,4,5476
6060-DRTNL,Yes,No,Fiber optic,No,No,Yes,No,Yes,No,Yes,No,4,5477
2725-TTRIQ,Yes,Yes,DSL,Yes,No,Yes,Yes,Yes,Yes,Yes,Yes,8,5478
3374-TTZTK,Yes,No,Fiber optic,Yes,Yes,Yes,Yes,Yes,Yes,Yes,Yes,8,5479
8990-ZXLSU,Yes,No,Fiber optic,No,No,No,No,No,No,No,No,2,5480
2275-RBYQS,Yes,No,DSL,No,No,No,No,No,No,No,No,2,5481
8473-VUVJN,Yes,Yes,Fiber optic,No,No,No,No,No,No,No,No,3,5482
6289-CPNLD,Yes,No,DSL,No,No,Yes,Yes,Yes,Yes,Yes,Yes,6,5483
5536-SLHPM,Yes,Yes,Fiber optic,No,No,Yes,No,No,No,No,No,4,5484
4419-UJMUS,Yes,Yes,Fiber optic,No,No,No,Yes,Yes,Yes,Yes,Yes,6,5485
7794-JASDG,Yes,No,DSL,Yes,No,No,No,No,No,No,Yes,3,5486
7609-YBPXG,Yes,Yes,DSL,Yes,No,Yes,Yes,Yes,Yes,Yes,Yes,8,5487
5519-TEEUH,Yes,No,No,No internet service,No internet service,No internet service,No internet service,No internet service,No internet service,No,No,1,5488
7856-GANIL,Yes,Yes,Fiber optic,No,Yes,Yes,Yes,Yes,No,Yes,Yes,7,5489
0804-XBFBV,No,No phone service,DSL,No,No,No,No,No,No,No,No,1,5490
2676-OXPPQ,Yes,No,DSL,Yes,Yes,No,No,No,No,No,Yes,4,5491
3703-TTEPD,Yes,No,DSL,Yes,No,Yes,No,Yes,No,Yes,Yes,5,5492
2799-TSLAG,Yes,Yes,No,No internet service,No internet service,No internet service,No internet service,No internet service,No internet service,No,No,2,5493
0196-VULGZ,Yes,Yes,Fiber optic,No,No,No,No,No,Yes,Yes,No,4,5494
8837-VVWLQ,Yes,No,Fiber optic,Yes,No,No,No,Yes,No,Yes,Yes,4,5495
2696-NARTR,Yes,No,Fiber optic,No,No,No,Yes,No,No,No,Yes,3,5496
2208-NKVVH,Yes,Yes,No,No internet service,No internet service,No internet service,No internet service,No internet service,No internet service,No,No,2,5497
7614-QVWQL,No,No phone service,DSL,No,Yes,No,No,Yes,Yes,Yes,No,4,5498
1976-CFOCS,Yes,No,DSL,No,No,No,No,No,No,No,No,2,5499
4631-OACRM,Yes,No,Fiber optic,No,No,No,No,No,Yes,Yes,No,3,5500
7139-JZFVG,Yes,No,DSL,Yes,Yes,Yes,No,No,No,No,Yes,5,5501
4987-GQWPO,No,No phone service,DSL,No,No,No,No,No,No,No,No,1,5502
3755-JBMNH,Yes,No,Fiber optic,No,No,No,No,No,No,No,No,2,5503
1757-TCATG,Yes,No,No,No internet service,No internet service,No internet service,No internet service,No internet service,No internet service,No,No,1,5504
6345-ULYRW,Yes,Yes,Fiber optic,No,Yes,No,No,No,Yes,Yes,No,5,5505
4776-XSKYQ,No,No phone service,DSL,No,No,No,Yes,No,No,No,Yes,2,5506
8048-DSDFQ,Yes,No,No,No internet service,No internet service,No internet service,No internet service,No internet service,No internet service,No,No,1,5507
5753-QQWPW,Yes,No,DSL,Yes,Yes,No,Yes,No,No,No,Yes,5,5508
6010-DDPPW,Yes,Yes,No,No internet service,No internet service,No internet service,No internet service,No internet service,No internet service,No,No,2,5509
1809-DMJHQ,Yes,No,DSL,No,No,No,No,No,No,No,No,2,5510
6693-FRIRW,Yes,No,Fiber optic,No,Yes,Yes,No,Yes,Yes,Yes,No,6,5511
6586-MYGKD,Yes,Yes,DSL,Yes,No,No,Yes,Yes,Yes,Yes,Yes,7,5512
3173-NVMPX,Yes,Yes,DSL,No,Yes,No,No,No,No,No,No,4,5513
0248-PGHBZ,Yes,No,Fiber optic,Yes,Yes,No,Yes,Yes,No,Yes,Yes,6,5514
0623-GDISB,Yes,No,DSL,Yes,No,No,No,No,No,No,Yes,3,5515
2892-GESUL,Yes,No,No,No internet service,No internet service,No internet service,No internet service,No internet service,No internet service,No,No,1,5516
6923-EFPNL,Yes,Yes,DSL,No,No,No,No,No,No,No,No,3,5517
7472-EQOAV,Yes,No,Fiber optic,Yes,Yes,Yes,No,No,No,No,Yes,5,5518
9574-RKJIF,Yes,Yes,Fiber optic,Yes,Yes,No,No,Yes,No,Yes,Yes,6,5519
2043-WVTQJ,Yes,No,DSL,Yes,No,Yes,No,No,No,No,Yes,4,5520
8034-RYTVV,Yes,Yes,Fiber optic,Yes,No,Yes,No,No,No,No,Yes,5,5521
3863-QSTYI,Yes,No,DSL,No,No,Yes,Yes,Yes,No,Yes,Yes,5,5522
2619-WFQWU,Yes,No,Fiber optic,No,No,No,No,No,No,No,No,2,5523
5044-LRQAQ,Yes,No,Fiber optic,No,No,No,No,No,No,No,No,2,5524
1716-LSAMB,Yes,No,DSL,Yes,No,No,Yes,No,No,No,Yes,4,5525
1333-PBMXB,Yes,Yes,No,No internet service,No internet service,No internet service,No internet service,No internet service,No internet service,No,No,2,5526
6546-OPBBH,Yes,Yes,No,No internet service,No internet service,No internet service,No internet service,No internet service,No internet service,No,No,2,5527
5985-BEHZK,Yes,Yes,Fiber optic,No,Yes,Yes,No,Yes,Yes,Yes,No,7,5528
9127-QRZMH,Yes,No,DSL,Yes,Yes,No,Yes,No,No,No,Yes,5,5529
5919-VCZYM,Yes,No,No,No internet service,No internet service,No internet service,No internet service,No internet service,No internet service,No,No,1,5530
9644-KVCNC,Yes,Yes,Fiber optic,No,No,Yes,No,Yes,No,Yes,No,5,5531
2137-DQMEV,No,No phone service,DSL,Yes,Yes,No,No,Yes,No,Yes,Yes,4,5532
8174-LNWMW,Yes,No,No,No internet service,No internet service,No internet service,No internet service,No internet service,No internet service,No,No,1,5533
9279-CJEOJ,Yes,Yes,Fiber optic,No,No,No,No,Yes,Yes,Yes,No,5,5534
7964-VEXDG,Yes,Yes,Fiber optic,Yes,No,No,No,No,No,No,Yes,4,5535
2404-JIBFC,Yes,Yes,DSL,Yes,No,Yes,Yes,Yes,Yes,Yes,Yes,8,5536
0778-NELLA,No,No phone service,DSL,No,No,No,No,Yes,No,Yes,No,2,5537
8029-XYPWT,Yes,Yes,Fiber optic,Yes,Yes,Yes,Yes,Yes,Yes,Yes,Yes,9,5538
4614-NUVZD,Yes,No,Fiber optic,No,No,No,No,No,Yes,Yes,No,3,5539
4632-PAOYU,Yes,No,No,No internet service,No internet service,No internet service,No internet service,No internet service,No internet service,No,No,1,5540
3803-KMQFW,Yes,No,No,No internet service,No internet service,No internet service,No internet service,No internet service,No internet service,No,No,1,5541
6804-GDMOI,Yes,Yes,Fiber optic,No,No,Yes,Yes,Yes,Yes,Yes,Yes,7,5542
2990-OGYTD,Yes,Yes,DSL,No,Yes,Yes,Yes,Yes,Yes,Yes,Yes,8,5543
6646-JPPHA,Yes,No,Fiber optic,Yes,Yes,No,No,No,No,No,Yes,4,5544
9572-MTILT,Yes,Yes,Fiber optic,Yes,Yes,Yes,Yes,Yes,No,Yes,Yes,8,5545
7658-UYUQS,Yes,No,Fiber optic,No,No,Yes,No,Yes,No,Yes,No,4,5546
7880-XSOJX,No,No phone service,DSL,Yes,Yes,No,Yes,No,No,No,Yes,4,5547
9611-CTWIH,Yes,No,Fiber optic,No,No,No,No,Yes,Yes,Yes,No,4,5548
4589-IUAJB,Yes,Yes,No,No internet service,No internet service,No internet service,No internet service,No internet service,No internet service,No,No,2,5549
0329-GTIAJ,Yes,No,Fiber optic,No,Yes,No,Yes,Yes,Yes,Yes,Yes,6,5550
8746-BFOAJ,Yes,No,No,No internet service,No internet service,No internet service,No internet service,No internet service,No internet service,No,No,1,5551
8457-XIGKN,Yes,No,No,No internet service,No internet service,No internet service,No internet service,No internet service,No internet service,No,No,1,5552
6072-NUQCB,Yes,No,No,No internet service,No internet service,No internet service,No internet service,No internet service,No internet service,No,No,1,5553
6629-CZTTH,Yes,No,DSL,No,No,No,No,No,Yes,Yes,No,3,5554
8838-GPHZP,Yes,No,No,No internet service,No internet service,No internet service,No internet service,No internet service,No internet service,No,No,1,5555
8750-QWZAJ,Yes,No,No,No internet service,No internet service,No internet service,No internet service,No internet service,No internet service,No,No,1,5556
5364-EVNIB,Yes,No,Fiber optic,No,Yes,Yes,No,No,No,No,No,4,5557
6918-UMQCG,Yes,No,Fiber optic,No,No,No,No,Yes,No,Yes,No,3,5558
0675-NCDYU,Yes,Yes,Fiber optic,Yes,Yes,Yes,Yes,Yes,Yes,Yes,Yes,9,5559
6339-DKLMK,No,No phone service,DSL,No,Yes,No,No,No,No,No,No,2,5560
1346-PJWTK,Yes,No,Fiber optic,No,Yes,Yes,Yes,No,Yes,Yes,Yes,6,5561
5088-QZLRL,Yes,No,No,No internet service,No internet service,No internet service,No internet service,No internet service,No internet service,No,No,1,5562
8023-QHAIO,Yes,Yes,Fiber optic,No,No,No,Yes,No,No,No,Yes,4,5563
4397-FRLTA,Yes,No,No,No internet service,No internet service,No internet service,No internet service,No internet service,No internet service,No,No,1,5564
3057-VJJQE,Yes,Yes,DSL,Yes,No,No,No,No,No,No,Yes,4,5565
5087-SUURX,No,No phone service,DSL,No,No,Yes,No,Yes,No,Yes,No,3,5566
2302-OUZXB,Yes,Yes,DSL,No,Yes,Yes,No,Yes,Yes,Yes,No,7,5567
8133-ANHHJ,Yes,Yes,Fiber optic,Yes,Yes,Yes,Yes,No,Yes,Yes,Yes,8,5568
2270-CHBFN,Yes,Yes,Fiber optic,Yes,Yes,Yes,Yes,No,No,No,Yes,7,5569
0013-EXCHZ,Yes,No,Fiber optic,No,No,No,Yes,Yes,No,Yes,Yes,4,5570
5982-FPVQN,Yes,Yes,Fiber optic,No,Yes,Yes,No,No,Yes,Yes,No,6,5571
9107-UKCKY,Yes,Yes,DSL,No,Yes,Yes,No,Yes,Yes,Yes,No,7,5572
4654-ULTTN,Yes,Yes,DSL,Yes,No,Yes,Yes,No,Yes,Yes,Yes,7,5573
5550-VFRLC,Yes,No,Fiber optic,No,No,No,No,No,No,No,No,2,5574
5546-BYZSM,Yes,No,No,No internet service,No internet service,No internet service,No internet service,No internet service,No internet service,No,No,1,5575
1492-KGETH,Yes,Yes,DSL,Yes,Yes,Yes,Yes,No,Yes,Yes,Yes,8,5576
4929-BSTRX,Yes,No,DSL,No,No,No,No,Yes,No,Yes,No,3,5577
4163-HFTUK,Yes,No,No,No internet service,No internet service,No internet service,No internet service,No internet service,No internet service,No,No,1,5578
8215-NGSPE,Yes,No,No,No internet service,No internet service,No internet service,No internet service,No internet service,No internet service,No,No,1,5579
2225-ZRGSG,Yes,Yes,Fiber optic,Yes,Yes,Yes,Yes,No,No,No,Yes,7,5580
8859-YSTWS,Yes,No,No,No internet service,No internet service,No internet service,No internet service,No internet service,No internet service,No,No,1,5581
5271-YNWVR,Yes,Yes,Fiber optic,Yes,Yes,Yes,Yes,Yes,Yes,Yes,Yes,9,5582
7601-DHFWZ,Yes,Yes,No,No internet service,No internet service,No internet service,No internet service,No internet service,No internet service,No,No,2,5583
2657-ALMWY,Yes,No,Fiber optic,No,Yes,No,No,No,Yes,Yes,No,4,5584
6330-JKLPC,Yes,Yes,Fiber optic,No,Yes,No,No,No,No,No,No,4,5585
4667-OHGKG,Yes,No,No,No internet service,No internet service,No internet service,No internet service,No internet service,No internet service,No,No,1,5586
1998-VHJHK,Yes,No,No,No internet service,No internet service,No internet service,No internet service,No internet service,No internet service,No,No,1,5587
1707-HABPF,Yes,No,Fiber optic,No,Yes,Yes,No,Yes,No,Yes,No,5,5588
1660-HSOOQ,Yes,No,DSL,No,No,Yes,No,No,No,No,No,3,5589
7253-UVNDW,Yes,No,DSL,No,No,Yes,Yes,No,No,No,Yes,4,5590
0487-VVUVK,Yes,No,No,No internet service,No internet service,No internet service,No internet service,No internet service,No internet service,No,No,1,5591
7228-OMTPN,Yes,No,Fiber optic,No,No,No,No,Yes,Yes,Yes,No,4,5592
5063-IUOKK,Yes,No,No,No internet service,No internet service,No internet service,No internet service,No internet service,No internet service,No,No,1,5593
4508-OEBEY,Yes,No,DSL,Yes,Yes,Yes,Yes,No,Yes,Yes,Yes,7,5594
0027-KWYKW,Yes,Yes,Fiber optic,No,No,No,No,Yes,No,Yes,No,4,5595
2308-STERM,Yes,No,No,No internet service,No internet service,No internet service,No internet service,No internet service,No internet service,No,No,1,5596
5982-XMDEX,Yes,Yes,No,No internet service,No internet service,No internet service,No internet service,No internet service,No internet service,No,No,2,5597
6284-AHOOQ,Yes,Yes,Fiber optic,No,No,No,Yes,Yes,No,Yes,Yes,5,5598
6051-PTVNS,Yes,No,No,No internet service,No internet service,No internet service,No internet service,No internet service,No internet service,No,No,1,5599
2344-JMOGN,Yes,No,Fiber optic,No,Yes,Yes,Yes,Yes,No,Yes,Yes,6,5600
3799-ISUZQ,Yes,No,Fiber optic,No,No,No,No,No,No,No,No,2,5601
2877-VDUER,No,No phone service,DSL,No,No,No,Yes,Yes,No,Yes,Yes,3,5602
9152-AMKAK,Yes,No,DSL,Yes,No,Yes,Yes,Yes,Yes,Yes,Yes,7,5603
1794-HBQTJ,Yes,No,DSL,Yes,No,No,No,No,No,No,Yes,3,5604
9432-VOFYX,Yes,No,Fiber optic,No,No,No,No,No,No,No,No,2,5605
8049-WJCLQ,Yes,No,DSL,No,No,Yes,No,Yes,No,Yes,No,4,5606
6586-PSJOX,Yes,No,DSL,No,No,Yes,Yes,No,No,No,Yes,4,5607
2460-FPSYH,No,No phone service,DSL,Yes,Yes,No,No,Yes,Yes,Yes,Yes,5,5608
9705-ZJBCG,Yes,No,DSL,Yes,No,No,Yes,No,No,No,Yes,4,5609
4818-DRBQT,Yes,Yes,Fiber optic,No,Yes,No,No,No,No,No,No,4,5610
1320-HTRDR,Yes,Yes,Fiber optic,No,No,No,No,No,No,No,No,3,5611
6847-KJLTS,Yes,Yes,Fiber optic,No,No,No,Yes,Yes,Yes,Yes,Yes,6,5612
9670-BPNXF,Yes,No,DSL,Yes,Yes,No,Yes,No,No,No,Yes,5,5613
3913-FCUUW,Yes,Yes,DSL,Yes,Yes,Yes,Yes,No,No,No,Yes,7,5614
3301-VKTGC,Yes,Yes,Fiber optic,Yes,Yes,No,No,No,No,No,Yes,5,5615
1493-AMTIE,Yes,No,No,No internet service,No internet service,No internet service,No internet service,No internet service,No internet service,No,No,1,5616
9555-SAHUZ,Yes,No,DSL,Yes,Yes,No,No,No,No,No,Yes,4,5617
0816-TSPHQ,Yes,No,No,No internet service,No internet service,No internet service,No internet service,No internet service,No internet service,No,No,1,5618
9932-WBWIK,Yes,No,No,No internet service,No internet service,No internet service,No internet service,No internet service,No internet service,No,No,1,5619
4619-EVPHY,Yes,No,Fiber optic,No,No,No,No,Yes,Yes,Yes,No,4,5620
5286-YHCVC,Yes,Yes,Fiber optic,No,Yes,Yes,No,Yes,Yes,Yes,No,7,5621
6424-ELEYH,Yes,Yes,Fiber optic,No,No,No,No,No,No,No,No,3,5622
4391-RESHN,Yes,Yes,Fiber optic,No,No,Yes,Yes,Yes,Yes,Yes,Yes,7,5623
9115-YQHGA,Yes,No,DSL,No,No,No,Yes,No,No,No,Yes,3,5624
4462-CYWMH,Yes,Yes,Fiber optic,No,Yes,No,No,No,Yes,Yes,No,5,5625
8963-MQVYN,Yes,No,No,No internet service,No internet service,No internet service,No internet service,No internet service,No internet service,No,No,1,5626
2458-EOMRE,Yes,No,DSL,Yes,No,Yes,No,No,Yes,Yes,Yes,5,5627
9334-GWGOW,Yes,Yes,Fiber optic,No,No,No,No,No,No,No,No,3,5628
6821-BUXUX,Yes,Yes,Fiber optic,Yes,Yes,No,No,Yes,No,Yes,Yes,6,5629
5028-HTLJB,Yes,No,No,No internet service,No internet service,No internet service,No internet service,No internet service,No internet service,No,No,1,5630
9801-GDWGV,Yes,Yes,Fiber optic,No,Yes,Yes,No,Yes,Yes,Yes,No,7,5631
6542-LWGXJ,No,No phone service,DSL,No,No,No,No,No,No,No,No,1,5632
5567-GZKQY,Yes,No,No,No internet service,No internet service,No internet service,No internet service,No internet service,No internet service,No,No,1,5633
1222-LRYKO,Yes,Yes,No,No internet service,No internet service,No internet service,No internet service,No internet service,No internet service,No,No,2,5634
2320-JRSDE,Yes,No,No,No internet service,No internet service,No internet service,No internet service,No internet service,No internet service,No,No,1,5635
2087-QAREY,Yes,No,DSL,No,Yes,Yes,No,No,No,No,No,4,5636
0601-WZHJF,No,No phone service,DSL,No,No,No,No,Yes,Yes,Yes,No,3,5637
4423-JWZJN,Yes,Yes,Fiber optic,No,No,Yes,No,No,Yes,Yes,No,5,5638
5143-WMWOG,Yes,No,No,No internet service,No internet service,No internet service,No internet service,No internet service,No internet service,No,No,1,5639
6490-FGZAT,Yes,No,No,No internet service,No internet service,No internet service,No internet service,No internet service,No internet service,No,No,1,5640
5393-RXQSZ,Yes,No,Fiber optic,No,No,No,No,No,Yes,Yes,No,3,5641
7452-FOLON,Yes,Yes,No,No internet service,No internet service,No internet service,No internet service,No internet service,No internet service,No,No,2,5642
2320-TZRRH,Yes,No,No,No internet service,No internet service,No internet service,No internet service,No internet service,No internet service,No,No,1,5643
0231-LXVAP,Yes,No,Fiber optic,No,No,No,Yes,No,No,No,Yes,3,5644
9444-JTXHZ,Yes,No,Fiber optic,No,No,Yes,No,No,No,No,No,3,5645
4942-VZZOM,Yes,Yes,DSL,Yes,No,No,No,Yes,No,Yes,Yes,5,5646
5510-BOIUJ,Yes,No,No,No internet service,No internet service,No internet service,No internet service,No internet service,No internet service,No,No,1,5647
7502-BNYGS,Yes,No,DSL,No,Yes,No,No,Yes,Yes,Yes,No,5,5648
4291-HYEBC,No,No phone service,DSL,No,Yes,No,No,No,Yes,Yes,No,3,5649
6147-CBCRA,Yes,No,No,No internet service,No internet service,No internet service,No internet service,No internet service,No internet service,No,No,1,5650
6047-SUHPR,Yes,No,DSL,Yes,Yes,Yes,No,No,No,No,Yes,5,5651
4471-KXAUH,Yes,Yes,Fiber optic,No,No,Yes,Yes,No,No,No,Yes,5,5652
9752-ZNQUT,Yes,No,DSL,No,Yes,No,No,No,No,No,No,3,5653
7638-QVMVY,Yes,No,Fiber optic,No,No,No,No,Yes,No,Yes,No,3,5654
1576-PFZIW,Yes,No,Fiber optic,Yes,Yes,Yes,No,Yes,Yes,Yes,Yes,7,5655
5666-MBJPT,Yes,Yes,No,No internet service,No internet service,No internet service,No internet service,No internet service,No internet service,No,No,2,5656
7312-XSBAT,Yes,No,DSL,Yes,No,No,No,No,No,No,Yes,3,5657
3096-GKWEB,Yes,Yes,Fiber optic,No,No,No,No,Yes,Yes,Yes,No,5,5658
2371-JQHZZ,Yes,Yes,Fiber optic,No,No,No,No,Yes,Yes,Yes,No,5,5659
0674-GCDXG,Yes,Yes,DSL,Yes,No,Yes,Yes,No,Yes,Yes,Yes,7,5660
1121-QSIVB,Yes,Yes,DSL,No,Yes,No,No,Yes,Yes,Yes,No,6,5661
4396-KLSEH,Yes,No,No,No internet service,No internet service,No internet service,No internet service,No internet service,No internet service,No,No,1,5662
3244-DCJWY,Yes,No,Fiber optic,No,No,No,No,No,No,No,No,2,5663
2824-MYYBN,Yes,Yes,Fiber optic,No,No,No,No,Yes,Yes,Yes,No,5,5664
0875-CABNR,Yes,No,Fiber optic,No,No,Yes,No,No,Yes,Yes,No,4,5665
6345-HOVES,No,No phone service,DSL,No,No,No,No,No,No,No,No,1,5666
8318-LCNBW,No,No phone service,DSL,Yes,No,Yes,No,Yes,Yes,Yes,Yes,5,5667
6469-QJKZW,Yes,No,No,No internet service,No internet service,No internet service,No internet service,No internet service,No internet service,No,No,1,5668
0147-ESWWR,Yes,Yes,Fiber optic,No,No,No,Yes,Yes,Yes,Yes,Yes,6,5669
1217-VASWC,Yes,No,Fiber optic,No,Yes,Yes,No,Yes,Yes,Yes,No,6,5670
7812-FZHPE,Yes,Yes,No,No internet service,No internet service,No internet service,No internet service,No internet service,No internet service,No,No,2,5671
6370-ZVHDV,Yes,Yes,No,No internet service,No internet service,No internet service,No internet service,No internet service,No internet service,No,No,2,5672
5915-DGNVC,Yes,Yes,DSL,Yes,Yes,Yes,No,No,Yes,Yes,Yes,7,5673
6260-XLACS,Yes,No,No,No internet service,No internet service,No internet service,No internet service,No internet service,No internet service,No,No,1,5674
3566-CAAYU,No,No phone service,DSL,No,Yes,Yes,Yes,No,Yes,Yes,Yes,5,5675
4983-CCWMC,Yes,No,Fiber optic,No,No,No,No,No,No,No,No,2,5676
9103-CXVOK,Yes,No,No,No internet service,No internet service,No internet service,No internet service,No internet service,No internet service,No,No,1,5677
2896-TBNBE,Yes,No,Fiber optic,No,Yes,Yes,No,No,No,No,No,4,5678
4797-AXPXK,Yes,No,DSL,Yes,Yes,No,Yes,No,No,No,Yes,5,5679
5229-PRWKT,Yes,Yes,Fiber optic,No,No,No,No,No,Yes,Yes,No,4,5680
6982-UQZLY,Yes,No,No,No internet service,No internet service,No internet service,No internet service,No internet service,No internet service,No,No,1,5681
2522-WLNSF,Yes,No,DSL,No,No,Yes,Yes,Yes,No,Yes,Yes,5,5682
3841-CONLJ,No,No phone service,DSL,No,No,No,No,No,Yes,Yes,No,2,5683
5057-LCOUI,No,No phone service,DSL,No,No,Yes,No,Yes,Yes,Yes,No,4,5684
0193-ESZXP,Yes,No,Fiber optic,Yes,Yes,No,Yes,Yes,Yes,Yes,Yes,7,5685
4475-NVTLU,Yes,No,No,No internet service,No internet service,No internet service,No internet service,No internet service,No internet service,No,No,1,5686
4369-HTUIF,Yes,No,Fiber optic,Yes,No,No,No,Yes,No,Yes,Yes,4,5687
9386-LDCZR,Yes,No,Fiber optic,Yes,Yes,Yes,Yes,No,No,No,Yes,6,5688
9585-KKMFD,Yes,No,No,No internet service,No internet service,No internet service,No internet service,No internet service,No internet service,No,No,1,5689
5399-ZIMKF,Yes,No,Fiber optic,No,Yes,No,No,No,No,No,No,3,5690
0336-KXKFK,No,No phone service,DSL,Yes,No,Yes,Yes,Yes,Yes,Yes,Yes,6,5691
5619-XZZKR,Yes,No,No,No internet service,No internet service,No internet service,No internet service,No internet service,No internet service,No,No,1,5692
3948-FVVRP,Yes,No,DSL,No,Yes,No,Yes,No,No,No,Yes,4,5693
5327-XOKKY,Yes,Yes,DSL,No,No,Yes,No,Yes,Yes,Yes,No,6,5694
0983-TATYJ,Yes,No,DSL,No,No,No,Yes,No,No,No,Yes,3,5695
1813-JYWTO,Yes,Yes,Fiber optic,Yes,No,No,No,No,No,No,Yes,4,5696
0156-FVPTA,Yes,No,DSL,Yes,No,No,Yes,No,No,No,Yes,4,5697
1984-FCOWB,Yes,Yes,Fiber optic,No,Yes,Yes,Yes,Yes,Yes,Yes,Yes,8,5698
0654-HMSHN,Yes,Yes,Fiber optic,No,Yes,Yes,No,Yes,Yes,Yes,No,7,5699
6719-OXYBR,Yes,No,Fiber optic,No,No,Yes,No,Yes,No,Yes,No,4,5700
3312-ZWLGF,Yes,Yes,Fiber optic,No,No,No,Yes,No,No,No,Yes,4,5701
6476-YHMGA,Yes,No,DSL,No,Yes,Yes,Yes,Yes,Yes,Yes,Yes,7,5702
5287-QWLKY,Yes,Yes,Fiber optic,Yes,Yes,No,No,Yes,Yes,Yes,Yes,7,5703
0795-XCCTE,Yes,Yes,No,No internet service,No internet service,No internet service,No internet service,No internet service,No internet service,No,No,2,5704
0168-XZKBB,Yes,Yes,Fiber optic,No,No,No,No,Yes,No,Yes,No,4,5705
3785-NRHYR,Yes,No,No,No internet service,No internet service,No internet service,No internet service,No internet service,No internet service,No,No,1,5706
5196-SGOAK,Yes,No,Fiber optic,No,Yes,No,No,No,No,No,No,3,5707
4537-DKTAL,Yes,No,DSL,No,No,No,No,No,No,No,No,2,5708
7072-MBHEV,Yes,Yes,Fiber optic,No,No,Yes,No,No,No,No,No,4,5709
5602-BVFMK,Yes,No,No,No internet service,No internet service,No internet service,No internet service,No internet service,No internet service,No,No,1,5710
6297-NOOPG,Yes,Yes,Fiber optic,No,Yes,Yes,Yes,Yes,Yes,Yes,Yes,8,5711
1891-UAWWU,Yes,Yes,Fiber optic,No,No,Yes,No,Yes,No,Yes,No,5,5712
8204-TIFGJ,Yes,No,No,No internet service,No internet service,No internet service,No internet service,No internet service,No internet service,No,No,1,5713
8050-DVOJX,Yes,Yes,DSL,Yes,Yes,Yes,Yes,No,Yes,Yes,Yes,8,5714
6108-OQZDQ,Yes,Yes,Fiber optic,No,Yes,No,No,Yes,Yes,Yes,No,6,5715
0363-QJVFX,Yes,Yes,Fiber optic,Yes,Yes,No,Yes,Yes,Yes,Yes,Yes,8,5716
8903-XEBGX,Yes,No,DSL,No,No,No,No,No,Yes,Yes,No,3,5717
8169-SAEJD,No,No phone service,DSL,Yes,Yes,No,No,Yes,Yes,Yes,Yes,5,5718
9840-DVNDC,Yes,No,Fiber optic,No,No,No,No,Yes,No,Yes,No,3,5719
1089-XZWHH,Yes,No,No,No internet service,No internet service,No internet service,No internet service,No internet service,No internet service,No,No,1,5720
2325-WINES,Yes,Yes,Fiber optic,No,Yes,Yes,No,Yes,Yes,Yes,No,7,5721
6064-ZATLR,Yes,No,DSL,Yes,Yes,No,No,No,No,No,Yes,4,5722
3096-JRDSO,Yes,Yes,Fiber optic,Yes,No,No,Yes,Yes,Yes,Yes,Yes,7,5723
7824-PANSQ,Yes,Yes,Fiber optic,No,No,No,Yes,No,No,No,Yes,4,5724
8042-JVNFH,Yes,No,Fiber optic,No,No,No,No,No,No,No,No,2,5725
9648-BCHKM,Yes,Yes,No,No internet service,No internet service,No internet service,No internet service,No internet service,No internet service,No,No,2,5726
2888-ADFAO,Yes,No,No,No internet service,No internet service,No internet service,No internet service,No internet service,No internet service,No,No,1,5727
8707-HOEDG,Yes,Yes,Fiber optic,No,Yes,Yes,Yes,Yes,Yes,Yes,Yes,8,5728
3374-LXDEV,Yes,Yes,Fiber optic,No,Yes,Yes,Yes,No,No,No,Yes,6,5729
4072-IPYLT,Yes,No,DSL,Yes,No,No,No,No,No,No,Yes,3,5730
7167-PCEYD,Yes,No,No,No internet service,No internet service,No internet service,No internet service,No internet service,No internet service,No,No,1,5731
4936-YPJNK,Yes,No,No,No internet service,No internet service,No internet service,No internet service,No internet service,No internet service,No,No,1,5732
1580-BMCMR,Yes,No,Fiber optic,Yes,No,No,No,No,Yes,Yes,Yes,4,5733
4817-KEQSP,Yes,No,No,No internet service,No internet service,No internet service,No internet service,No internet service,No internet service,No,No,1,5734
6408-WHTEF,Yes,Yes,DSL,Yes,Yes,Yes,Yes,Yes,Yes,Yes,Yes,9,5735
9251-AWQGT,Yes,No,No,No internet service,No internet service,No internet service,No internet service,No internet service,No internet service,No,No,1,5736
8749-CLJXC,Yes,No,No,No internet service,No internet service,No internet service,No internet service,No internet service,No internet service,No,No,1,5737
7989-VCQOH,Yes,No,DSL,Yes,No,Yes,Yes,Yes,Yes,Yes,Yes,7,5738
5049-GLYVG,Yes,No,No,No internet service,No internet service,No internet service,No internet service,No internet service,No internet service,No,No,1,5739
4199-QHJNM,Yes,Yes,Fiber optic,No,Yes,No,Yes,Yes,Yes,Yes,Yes,7,5740
8882-TLVRW,No,No phone service,DSL,Yes,No,Yes,Yes,No,No,No,Yes,4,5741
5883-GTGVD,Yes,Yes,Fiber optic,No,Yes,No,No,Yes,Yes,Yes,No,6,5742
5135-GRQJV,Yes,Yes,Fiber optic,Yes,Yes,Yes,Yes,Yes,Yes,Yes,Yes,9,5743
2384-OVPSA,Yes,No,No,No internet service,No internet service,No internet service,No internet service,No internet service,No internet service,No,No,1,5744
1371-WEPDS,Yes,No,DSL,No,No,No,No,No,Yes,Yes,No,3,5745
3580-GICBM,Yes,Yes,No,No internet service,No internet service,No internet service,No internet service,No internet service,No internet service,No,No,2,5746
4817-QRJSX,Yes,Yes,Fiber optic,No,Yes,No,No,No,No,No,No,4,5747
9730-DRTMJ,Yes,Yes,DSL,Yes,No,No,Yes,Yes,No,Yes,Yes,6,5748
4686-UXDML,Yes,Yes,Fiber optic,No,Yes,No,No,Yes,Yes,Yes,No,6,5749
3349-ANQNH,Yes,Yes,Fiber optic,No,No,Yes,No,Yes,Yes,Yes,No,6,5750
2398-YPMUR,Yes,No,Fiber optic,No,No,No,No,No,No,No,No,2,5751
0932-YIXYU,Yes,No,No,No internet service,No internet service,No internet service,No internet service,No internet service,No internet service,No,No,1,5752
7480-SPLEF,Yes,Yes,No,No internet service,No internet service,No internet service,No internet service,No internet service,No internet service,No,No,2,5753
7636-XUHWW,Yes,No,No,No internet service,No internet service,No internet service,No internet service,No internet service,No internet service,No,No,1,5754
1431-CYWMH,Yes,No,No,No internet service,No internet service,No internet service,No internet service,No internet service,No internet service,No,No,1,5755
5937-EORGB,Yes,Yes,Fiber optic,Yes,No,Yes,No,Yes,No,Yes,Yes,6,5756
6349-JDHQP,Yes,No,No,No internet service,No internet service,No internet service,No internet service,No internet service,No internet service,No,No,1,5757
5539-HIVAK,Yes,Yes,No,No internet service,No internet service,No internet service,No internet service,No internet service,No internet service,No,No,2,5758
5847-MXBEO,Yes,No,No,No internet service,No internet service,No internet service,No internet service,No internet service,No internet service,No,No,1,5759
9985-MWVIX,Yes,No,Fiber optic,No,No,No,No,No,No,No,No,2,5760
4583-PARNH,Yes,No,Fiber optic,No,No,Yes,Yes,No,Yes,Yes,Yes,5,5761
1116-FRYVH,No,No phone service,DSL,Yes,Yes,No,Yes,No,No,No,Yes,4,5762
1421-HCERK,Yes,Yes,Fiber optic,Yes,Yes,Yes,Yes,Yes,No,Yes,Yes,8,5763
9633-XQABV,Yes,No,Fiber optic,No,No,No,No,No,No,No,No,2,5764
0716-BQNDX,Yes,Yes,Fiber optic,Yes,No,No,Yes,No,Yes,Yes,Yes,6,5765
1265-XTECC,Yes,Yes,Fiber optic,Yes,Yes,No,No,No,Yes,Yes,Yes,6,5766
1183-CANVH,Yes,No,DSL,No,No,No,Yes,Yes,No,Yes,Yes,4,5767
1972-XMUWV,Yes,No,DSL,No,No,No,Yes,Yes,No,Yes,Yes,4,5768
8679-LZBMD,Yes,No,Fiber optic,No,No,No,No,Yes,Yes,Yes,No,4,5769
3407-JMJQQ,Yes,Yes,Fiber optic,Yes,Yes,Yes,No,Yes,Yes,Yes,Yes,8,5770
6252-DFGTK,Yes,Yes,DSL,Yes,No,Yes,Yes,No,No,No,Yes,6,5771
1539-LNKHM,Yes,No,No,No internet service,No internet service,No internet service,No internet service,No internet service,No internet service,No,No,1,5772
8645-KOMJQ,Yes,Yes,DSL,No,Yes,Yes,Yes,Yes,Yes,Yes,Yes,8,5773
0289-IVARM,Yes,No,DSL,Yes,Yes,Yes,No,No,No,No,Yes,5,5774
9761-XUJWD,Yes,No,DSL,No,Yes,No,Yes,No,Yes,Yes,Yes,5,5775
4057-FKCZK,Yes,Yes,Fiber optic,No,No,No,No,Yes,No,Yes,No,4,5776
4291-TPNFG,Yes,Yes,DSL,Yes,Yes,Yes,Yes,No,Yes,Yes,Yes,8,5777
6087-YPWHO,Yes,Yes,DSL,Yes,Yes,Yes,Yes,No,No,No,Yes,7,5778
3090-QFUVD,Yes,No,No,No internet service,No internet service,No internet service,No internet service,No internet service,No internet service,No,No,1,5779
2237-ZFSMY,Yes,No,Fiber optic,Yes,No,Yes,Yes,Yes,No,Yes,Yes,6,5780
1722-LDZJS,Yes,No,No,No internet service,No internet service,No internet service,No internet service,No internet service,No internet service,No,No,1,5781
1818-ESQMW,Yes,No,Fiber optic,No,No,Yes,Yes,No,Yes,Yes,Yes,5,5782
4871-JTKJF,Yes,No,Fiber optic,No,No,No,No,No,No,No,No,2,5783
1415-YFWLT,Yes,No,Fiber optic,No,No,No,No,Yes,Yes,Yes,No,4,5784
7401-RUBNK,Yes,No,Fiber optic,Yes,No,No,No,No,No,No,Yes,3,5785
0506-YLVKJ,Yes,No,No,No internet service,No internet service,No internet service,No internet service,No internet service,No internet service,No,No,1,5786
8661-BOYNW,Yes,Yes,DSL,Yes,No,Yes,Yes,Yes,Yes,Yes,Yes,8,5787
6711-VTNRE,Yes,No,Fiber optic,No,No,Yes,Yes,No,Yes,Yes,Yes,5,5788
4815-GBTCD,No,No phone service,DSL,No,No,No,No,No,No,No,No,1,5789
2805-AUFQN,Yes,No,No,No internet service,No internet service,No internet service,No internet service,No internet service,No internet service,No,No,1,5790
0980-PVMRC,No,No phone service,DSL,No,Yes,No,No,Yes,Yes,Yes,No,4,5791
7233-DRTRF,Yes,Yes,Fiber optic,No,Yes,Yes,No,Yes,Yes,Yes,No,7,5792
3500-RMZLT,Yes,No,Fiber optic,Yes,No,Yes,Yes,No,Yes,Yes,Yes,6,5793
3873-NFTGI,Yes,Yes,DSL,No,Yes,No,No,No,No,No,No,4,5794
1162-ECVII,Yes,Yes,Fiber optic,No,Yes,Yes,Yes,Yes,Yes,Yes,Yes,8,5795
7048-GXDAY,Yes,Yes,Fiber optic,Yes,Yes,No,No,Yes,Yes,Yes,Yes,7,5796
8571-ZCMCX,No,No phone service,DSL,Yes,Yes,Yes,No,Yes,Yes,Yes,Yes,6,5797
1169-WCVAK,Yes,Yes,Fiber optic,Yes,Yes,No,Yes,No,No,No,Yes,6,5798
4548-SDBKE,Yes,Yes,Fiber optic,No,No,No,No,Yes,No,Yes,No,4,5799
8066-POXGX,No,No phone service,DSL,No,No,No,No,No,Yes,Yes,No,2,5800
7129-CAKJW,Yes,Yes,Fiber optic,No,No,Yes,No,No,No,No,No,4,5801
8695-ARGXZ,Yes,Yes,Fiber optic,No,No,No,No,No,No,No,No,3,5802
3570-YUEKJ,Yes,No,DSL,No,Yes,No,No,No,No,No,No,3,5803
4143-OOBWZ,Yes,Yes,Fiber optic,No,Yes,No,No,No,No,No,No,4,5804
1555-HAPSU,Yes,Yes,No,No internet service,No internet service,No internet service,No internet service,No internet service,No internet service,No,No,2,5805
1697-NVVGY,Yes,No,DSL,Yes,No,Yes,No,Yes,No,Yes,Yes,5,5806
7854-EKTJL,Yes,No,No,No internet service,No internet service,No internet service,No internet service,No internet service,No internet service,No,No,1,5807
8464-EETCQ,Yes,No,No,No internet service,No internet service,No internet service,No internet service,No internet service,No internet service,No,No,1,5808
2419-FSORS,Yes,Yes,Fiber optic,No,Yes,Yes,Yes,Yes,Yes,Yes,Yes,8,5809
8132-YPVBX,Yes,No,Fiber optic,No,Yes,No,No,No,Yes,Yes,No,4,5810
9102-IAYHT,Yes,Yes,Fiber optic,No,No,No,No,No,Yes,Yes,No,4,5811
6754-LZUKA,Yes,Yes,DSL,No,Yes,Yes,No,Yes,Yes,Yes,No,7,5812
3422-LYEPQ,Yes,No,Fiber optic,No,No,No,No,No,No,No,No,2,5813
8099-MZPUJ,Yes,Yes,Fiber optic,Yes,Yes,Yes,Yes,Yes,Yes,Yes,Yes,9,5814
0787-LHDYT,Yes,No,No,No internet service,No internet service,No internet service,No internet service,No internet service,No internet service,No,No,1,5815
2642-DTVCO,Yes,Yes,Fiber optic,No,No,No,No,No,Yes,Yes,No,4,5816
0374-IOEGQ,Yes,No,DSL,No,No,No,No,No,No,No,No,2,5817
4361-JEIVL,Yes,No,DSL,No,No,No,No,No,No,No,No,2,5818
3197-NNYNB,Yes,Yes,Fiber optic,No,Yes,Yes,No,Yes,Yes,Yes,No,7,5819
3396-DKDEL,Yes,Yes,Fiber optic,Yes,Yes,Yes,Yes,Yes,Yes,Yes,Yes,9,5820
1752-OZXFY,Yes,No,DSL,Yes,No,No,No,Yes,No,Yes,Yes,4,5821
9066-QRSDU,Yes,Yes,No,No internet service,No internet service,No internet service,No internet service,No internet service,No internet service,No,No,2,5822
9112-WSNPU,Yes,No,Fiber optic,No,No,No,No,No,No,No,No,2,5823
9867-NNXLC,Yes,No,No,No internet service,No internet service,No internet service,No internet service,No internet service,No internet service,No,No,1,5824
5321-NTRKC,Yes,Yes,DSL,No,Yes,Yes,No,Yes,Yes,Yes,No,7,5825
1363-TXLSL,Yes,No,Fiber optic,No,No,No,No,No,No,No,No,2,5826
9507-EXLTT,Yes,No,Fiber optic,No,No,No,No,Yes,No,Yes,No,3,5827
3161-GETRM,Yes,Yes,Fiber optic,No,No,Yes,No,No,Yes,Yes,No,5,5828
0402-OAMEN,Yes,Yes,No,No internet service,No internet service,No internet service,No internet service,No internet service,No internet service,No,No,2,5829
6933-VLYFX,No,No phone service,DSL,Yes,No,Yes,Yes,Yes,Yes,Yes,Yes,6,5830
6754-WKSHP,Yes,Yes,No,No internet service,No internet service,No internet service,No internet service,No internet service,No internet service,No,No,2,5831
9846-GKXAS,Yes,No,Fiber optic,No,No,No,No,Yes,Yes,Yes,No,4,5832
6017-PPLPX,Yes,No,Fiber optic,No,No,No,No,No,No,No,No,2,5833
4976-LNFVV,No,No phone service,DSL,No,Yes,Yes,No,No,No,No,No,3,5834
5055-MGMGF,Yes,Yes,Fiber optic,Yes,No,Yes,No,Yes,Yes,Yes,Yes,7,5835
4641-FROLU,Yes,No,No,No internet service,No internet service,No internet service,No internet service,No internet service,No internet service,No,No,1,5836
2862-JVEOY,Yes,No,No,No internet service,No internet service,No internet service,No internet service,No internet service,No internet service,No,No,1,5837
2969-QWUBZ,No,No phone service,DSL,No,Yes,No,No,Yes,Yes,Yes,No,4,5838
9822-BIIGN,Yes,Yes,DSL,Yes,No,No,Yes,No,Yes,Yes,Yes,6,5839
2077-MPJQO,Yes,Yes,Fiber optic,No,No,No,No,No,No,No,No,3,5840
1534-OULXE,Yes,No,DSL,Yes,No,No,No,No,No,No,Yes,3,5841
7136-RVDTZ,No,No phone service,DSL,No,No,No,No,Yes,Yes,Yes,No,3,5842
2971-SGAFL,Yes,Yes,DSL,Yes,No,Yes,No,Yes,Yes,Yes,Yes,7,5843
1480-IVEVR,Yes,Yes,Fiber optic,No,No,Yes,No,No,No,No,No,4,5844
2905-KFQUV,Yes,No,Fiber optic,No,No,No,No,No,No,No,No,2,5845
4581-SSPWD,Yes,Yes,Fiber optic,No,No,No,No,No,No,No,No,3,5846
3370-HXOPH,Yes,Yes,Fiber optic,No,No,No,No,No,No,No,No,3,5847
9391-YZEJW,Yes,Yes,Fiber optic,No,No,No,No,Yes,Yes,Yes,No,5,5848
9958-MEKUC,Yes,Yes,Fiber optic,Yes,Yes,Yes,Yes,No,Yes,Yes,Yes,8,5849
0281-CNTZX,Yes,No,No,No internet service,No internet service,No internet service,No internet service,No internet service,No internet service,No,No,1,5850
6927-WTFIV,Yes,No,Fiber optic,No,No,No,No,No,No,No,No,2,5851
4118-CEVPF,Yes,Yes,Fiber optic,Yes,Yes,Yes,Yes,Yes,Yes,Yes,Yes,9,5852
3398-ZOUAA,Yes,No,Fiber optic,No,No,No,No,No,No,No,No,2,5853
9114-VEPUF,Yes,Yes,Fiber optic,Yes,Yes,No,No,No,Yes,Yes,Yes,6,5854
7876-BEUTG,Yes,Yes,DSL,No,No,No,No,No,No,No,No,3,5855
2338-BQEZT,Yes,No,DSL,Yes,No,No,No,No,No,No,Yes,3,5856
9873-MNDKV,Yes,No,DSL,No,No,No,No,No,No,No,No,2,5857
0378-NHQXU,Yes,Yes,Fiber optic,No,No,Yes,No,Yes,No,Yes,No,5,5858
8241-JUIQO,Yes,No,No,No internet service,No internet service,No internet service,No internet service,No internet service,No internet service,No,No,1,5859
2194-IIQOF,Yes,Yes,DSL,Yes,Yes,Yes,Yes,Yes,Yes,Yes,Yes,9,5860
4512-ZUIYL,Yes,No,Fiber optic,No,No,No,No,No,No,No,No,2,5861
9631-RXVJM,Yes,No,No,No internet service,No internet service,No internet service,No internet service,No internet service,No internet service,No,No,1,5862
9584-EXCDZ,Yes,No,Fiber optic,No,No,No,No,No,No,No,No,2,5863
7969-AULMZ,Yes,Yes,Fiber optic,No,No,No,No,Yes,Yes,Yes,No,5,5864
5093-FEGLU,Yes,No,No,No internet service,No internet service,No internet service,No internet service,No internet service,No internet service,No,No,1,5865
2621-UDNLU,Yes,No,No,No internet service,No internet service,No internet service,No internet service,No internet service,No internet service,No,No,1,5866
7526-IVLYU,Yes,No,No,No internet service,No internet service,No internet service,No internet service,No internet service,No internet service,No,No,1,5867
2428-HYUNX,Yes,No,No,No internet service,No internet service,No internet service,No internet service,No internet service,No internet service,No,No,1,5868
9214-EKVXR,Yes,No,DSL,No,No,No,No,No,No,No,No,2,5869
3410-MHHUM,Yes,Yes,Fiber optic,No,Yes,Yes,No,No,Yes,Yes,No,6,5870
0568-ONFPC,Yes,Yes,No,No internet service,No internet service,No internet service,No internet service,No internet service,No internet service,No,No,2,5871
0733-VUNUW,Yes,Yes,DSL,Yes,No,No,No,No,No,No,Yes,4,5872
4550-EVXNY,Yes,No,Fiber optic,No,No,No,No,No,No,No,No,2,5873
2122-YWVYA,Yes,No,Fiber optic,Yes,No,No,No,No,No,No,Yes,3,5874
2968-SSGAA,Yes,Yes,Fiber optic,No,No,Yes,No,Yes,Yes,Yes,No,6,5875
2296-DKZFP,Yes,No,DSL,Yes,Yes,Yes,No,No,Yes,Yes,Yes,6,5876
4844-JJWUY,Yes,No,Fiber optic,No,Yes,No,No,No,Yes,Yes,No,4,5877
6777-TGHTM,Yes,Yes,Fiber optic,Yes,No,Yes,No,Yes,Yes,Yes,Yes,7,5878
8909-BOLNL,Yes,No,No,No internet service,No internet service,No internet service,No internet service,No internet service,No internet service,No,No,1,5879
6603-YRDCJ,Yes,No,DSL,Yes,Yes,No,Yes,No,No,No,Yes,5,5880
3538-WZPHD,No,No phone service,DSL,No,Yes,No,No,No,No,No,No,2,5881
3229-USWAR,Yes,No,DSL,Yes,No,Yes,Yes,Yes,Yes,Yes,Yes,7,5882
2138-VFAPZ,Yes,No,No,No internet service,No internet service,No internet service,No internet service,No internet service,No internet service,No,No,1,5883
6131-JLWZM,Yes,No,No,No internet service,No internet service,No internet service,No internet service,No internet service,No internet service,No,No,1,5884
4785-QRJHC,No,No phone service,DSL,No,Yes,Yes,Yes,Yes,Yes,Yes,Yes,6,5885
0269-XFESX,Yes,Yes,No,No internet service,No internet service,No internet service,No internet service,No internet service,No internet service,No,No,2,5886
1709-EJDOX,Yes,No,No,No internet service,No internet service,No internet service,No internet service,No internet service,No internet service,No,No,1,5887
4316-XCSLJ,Yes,No,DSL,Yes,No,No,No,No,No,No,Yes,3,5888
8610-WFCJF,Yes,Yes,Fiber optic,No,No,No,No,Yes,Yes,Yes,No,5,5889
9693-XMUOB,No,No phone service,DSL,No,Yes,No,No,Yes,Yes,Yes,No,4,5890
0383-CLDDA,Yes,Yes,DSL,Yes,No,Yes,Yes,Yes,Yes,Yes,Yes,8,5891
4905-JEFDW,No,No phone service,DSL,No,No,Yes,No,Yes,No,Yes,No,3,5892
2709-UQGNP,Yes,No,DSL,Yes,No,No,No,No,No,No,Yes,3,5893
3549-ZTMNH,Yes,Yes,No,No internet service,No internet service,No internet service,No internet service,No internet service,No internet service,No,No,2,5894
7881-INRLC,Yes,Yes,Fiber optic,No,Yes,No,No,Yes,Yes,Yes,No,6,5895
8033-ATFAS,Yes,No,DSL,No,No,Yes,No,Yes,No,Yes,No,4,5896
1635-NZATJ,Yes,Yes,No,No internet service,No internet service,No internet service,No internet service,No internet service,No internet service,No,No,2,5897
0562-HKHML,Yes,Yes,No,No internet service,No internet service,No internet service,No internet service,No internet service,No internet service,No,No,2,5898
8277-RVRSV,Yes,Yes,No,No internet service,No internet service,No internet service,No internet service,No internet service,No internet service,No,No,2,5899
9943-VSZUV,Yes,Yes,Fiber optic,No,No,No,No,No,No,No,No,3,5900
0117-LFRMW,No,No phone service,DSL,Yes,Yes,Yes,No,No,No,No,Yes,4,5901
6172-FECYY,Yes,Yes,Fiber optic,No,No,No,No,Yes,No,Yes,No,4,5902
7054-ENNGU,Yes,No,DSL,No,Yes,No,No,No,No,No,No,3,5903
1455-HFBXA,Yes,Yes,Fiber optic,Yes,No,Yes,Yes,No,No,No,Yes,6,5904
9402-CXWPL,Yes,Yes,Fiber optic,No,Yes,No,No,Yes,Yes,Yes,No,6,5905
1628-BIZYP,Yes,No,Fiber optic,No,Yes,No,No,No,Yes,Yes,No,4,5906
1965-AKTSX,Yes,Yes,Fiber optic,No,Yes,No,No,No,No,No,No,4,5907
0082-LDZUE,Yes,No,DSL,No,No,No,No,No,No,No,No,2,5908
4786-UKSNZ,Yes,No,No,No internet service,No internet service,No internet service,No internet service,No internet service,No internet service,No,No,1,5909
5343-SGUBI,Yes,Yes,Fiber optic,No,Yes,No,No,No,No,No,No,4,5910
0856-NAOES,Yes,No,DSL,No,No,Yes,No,Yes,No,Yes,No,4,5911
1976-AZZPJ,No,No phone service,DSL,Yes,Yes,No,No,No,No,No,Yes,3,5912
7248-VZQLC,Yes,Yes,Fiber optic,No,Yes,Yes,No,No,No,No,No,5,5913
6156-UZDLF,Yes,No,Fiber optic,Yes,No,Yes,Yes,No,No,No,Yes,5,5914
3099-OONVS,Yes,No,DSL,Yes,No,No,Yes,No,No,No,Yes,4,5915
9500-WBGRP,Yes,No,No,No internet service,No internet service,No internet service,No internet service,No internet service,No internet service,No,No,1,5916
5183-KLYEM,Yes,Yes,Fiber optic,Yes,Yes,Yes,Yes,Yes,Yes,Yes,Yes,9,5917
5144-PQCDZ,Yes,No,No,No internet service,No internet service,No internet service,No internet service,No internet service,No internet service,No,No,1,5918
8514-VZHEB,Yes,No,No,No internet service,No internet service,No internet service,No internet service,No internet service,No internet service,No,No,1,5919
6625-IUTTT,Yes,No,DSL,Yes,No,Yes,No,No,Yes,Yes,Yes,5,5920
9355-NPPFS,Yes,No,Fiber optic,No,No,No,No,No,Yes,Yes,No,3,5921
0068-FIGTF,Yes,No,DSL,No,Yes,Yes,Yes,Yes,Yes,Yes,Yes,7,5922
5965-GGPRW,Yes,Yes,Fiber optic,Yes,No,Yes,No,Yes,Yes,Yes,Yes,7,5923
8035-PWSEV,Yes,No,Fiber optic,No,No,Yes,Yes,No,Yes,Yes,Yes,5,5924
2236-HILPA,Yes,No,No,No internet service,No internet service,No internet service,No internet service,No internet service,No internet service,No,No,1,5925
1840-BIUOG,Yes,Yes,DSL,No,Yes,No,Yes,Yes,No,Yes,Yes,6,5926
1356-MKYSK,Yes,No,DSL,Yes,No,Yes,Yes,Yes,Yes,Yes,Yes,7,5927
6080-LNESI,Yes,Yes,No,No internet service,No internet service,No internet service,No internet service,No internet service,No internet service,No,No,2,5928
1830-IPXVJ,Yes,No,No,No internet service,No internet service,No internet service,No internet service,No internet service,No internet service,No,No,1,5929
5828-DWPIL,Yes,Yes,Fiber optic,Yes,Yes,Yes,No,No,No,No,Yes,6,5930
8398-TBIYD,Yes,Yes,Fiber optic,Yes,No,No,Yes,No,No,No,Yes,5,5931
0011-IGKFF,Yes,No,Fiber optic,No,Yes,Yes,No,Yes,Yes,Yes,No,6,5932
4192-GORJT,Yes,No,Fiber optic,No,No,Yes,No,Yes,Yes,Yes,No,5,5933
6496-SLWHQ,Yes,Yes,Fiber optic,No,Yes,Yes,No,Yes,Yes,Yes,No,7,5934
9912-GVSEQ,Yes,Yes,Fiber optic,No,Yes,Yes,No,No,Yes,Yes,No,6,5935
2931-FSOHN,Yes,No,DSL,No,Yes,No,No,Yes,No,Yes,No,4,5936
9418-RUKPH,Yes,No,No,No internet service,No internet service,No internet service,No internet service,No internet service,No internet service,No,No,1,5937
5383-MMTWC,Yes,Yes,Fiber optic,No,No,No,No,No,Yes,Yes,No,4,5938
9971-ZWPBF,Yes,Yes,Fiber optic,No,Yes,Yes,Yes,Yes,Yes,Yes,Yes,8,5939
4712-AUQZO,No,No phone service,DSL,Yes,No,Yes,No,No,No,No,Yes,3,5940
9711-FJTBX,Yes,No,Fiber optic,No,Yes,Yes,Yes,No,No,No,Yes,5,5941
2908-ZTPNF,No,No phone service,DSL,No,Yes,No,Yes,No,No,No,Yes,3,5942
7240-ETPTR,No,No phone service,DSL,No,No,Yes,No,Yes,Yes,Yes,No,4,5943
2202-CUYXZ,Yes,No,Fiber optic,No,No,Yes,No,Yes,No,Yes,No,4,5944
5995-OIGLP,Yes,No,DSL,Yes,No,No,Yes,No,No,No,Yes,4,5945
8421-WZOOW,Yes,No,Fiber optic,No,Yes,Yes,Yes,Yes,No,Yes,Yes,6,5946
6261-RCVNS,Yes,No,DSL,Yes,Yes,Yes,Yes,No,Yes,Yes,Yes,7,5947
7951-QKZPL,Yes,Yes,No,No internet service,No internet service,No internet service,No internet service,No internet service,No internet service,No,No,2,5948
1414-YADCW,Yes,No,Fiber optic,Yes,Yes,No,Yes,No,No,No,Yes,5,5949
8756-RDDLT,No,No phone service,DSL,No,Yes,No,Yes,No,Yes,Yes,Yes,4,5950
2862-PFNIK,No,No phone service,DSL,No,No,No,No,No,No,No,No,1,5951
5816-QVHRX,Yes,Yes,Fiber optic,No,No,No,Yes,Yes,Yes,Yes,Yes,6,5952
4430-YHXGG,Yes,Yes,No,No internet service,No internet service,No internet service,No internet service,No internet service,No internet service,No,No,2,5953
6888-SBYAI,Yes,No,DSL,Yes,No,No,No,No,No,No,Yes,3,5954
7395-XWZOY,No,No phone service,DSL,Yes,Yes,Yes,Yes,Yes,No,Yes,Yes,6,5955
7169-YWAMK,Yes,No,DSL,Yes,Yes,No,Yes,Yes,No,Yes,Yes,6,5956
3640-PHQXK,Yes,Yes,Fiber optic,No,No,Yes,No,No,Yes,Yes,No,5,5957
6877-LGWXO,Yes,No,Fiber optic,No,No,No,No,No,Yes,Yes,No,3,5958
6859-RKMZJ,Yes,No,DSL,No,No,No,No,Yes,No,Yes,No,3,5959
2729-VNVAP,Yes,No,No,No internet service,No internet service,No internet service,No internet service,No internet service,No internet service,No,No,1,5960
2957-JIRMN,Yes,Yes,Fiber optic,No,No,No,No,Yes,No,Yes,No,4,5961
2049-BAFNW,No,No phone service,DSL,No,No,Yes,Yes,No,No,No,Yes,3,5962
3842-QTGDL,Yes,No,Fiber optic,Yes,Yes,No,No,No,No,No,Yes,4,5963
7163-OCEQI,Yes,Yes,DSL,No,No,Yes,Yes,Yes,Yes,Yes,Yes,7,5964
9782-LGXMC,Yes,No,DSL,Yes,No,Yes,Yes,No,No,No,Yes,5,5965
5975-BAICR,Yes,No,DSL,Yes,No,Yes,No,No,Yes,Yes,Yes,5,5966
8019-ENHXU,Yes,Yes,Fiber optic,No,Yes,Yes,Yes,No,Yes,Yes,Yes,7,5967
5167-GBFRE,No,No phone service,DSL,No,No,No,No,No,No,No,No,1,5968
9033-EOXWV,Yes,Yes,DSL,No,No,No,Yes,Yes,Yes,Yes,Yes,6,5969
4673-KKSLS,Yes,No,Fiber optic,Yes,No,Yes,Yes,No,No,No,Yes,5,5970
4853-OITSN,Yes,Yes,Fiber optic,Yes,No,No,No,No,Yes,Yes,Yes,5,5971
9800-OUIGR,Yes,No,No,No internet service,No internet service,No internet service,No internet service,No internet service,No internet service,No,No,1,5972
1324-NLTJE,Yes,Yes,DSL,No,No,No,Yes,No,No,No,Yes,4,5973
2324-EFHVG,Yes,Yes,Fiber optic,No,Yes,Yes,No,Yes,Yes,Yes,No,7,5974
7094-MSZAO,Yes,No,No,No internet service,No internet service,No internet service,No internet service,No internet service,No internet service,No,No,1,5975
1522-VVDMG,Yes,No,Fiber optic,No,Yes,No,Yes,Yes,No,Yes,Yes,5,5976
6907-CQGPN,No,No phone service,DSL,No,Yes,No,Yes,No,No,No,Yes,3,5977
0780-XNZFN,Yes,No,No,No internet service,No internet service,No internet service,No internet service,No internet service,No internet service,No,No,1,5978
0239-OXEXL,Yes,Yes,Fiber optic,Yes,Yes,No,No,No,No,No,Yes,5,5979
2675-IJRGJ,Yes,No,No,No internet service,No internet service,No internet service,No internet service,No internet service,No internet service,No,No,1,5980
7049-GKVZY,Yes,No,DSL,Yes,Yes,No,Yes,Yes,Yes,Yes,Yes,7,5981
8577-QSOCG,Yes,No,No,No internet service,No internet service,No internet service,No internet service,No internet service,No internet service,No,No,1,5982
3721-CNZHX,Yes,No,No,No internet service,No internet service,No internet service,No internet service,No internet service,No internet service,No,No,1,5983
0212-ISBBF,No,No phone service,DSL,No,Yes,No,No,Yes,Yes,Yes,No,4,5984
9185-TQCVP,Yes,Yes,Fiber optic,No,No,No,No,No,Yes,Yes,No,4,5985
3585-YNADK,Yes,Yes,DSL,No,Yes,Yes,Yes,Yes,No,Yes,Yes,7,5986
5271-DBYSJ,Yes,No,Fiber optic,No,No,No,No,No,Yes,Yes,No,3,5987
1099-GODLO,Yes,No,No,No internet service,No internet service,No internet service,No internet service,No internet service,No internet service,No,No,1,5988
6828-HMKWP,Yes,No,No,No internet service,No internet service,No internet service,No internet service,No internet service,No internet service,No,No,1,5989
5567-WSELE,Yes,Yes,Fiber optic,No,No,No,No,Yes,Yes,Yes,No,5,5990
1472-TNCWL,Yes,No,Fiber optic,No,Yes,No,No,Yes,Yes,Yes,No,5,5991
8063-RJYNF,Yes,No,Fiber optic,Yes,No,No,No,Yes,Yes,Yes,Yes,5,5992
0687-ZVTHB,Yes,Yes,DSL,Yes,Yes,Yes,No,No,Yes,Yes,Yes,7,5993
2080-GKCWQ,Yes,No,Fiber optic,No,Yes,No,No,No,No,No,No,3,5994
9661-ACXBS,Yes,Yes,Fiber optic,Yes,No,Yes,No,Yes,Yes,Yes,Yes,7,5995
2193-SFWQW,Yes,No,Fiber optic,Yes,Yes,Yes,Yes,Yes,Yes,Yes,Yes,8,5996
5656-JAMLX,Yes,No,No,No internet service,No internet service,No internet service,No internet service,No internet service,No internet service,No,No,1,5997
3462-BJQQA,Yes,Yes,Fiber optic,No,Yes,No,No,Yes,No,Yes,No,5,5998
0442-TDYUO,Yes,No,No,No internet service,No internet service,No internet service,No internet service,No internet service,No internet service,No,No,1,5999
6733-LRIZX,Yes,Yes,Fiber optic,Yes,No,Yes,Yes,Yes,Yes,Yes,Yes,8,6000
9503-XJUME,Yes,No,No,No internet service,No internet service,No internet service,No internet service,No internet service,No internet service,No,No,1,6001
4367-NHWMM,No,No phone service,DSL,No,No,No,No,No,No,No,No,1,6002
3727-RJMEO,Yes,Yes,Fiber optic,No,No,No,No,Yes,No,Yes,No,4,6003
3779-OSWCF,Yes,Yes,DSL,Yes,Yes,Yes,Yes,Yes,Yes,Yes,Yes,9,6004
6736-DHUQI,Yes,No,Fiber optic,Yes,Yes,Yes,No,No,No,No,Yes,5,6005
3915-ODIYG,Yes,Yes,DSL,Yes,Yes,No,No,No,Yes,Yes,Yes,6,6006
1360-RCYRT,No,No phone service,DSL,No,No,No,Yes,No,No,No,Yes,2,6007
2724-FJDYW,No,No phone service,DSL,No,No,Yes,Yes,Yes,Yes,Yes,Yes,5,6008
4451-RWASJ,Yes,No,No,No internet service,No internet service,No internet service,No internet service,No internet service,No internet service,No,No,1,6009
6646-VRFOL,Yes,Yes,Fiber optic,No,Yes,Yes,No,Yes,Yes,Yes,No,7,6010
3460-TJBWI,Yes,Yes,No,No internet service,No internet service,No internet service,No internet service,No internet service,No internet service,No,No,2,6011
5917-HBSDW,Yes,No,No,No internet service,No internet service,No internet service,No internet service,No internet service,No internet service,No,No,1,6012
5685-IIXLY,Yes,No,Fiber optic,No,Yes,No,No,No,Yes,Yes,No,4,6013
5671-UUNXD,Yes,Yes,Fiber optic,No,No,No,Yes,Yes,Yes,Yes,Yes,6,6014
0956-ACVZC,Yes,No,Fiber optic,No,No,Yes,No,Yes,Yes,Yes,No,5,6015
2325-NBPZG,Yes,No,Fiber optic,Yes,No,No,No,No,No,No,Yes,3,6016
4250-ZBWLV,Yes,Yes,Fiber optic,No,Yes,Yes,Yes,Yes,Yes,Yes,Yes,8,6017
4482-FTFFX,Yes,No,DSL,No,No,Yes,Yes,No,No,No,Yes,4,6018
8859-DZTGQ,Yes,No,No,No internet service,No internet service,No internet service,No internet service,No internet service,No internet service,No,No,1,6019
0440-MOGPM,Yes,Yes,DSL,No,Yes,Yes,No,Yes,Yes,Yes,No,7,6020
0020-JDNXP,No,No phone service,DSL,Yes,No,Yes,Yes,Yes,Yes,Yes,Yes,6,6021
3752-CQSJI,Yes,No,No,No internet service,No internet service,No internet service,No internet service,No internet service,No internet service,No,No,1,6022
5025-GOOKI,Yes,No,No,No internet service,No internet service,No internet service,No internet service,No internet service,No internet service,No,No,1,6023
4698-KVLLG,Yes,No,No,No internet service,No internet service,No internet service,No internet service,No internet service,No internet service,No,No,1,6024
5095-AESKG,Yes,Yes,Fiber optic,No,Yes,No,No,No,Yes,Yes,No,5,6025
2887-JPYLU,Yes,No,DSL,No,No,No,No,No,No,No,No,2,6026
4770-QAZXN,Yes,No,No,No internet service,No internet service,No internet service,No internet service,No internet service,No internet service,No,No,1,6027
4896-CPRPF,Yes,Yes,No,No internet service,No internet service,No internet service,No internet service,No internet service,No internet service,No,No,2,6028
1871-MOWRM,Yes,No,Fiber optic,Yes,No,No,Yes,No,No,No,Yes,4,6029
9714-EDSUC,Yes,No,Fiber optic,Yes,Yes,No,Yes,No,Yes,Yes,Yes,6,6030
2027-OAQQC,No,No phone service,DSL,No,No,Yes,No,Yes,Yes,Yes,No,4,6031
0282-NVSJS,No,No phone service,DSL,No,No,No,Yes,No,No,No,Yes,2,6032
9090-SGQXL,Yes,Yes,Fiber optic,No,Yes,Yes,No,Yes,Yes,Yes,No,7,6033
6595-YGXIT,Yes,Yes,Fiber optic,No,Yes,No,No,Yes,No,Yes,No,5,6034
7353-YOWFP,Yes,No,No,No internet service,No internet service,No internet service,No internet service,No internet service,No internet service,No,No,1,6035
9835-ZIITK,Yes,Yes,Fiber optic,No,Yes,Yes,Yes,Yes,Yes,Yes,Yes,8,6036
8008-ESFLK,Yes,No,Fiber optic,Yes,Yes,Yes,Yes,Yes,Yes,Yes,Yes,8,6037
7537-CBQUZ,Yes,Yes,Fiber optic,Yes,Yes,Yes,No,Yes,Yes,Yes,Yes,8,6038
1555-DJEQW,Yes,Yes,Fiber optic,Yes,Yes,Yes,Yes,Yes,Yes,Yes,Yes,9,6039
5649-TJHOV,No,No phone service,DSL,No,No,No,No,No,Yes,Yes,No,2,6040
0519-XUZJU,Yes,No,Fiber optic,No,No,No,No,No,No,No,No,2,6041
3363-EWLGO,Yes,No,No,No internet service,No internet service,No internet service,No internet service,No internet service,No internet service,No,No,1,6042
4750-UKWJK,Yes,No,No,No internet service,No internet service,No internet service,No internet service,No internet service,No internet service,No,No,1,6043
6338-AVWCY,No,No phone service,DSL,No,No,Yes,No,Yes,No,Yes,No,3,6044
1689-YQBYY,Yes,Yes,Fiber optic,No,No,No,No,No,No,No,No,3,6045
4487-ZYJZK,Yes,No,No,No internet service,No internet service,No internet service,No internet service,No internet service,No internet service,No,No,1,6046
2959-FENLU,Yes,No,Fiber optic,No,No,Yes,No,No,Yes,Yes,No,4,6047
0708-LGSMF,Yes,Yes,DSL,Yes,No,No,No,No,Yes,Yes,Yes,5,6048
9253-QXKBE,Yes,Yes,Fiber optic,No,No,No,No,Yes,Yes,Yes,No,5,6049
7634-HLQJR,Yes,No,No,No internet service,No internet service,No internet service,No internet service,No internet service,No internet service,No,No,1,6050
0487-RPVUM,Yes,Yes,Fiber optic,Yes,No,Yes,Yes,Yes,No,Yes,Yes,7,6051
4079-ULGFR,Yes,No,No,No internet service,No internet service,No internet service,No internet service,No internet service,No internet service,No,No,1,6052
2516-XSJKX,Yes,No,DSL,Yes,Yes,No,Yes,Yes,Yes,Yes,Yes,7,6053
0057-QBUQH,Yes,Yes,No,No internet service,No internet service,No internet service,No internet service,No internet service,No internet service,No,No,2,6054
9445-SZLCH,Yes,Yes,Fiber optic,No,Yes,Yes,No,Yes,No,Yes,No,6,6055
6599-SFQVE,Yes,No,DSL,No,No,No,No,No,Yes,Yes,No,3,6056
8331-ZXFOE,Yes,Yes,DSL,Yes,Yes,Yes,Yes,No,No,No,Yes,7,6057
4003-FUSHP,Yes,No,DSL,No,No,No,Yes,Yes,No,Yes,Yes,4,6058
0356-ERHVT,Yes,No,DSL,No,No,No,No,No,No,No,No,2,6059
7325-ENZFI,No,No phone service,DSL,Yes,Yes,No,Yes,No,No,No,Yes,4,6060
4884-ZTHVF,Yes,No,Fiber optic,No,Yes,No,No,Yes,No,Yes,No,4,6061
3920-HIHMQ,Yes,Yes,DSL,No,No,No,No,No,No,No,No,3,6062
3055-OYMSE,Yes,No,Fiber optic,No,Yes,No,No,No,No,No,No,3,6063
0613-WUXUM,Yes,No,No,No internet service,No internet service,No internet service,No internet service,No internet service,No internet service,No,No,1,6064
7568-PODML,No,No phone service,DSL,No,No,No,No,Yes,Yes,Yes,No,3,6065
4458-KVRBJ,Yes,Yes,No,No internet service,No internet service,No internet service,No internet service,No internet service,No internet service,No,No,2,6066
5349-IECLD,Yes,No,Fiber optic,No,No,Yes,No,Yes,Yes,Yes,No,5,6067
1397-XKKWR,No,No phone service,DSL,Yes,No,Yes,No,No,No,No,Yes,3,6068
3945-GFWQL,Yes,No,DSL,No,No,No,No,No,No,No,No,2,6069
8097-OMULG,Yes,No,DSL,No,Yes,Yes,Yes,Yes,Yes,Yes,Yes,7,6070
6013-BHCAW,Yes,Yes,DSL,No,No,Yes,Yes,Yes,Yes,Yes,Yes,7,6071
0401-WDBXM,Yes,Yes,Fiber optic,Yes,No,Yes,No,Yes,Yes,Yes,Yes,7,6072
3387-PLKUI,Yes,No,No,No internet service,No internet service,No internet service,No internet service,No internet service,No internet service,No,No,1,6073
6096-EGVTU,Yes,Yes,No,No internet service,No internet service,No internet service,No internet service,No internet service,No internet service,No,No,2,6074
3797-VTIDR,No,No phone service,DSL,No,No,No,No,No,No,No,No,1,6075
5081-NWSUP,Yes,No,DSL,No,Yes,No,Yes,No,Yes,Yes,Yes,5,6076
2580-ATZSQ,Yes,No,DSL,Yes,Yes,Yes,No,No,No,No,Yes,5,6077
8085-MSNLK,Yes,Yes,Fiber optic,Yes,Yes,Yes,Yes,Yes,Yes,Yes,Yes,9,6078
9691-HKOVS,Yes,Yes,DSL,Yes,Yes,Yes,Yes,Yes,Yes,Yes,Yes,9,6079
9881-VCZEP,Yes,Yes,DSL,No,Yes,No,No,No,No,No,No,4,6080
9526-BIHHD,No,No phone service,DSL,Yes,No,No,No,No,No,No,Yes,2,6081
8757-TFHHJ,Yes,No,DSL,Yes,No,No,No,No,No,No,Yes,3,6082
4523-WXCEF,Yes,Yes,Fiber optic,No,Yes,No,No,Yes,Yes,Yes,No,6,6083
1468-DEFNC,Yes,Yes,No,No internet service,No internet service,No internet service,No internet service,No internet service,No internet service,No,No,2,6084
5119-KEPFY,Yes,Yes,Fiber optic,No,No,No,No,Yes,Yes,Yes,No,5,6085
8364-TRMMK,Yes,Yes,DSL,No,No,No,No,No,No,No,No,3,6086
0916-KNFAJ,Yes,Yes,DSL,Yes,No,Yes,No,No,Yes,Yes,Yes,6,6087
8319-QBEHW,No,No phone service,DSL,No,Yes,No,No,Yes,No,Yes,No,3,6088
3063-QFSZL,Yes,No,DSL,No,No,No,No,No,Yes,Yes,No,3,6089
8775-LHDJH,Yes,Yes,Fiber optic,No,Yes,No,No,Yes,No,Yes,No,5,6090
9625-QNLUX,Yes,No,Fiber optic,Yes,Yes,Yes,No,Yes,Yes,Yes,Yes,7,6091
3097-NQYSN,Yes,Yes,Fiber optic,No,No,No,No,Yes,No,Yes,No,4,6092
4024-CSNBY,Yes,Yes,Fiber optic,Yes,Yes,Yes,Yes,No,No,No,Yes,7,6093
7110-BDTWG,No,No phone service,DSL,No,No,Yes,Yes,No,Yes,Yes,Yes,4,6094
7493-GVFIO,Yes,No,No,No internet service,No internet service,No internet service,No internet service,No internet service,No internet service,No,No,1,6095
0690-SRQID,Yes,No,No,No internet service,No internet service,No internet service,No internet service,No internet service,No internet service,No,No,1,6096
9605-WGJVW,Yes,No,Fiber optic,No,No,No,No,No,No,No,No,2,6097
9114-DPSIA,Yes,Yes,DSL,Yes,Yes,Yes,Yes,No,Yes,Yes,Yes,8,6098
4700-UBQMV,Yes,Yes,DSL,Yes,No,No,No,Yes,Yes,Yes,Yes,6,6099
7711-GQBZC,Yes,Yes,No,No internet service,No internet service,No internet service,No internet service,No internet service,No internet service,No,No,2,6100
3565-UNOCC,Yes,Yes,Fiber optic,No,No,Yes,No,Yes,Yes,Yes,No,6,6101
4627-MIHJH,Yes,Yes,Fiber optic,Yes,No,Yes,Yes,Yes,Yes,Yes,Yes,8,6102
9795-NREXC,Yes,Yes,DSL,Yes,No,Yes,Yes,Yes,Yes,Yes,Yes,8,6103
8573-CGOCC,Yes,No,No,No internet service,No internet service,No internet service,No internet service,No internet service,No internet service,No,No,1,6104
7356-AYNJP,Yes,Yes,No,No internet service,No internet service,No internet service,No internet service,No internet service,No internet service,No,No,2,6105
9249-FXSCK,Yes,Yes,Fiber optic,Yes,Yes,No,Yes,Yes,Yes,Yes,Yes,8,6106
5493-SDRDQ,Yes,No,DSL,Yes,No,Yes,No,No,No,No,Yes,4,6107
6286-SUUWT,Yes,No,No,No internet service,No internet service,No internet service,No internet service,No internet service,No internet service,No,No,1,6108
4819-HJPIW,No,No phone service,DSL,No,No,No,No,No,No,No,No,1,6109
8654-DHAOW,Yes,Yes,DSL,No,Yes,No,No,No,No,No,No,4,6110
5438-QMDDL,Yes,No,DSL,No,Yes,No,No,No,Yes,Yes,No,4,6111
9812-GHVRI,Yes,Yes,Fiber optic,No,No,No,No,No,Yes,Yes,No,4,6112
5553-AOINX,Yes,Yes,Fiber optic,No,Yes,Yes,No,Yes,Yes,Yes,No,7,6113
1228-ZLNBX,Yes,Yes,Fiber optic,No,No,No,No,No,No,No,No,3,6114
4226-KKDON,Yes,No,DSL,No,Yes,No,Yes,Yes,No,Yes,Yes,5,6115
3831-YCPUO,Yes,No,Fiber optic,Yes,Yes,Yes,Yes,Yes,Yes,Yes,Yes,8,6116
7445-WMRBW,Yes,Yes,DSL,No,Yes,Yes,Yes,Yes,No,Yes,Yes,7,6117
3308-DGHKL,Yes,No,No,No internet service,No internet service,No internet service,No internet service,No internet service,No internet service,No,No,1,6118
9924-JPRMC,Yes,Yes,Fiber optic,Yes,Yes,Yes,Yes,Yes,Yes,Yes,Yes,9,6119
0080-EMYVY,Yes,No,DSL,No,Yes,No,No,No,No,No,No,3,6120
6218-KNUBD,Yes,No,DSL,No,Yes,No,No,Yes,No,Yes,No,4,6121
7337-CINUD,Yes,No,No,No internet service,No internet service,No internet service,No internet service,No internet service,No internet service,No,No,1,6122
7609-NRNCA,Yes,No,No,No internet service,No internet service,No internet service,No internet service,No internet service,No internet service,No,No,1,6123
0623-EJQEG,Yes,Yes,Fiber optic,Yes,No,No,Yes,No,Yes,Yes,Yes,6,6124
7153-CHRBV,Yes,No,DSL,Yes,No,Yes,Yes,No,No,No,Yes,5,6125
0871-URUWO,Yes,Yes,Fiber optic,No,No,Yes,No,Yes,Yes,Yes,No,6,6126
9190-MFJLN,Yes,No,Fiber optic,No,No,Yes,No,Yes,Yes,Yes,No,5,6127
6198-PNNSZ,Yes,Yes,Fiber optic,Yes,Yes,Yes,No,Yes,Yes,Yes,Yes,8,6128
3317-VLGQT,Yes,No,Fiber optic,No,No,No,No,No,Yes,Yes,No,3,6129
4132-POCZS,No,No phone service,DSL,Yes,No,No,No,No,Yes,Yes,Yes,3,6130
5614-DNZCE,Yes,No,DSL,Yes,Yes,Yes,Yes,No,No,No,Yes,6,6131
1095-JUDTC,Yes,Yes,Fiber optic,No,Yes,No,Yes,Yes,No,Yes,Yes,6,6132
3896-RCYYE,No,No phone service,DSL,No,No,Yes,Yes,Yes,Yes,Yes,Yes,5,6133
9638-JIQYA,No,No phone service,DSL,No,No,No,No,No,No,No,No,1,6134
3258-SANFR,Yes,No,DSL,No,No,No,No,No,No,No,No,2,6135
3726-TBHQT,Yes,Yes,Fiber optic,Yes,Yes,Yes,Yes,Yes,Yes,Yes,Yes,9,6136
3190-ITQXP,Yes,No,No,No internet service,No internet service,No internet service,No internet service,No internet service,No internet service,No,No,1,6137
0870-VEMYL,Yes,No,DSL,Yes,No,No,Yes,No,No,No,Yes,4,6138
4833-QTJNO,Yes,Yes,Fiber optic,Yes,Yes,No,No,No,No,No,Yes,5,6139
3039-MJSLN,Yes,No,No,No internet service,No internet service,No internet service,No internet service,No internet service,No internet service,No,No,1,6140
0178-CIIKR,Yes,No,No,No internet service,No internet service,No internet service,No internet service,No internet service,No internet service,No,No,1,6141
5385-SUIRI,Yes,Yes,Fiber optic,Yes,No,Yes,No,Yes,Yes,Yes,Yes,7,6142
3982-XWFZQ,Yes,Yes,DSL,No,No,No,No,No,No,No,No,3,6143
5774-QPLTF,Yes,No,No,No internet service,No internet service,No internet service,No internet service,No internet service,No internet service,No,No,1,6144
2322-VCZHZ,Yes,No,Fiber optic,Yes,Yes,No,No,No,Yes,Yes,Yes,5,6145
5010-IPEAQ,No,No phone service,DSL,Yes,Yes,Yes,Yes,Yes,No,Yes,Yes,6,6146
4009-ALQFH,Yes,No,Fiber optic,No,Yes,Yes,No,Yes,Yes,Yes,No,6,6147
6383-ZTSIW,Yes,No,Fiber optic,Yes,Yes,No,No,Yes,Yes,Yes,Yes,6,6148
8990-YOZLV,Yes,Yes,DSL,Yes,Yes,No,Yes,No,No,No,Yes,6,6149
3069-SSVSN,No,No phone service,DSL,No,No,No,No,No,No,No,No,1,6150
5222-IMUKT,Yes,No,Fiber optic,No,No,No,No,Yes,Yes,Yes,No,4,6151
3627-FCRDW,Yes,No,Fiber optic,No,No,No,No,No,No,No,No,2,6152
7562-GSUHK,Yes,No,Fiber optic,No,Yes,Yes,No,No,Yes,Yes,No,5,6153
6685-XSHHU,Yes,No,No,No internet service,No internet service,No internet service,No internet service,No internet service,No internet service,No,No,1,6154
8901-UPRHR,Yes,Yes,Fiber optic,No,Yes,Yes,Yes,Yes,Yes,Yes,Yes,8,6155
4903-UYAVB,Yes,No,No,No internet service,No internet service,No internet service,No internet service,No internet service,No internet service,No,No,1,6156
0118-JPNOY,Yes,No,Fiber optic,Yes,No,No,No,Yes,No,Yes,Yes,4,6157
6776-TLWOI,Yes,No,No,No internet service,No internet service,No internet service,No internet service,No internet service,No internet service,No,No,1,6158
3845-FXCYS,Yes,No,No,No internet service,No internet service,No internet service,No internet service,No internet service,No internet service,No,No,1,6159
5857-XRECV,Yes,No,No,No internet service,No internet service,No internet service,No internet service,No internet service,No internet service,No,No,1,6160
0725-CXOTM,Yes,Yes,DSL,Yes,No,Yes,Yes,Yes,Yes,Yes,Yes,8,6161
4343-EJVQB,Yes,No,Fiber optic,Yes,No,No,No,No,No,No,Yes,3,6162
9000-PLFUZ,No,No phone service,DSL,No,Yes,No,No,Yes,Yes,Yes,No,4,6163
3427-GGZZI,Yes,Yes,Fiber optic,No,Yes,No,No,No,Yes,Yes,No,5,6164
7779-ORAEL,Yes,Yes,DSL,Yes,No,Yes,Yes,No,Yes,Yes,Yes,7,6165
0644-OQMDK,Yes,No,Fiber optic,No,No,No,No,No,No,No,No,2,6166
4077-CROMM,Yes,Yes,Fiber optic,No,No,Yes,Yes,Yes,Yes,Yes,Yes,7,6167
3154-CFSZG,Yes,No,Fiber optic,Yes,No,Yes,No,No,Yes,Yes,Yes,5,6168
2868-MZAGQ,Yes,No,Fiber optic,No,No,No,No,No,Yes,Yes,No,3,6169
4847-QNOKA,Yes,No,DSL,No,No,No,No,No,No,No,No,2,6170
2220-IAHLS,Yes,No,No,No internet service,No internet service,No internet service,No internet service,No internet service,No internet service,No,No,1,6171
1658-XUHBX,Yes,Yes,Fiber optic,No,No,Yes,No,No,Yes,Yes,No,5,6172
6379-RXJRQ,Yes,No,Fiber optic,No,No,No,No,No,No,No,No,2,6173
2378-HTWFW,Yes,Yes,Fiber optic,Yes,No,No,No,No,Yes,Yes,Yes,5,6174
8650-RHRKE,No,No phone service,DSL,No,No,Yes,No,No,No,No,No,2,6175
4377-VDHYI,Yes,No,Fiber optic,Yes,Yes,No,No,No,Yes,Yes,Yes,5,6176
0475-RIJEP,Yes,Yes,Fiber optic,No,Yes,No,No,No,No,No,No,4,6177
1260-TTRXI,Yes,No,DSL,No,No,No,No,No,Yes,Yes,No,3,6178
3719-TDVQB,Yes,No,No,No internet service,No internet service,No internet service,No internet service,No internet service,No internet service,No,No,1,6179
6328-ZPBGN,Yes,Yes,Fiber optic,No,No,No,No,Yes,Yes,Yes,No,5,6180
0201-MIBOL,Yes,Yes,Fiber optic,Yes,No,No,No,Yes,Yes,Yes,Yes,6,6181
4937-QPZPO,Yes,Yes,Fiber optic,No,No,Yes,No,Yes,Yes,Yes,No,6,6182
2925-VDZHY,Yes,Yes,DSL,Yes,Yes,Yes,Yes,Yes,Yes,Yes,Yes,9,6183
6981-TDRFT,No,No phone service,DSL,No,No,Yes,Yes,Yes,Yes,Yes,Yes,5,6184
3413-CSSTH,Yes,Yes,DSL,No,No,Yes,No,No,No,No,No,4,6185
8033-VCZGH,Yes,Yes,Fiber optic,Yes,No,Yes,No,Yes,Yes,Yes,Yes,7,6186
4789-KWMXN,Yes,Yes,Fiber optic,Yes,No,Yes,Yes,Yes,Yes,Yes,Yes,8,6187
0224-NIJLP,Yes,No,No,No internet service,No internet service,No internet service,No internet service,No internet service,No internet service,No,No,1,6188
7542-CYDDM,Yes,No,No,No internet service,No internet service,No internet service,No internet service,No internet service,No internet service,No,No,1,6189
4718-WXBGI,Yes,Yes,DSL,Yes,Yes,Yes,Yes,Yes,Yes,Yes,Yes,9,6190
2867-UIMSS,Yes,No,Fiber optic,No,No,No,No,No,Yes,Yes,No,3,6191
8495-PRWFH,Yes,Yes,DSL,No,No,Yes,No,No,No,No,No,4,6192
0439-IFYUN,Yes,No,Fiber optic,No,Yes,No,No,No,No,No,No,3,6193
5716-LIBJC,Yes,Yes,Fiber optic,No,Yes,Yes,No,Yes,Yes,Yes,No,7,6194
2868-LLSKM,Yes,Yes,Fiber optic,No,Yes,No,Yes,No,No,No,Yes,5,6195
8111-RKSPX,Yes,Yes,Fiber optic,No,No,No,No,No,No,No,No,3,6196
2988-QRAJY,Yes,Yes,Fiber optic,Yes,Yes,Yes,No,Yes,Yes,Yes,Yes,8,6197
1585-MQSSU,Yes,No,DSL,No,No,No,Yes,No,No,No,Yes,3,6198
0071-NDAFP,Yes,Yes,No,No internet service,No internet service,No internet service,No internet service,No internet service,No internet service,No,No,2,6199
2856-NNASM,Yes,No,Fiber optic,No,No,No,No,Yes,Yes,Yes,No,4,6200
7328-ZJAJO,Yes,No,No,No internet service,No internet service,No internet service,No internet service,No internet service,No internet service,No,No,1,6201
6458-CYIDZ,Yes,No,Fiber optic,Yes,Yes,No,No,No,No,No,Yes,4,6202
8559-CIZFV,Yes,Yes,DSL,Yes,Yes,No,Yes,Yes,No,Yes,Yes,7,6203
1090-PYKCI,Yes,Yes,Fiber optic,Yes,Yes,Yes,Yes,Yes,No,Yes,Yes,8,6204
3058-WQDRE,No,No phone service,DSL,No,No,No,No,No,No,No,No,1,6205
7547-EKNFS,Yes,Yes,Fiber optic,No,Yes,Yes,No,Yes,No,Yes,No,6,6206
2279-AXJJK,Yes,Yes,Fiber optic,No,Yes,No,Yes,No,Yes,Yes,Yes,6,6207
6769-DYBQN,Yes,No,Fiber optic,Yes,No,No,No,No,Yes,Yes,Yes,4,6208
0909-SELIE,Yes,Yes,DSL,Yes,Yes,Yes,Yes,No,Yes,Yes,Yes,8,6209
3417-TSCIC,No,No phone service,DSL,No,No,No,No,No,No,No,No,1,6210
1042-HFUCW,Yes,No,DSL,No,Yes,No,Yes,No,No,No,Yes,4,6211
4439-JMPMT,Yes,No,Fiber optic,No,No,No,Yes,Yes,No,Yes,Yes,4,6212
6537-OTKMY,No,No phone service,DSL,No,No,Yes,No,Yes,Yes,Yes,No,4,6213
8999-EXMNO,Yes,No,No,No internet service,No internet service,No internet service,No internet service,No internet service,No internet service,No,No,1,6214
6725-TPKJO,Yes,No,No,No internet service,No internet service,No internet service,No internet service,No internet service,No internet service,No,No,1,6215
2446-BEGGB,Yes,Yes,Fiber optic,No,Yes,No,No,Yes,Yes,Yes,No,6,6216
7162-WPHPM,Yes,Yes,DSL,Yes,Yes,Yes,Yes,No,No,No,Yes,7,6217
1599-MMYRQ,Yes,No,Fiber optic,Yes,Yes,No,No,No,No,No,Yes,4,6218
8821-KVZKQ,No,No phone service,DSL,No,Yes,Yes,Yes,Yes,Yes,Yes,Yes,6,6219
1496-GGSUK,No,No phone service,DSL,No,No,No,No,No,No,No,No,1,6220
6434-TTGJP,No,No phone service,DSL,Yes,Yes,Yes,Yes,No,Yes,Yes,Yes,6,6221
0042-JVWOJ,Yes,No,No,No internet service,No internet service,No internet service,No internet service,No internet service,No internet service,No,No,1,6222
0130-SXOUN,Yes,Yes,Fiber optic,No,Yes,No,No,No,Yes,Yes,No,5,6223
2575-GFSOE,Yes,No,Fiber optic,No,No,No,No,No,No,No,No,2,6224
2330-PQGDQ,Yes,Yes,Fiber optic,No,Yes,No,Yes,No,No,No,Yes,5,6225
1452-UZOSF,Yes,Yes,Fiber optic,Yes,Yes,Yes,Yes,Yes,No,Yes,Yes,8,6226
2097-YVPKN,Yes,Yes,No,No internet service,No internet service,No internet service,No internet service,No internet service,No internet service,No,No,2,6227
2842-JTCCU,Yes,No,DSL,No,No,No,No,No,No,No,No,2,6228
8597-CTXVJ,Yes,Yes,DSL,Yes,Yes,No,Yes,No,No,No,Yes,6,6229
6631-HMANX,Yes,Yes,DSL,No,Yes,Yes,Yes,Yes,Yes,Yes,Yes,8,6230
9962-BFPDU,Yes,No,No,No internet service,No internet service,No internet service,No internet service,No internet service,No internet service,No,No,1,6231
3296-SILRA,Yes,No,Fiber optic,No,Yes,No,No,No,No,No,No,3,6232
9681-OXGVC,Yes,Yes,Fiber optic,No,No,Yes,No,Yes,Yes,Yes,No,6,6233
6394-HHHZM,Yes,No,No,No internet service,No internet service,No internet service,No internet service,No internet service,No internet service,No,No,1,6234
5995-LFTLE,Yes,Yes,No,No internet service,No internet service,No internet service,No internet service,No internet service,No internet service,No,No,2,6235
5180-UCIIQ,No,No phone service,DSL,Yes,No,No,No,No,Yes,Yes,Yes,3,6236
1932-UEDCX,Yes,Yes,Fiber optic,No,Yes,No,No,Yes,Yes,Yes,No,6,6237
7153-OANIO,Yes,No,Fiber optic,No,No,No,No,No,No,No,No,2,6238
5188-HGMLP,Yes,Yes,Fiber optic,No,No,No,No,No,No,No,No,3,6239
0665-XHDJU,Yes,Yes,Fiber optic,No,Yes,No,No,Yes,Yes,Yes,No,6,6240
6521-YYTYI,Yes,Yes,Fiber optic,No,No,No,No,Yes,Yes,Yes,No,5,6241
8878-HMWBV,Yes,No,DSL,No,No,Yes,No,No,No,No,No,3,6242
8265-HKSOW,Yes,Yes,Fiber optic,Yes,Yes,Yes,Yes,No,Yes,Yes,Yes,8,6243
3544-FBCAS,Yes,Yes,DSL,Yes,Yes,Yes,No,Yes,Yes,Yes,Yes,8,6244
5331-RGMTT,Yes,Yes,Fiber optic,No,No,Yes,No,Yes,Yes,Yes,No,6,6245
4759-PXTAN,Yes,Yes,DSL,No,Yes,No,Yes,Yes,Yes,Yes,Yes,7,6246
7054-DMVAS,Yes,No,DSL,Yes,Yes,No,No,Yes,No,Yes,Yes,5,6247
3428-MMGUB,Yes,Yes,Fiber optic,No,No,Yes,No,Yes,No,Yes,No,5,6248
6549-BTYPG,No,No phone service,DSL,No,Yes,Yes,Yes,Yes,Yes,Yes,Yes,6,6249
7823-JSOAG,Yes,Yes,Fiber optic,No,No,No,No,No,No,No,No,3,6250
3705-RHRFR,Yes,Yes,Fiber optic,Yes,No,No,No,Yes,Yes,Yes,Yes,6,6251
9374-YOLBJ,Yes,No,No,No internet service,No internet service,No internet service,No internet service,No internet service,No internet service,No,No,1,6252
9074-KGVOX,No,No phone service,DSL,Yes,No,No,No,Yes,No,Yes,Yes,3,6253
6128-DAFVY,No,No phone service,DSL,No,No,No,No,Yes,Yes,Yes,No,3,6254
9933-QRGTX,Yes,No,Fiber optic,Yes,No,No,Yes,Yes,Yes,Yes,Yes,6,6255
4476-OSWTN,Yes,Yes,Fiber optic,Yes,No,Yes,Yes,Yes,Yes,Yes,Yes,8,6256
3751-KTZEL,No,No phone service,DSL,No,No,No,No,No,Yes,Yes,No,2,6257
1977-STDKI,Yes,No,Fiber optic,No,Yes,No,No,No,No,No,No,3,6258
5066-GFJMM,Yes,No,No,No internet service,No internet service,No internet service,No internet service,No internet service,No internet service,No,No,1,6259
2661-GKBTK,Yes,No,DSL,No,Yes,No,Yes,Yes,Yes,Yes,Yes,6,6260
0458-HEUZG,No,No phone service,DSL,No,No,Yes,Yes,No,No,No,Yes,3,6261
7268-WNTCP,Yes,No,No,No internet service,No internet service,No internet service,No internet service,No internet service,No internet service,No,No,1,6262
0824-VWDPO,Yes,Yes,Fiber optic,Yes,Yes,No,No,No,Yes,Yes,Yes,6,6263
8409-WQJUX,No,No phone service,DSL,No,No,Yes,Yes,Yes,Yes,Yes,Yes,5,6264
2578-JQPHZ,Yes,No,Fiber optic,No,No,Yes,Yes,Yes,Yes,Yes,Yes,6,6265
3278-FSIXX,Yes,No,DSL,No,No,No,No,No,No,No,No,2,6266
5813-UECBU,Yes,Yes,Fiber optic,No,Yes,Yes,No,No,No,No,No,5,6267
0328-GRPMV,Yes,No,Fiber optic,No,No,No,No,No,No,No,No,2,6268
9746-UGFAC,Yes,No,No,No internet service,No internet service,No internet service,No internet service,No internet service,No internet service,No,No,1,6269
2946-KIQSP,No,No phone service,DSL,No,No,Yes,Yes,No,No,No,Yes,3,6270
0625-AFOHS,Yes,No,No,No internet service,No internet service,No internet service,No internet service,No internet service,No internet service,No,No,1,6271
6726-WEXXK,Yes,Yes,Fiber optic,Yes,No,Yes,No,No,No,No,Yes,5,6272
4636-OLWOE,Yes,No,DSL,No,Yes,Yes,Yes,No,No,No,Yes,5,6273
4342-HENTK,Yes,No,Fiber optic,No,No,No,No,No,No,No,No,2,6274
4685-ERGHK,Yes,Yes,Fiber optic,No,No,No,No,Yes,No,Yes,No,4,6275
0885-HMGPY,Yes,Yes,DSL,Yes,Yes,Yes,Yes,No,No,No,Yes,7,6276
5003-OKNNK,Yes,No,No,No internet service,No internet service,No internet service,No internet service,No internet service,No internet service,No,No,1,6277
4195-SMMNX,Yes,No,No,No internet service,No internet service,No internet service,No internet service,No internet service,No internet service,No,No,1,6278
7208-PSIHR,Yes,Yes,Fiber optic,No,No,Yes,Yes,Yes,Yes,Yes,Yes,7,6279
4012-ZTHBR,Yes,No,DSL,No,No,No,No,No,No,No,No,2,6280
0489-WMEMG,Yes,No,DSL,No,No,No,Yes,No,No,No,Yes,3,6281
7435-ZNUYY,Yes,No,No,No internet service,No internet service,No internet service,No internet service,No internet service,No internet service,No,No,1,6282
1354-YZFNB,Yes,No,No,No internet service,No internet service,No internet service,No internet service,No internet service,No internet service,No,No,1,6283
6956-SMUCM,Yes,No,Fiber optic,Yes,No,Yes,No,Yes,Yes,Yes,Yes,6,6284
2985-FMWYF,Yes,Yes,Fiber optic,No,No,No,No,Yes,Yes,Yes,No,5,6285
2812-ENYMO,No,No phone service,DSL,Yes,No,No,Yes,Yes,Yes,Yes,Yes,5,6286
2717-HVIZY,Yes,No,No,No internet service,No internet service,No internet service,No internet service,No internet service,No internet service,No,No,1,6287
3223-WZWJM,Yes,Yes,Fiber optic,No,No,No,No,No,Yes,Yes,No,4,6288
3422-GALYP,Yes,Yes,Fiber optic,No,Yes,No,No,No,No,No,No,4,6289
9053-JZFKV,Yes,Yes,Fiber optic,Yes,Yes,Yes,Yes,Yes,Yes,Yes,Yes,9,6290
2530-ENDWQ,Yes,Yes,Fiber optic,No,No,No,No,Yes,Yes,Yes,No,5,6291
2890-WFBHU,Yes,Yes,DSL,Yes,Yes,Yes,Yes,No,Yes,Yes,Yes,8,6292
0327-WFZSY,Yes,Yes,Fiber optic,No,No,Yes,No,Yes,Yes,Yes,No,6,6293
7977-HXJKU,Yes,No,No,No internet service,No internet service,No internet service,No internet service,No internet service,No internet service,No,No,1,6294
6615-ZGEDR,Yes,No,No,No internet service,No internet service,No internet service,No internet service,No internet service,No internet service,No,No,1,6295
7033-CLAMM,Yes,No,No,No internet service,No internet service,No internet service,No internet service,No internet service,No internet service,No,No,1,6296
4023-RTIQM,No,No phone service,DSL,Yes,Yes,Yes,No,No,Yes,Yes,Yes,5,6297
0864-FVJNJ,Yes,Yes,Fiber optic,Yes,Yes,Yes,Yes,Yes,Yes,Yes,Yes,9,6298
7356-IWLFW,Yes,Yes,Fiber optic,No,Yes,No,No,No,No,No,No,4,6299
9541-PWTWO,Yes,Yes,DSL,No,No,Yes,Yes,Yes,Yes,Yes,Yes,7,6300
3967-VQOGC,Yes,Yes,No,No internet service,No internet service,No internet service,No internet service,No internet service,No internet service,No,No,2,6301
7872-RDDLZ,Yes,Yes,DSL,No,Yes,No,No,No,No,No,No,4,6302
9250-WYPLL,Yes,Yes,Fiber optic,No,No,No,No,No,No,No,No,3,6303
6308-CQRBU,Yes,Yes,Fiber optic,No,Yes,Yes,Yes,Yes,Yes,Yes,Yes,8,6304
2754-XBHTB,Yes,No,Fiber optic,No,No,No,No,Yes,No,Yes,No,3,6305
1597-LHYNC,Yes,Yes,Fiber optic,Yes,Yes,No,No,No,Yes,Yes,Yes,6,6306
0186-CAERR,Yes,Yes,Fiber optic,Yes,Yes,Yes,Yes,Yes,Yes,Yes,Yes,9,6307
3043-SUDUA,Yes,No,No,No internet service,No internet service,No internet service,No internet service,No internet service,No internet service,No,No,1,6308
5442-BHQNG,Yes,No,Fiber optic,No,No,No,No,No,No,No,No,2,6309
2169-RRLFW,Yes,Yes,No,No internet service,No internet service,No internet service,No internet service,No internet service,No internet service,No,No,2,6310
5872-OEQNH,No,No phone service,DSL,Yes,No,Yes,No,No,Yes,Yes,Yes,4,6311
3162-KKZXO,Yes,Yes,Fiber optic,No,No,Yes,No,Yes,Yes,Yes,No,6,6312
7055-VKGDA,Yes,No,Fiber optic,Yes,Yes,No,Yes,Yes,Yes,Yes,Yes,7,6313
0754-UKWQP,Yes,No,Fiber optic,No,No,Yes,No,Yes,Yes,Yes,No,5,6314
8873-GLDMH,Yes,Yes,Fiber optic,No,No,No,No,No,No,No,No,3,6315
5696-JVVQY,Yes,No,DSL,Yes,Yes,Yes,No,No,Yes,Yes,Yes,6,6316
8946-BFWSG,Yes,Yes,No,No internet service,No internet service,No internet service,No internet service,No internet service,No internet service,No,No,2,6317
7493-TPUWZ,Yes,Yes,Fiber optic,No,Yes,No,No,No,No,No,No,4,6318
0547-HURJB,Yes,No,No,No internet service,No internet service,No internet service,No internet service,No internet service,No internet service,No,No,1,6319
8904-OPDCK,No,No phone service,DSL,No,No,No,No,No,No,No,No,1,6320
8845-LWKGE,Yes,No,DSL,No,No,Yes,Yes,Yes,No,Yes,Yes,5,6321
1577-HKTFG,Yes,No,No,No internet service,No internet service,No internet service,No internet service,No internet service,No internet service,No,No,1,6322
8752-STIVR,Yes,No,Fiber optic,No,No,No,No,Yes,No,Yes,No,3,6323
0691-NIKRI,Yes,Yes,Fiber optic,No,No,Yes,Yes,Yes,Yes,Yes,Yes,7,6324
5022-JNQEQ,Yes,No,Fiber optic,No,No,No,Yes,No,No,No,Yes,3,6325
4558-FANTW,Yes,No,Fiber optic,Yes,No,No,Yes,Yes,No,Yes,Yes,5,6326
3249-VHRIP,No,No phone service,DSL,No,Yes,Yes,No,No,Yes,Yes,No,4,6327
3736-BLEPA,Yes,No,Fiber optic,No,Yes,No,Yes,Yes,No,Yes,Yes,5,6328
4701-LKOZD,Yes,Yes,DSL,Yes,Yes,Yes,Yes,Yes,Yes,Yes,Yes,9,6329
6603-QWSPR,Yes,No,Fiber optic,No,Yes,Yes,Yes,Yes,Yes,Yes,Yes,7,6330
9921-QFQUL,Yes,Yes,Fiber optic,No,No,Yes,No,No,Yes,Yes,No,5,6331
1929-ZCBHE,No,No phone service,DSL,Yes,No,Yes,Yes,No,No,No,Yes,4,6332
4378-MYPGO,Yes,No,Fiber optic,Yes,Yes,Yes,No,Yes,Yes,Yes,Yes,7,6333
8651-ENBZX,Yes,Yes,Fiber optic,No,No,Yes,Yes,Yes,Yes,Yes,Yes,7,6334
4129-LYCOI,Yes,Yes,Fiber optic,No,Yes,No,Yes,Yes,Yes,Yes,Yes,7,6335
7798-JVXYM,Yes,No,DSL,No,No,No,Yes,Yes,Yes,Yes,Yes,5,6336
8647-SDTWQ,Yes,Yes,Fiber optic,No,No,No,No,No,No,No,No,3,6337
2696-ECXKC,Yes,Yes,Fiber optic,Yes,No,No,No,Yes,Yes,Yes,Yes,6,6338
2081-KJSQF,Yes,No,No,No internet service,No internet service,No internet service,No internet service,No internet service,No internet service,No,No,1,6339
7623-TRNQN,Yes,No,DSL,No,No,No,Yes,No,No,No,Yes,3,6340
3323-CPBWR,Yes,Yes,Fiber optic,No,No,Yes,Yes,Yes,No,Yes,Yes,6,6341
9330-IJWIO,Yes,Yes,Fiber optic,Yes,No,No,No,Yes,Yes,Yes,Yes,6,6342
3384-CTMSF,Yes,Yes,Fiber optic,No,Yes,Yes,No,Yes,Yes,Yes,No,7,6343
0902-RFHOF,Yes,No,No,No internet service,No internet service,No internet service,No internet service,No internet service,No internet service,No,No,1,6344
9286-DOJGF,Yes,Yes,Fiber optic,No,No,No,No,No,No,No,No,3,6345
6048-QBXKL,Yes,Yes,DSL,No,Yes,No,No,No,No,No,No,4,6346
9661-MHUMO,Yes,No,DSL,No,No,No,Yes,No,No,No,Yes,3,6347
7718-RXDGG,Yes,No,Fiber optic,No,No,No,No,No,No,No,No,2,6348
1025-FALIX,Yes,No,Fiber optic,No,No,No,No,No,No,No,No,2,6349
3451-VAWLI,Yes,No,No,No internet service,No internet service,No internet service,No internet service,No internet service,No internet service,No,No,1,6350
3407-QGWLG,Yes,No,No,No internet service,No internet service,No internet service,No internet service,No internet service,No internet service,No,No,1,6351
1842-EZJMK,Yes,Yes,Fiber optic,No,Yes,No,Yes,Yes,Yes,Yes,Yes,7,6352
2347-WKKAE,Yes,Yes,Fiber optic,Yes,No,Yes,No,No,Yes,Yes,Yes,6,6353
8735-DCXNF,Yes,No,DSL,Yes,No,No,Yes,No,No,No,Yes,4,6354
3214-IYUUQ,Yes,No,Fiber optic,Yes,Yes,No,Yes,No,Yes,Yes,Yes,6,6355
1936-UAFEH,Yes,Yes,Fiber optic,Yes,Yes,No,Yes,Yes,Yes,Yes,Yes,8,6356
3587-PMCOY,Yes,No,Fiber optic,Yes,No,Yes,No,Yes,Yes,Yes,Yes,6,6357
8079-XRJRS,Yes,Yes,Fiber optic,Yes,Yes,Yes,No,No,No,No,Yes,6,6358
1027-LKKQQ,Yes,No,DSL,Yes,No,Yes,Yes,Yes,Yes,Yes,Yes,7,6359
7148-XZPHA,Yes,No,Fiber optic,No,Yes,No,Yes,No,No,No,Yes,4,6360
8073-IJDCM,Yes,No,No,No internet service,No internet service,No internet service,No internet service,No internet service,No internet service,No,No,1,6361
5309-TAIKL,Yes,No,DSL,No,No,Yes,Yes,No,Yes,Yes,Yes,5,6362
6856-RAURS,Yes,Yes,Fiber optic,No,No,No,No,No,No,No,No,3,6363
8778-LMWTJ,Yes,No,Fiber optic,Yes,No,No,No,No,No,No,Yes,3,6364
9717-IOAAF,Yes,Yes,No,No internet service,No internet service,No internet service,No internet service,No internet service,No internet service,No,No,2,6365
8884-ADFVN,Yes,Yes,Fiber optic,No,No,Yes,No,Yes,Yes,Yes,No,6,6366
2845-KDHVX,Yes,No,DSL,No,Yes,Yes,Yes,No,Yes,Yes,Yes,6,6367
0848-SOMKO,No,No phone service,DSL,Yes,No,Yes,Yes,No,Yes,Yes,Yes,5,6368
2720-WGKHP,Yes,Yes,Fiber optic,No,No,No,No,Yes,Yes,Yes,No,5,6369
6734-FQAJX,Yes,No,Fiber optic,Yes,Yes,No,Yes,Yes,Yes,Yes,Yes,7,6370
2869-ADAWR,Yes,Yes,Fiber optic,No,Yes,No,No,Yes,No,Yes,No,5,6371
1535-VTJOQ,Yes,Yes,No,No internet service,No internet service,No internet service,No internet service,No internet service,No internet service,No,No,2,6372
6368-TZZDT,Yes,No,No,No internet service,No internet service,No internet service,No internet service,No internet service,No internet service,No,No,1,6373
0943-ZQPXH,Yes,No,Fiber optic,No,No,Yes,No,Yes,Yes,Yes,No,5,6374
1293-BSEUN,Yes,No,No,No internet service,No internet service,No internet service,No internet service,No internet service,No internet service,No,No,1,6375
9894-EZEWG,Yes,No,Fiber optic,No,Yes,No,No,No,No,No,No,3,6376
1302-TPUBN,Yes,No,No,No internet service,No internet service,No internet service,No internet service,No internet service,No internet service,No,No,1,6377
7851-FLGGQ,No,No phone service,DSL,No,Yes,No,Yes,No,Yes,Yes,Yes,4,6378
0637-UBJRP,Yes,No,Fiber optic,Yes,No,No,No,No,Yes,Yes,Yes,4,6379
0940-OUQEC,Yes,Yes,Fiber optic,No,Yes,No,No,No,No,No,No,4,6380
2378-VTKDH,Yes,Yes,Fiber optic,No,Yes,Yes,No,Yes,Yes,Yes,No,7,6381
0927-CNGRH,Yes,No,No,No internet service,No internet service,No internet service,No internet service,No internet service,No internet service,No,No,1,6382
8608-OZTLB,Yes,No,DSL,Yes,Yes,Yes,Yes,Yes,No,Yes,Yes,7,6383
2335-GSODA,No,No phone service,DSL,Yes,No,Yes,Yes,No,No,No,Yes,4,6384
1952-DVVSW,Yes,No,No,No internet service,No internet service,No internet service,No internet service,No internet service,No internet service,No,No,1,6385
0702-PGIBZ,Yes,Yes,Fiber optic,No,Yes,No,No,Yes,Yes,Yes,No,6,6386
6656-GULJQ,Yes,Yes,DSL,Yes,No,Yes,Yes,Yes,Yes,Yes,Yes,8,6387
9853-JFZDU,Yes,No,DSL,No,Yes,No,Yes,No,No,No,Yes,4,6388
1963-VAUKV,Yes,No,No,No internet service,No internet service,No internet service,No internet service,No internet service,No internet service,No,No,1,6389
3777-XROBG,Yes,No,No,No internet service,No internet service,No internet service,No internet service,No internet service,No internet service,No,No,1,6390
6994-FGRHH,Yes,No,Fiber optic,No,Yes,Yes,Yes,Yes,Yes,Yes,Yes,7,6391
4000-VGMQP,Yes,Yes,DSL,No,Yes,Yes,No,Yes,Yes,Yes,No,7,6392
3999-WRNGR,No,No phone service,DSL,No,Yes,No,No,Yes,Yes,Yes,No,4,6393
3466-RITXD,Yes,Yes,Fiber optic,Yes,Yes,No,No,Yes,No,Yes,Yes,6,6394
2680-XKKNJ,Yes,No,DSL,Yes,Yes,No,Yes,No,No,No,Yes,5,6395
3058-HJCUY,Yes,Yes,Fiber optic,No,No,Yes,Yes,Yes,Yes,Yes,Yes,7,6396
2974-GGUXS,Yes,Yes,Fiber optic,No,Yes,No,No,Yes,No,Yes,No,5,6397
7994-XIRTR,Yes,No,DSL,No,No,Yes,Yes,No,Yes,Yes,Yes,5,6398
3259-FDWOY,Yes,Yes,Fiber optic,No,Yes,Yes,No,Yes,Yes,Yes,No,7,6399
2101-RANCD,Yes,Yes,Fiber optic,No,No,No,No,No,No,No,No,3,6400
7921-BEPCI,Yes,Yes,DSL,Yes,Yes,No,No,No,No,No,Yes,5,6401
0807-ZABDG,Yes,No,DSL,Yes,No,No,Yes,No,No,No,Yes,4,6402
8510-TMWYB,Yes,Yes,DSL,No,Yes,Yes,No,No,No,No,No,5,6403
3258-ZKPAI,Yes,Yes,Fiber optic,Yes,Yes,Yes,Yes,Yes,Yes,Yes,Yes,9,6404
1428-IEDPR,Yes,Yes,Fiber optic,Yes,No,Yes,Yes,Yes,Yes,Yes,Yes,8,6405
5298-GSTLM,Yes,Yes,Fiber optic,Yes,No,No,No,Yes,Yes,Yes,Yes,6,6406
4450-YOOHP,No,No phone service,DSL,No,No,Yes,No,Yes,Yes,Yes,No,4,6407
6728-CZFEI,Yes,No,DSL,No,No,No,No,Yes,No,Yes,No,3,6408
5748-RNCJT,Yes,Yes,Fiber optic,No,No,Yes,Yes,Yes,Yes,Yes,Yes,7,6409
3653-NCRDJ,Yes,No,No,No internet service,No internet service,No internet service,No internet service,No internet service,No internet service,No,No,1,6410
6121-TNHBO,Yes,Yes,DSL,Yes,Yes,Yes,Yes,Yes,No,Yes,Yes,8,6411
5119-NZPTV,Yes,No,Fiber optic,No,No,No,No,No,No,No,No,2,6412
6519-ZHPXP,Yes,No,Fiber optic,Yes,Yes,Yes,Yes,Yes,Yes,Yes,Yes,8,6413
7739-LAXOG,Yes,Yes,Fiber optic,No,No,Yes,No,No,Yes,Yes,No,5,6414
3472-QPRCH,Yes,Yes,No,No internet service,No internet service,No internet service,No internet service,No internet service,No internet service,No,No,2,6415
8224-UAXBZ,No,No phone service,DSL,Yes,Yes,No,No,Yes,No,Yes,Yes,4,6416
9610-WCESF,No,No phone service,DSL,Yes,No,No,Yes,Yes,No,Yes,Yes,4,6417
9776-CLUJA,Yes,Yes,Fiber optic,Yes,No,No,No,No,No,No,Yes,4,6418
2486-WYVVE,Yes,Yes,DSL,No,No,Yes,Yes,Yes,Yes,Yes,Yes,7,6419
3865-ZYKAD,Yes,Yes,Fiber optic,Yes,Yes,No,No,No,No,No,Yes,5,6420
1422-DGUBX,Yes,Yes,Fiber optic,No,No,No,Yes,No,No,No,Yes,4,6421
2999-AANRQ,Yes,No,DSL,Yes,Yes,No,Yes,Yes,No,Yes,Yes,6,6422
8668-KNZTI,Yes,No,DSL,Yes,No,Yes,No,No,No,No,Yes,4,6423
0480-KYJVA,Yes,Yes,No,No internet service,No internet service,No internet service,No internet service,No internet service,No internet service,No,No,2,6424
6034-ZRYCV,No,No phone service,DSL,No,Yes,Yes,No,Yes,Yes,Yes,No,5,6425
9746-YKGXB,No,No phone service,DSL,Yes,No,Yes,No,No,Yes,Yes,Yes,4,6426
3926-YZVVX,Yes,No,DSL,No,No,No,Yes,No,No,No,Yes,3,6427
6000-UKLWI,Yes,No,No,No internet service,No internet service,No internet service,No internet service,No internet service,No internet service,No,No,1,6428
2079-FBMZK,Yes,No,Fiber optic,No,No,No,No,No,No,No,No,2,6429
6332-FBZRI,Yes,Yes,DSL,Yes,Yes,Yes,Yes,No,No,No,Yes,7,6430
2096-XOTMO,Yes,No,No,No internet service,No internet service,No internet service,No internet service,No internet service,No internet service,No,No,1,6431
3266-FTKHB,Yes,No,No,No internet service,No internet service,No internet service,No internet service,No internet service,No internet service,No,No,1,6432
8221-EQDGL,Yes,No,DSL,Yes,Yes,Yes,No,No,No,No,Yes,5,6433
2346-LOCWC,Yes,No,No,No internet service,No internet service,No internet service,No internet service,No internet service,No internet service,No,No,1,6434
6608-QQLVK,Yes,No,DSL,No,No,Yes,No,No,No,No,No,3,6435
0298-XACET,No,No phone service,DSL,No,Yes,Yes,Yes,Yes,No,Yes,Yes,5,6436
7560-QJAVJ,Yes,No,DSL,Yes,No,Yes,Yes,Yes,Yes,Yes,Yes,7,6437
2995-YWTCD,Yes,Yes,No,No internet service,No internet service,No internet service,No internet service,No internet service,No internet service,No,No,2,6438
3551-HUAZH,Yes,Yes,Fiber optic,No,No,No,No,No,No,No,No,3,6439
9137-UIYPG,Yes,No,Fiber optic,Yes,No,Yes,Yes,Yes,Yes,Yes,Yes,7,6440
2809-ZMYOQ,Yes,Yes,Fiber optic,No,No,Yes,No,Yes,Yes,Yes,No,6,6441
5084-OOVCJ,Yes,No,DSL,Yes,No,No,Yes,No,No,No,Yes,4,6442
0254-WWRKD,Yes,No,DSL,No,Yes,No,No,No,No,No,No,3,6443
7727-SHVZV,Yes,No,No,No internet service,No internet service,No internet service,No internet service,No internet service,No internet service,No,No,1,6444
6302-JGYRJ,Yes,Yes,DSL,No,Yes,No,Yes,Yes,Yes,Yes,Yes,7,6445
5339-PXDVH,Yes,Yes,Fiber optic,Yes,No,No,No,Yes,No,Yes,Yes,5,6446
2205-LPVGL,Yes,Yes,Fiber optic,Yes,Yes,No,Yes,No,No,No,Yes,6,6447
8782-NUUOL,Yes,No,DSL,Yes,No,Yes,Yes,Yes,Yes,Yes,Yes,7,6448
3685-YLCMQ,Yes,Yes,Fiber optic,No,No,Yes,Yes,Yes,Yes,Yes,Yes,7,6449
7601-WFVZV,Yes,No,No,No internet service,No internet service,No internet service,No internet service,No internet service,No internet service,No,No,1,6450
4609-KNNWG,Yes,No,No,No internet service,No internet service,No internet service,No internet service,No internet service,No internet service,No,No,1,6451
4868-AADLV,Yes,Yes,Fiber optic,Yes,Yes,Yes,Yes,Yes,Yes,Yes,Yes,9,6452
9529-OFXHY,Yes,Yes,Fiber optic,Yes,No,No,No,Yes,No,Yes,Yes,5,6453
8634-MPHTR,Yes,Yes,Fiber optic,No,No,Yes,No,Yes,Yes,Yes,No,6,6454
2669-QVCRG,Yes,Yes,Fiber optic,Yes,No,No,No,No,No,No,Yes,4,6455
2478-EEWWM,No,No phone service,DSL,No,No,No,No,Yes,Yes,Yes,No,3,6456
9174-IHETN,Yes,No,Fiber optic,No,No,No,No,No,No,No,No,2,6457
2233-TXSIU,No,No phone service,DSL,Yes,No,Yes,No,Yes,No,Yes,Yes,4,6458
9644-UMGQA,Yes,No,DSL,Yes,No,No,No,No,No,No,Yes,3,6459
3256-EZDBI,No,No phone service,DSL,No,Yes,No,No,No,No,No,No,2,6460
8761-NSOBC,Yes,No,Fiber optic,No,Yes,No,Yes,Yes,Yes,Yes,Yes,6,6461
0419-YAAPX,Yes,No,Fiber optic,No,Yes,No,No,Yes,No,Yes,No,4,6462
8413-VONUO,Yes,No,Fiber optic,No,Yes,No,No,Yes,Yes,Yes,No,5,6463
0872-CASZJ,Yes,Yes,DSL,Yes,No,No,Yes,No,Yes,Yes,Yes,6,6464
4726-DLWQN,Yes,Yes,DSL,Yes,Yes,No,No,Yes,No,Yes,Yes,6,6465
8164-OCKUJ,Yes,No,No,No internet service,No internet service,No internet service,No internet service,No internet service,No internet service,No,No,1,6466
3094-JOJAI,Yes,Yes,Fiber optic,No,No,No,No,No,No,No,No,3,6467
9494-MRNYX,Yes,Yes,Fiber optic,No,No,No,No,No,No,No,No,3,6468
2599-CZABP,Yes,No,DSL,No,No,No,No,No,No,No,No,2,6469
7945-PRBVF,Yes,No,No,No internet service,No internet service,No internet service,No internet service,No internet service,No internet service,No,No,1,6470
4544-RXFMG,Yes,No,DSL,No,No,No,No,No,No,No,No,2,6471
0859-YGKFW,Yes,No,No,No internet service,No internet service,No internet service,No internet service,No internet service,No internet service,No,No,1,6472
1150-FTQGN,Yes,Yes,Fiber optic,Yes,Yes,No,No,Yes,No,Yes,Yes,6,6473
9223-UCPVT,Yes,No,Fiber optic,No,No,Yes,No,Yes,Yes,Yes,No,5,6474
7196-LIWRH,Yes,No,No,No internet service,No internet service,No internet service,No internet service,No internet service,No internet service,No,No,1,6475
5448-VWNAM,Yes,Yes,DSL,Yes,Yes,No,Yes,Yes,No,Yes,Yes,7,6476
1177-XZBJL,Yes,Yes,DSL,Yes,Yes,No,Yes,No,No,No,Yes,6,6477
3518-FSTWG,Yes,Yes,Fiber optic,Yes,Yes,Yes,No,Yes,Yes,Yes,Yes,8,6478
9330-VOFSZ,Yes,Yes,Fiber optic,No,Yes,Yes,Yes,Yes,Yes,Yes,Yes,8,6479
4351-QLCSU,Yes,No,DSL,No,No,No,No,Yes,No,Yes,No,3,6480
0939-EREMR,Yes,No,DSL,No,No,Yes,Yes,No,No,No,Yes,4,6481
9389-ACWBI,Yes,No,Fiber optic,No,No,No,No,No,No,No,No,2,6482
5419-JPRRN,Yes,Yes,Fiber optic,No,No,Yes,No,Yes,Yes,Yes,No,6,6483
3644-QXEHN,Yes,No,Fiber optic,No,No,Yes,No,Yes,Yes,Yes,No,5,6484
2911-IJORQ,Yes,Yes,DSL,Yes,Yes,Yes,Yes,Yes,Yes,Yes,Yes,9,6485
5921-NGYRH,Yes,No,Fiber optic,Yes,No,No,No,No,No,No,Yes,3,6486
2100-BDNSN,Yes,Yes,DSL,No,No,Yes,Yes,Yes,No,Yes,Yes,6,6487
5998-DZLYR,Yes,Yes,Fiber optic,No,Yes,No,Yes,No,Yes,Yes,Yes,6,6488
0488-GSLFR,Yes,No,Fiber optic,No,No,No,No,No,No,No,No,2,6489
9318-NKNFC,Yes,No,No,No internet service,No internet service,No internet service,No internet service,No internet service,No internet service,No,No,1,6490
3985-HOYPM,Yes,No,No,No internet service,No internet service,No internet service,No internet service,No internet service,No internet service,No,No,1,6491
9728-FTTVZ,Yes,No,Fiber optic,No,No,No,No,No,No,No,No,2,6492
9548-LERKT,Yes,No,No,No internet service,No internet service,No internet service,No internet service,No internet service,No internet service,No,No,1,6493
6576-FBXOJ,No,No phone service,DSL,No,No,Yes,Yes,Yes,Yes,Yes,Yes,5,6494
4310-KEDTB,No,No phone service,DSL,No,No,Yes,No,No,No,No,No,2,6495
7254-IQWOZ,Yes,No,Fiber optic,No,No,No,No,No,No,No,No,2,6496
2474-BRUCM,Yes,Yes,Fiber optic,Yes,No,No,No,Yes,Yes,Yes,Yes,6,6497
4062-HBMOS,Yes,Yes,Fiber optic,No,Yes,Yes,No,Yes,Yes,Yes,No,7,6498
0742-NXBGR,Yes,No,Fiber optic,No,Yes,Yes,No,No,No,No,No,4,6499
2676-ISHSF,Yes,No,No,No internet service,No internet service,No internet service,No internet service,No internet service,No internet service,No,No,1,6500
9236-NDUCW,No,No phone service,DSL,Yes,No,No,Yes,No,No,No,Yes,3,6501
4753-PADAS,Yes,Yes,Fiber optic,No,Yes,Yes,No,Yes,Yes,Yes,No,7,6502
6103-QCKFX,Yes,No,DSL,Yes,No,No,Yes,No,No,No,Yes,4,6503
7781-EWARA,No,No phone service,DSL,No,Yes,Yes,Yes,Yes,Yes,Yes,Yes,6,6504
6110-OHIHY,Yes,No,Fiber optic,No,No,No,No,Yes,No,Yes,No,3,6505
7018-FPXHH,Yes,No,DSL,Yes,Yes,Yes,No,No,No,No,Yes,5,6506
5889-LFOLL,Yes,Yes,Fiber optic,No,No,No,No,No,Yes,Yes,No,4,6507
5708-EVONK,Yes,Yes,Fiber optic,Yes,Yes,No,No,No,Yes,Yes,Yes,6,6508
8708-XPXHZ,Yes,Yes,Fiber optic,No,No,No,No,Yes,Yes,Yes,No,5,6509
0616-ATFGB,No,No phone service,DSL,No,No,No,No,No,No,No,No,1,6510
0572-ZJKLT,Yes,Yes,Fiber optic,Yes,No,Yes,Yes,No,Yes,Yes,Yes,7,6511
5135-RDDQL,Yes,No,DSL,Yes,No,No,No,No,No,No,Yes,3,6512
1353-LJWEM,Yes,No,DSL,No,Yes,Yes,Yes,No,No,No,Yes,5,6513
1794-SWWKL,Yes,Yes,DSL,No,No,Yes,Yes,No,No,No,Yes,5,6514
6166-YIPFO,No,No phone service,DSL,Yes,Yes,Yes,Yes,Yes,Yes,Yes,Yes,7,6515
7016-BPGEU,No,No phone service,DSL,No,No,No,No,No,No,No,No,1,6516
6876-ADESB,Yes,No,DSL,No,No,Yes,No,No,No,No,No,3,6517
9332-GYWLO,Yes,No,DSL,No,No,No,No,Yes,No,Yes,No,3,6518
1963-SVUCV,Yes,No,DSL,No,No,No,No,No,No,No,No,2,6519
4184-VODJZ,Yes,Yes,Fiber optic,No,Yes,No,No,No,Yes,Yes,No,5,6520
0220-EBGCE,Yes,No,Fiber optic,No,No,Yes,No,No,Yes,Yes,No,4,6521
1092-WPIVQ,Yes,Yes,No,No internet service,No internet service,No internet service,No internet service,No internet service,No internet service,No,No,2,6522
7233-IOQNP,No,No phone service,DSL,Yes,No,No,Yes,No,No,No,Yes,3,6523
2834-JKOOW,No,No phone service,DSL,Yes,Yes,Yes,Yes,No,No,No,Yes,5,6524
2754-VDLTR,Yes,Yes,Fiber optic,No,No,No,No,Yes,Yes,Yes,No,5,6525
2400-FEQME,Yes,No,No,No internet service,No internet service,No internet service,No internet service,No internet service,No internet service,No,No,1,6526
3190-XFANI,Yes,Yes,Fiber optic,No,No,No,Yes,Yes,Yes,Yes,Yes,6,6527
7551-DACSP,Yes,No,DSL,No,Yes,Yes,No,No,No,No,No,4,6528
4957-SREEC,Yes,No,No,No internet service,No internet service,No internet service,No internet service,No internet service,No internet service,No,No,1,6529
7235-NXZCP,Yes,Yes,Fiber optic,No,No,No,No,No,No,No,No,3,6530
0230-UBYPQ,No,No phone service,DSL,Yes,No,No,Yes,No,No,No,Yes,3,6531
4923-ADWXJ,Yes,No,DSL,No,Yes,No,Yes,No,Yes,Yes,Yes,5,6532
1763-KUAAW,Yes,No,No,No internet service,No internet service,No internet service,No internet service,No internet service,No internet service,No,No,1,6533
1104-TNLZA,Yes,Yes,Fiber optic,No,Yes,No,Yes,Yes,Yes,Yes,Yes,7,6534
5195-KPUNQ,Yes,No,Fiber optic,Yes,Yes,No,Yes,No,Yes,Yes,Yes,6,6535
0520-FDVVT,Yes,No,Fiber optic,No,Yes,Yes,No,Yes,Yes,Yes,No,6,6536
3439-GVUSX,No,No phone service,DSL,No,No,No,No,No,No,No,No,1,6537
1444-VVSGW,Yes,Yes,Fiber optic,Yes,Yes,Yes,Yes,Yes,Yes,Yes,Yes,9,6538
5712-PTIWW,Yes,No,Fiber optic,No,No,Yes,Yes,No,No,No,Yes,4,6539
5949-HGVJL,Yes,No,DSL,No,Yes,No,Yes,Yes,Yes,Yes,Yes,6,6540
5203-XEHAX,Yes,No,DSL,Yes,Yes,No,No,No,Yes,Yes,Yes,5,6541
1635-HDGFT,Yes,No,No,No internet service,No internet service,No internet service,No internet service,No internet service,No internet service,No,No,1,6542
3315-TOTBP,Yes,Yes,Fiber optic,No,No,No,No,No,No,No,No,3,6543
8050-XGRVL,Yes,No,DSL,Yes,No,Yes,No,No,No,No,Yes,4,6544
6661-HBGWL,Yes,Yes,Fiber optic,No,Yes,Yes,No,Yes,Yes,Yes,No,7,6545
1518-VOWAV,Yes,No,DSL,Yes,Yes,No,No,Yes,Yes,Yes,Yes,6,6546
9828-QHFBK,Yes,No,DSL,Yes,No,No,No,No,No,No,Yes,3,6547
3908-MKIMJ,No,No phone service,DSL,Yes,Yes,Yes,No,No,No,No,Yes,4,6548
5012-YSPJJ,Yes,No,DSL,No,No,Yes,Yes,No,No,No,Yes,4,6549
5909-ECHUI,Yes,No,DSL,No,No,No,No,No,Yes,Yes,No,3,6550
1309-BXVOQ,Yes,Yes,Fiber optic,No,No,Yes,Yes,Yes,Yes,Yes,Yes,7,6551
6728-VOIFY,Yes,No,Fiber optic,No,Yes,No,No,Yes,Yes,Yes,No,5,6552
9317-WZPGV,Yes,No,Fiber optic,No,No,No,No,No,Yes,Yes,No,3,6553
4891-NLUBA,No,No phone service,DSL,No,Yes,Yes,Yes,Yes,Yes,Yes,Yes,6,6554
2856-HYAPG,Yes,No,Fiber optic,No,No,No,No,No,No,No,No,2,6555
8969-PRHFK,Yes,No,No,No internet service,No internet service,No internet service,No internet service,No internet service,No internet service,No,No,1,6556
0661-KQHNK,Yes,No,No,No internet service,No internet service,No internet service,No internet service,No internet service,No internet service,No,No,1,6557
8709-KRDVL,Yes,Yes,Fiber optic,No,Yes,No,No,Yes,Yes,Yes,No,6,6558
4488-PSYCG,Yes,No,No,No internet service,No internet service,No internet service,No internet service,No internet service,No internet service,No,No,1,6559
1427-VERSM,Yes,No,Fiber optic,No,No,Yes,Yes,Yes,Yes,Yes,Yes,6,6560
9801-NOSHQ,Yes,No,No,No internet service,No internet service,No internet service,No internet service,No internet service,No internet service,No,No,1,6561
6339-YPSAH,Yes,No,Fiber optic,No,No,Yes,No,No,No,No,No,3,6562
3621-CEOVK,Yes,Yes,Fiber optic,No,Yes,No,No,Yes,Yes,Yes,No,6,6563
6906-ANDWJ,Yes,Yes,Fiber optic,No,No,No,No,No,No,No,No,3,6564
2159-TURXX,Yes,No,No,No internet service,No internet service,No internet service,No internet service,No internet service,No internet service,No,No,1,6565
1548-FEHVL,Yes,Yes,Fiber optic,Yes,Yes,No,No,Yes,Yes,Yes,Yes,7,6566
3795-CAWEX,Yes,Yes,Fiber optic,Yes,Yes,Yes,Yes,Yes,Yes,Yes,Yes,9,6567
6215-NQCPY,Yes,Yes,Fiber optic,Yes,No,No,No,Yes,Yes,Yes,Yes,6,6568
5647-URDKA,Yes,No,No,No internet service,No internet service,No internet service,No internet service,No internet service,No internet service,No,No,1,6569
2229-DPMBI,Yes,No,No,No internet service,No internet service,No internet service,No internet service,No internet service,No internet service,No,No,1,6570
9626-WEQRM,No,No phone service,DSL,Yes,No,No,No,No,No,No,Yes,2,6571
2188-SXWVT,Yes,No,DSL,Yes,Yes,No,No,No,No,No,Yes,4,6572
6258-PVZWJ,Yes,Yes,DSL,Yes,Yes,Yes,Yes,Yes,Yes,Yes,Yes,9,6573
1094-BKOSX,No,No phone service,DSL,No,Yes,Yes,Yes,No,Yes,Yes,Yes,5,6574
6969-MVBAI,Yes,Yes,Fiber optic,No,No,Yes,No,Yes,No,Yes,No,5,6575
2978-XXSOG,Yes,Yes,DSL,Yes,No,No,Yes,No,No,No,Yes,5,6576
2342-CKIAO,Yes,No,No,No internet service,No internet service,No internet service,No internet service,No internet service,No internet service,No,No,1,6577
6953-PBDIN,Yes,Yes,DSL,No,Yes,Yes,Yes,Yes,No,Yes,Yes,7,6578
3898-BSJYF,Yes,Yes,DSL,Yes,No,Yes,Yes,No,Yes,Yes,Yes,7,6579
3938-YFPXD,Yes,Yes,DSL,Yes,No,Yes,Yes,Yes,Yes,Yes,Yes,8,6580
7696-AMHOD,Yes,No,DSL,No,Yes,Yes,No,Yes,Yes,Yes,No,6,6581
2453-SAFNS,Yes,Yes,DSL,No,Yes,No,Yes,Yes,No,Yes,Yes,6,6582
9558-IHEZX,Yes,Yes,Fiber optic,Yes,Yes,Yes,No,Yes,Yes,Yes,Yes,8,6583
9617-UDPEU,Yes,No,No,No internet service,No internet service,No internet service,No internet service,No internet service,No internet service,No,No,1,6584
6340-DACFT,Yes,No,No,No internet service,No internet service,No internet service,No internet service,No internet service,No internet service,No,No,1,6585
4955-VCWBI,Yes,No,No,No internet service,No internet service,No internet service,No internet service,No internet service,No internet service,No,No,1,6586
6813-GZQCG,Yes,Yes,No,No internet service,No internet service,No internet service,No internet service,No internet service,No internet service,No,No,2,6587
7426-GSWPO,Yes,Yes,Fiber optic,Yes,Yes,No,No,Yes,Yes,Yes,Yes,7,6588
3389-KTRXV,Yes,Yes,No,No internet service,No internet service,No internet service,No internet service,No internet service,No internet service,No,No,2,6589
3118-UHVVQ,Yes,Yes,No,No internet service,No internet service,No internet service,No internet service,No internet service,No internet service,No,No,2,6590
1031-IIDEO,Yes,No,Fiber optic,No,No,No,No,No,No,No,No,2,6591
5832-XKAES,Yes,No,Fiber optic,No,No,No,No,No,No,No,No,2,6592
3205-MXZRA,Yes,No,DSL,No,No,No,Yes,Yes,No,Yes,Yes,4,6593
4701-AHWMW,No,No phone service,DSL,No,No,Yes,Yes,Yes,Yes,Yes,Yes,5,6594
8317-BVKSO,Yes,No,No,No internet service,No internet service,No internet service,No internet service,No internet service,No internet service,No,No,1,6595
5702-KVQRD,Yes,No,DSL,Yes,No,Yes,Yes,Yes,Yes,Yes,Yes,7,6596
0083-PIVIK,Yes,Yes,DSL,Yes,Yes,Yes,Yes,Yes,No,Yes,Yes,8,6597
9210-IAHGH,Yes,No,DSL,No,No,No,Yes,Yes,Yes,Yes,Yes,5,6598
6169-PGNCD,Yes,No,DSL,Yes,Yes,Yes,Yes,Yes,No,Yes,Yes,7,6599
0023-XUOPT,Yes,Yes,Fiber optic,No,Yes,Yes,No,Yes,No,Yes,No,6,6600
4592-IWTJI,No,No phone service,DSL,Yes,No,No,No,No,No,No,Yes,2,6601
4909-JOUPP,Yes,Yes,Fiber optic,No,Yes,Yes,Yes,Yes,Yes,Yes,Yes,8,6602
4657-FWVFY,Yes,Yes,Fiber optic,No,Yes,Yes,No,Yes,No,Yes,No,6,6603
2257-BOVXD,Yes,Yes,DSL,No,No,No,Yes,Yes,No,Yes,Yes,5,6604
7729-JTEEC,Yes,No,DSL,No,No,No,No,No,No,No,No,2,6605
7632-MNYOY,Yes,Yes,Fiber optic,No,Yes,Yes,Yes,Yes,Yes,Yes,Yes,8,6606
6518-LGAOV,Yes,Yes,Fiber optic,No,No,Yes,Yes,Yes,Yes,Yes,Yes,7,6607
7242-QZLXF,No,No phone service,DSL,No,No,No,No,No,No,No,No,1,6608
4576-CSAJH,Yes,No,DSL,No,Yes,No,Yes,No,No,No,Yes,4,6609
1000-AJSLD,Yes,No,No,No internet service,No internet service,No internet service,No internet service,No internet service,No internet service,No,No,1,6610
9696-RMYBA,Yes,No,Fiber optic,No,No,No,No,Yes,No,Yes,No,3,6611
8690-UPCZI,Yes,Yes,DSL,Yes,No,No,Yes,Yes,No,Yes,Yes,6,6612
1062-LHZOD,Yes,No,Fiber optic,No,No,No,No,No,No,No,No,2,6613
9770-LXDBK,Yes,No,No,No internet service,No internet service,No internet service,No internet service,No internet service,No internet service,No,No,1,6614
4086-WITJG,Yes,No,No,No internet service,No internet service,No internet service,No internet service,No internet service,No internet service,No,No,1,6615
8344-WFMFH,Yes,No,DSL,No,Yes,No,No,No,No,No,No,3,6616
9600-NAXZN,Yes,Yes,Fiber optic,No,Yes,No,No,Yes,Yes,Yes,No,6,6617
8822-KNBHV,Yes,Yes,DSL,Yes,Yes,Yes,No,Yes,Yes,Yes,Yes,8,6618
8404-FYDIB,Yes,Yes,Fiber optic,Yes,Yes,No,No,No,No,No,Yes,5,6619
2791-SFVEW,Yes,No,No,No internet service,No internet service,No internet service,No internet service,No internet service,No internet service,No,No,1,6620
6457-USBER,Yes,No,Fiber optic,No,No,No,No,No,Yes,Yes,No,3,6621
6762-NSODU,Yes,No,No,No internet service,No internet service,No internet service,No internet service,No internet service,No internet service,No,No,1,6622
4662-EKDPQ,Yes,Yes,DSL,No,No,No,No,No,Yes,Yes,No,4,6623
9248-OJYKK,Yes,Yes,Fiber optic,No,No,No,No,No,No,No,No,3,6624
9888-ZCUMM,No,No phone service,DSL,Yes,No,Yes,Yes,Yes,Yes,Yes,Yes,6,6625
3398-FSHON,Yes,Yes,Fiber optic,No,Yes,No,No,Yes,No,Yes,No,5,6626
3319-DWOEP,Yes,No,Fiber optic,No,No,Yes,No,Yes,Yes,Yes,No,5,6627
1074-WVEVG,Yes,No,No,No internet service,No internet service,No internet service,No internet service,No internet service,No internet service,No,No,1,6628
9979-RGMZT,Yes,No,Fiber optic,No,Yes,No,No,Yes,Yes,Yes,No,5,6629
6437-UDQJM,Yes,Yes,DSL,Yes,Yes,Yes,No,Yes,Yes,Yes,Yes,8,6630
1226-IENZN,Yes,No,Fiber optic,No,No,No,No,No,Yes,Yes,No,3,6631
2108-GLPQB,Yes,Yes,DSL,No,No,Yes,No,No,No,No,No,4,6632
9259-PACGQ,Yes,Yes,DSL,Yes,Yes,No,Yes,No,No,No,Yes,6,6633
4415-IJZTP,Yes,Yes,Fiber optic,No,No,No,No,No,No,No,No,3,6634
1465-VINDH,Yes,Yes,Fiber optic,No,Yes,Yes,No,Yes,Yes,Yes,No,7,6635
5474-LAMUQ,Yes,No,No,No internet service,No internet service,No internet service,No internet service,No internet service,No internet service,No,No,1,6636
3468-DRVQJ,Yes,Yes,DSL,Yes,Yes,No,No,Yes,No,Yes,Yes,6,6637
1122-YJBCS,Yes,No,DSL,Yes,Yes,No,No,No,No,No,Yes,4,6638
4990-ALDGW,Yes,No,No,No internet service,No internet service,No internet service,No internet service,No internet service,No internet service,No,No,1,6639
4816-OKWNX,Yes,No,Fiber optic,No,Yes,Yes,Yes,Yes,Yes,Yes,Yes,7,6640
3315-IKYZQ,No,No phone service,DSL,Yes,No,Yes,Yes,Yes,No,Yes,Yes,5,6641
2810-FTLEM,Yes,No,DSL,Yes,No,No,No,No,No,No,Yes,3,6642
4747-LCAQL,Yes,No,DSL,Yes,Yes,No,Yes,Yes,Yes,Yes,Yes,7,6643
3411-WLRSQ,Yes,No,Fiber optic,No,Yes,No,No,No,No,No,No,3,6644
0898-XCGTF,Yes,Yes,Fiber optic,No,No,No,No,Yes,Yes,Yes,No,5,6645
8006-PYCSW,Yes,No,No,No internet service,No internet service,No internet service,No internet service,No internet service,No internet service,No,No,1,6646
8249-THVEC,Yes,No,No,No internet service,No internet service,No internet service,No internet service,No internet service,No internet service,No,No,1,6647
8722-PRFDV,Yes,No,DSL,Yes,No,Yes,No,Yes,Yes,Yes,Yes,6,6648
2164-SOQXL,Yes,No,No,No internet service,No internet service,No internet service,No internet service,No internet service,No internet service,No,No,1,6649
4020-KIUDI,Yes,No,No,No internet service,No internet service,No internet service,No internet service,No internet service,No internet service,No,No,1,6650
5850-BDWCY,Yes,No,No,No internet service,No internet service,No internet service,No internet service,No internet service,No internet service,No,No,1,6651
2038-YSEZE,Yes,Yes,DSL,Yes,Yes,No,Yes,No,No,No,Yes,6,6652
0827-ITJPH,Yes,No,No,No internet service,No internet service,No internet service,No internet service,No internet service,No internet service,No,No,1,6653
8799-OXZMD,No,No phone service,DSL,No,No,Yes,No,No,No,No,No,2,6654
1925-TIBLE,Yes,Yes,Fiber optic,No,No,No,No,Yes,No,Yes,No,4,6655
1705-GUHPV,Yes,Yes,No,No internet service,No internet service,No internet service,No internet service,No internet service,No internet service,No,No,2,6656
4779-ZGICK,Yes,Yes,No,No internet service,No internet service,No internet service,No internet service,No internet service,No internet service,No,No,2,6657
0048-PIHNL,Yes,No,No,No internet service,No internet service,No internet service,No internet service,No internet service,No internet service,No,No,1,6658
0818-OCPZO,Yes,Yes,Fiber optic,No,Yes,No,No,No,No,No,No,4,6659
3967-KXAPS,Yes,Yes,DSL,Yes,Yes,Yes,Yes,Yes,Yes,Yes,Yes,9,6660
1447-GIQMR,Yes,No,Fiber optic,No,No,No,No,No,No,No,No,2,6661
3704-IEAXF,No,No phone service,DSL,No,Yes,No,Yes,Yes,Yes,Yes,Yes,5,6662
6810-VCAEX,No,No phone service,DSL,Yes,Yes,No,Yes,No,No,No,Yes,4,6663
0674-EYYZV,Yes,No,DSL,No,No,No,No,Yes,No,Yes,No,3,6664
4480-MBMLB,Yes,Yes,Fiber optic,No,Yes,Yes,No,Yes,Yes,Yes,No,7,6665
1395-OFUWC,No,No phone service,DSL,No,Yes,No,No,No,No,No,No,2,6666
0822-QGCXA,Yes,Yes,DSL,No,Yes,Yes,Yes,Yes,Yes,Yes,Yes,8,6667
0872-NXJYS,Yes,No,Fiber optic,No,No,No,No,No,Yes,Yes,No,3,6668
2832-KJCRD,Yes,Yes,Fiber optic,No,No,Yes,Yes,Yes,Yes,Yes,Yes,7,6669
3588-WSTTJ,Yes,Yes,Fiber optic,Yes,No,No,No,Yes,Yes,Yes,Yes,6,6670
4075-WKNIU,Yes,Yes,DSL,No,Yes,Yes,Yes,Yes,No,Yes,Yes,7,6671
5090-EMGTC,Yes,No,Fiber optic,No,Yes,No,Yes,Yes,Yes,Yes,Yes,6,6672
2346-CZYIL,Yes,No,No,No internet service,No internet service,No internet service,No internet service,No internet service,No internet service,No,No,1,6673
3798-EPWRR,Yes,No,DSL,No,No,No,No,No,No,No,No,2,6674
6258-NGCNG,Yes,Yes,No,No internet service,No internet service,No internet service,No internet service,No internet service,No internet service,No,No,2,6675
4186-ZBUEW,Yes,Yes,DSL,No,Yes,No,Yes,No,Yes,Yes,Yes,6,6676
5274-XHAKY,Yes,Yes,Fiber optic,Yes,Yes,No,No,Yes,No,Yes,Yes,6,6677
1442-BQPVU,No,No phone service,DSL,No,Yes,No,No,No,No,No,No,2,6678
3978-YNKDD,Yes,No,No,No internet service,No internet service,No internet service,No internet service,No internet service,No internet service,No,No,1,6679
4940-KHCWD,No,No phone service,DSL,Yes,Yes,No,Yes,No,No,No,Yes,4,6680
9412-ARGBX,Yes,No,Fiber optic,No,Yes,Yes,Yes,Yes,No,Yes,Yes,6,6681
1389-CXMLU,Yes,Yes,Fiber optic,No,No,Yes,No,Yes,No,Yes,No,5,6682
9589-ABEPT,Yes,Yes,Fiber optic,No,Yes,No,Yes,Yes,No,Yes,Yes,6,6683
9388-ZEYVT,No,No phone service,DSL,No,No,Yes,Yes,No,Yes,Yes,Yes,4,6684
0305-SQECB,No,No phone service,DSL,Yes,No,No,Yes,No,No,No,Yes,3,6685
7605-SNLQG,Yes,No,DSL,No,No,Yes,No,No,No,No,No,3,6686
4670-TABXH,Yes,Yes,Fiber optic,No,Yes,Yes,Yes,Yes,Yes,Yes,Yes,8,6687
5561-NWEVX,Yes,Yes,Fiber optic,No,No,Yes,No,No,No,No,No,4,6688
0064-SUDOG,Yes,No,No,No internet service,No internet service,No internet service,No internet service,No internet service,No internet service,No,No,1,6689
8561-NMTBD,Yes,Yes,Fiber optic,No,Yes,Yes,Yes,Yes,Yes,Yes,Yes,8,6690
5161-XEUVX,Yes,Yes,Fiber optic,No,No,Yes,Yes,Yes,No,Yes,Yes,6,6691
8292-FRFZQ,No,No phone service,DSL,Yes,Yes,No,Yes,No,No,No,Yes,4,6692
8591-NXRCV,Yes,Yes,DSL,Yes,No,Yes,Yes,No,Yes,Yes,Yes,7,6693
7895-VONWT,No,No phone service,DSL,No,No,Yes,No,Yes,Yes,Yes,No,4,6694
4526-RMTLL,Yes,Yes,DSL,Yes,Yes,No,Yes,No,Yes,Yes,Yes,7,6695
6253-GNHWH,Yes,Yes,DSL,Yes,Yes,Yes,Yes,No,No,No,Yes,7,6696
4566-NECEV,Yes,Yes,Fiber optic,No,Yes,Yes,No,No,Yes,Yes,No,6,6697
8080-POTJR,Yes,Yes,DSL,Yes,No,Yes,No,Yes,Yes,Yes,Yes,7,6698
6906-MPARY,Yes,No,Fiber optic,No,Yes,No,Yes,No,Yes,Yes,Yes,5,6699
3662-FXJFO,Yes,No,No,No internet service,No internet service,No internet service,No internet service,No internet service,No internet service,No,No,1,6700
8107-RZLNV,Yes,Yes,Fiber optic,No,Yes,Yes,No,Yes,Yes,Yes,No,7,6701
0516-OOHAR,Yes,No,Fiber optic,No,Yes,Yes,No,Yes,Yes,Yes,No,6,6702
2027-CWDNU,Yes,No,Fiber optic,No,No,No,Yes,No,Yes,Yes,Yes,4,6703
2737-WFVYW,No,No phone service,DSL,No,No,No,No,Yes,Yes,Yes,No,3,6704
9912-OMZDS,Yes,Yes,Fiber optic,No,Yes,Yes,No,Yes,Yes,Yes,No,7,6705
3733-ZEECP,Yes,No,DSL,No,No,No,Yes,No,No,No,Yes,3,6706
7878-RTCZG,Yes,No,No,No internet service,No internet service,No internet service,No internet service,No internet service,No internet service,No,No,1,6707
2452-MRMZF,Yes,Yes,No,No internet service,No internet service,No internet service,No internet service,No internet service,No internet service,No,No,2,6708
2272-QAGFO,Yes,Yes,Fiber optic,No,No,No,No,No,No,No,No,3,6709
7103-IPXPJ,Yes,Yes,Fiber optic,No,No,No,Yes,Yes,Yes,Yes,Yes,6,6710
4342-HFXWS,Yes,No,DSL,Yes,No,Yes,Yes,Yes,No,Yes,Yes,6,6711
3545-CNWRG,Yes,Yes,Fiber optic,No,Yes,No,No,Yes,Yes,Yes,No,6,6712
1785-BPHTP,Yes,No,Fiber optic,No,No,Yes,No,Yes,No,Yes,No,4,6713
4989-LIXVT,Yes,Yes,Fiber optic,No,Yes,Yes,No,No,Yes,Yes,No,6,6714
7315-WYOAW,Yes,Yes,Fiber optic,No,No,No,Yes,Yes,Yes,Yes,Yes,6,6715
1173-XZPYF,Yes,Yes,Fiber optic,No,No,Yes,No,Yes,No,Yes,No,5,6716
9850-OWRHQ,Yes,Yes,Fiber optic,No,No,No,No,No,No,No,No,3,6717
3768-NLUBH,Yes,Yes,Fiber optic,No,No,Yes,No,Yes,Yes,Yes,No,6,6718
8676-TRMJS,Yes,Yes,Fiber optic,No,No,No,No,No,No,No,No,3,6719
2509-TFPJU,Yes,Yes,No,No internet service,No internet service,No internet service,No internet service,No internet service,No internet service,No,No,2,6720
9530-GRMJG,Yes,Yes,DSL,No,Yes,Yes,Yes,Yes,Yes,Yes,Yes,8,6721
6898-RBTLU,Yes,Yes,DSL,No,Yes,No,Yes,Yes,Yes,Yes,Yes,7,6722
5481-NTDOH,Yes,Yes,Fiber optic,Yes,No,Yes,No,Yes,Yes,Yes,Yes,7,6723
2068-WWXQZ,Yes,No,No,No internet service,No internet service,No internet service,No internet service,No internet service,No internet service,No,No,1,6724
7359-SSBJK,Yes,No,DSL,Yes,Yes,No,Yes,Yes,No,Yes,Yes,6,6725
2061-VVFST,Yes,No,No,No internet service,No internet service,No internet service,No internet service,No internet service,No internet service,No,No,1,6726
0685-MLYYM,Yes,No,Fiber optic,No,No,No,No,No,No,No,No,2,6727
0749-IRGQE,No,No phone service,DSL,No,No,No,No,Yes,Yes,Yes,No,3,6728
2380-DAMQP,Yes,Yes,Fiber optic,Yes,Yes,Yes,Yes,Yes,Yes,Yes,Yes,9,6729
2256-YLYLP,Yes,No,DSL,No,No,Yes,Yes,Yes,Yes,Yes,Yes,6,6730
1272-ILHFG,Yes,No,No,No internet service,No internet service,No internet service,No internet service,No internet service,No internet service,No,No,1,6731
0164-XAIRP,Yes,No,No,No internet service,No internet service,No internet service,No internet service,No internet service,No internet service,No,No,1,6732
5666-CYCYZ,Yes,Yes,Fiber optic,No,No,No,Yes,No,Yes,Yes,Yes,5,6733
4011-ARPHK,Yes,No,DSL,Yes,No,No,No,No,No,No,Yes,3,6734
8182-PNAGI,Yes,No,DSL,No,No,No,Yes,No,No,No,Yes,3,6735
6365-HITVU,Yes,No,DSL,Yes,Yes,Yes,Yes,Yes,Yes,Yes,Yes,8,6736
7558-IMLMT,Yes,No,No,No internet service,No internet service,No internet service,No internet service,No internet service,No internet service,No,No,1,6737
9488-FYQAU,Yes,Yes,Fiber optic,No,Yes,Yes,Yes,Yes,Yes,Yes,Yes,8,6738
3590-TCXTB,Yes,No,No,No internet service,No internet service,No internet service,No internet service,No internet service,No internet service,No,No,1,6739
6994-KERXL,Yes,No,DSL,No,No,No,No,No,Yes,Yes,No,3,6740
7957-RYHQD,Yes,No,Fiber optic,Yes,Yes,No,No,No,No,No,Yes,4,6741
2180-DXNEG,Yes,No,Fiber optic,No,No,Yes,No,Yes,Yes,Yes,No,5,6742
1960-UOTYM,Yes,No,DSL,Yes,Yes,Yes,No,Yes,Yes,Yes,Yes,7,6743
2740-JFBOK,Yes,Yes,No,No internet service,No internet service,No internet service,No internet service,No internet service,No internet service,No,No,2,6744
6500-JVEGC,Yes,Yes,Fiber optic,Yes,Yes,Yes,No,Yes,No,Yes,Yes,7,6745
5515-AKOAJ,Yes,Yes,Fiber optic,No,No,No,Yes,Yes,Yes,Yes,Yes,6,6746
8976-OQHGT,Yes,No,DSL,No,Yes,No,Yes,No,No,No,Yes,4,6747
5245-VDBUR,No,No phone service,DSL,Yes,No,Yes,No,No,No,No,Yes,3,6748
6230-BSUXY,Yes,No,Fiber optic,No,No,Yes,No,No,Yes,Yes,No,4,6749
8469-SNFFH,Yes,Yes,DSL,Yes,Yes,Yes,Yes,Yes,No,Yes,Yes,8,6750
2144-ESWKO,No,No phone service,DSL,Yes,No,Yes,No,No,No,No,Yes,3,6751
1241-FPMOF,Yes,No,No,No internet service,No internet service,No internet service,No internet service,No internet service,No internet service,No,No,1,6752
9928-BZVLZ,No,No phone service,DSL,Yes,No,Yes,Yes,No,Yes,Yes,Yes,5,6753
4114-QMKVN,Yes,Yes,DSL,Yes,Yes,No,No,No,Yes,Yes,Yes,6,6754
2775-SEFEE,Yes,Yes,DSL,Yes,Yes,No,Yes,No,No,No,Yes,6,6755
9003-CPATH,Yes,Yes,Fiber optic,No,No,Yes,No,No,No,No,No,4,6756
1754-GKYPY,Yes,No,Fiber optic,No,No,No,No,Yes,Yes,Yes,No,4,6757
5294-CDGWY,No,No phone service,DSL,Yes,Yes,Yes,No,Yes,Yes,Yes,Yes,6,6758
7956-XQWGU,Yes,No,No,No internet service,No internet service,No internet service,No internet service,No internet service,No internet service,No,No,1,6759
1591-MQJTP,Yes,Yes,Fiber optic,Yes,No,Yes,No,No,Yes,Yes,Yes,6,6760
5295-PCJOO,Yes,No,DSL,Yes,No,No,No,No,No,No,Yes,3,6761
2369-FEVNO,Yes,No,No,No internet service,No internet service,No internet service,No internet service,No internet service,No internet service,No,No,1,6762
9863-JZAIC,Yes,No,DSL,No,No,No,No,Yes,No,Yes,No,3,6763
7471-MQPOS,Yes,Yes,DSL,No,Yes,Yes,Yes,No,Yes,Yes,Yes,7,6764
7660-HDPJV,Yes,No,Fiber optic,No,No,No,No,No,No,No,No,2,6765
5115-SQAAU,Yes,Yes,No,No internet service,No internet service,No internet service,No internet service,No internet service,No internet service,No,No,2,6766
9845-QOMAD,Yes,No,No,No internet service,No internet service,No internet service,No internet service,No internet service,No internet service,No,No,1,6767
7672-VFMXZ,Yes,No,DSL,Yes,No,No,Yes,No,No,No,Yes,4,6768
9739-JLPQJ,Yes,Yes,Fiber optic,Yes,Yes,Yes,Yes,Yes,Yes,Yes,Yes,9,6769
9916-AYHTC,Yes,No,No,No internet service,No internet service,No internet service,No internet service,No internet service,No internet service,No,No,1,6770
3855-ONCAR,Yes,No,Fiber optic,No,No,No,No,Yes,No,Yes,No,3,6771
1488-SYSFC,Yes,No,No,No internet service,No internet service,No internet service,No internet service,No internet service,No internet service,No,No,1,6772
7931-PXHFC,Yes,No,DSL,No,No,Yes,Yes,No,Yes,Yes,Yes,5,6773
3990-QYKBE,Yes,Yes,Fiber optic,No,No,No,No,Yes,Yes,Yes,No,5,6774
0970-QXPXW,Yes,No,No,No internet service,No internet service,No internet service,No internet service,No internet service,No internet service,No,No,1,6775
3259-KNMRR,Yes,Yes,DSL,No,Yes,Yes,No,Yes,Yes,Yes,No,7,6776
6120-RJKLU,Yes,No,DSL,Yes,No,Yes,Yes,Yes,Yes,Yes,Yes,7,6777
9572-WUKSB,No,No phone service,DSL,No,No,No,Yes,No,No,No,Yes,2,6778
5893-KCLGT,Yes,No,No,No internet service,No internet service,No internet service,No internet service,No internet service,No internet service,No,No,1,6779
0076-LVEPS,No,No phone service,DSL,Yes,Yes,Yes,Yes,No,No,No,Yes,5,6780
3640-JQGJG,Yes,No,DSL,No,No,No,No,No,No,No,No,2,6781
4919-MOAVT,Yes,No,Fiber optic,No,No,No,No,No,No,No,No,2,6782
1596-OQSPS,Yes,No,DSL,No,Yes,No,No,No,No,No,No,3,6783
9867-XOBQA,No,No phone service,DSL,Yes,Yes,Yes,Yes,Yes,No,Yes,Yes,6,6784
9546-KDTRB,Yes,Yes,No,No internet service,No internet service,No internet service,No internet service,No internet service,No internet service,No,No,2,6785
3090-HAWSU,Yes,Yes,Fiber optic,Yes,No,Yes,Yes,Yes,Yes,Yes,Yes,8,6786
9820-RMCQV,Yes,No,DSL,Yes,No,No,No,No,No,No,Yes,3,6787
3174-RKMOW,Yes,Yes,Fiber optic,No,Yes,Yes,Yes,Yes,Yes,Yes,Yes,8,6788
1760-CAZHT,Yes,No,No,No internet service,No internet service,No internet service,No internet service,No internet service,No internet service,No,No,1,6789
7839-QRKXN,Yes,No,No,No internet service,No internet service,No internet service,No internet service,No internet service,No internet service,No,No,1,6790
8441-SHIPE,Yes,Yes,No,No internet service,No internet service,No internet service,No internet service,No internet service,No internet service,No,No,2,6791
5204-QZXPU,No,No phone service,DSL,No,No,Yes,No,Yes,No,Yes,No,3,6792
4597-ELFTS,Yes,Yes,No,No internet service,No internet service,No internet service,No internet service,No internet service,No internet service,No,No,2,6793
1320-GVNHT,Yes,Yes,Fiber optic,Yes,Yes,Yes,No,Yes,Yes,Yes,Yes,8,6794
1047-RNXZV,Yes,No,No,No internet service,No internet service,No internet service,No internet service,No internet service,No internet service,No,No,1,6795
3541-ZNUHK,Yes,Yes,Fiber optic,Yes,Yes,No,No,No,No,No,Yes,5,6796
8450-JOVAH,Yes,Yes,DSL,Yes,No,No,No,No,No,No,Yes,4,6797
8725-JEDFD,Yes,No,Fiber optic,No,No,No,No,No,No,No,No,2,6798
7562-UXTPG,Yes,No,Fiber optic,No,No,No,No,No,No,No,No,2,6799
8071-SBTRN,Yes,Yes,Fiber optic,Yes,Yes,Yes,No,Yes,Yes,Yes,Yes,8,6800
1113-IUJYX,Yes,No,Fiber optic,Yes,Yes,No,Yes,Yes,Yes,Yes,Yes,7,6801
6668-CNMFP,Yes,Yes,Fiber optic,No,No,No,Yes,No,Yes,Yes,Yes,5,6802
5626-MGTUK,Yes,Yes,Fiber optic,Yes,No,No,No,Yes,No,Yes,Yes,5,6803
5681-LLOEI,Yes,Yes,Fiber optic,Yes,No,Yes,Yes,No,No,No,Yes,6,6804
8212-DJRCH,Yes,No,Fiber optic,Yes,No,Yes,No,No,Yes,Yes,Yes,5,6805
4323-OHFOW,Yes,Yes,Fiber optic,No,Yes,No,Yes,Yes,Yes,Yes,Yes,7,6806
4933-BSAIP,Yes,No,No,No internet service,No internet service,No internet service,No internet service,No internet service,No internet service,No,No,1,6807
2030-BTZRO,Yes,No,No,No internet service,No internet service,No internet service,No internet service,No internet service,No internet service,No,No,1,6808
1116-DXXDF,Yes,No,Fiber optic,Yes,No,Yes,No,Yes,Yes,Yes,Yes,6,6809
9274-CNFMO,Yes,Yes,Fiber optic,No,No,No,No,No,No,No,No,3,6810
7758-XKCBS,No,No phone service,DSL,No,No,No,Yes,No,No,No,Yes,2,6811
8992-JQYUN,No,No phone service,DSL,No,No,Yes,No,Yes,Yes,Yes,No,4,6812
6563-VNPMN,Yes,No,Fiber optic,Yes,Yes,No,Yes,No,No,No,Yes,5,6813
0617-AQNWT,No,No phone service,DSL,Yes,No,Yes,Yes,No,Yes,Yes,Yes,5,6814
2267-WTPYD,Yes,Yes,Fiber optic,No,Yes,Yes,No,No,Yes,Yes,No,6,6815
0270-THENM,Yes,Yes,DSL,Yes,Yes,Yes,Yes,No,No,No,Yes,7,6816
2446-PLQVO,Yes,No,Fiber optic,No,No,No,No,No,No,No,No,2,6817
4707-MAXGU,Yes,Yes,No,No internet service,No internet service,No internet service,No internet service,No internet service,No internet service,No,No,2,6818
2710-WYVXG,Yes,No,DSL,Yes,Yes,No,Yes,No,Yes,Yes,Yes,6,6819
3005-NFMTA,Yes,Yes,Fiber optic,Yes,No,No,No,Yes,Yes,Yes,Yes,6,6820
6300-BWMJX,Yes,Yes,Fiber optic,No,No,Yes,Yes,Yes,No,Yes,Yes,6,6821
8784-CGILN,Yes,Yes,Fiber optic,No,No,No,Yes,Yes,Yes,Yes,Yes,6,6822
5389-FFVKB,Yes,No,Fiber optic,No,No,No,No,No,Yes,Yes,No,3,6823
7009-LGECI,Yes,No,DSL,Yes,No,No,No,No,No,No,Yes,3,6824
8444-WRIDW,Yes,Yes,Fiber optic,No,Yes,No,No,No,No,No,No,4,6825
5022-KVDQT,Yes,Yes,Fiber optic,No,No,Yes,No,No,No,No,No,4,6826
7976-CICYS,Yes,No,No,No internet service,No internet service,No internet service,No internet service,No internet service,No internet service,No,No,1,6827
1036-GUDCL,Yes,No,DSL,Yes,Yes,No,Yes,Yes,Yes,Yes,Yes,7,6828
2005-DWQZJ,Yes,No,No,No internet service,No internet service,No internet service,No internet service,No internet service,No internet service,No,No,1,6829
8148-WOCMK,Yes,No,No,No internet service,No internet service,No internet service,No internet service,No internet service,No internet service,No,No,1,6830
7815-PDTHL,Yes,No,No,No internet service,No internet service,No internet service,No internet service,No internet service,No internet service,No,No,1,6831
9451-LPGOO,Yes,Yes,Fiber optic,No,No,No,No,No,Yes,Yes,No,4,6832
9173-IVZVP,Yes,No,No,No internet service,No internet service,No internet service,No internet service,No internet service,No internet service,No,No,1,6833
9129-UXERG,Yes,Yes,Fiber optic,No,Yes,No,Yes,Yes,Yes,Yes,Yes,7,6834
3635-JBPSG,No,No phone service,DSL,No,Yes,No,No,No,Yes,Yes,No,3,6835
7964-ZRKKG,Yes,Yes,Fiber optic,No,Yes,No,No,Yes,No,Yes,No,5,6836
5868-YWPDW,Yes,No,Fiber optic,No,Yes,No,No,No,Yes,Yes,No,4,6837
6229-LSCKB,Yes,No,Fiber optic,No,No,No,No,Yes,No,Yes,No,3,6838
2025-JKFWI,Yes,Yes,Fiber optic,No,No,No,Yes,Yes,Yes,Yes,Yes,6,6839
4078-SAYYN,Yes,Yes,Fiber optic,No,No,Yes,No,Yes,Yes,Yes,No,6,6840
1724-IQWNM,Yes,No,No,No internet service,No internet service,No internet service,No internet service,No internet service,No internet service,No,No,1,6841
8217-QYOHV,Yes,No,DSL,Yes,No,No,Yes,No,No,No,Yes,4,6842
5546-QUERU,Yes,No,No,No internet service,No internet service,No internet service,No internet service,No internet service,No internet service,No,No,1,6843
9940-HPQPG,Yes,Yes,Fiber optic,Yes,Yes,Yes,No,No,No,No,Yes,6,6844
6897-UUBNU,Yes,No,Fiber optic,No,Yes,No,Yes,Yes,No,Yes,Yes,5,6845
6127-IYJOZ,Yes,No,DSL,No,No,No,No,No,No,No,No,2,6846
6618-RYATB,Yes,Yes,Fiber optic,No,No,Yes,No,No,No,No,No,4,6847
8930-XOTDP,Yes,No,DSL,No,No,No,No,Yes,No,Yes,No,3,6848
5916-QEWPT,Yes,No,DSL,No,No,Yes,No,Yes,Yes,Yes,No,5,6849
5060-TQUQN,Yes,Yes,Fiber optic,No,Yes,No,Yes,No,No,No,Yes,5,6850
0531-XBKMM,Yes,Yes,DSL,Yes,Yes,No,Yes,No,No,No,Yes,6,6851
8465-SBRXP,Yes,Yes,Fiber optic,No,No,Yes,Yes,Yes,No,Yes,Yes,6,6852
2408-PSJVE,Yes,No,DSL,No,Yes,Yes,Yes,No,No,No,Yes,5,6853
9079-YEXQJ,Yes,Yes,Fiber optic,No,Yes,Yes,Yes,Yes,Yes,Yes,Yes,8,6854
9700-ZCLOT,Yes,No,No,No internet service,No internet service,No internet service,No internet service,No internet service,No internet service,No,No,1,6855
8738-JOKAR,Yes,No,DSL,Yes,Yes,No,Yes,No,Yes,Yes,Yes,6,6856
4534-WGCIR,Yes,Yes,No,No internet service,No internet service,No internet service,No internet service,No internet service,No internet service,No,No,2,6857
1930-WNXSB,Yes,No,Fiber optic,No,Yes,No,No,Yes,Yes,Yes,No,5,6858
2685-SREOM,Yes,Yes,Fiber optic,No,No,Yes,No,No,Yes,Yes,No,5,6859
3508-CFVZL,Yes,Yes,Fiber optic,Yes,Yes,Yes,Yes,Yes,Yes,Yes,Yes,9,6860
0402-CQAJN,Yes,Yes,Fiber optic,No,Yes,Yes,No,Yes,Yes,Yes,No,7,6861
6692-UDPJC,Yes,Yes,Fiber optic,No,No,No,Yes,Yes,No,Yes,Yes,5,6862
1273-MTETI,Yes,Yes,Fiber optic,No,No,Yes,No,No,Yes,Yes,No,5,6863
0657-DOGUM,Yes,Yes,DSL,Yes,No,No,Yes,No,No,No,Yes,5,6864
5480-HPRRX,No,No phone service,DSL,No,No,No,No,No,No,No,No,1,6865
8792-AOROI,Yes,No,DSL,Yes,No,No,Yes,No,Yes,Yes,Yes,5,6866
0295-PPHDO,Yes,Yes,Fiber optic,No,No,No,No,Yes,Yes,Yes,No,5,6867
5146-YYFRZ,Yes,No,No,No internet service,No internet service,No internet service,No internet service,No internet service,No internet service,No,No,1,6868
1195-OIYEJ,Yes,No,Fiber optic,No,No,No,No,Yes,Yes,Yes,No,4,6869
5906-CVLHP,Yes,No,DSL,No,Yes,No,Yes,No,No,No,Yes,4,6870
3452-SRFEG,Yes,Yes,Fiber optic,No,No,No,No,No,No,No,No,3,6871
4070-OKWVH,Yes,Yes,Fiber optic,No,Yes,Yes,No,Yes,No,Yes,No,6,6872
5297-MDOIR,Yes,No,Fiber optic,Yes,No,Yes,No,No,No,No,Yes,4,6873
6369-MCAKO,Yes,Yes,DSL,Yes,Yes,Yes,Yes,Yes,Yes,Yes,Yes,9,6874
4926-UMJZD,Yes,No,DSL,No,No,No,Yes,No,No,No,Yes,3,6875
6848-HJTXY,Yes,No,No,No internet service,No internet service,No internet service,No internet service,No internet service,No internet service,No,No,1,6876
6341-AEVKX,Yes,No,Fiber optic,Yes,No,Yes,Yes,Yes,Yes,Yes,Yes,7,6877
4501-EQDRN,Yes,No,Fiber optic,No,No,No,No,No,No,No,No,2,6878
2990-HWIML,Yes,No,Fiber optic,No,No,No,No,Yes,Yes,Yes,No,4,6879
0682-USIXD,Yes,No,Fiber optic,No,No,No,Yes,Yes,No,Yes,Yes,4,6880
6976-BWGLQ,Yes,Yes,No,No internet service,No internet service,No internet service,No internet service,No internet service,No internet service,No,No,2,6881
7078-NVFAM,No,No phone service,DSL,Yes,Yes,No,No,No,No,No,Yes,3,6882
8065-QBYTO,Yes,Yes,Fiber optic,Yes,Yes,No,Yes,Yes,No,Yes,Yes,7,6883
2133-TSRRM,Yes,No,Fiber optic,Yes,Yes,Yes,No,Yes,Yes,Yes,Yes,7,6884
7384-GHBPI,No,No phone service,DSL,No,No,No,No,No,Yes,Yes,No,2,6885
7603-USHJS,Yes,Yes,Fiber optic,No,No,No,No,No,No,No,No,3,6886
7234-FECYN,Yes,Yes,Fiber optic,No,No,Yes,No,Yes,Yes,Yes,No,6,6887
2511-ALLCS,Yes,Yes,No,No internet service,No internet service,No internet service,No internet service,No internet service,No internet service,No,No,2,6888
3191-CSNMG,Yes,No,Fiber optic,No,No,No,No,Yes,No,Yes,No,3,6889
7952-OBOYL,Yes,No,Fiber optic,No,No,Yes,Yes,Yes,No,Yes,Yes,5,6890
7470-DYNOE,Yes,No,DSL,No,No,Yes,No,No,Yes,Yes,No,4,6891
7853-OETYL,No,No phone service,DSL,Yes,No,No,No,No,No,No,Yes,2,6892
1545-ACTAS,Yes,No,Fiber optic,Yes,No,Yes,No,Yes,Yes,Yes,Yes,6,6893
5876-HZVZM,Yes,No,DSL,Yes,Yes,No,No,No,No,No,Yes,4,6894
1400-MMYXY,Yes,Yes,Fiber optic,No,Yes,Yes,No,Yes,Yes,Yes,No,7,6895
5126-RCXYW,No,No phone service,DSL,No,No,Yes,Yes,No,Yes,Yes,Yes,4,6896
3085-QUOZK,Yes,No,DSL,No,No,No,No,No,No,No,No,2,6897
2363-BJLSL,Yes,No,DSL,No,Yes,Yes,Yes,Yes,Yes,Yes,Yes,7,6898
1956-YIFGE,Yes,No,Fiber optic,No,Yes,Yes,No,Yes,Yes,Yes,No,6,6899
3926-CUQZX,Yes,No,DSL,No,No,No,No,No,No,No,No,2,6900
7921-LMDFQ,Yes,No,Fiber optic,No,No,Yes,No,Yes,Yes,Yes,No,5,6901
2925-MXLSX,Yes,Yes,DSL,No,Yes,Yes,No,Yes,No,Yes,No,6,6902
5820-PTRYM,Yes,Yes,DSL,Yes,Yes,Yes,Yes,No,No,No,Yes,7,6903
9609-BENEA,Yes,Yes,DSL,No,Yes,No,Yes,Yes,No,Yes,Yes,6,6904
6211-WHMYA,No,No phone service,DSL,No,Yes,No,Yes,Yes,No,Yes,Yes,4,6905
4459-BBGHE,No,No phone service,DSL,No,No,No,No,Yes,Yes,Yes,No,3,6906
9945-PSVIP,Yes,No,No,No internet service,No internet service,No internet service,No internet service,No internet service,No internet service,No,No,1,6907
1041-RXHRA,Yes,No,Fiber optic,No,No,No,No,No,No,No,No,2,6908
1750-CSKKM,Yes,No,DSL,No,No,No,No,Yes,No,Yes,No,3,6909
9108-EJFJP,Yes,No,DSL,Yes,Yes,No,No,No,No,No,Yes,4,6910
0530-IJVDB,Yes,Yes,Fiber optic,Yes,Yes,Yes,Yes,Yes,Yes,Yes,Yes,9,6911
0508-SQWPL,Yes,No,No,No internet service,No internet service,No internet service,No internet service,No internet service,No internet service,No,No,1,6912
2215-ZAFGX,Yes,Yes,Fiber optic,No,No,No,No,Yes,No,Yes,No,4,6913
8213-TAZPM,Yes,Yes,Fiber optic,No,Yes,Yes,Yes,Yes,Yes,Yes,Yes,8,6914
7142-HVGBG,Yes,Yes,Fiber optic,No,Yes,Yes,No,Yes,Yes,Yes,No,7,6915
1304-SEGFY,Yes,Yes,Fiber optic,No,No,Yes,No,Yes,Yes,Yes,No,6,6916
7242-EDTYC,Yes,No,No,No internet service,No internet service,No internet service,No internet service,No internet service,No internet service,No,No,1,6917
2904-GGUAZ,Yes,Yes,Fiber optic,Yes,Yes,No,No,No,No,No,Yes,5,6918
8267-ZNYVZ,Yes,No,Fiber optic,Yes,No,Yes,Yes,Yes,Yes,Yes,Yes,7,6919
5136-GFPMB,Yes,Yes,Fiber optic,No,No,Yes,No,No,Yes,Yes,No,5,6920
2595-KIWPV,Yes,No,No,No internet service,No internet service,No internet service,No internet service,No internet service,No internet service,No,No,1,6921
5243-SAOTC,Yes,Yes,Fiber optic,No,Yes,No,No,No,No,No,No,4,6922
9398-MMQTO,Yes,No,Fiber optic,No,Yes,No,No,No,No,No,No,3,6923
7619-PLRLP,Yes,Yes,DSL,Yes,Yes,Yes,No,No,Yes,Yes,Yes,7,6924
6457-GIRWB,Yes,No,Fiber optic,No,No,No,No,No,No,No,No,2,6925
6508-NJYRO,Yes,No,No,No internet service,No internet service,No internet service,No internet service,No internet service,No internet service,No,No,1,6926
1450-SKCVI,Yes,No,Fiber optic,No,Yes,No,No,No,No,No,No,3,6927
4710-NKCAW,Yes,Yes,DSL,Yes,Yes,No,Yes,No,No,No,Yes,6,6928
5306-BVTKJ,Yes,No,DSL,No,Yes,Yes,No,No,No,No,No,4,6929
0357-NVCRI,Yes,No,No,No internet service,No internet service,No internet service,No internet service,No internet service,No internet service,No,No,1,6930
5570-PTWEH,Yes,Yes,Fiber optic,No,No,No,No,No,No,No,No,3,6931
2371-KFUOG,Yes,No,Fiber optic,Yes,Yes,No,No,Yes,Yes,Yes,Yes,6,6932
0463-ZSDNT,Yes,No,DSL,No,No,No,No,No,Yes,Yes,No,3,6933
6502-MJQAE,Yes,No,Fiber optic,No,No,No,No,No,No,No,No,2,6934
6257-DTAYD,Yes,Yes,Fiber optic,No,Yes,No,Yes,Yes,Yes,Yes,Yes,7,6935
4616-ULAOA,Yes,Yes,Fiber optic,No,Yes,Yes,Yes,Yes,Yes,Yes,Yes,8,6936
7693-LCKZL,Yes,Yes,Fiber optic,No,Yes,No,No,No,No,No,No,4,6937
7746-AWNQW,No,No phone service,DSL,No,No,Yes,Yes,No,No,No,Yes,3,6938
5996-EBTKM,Yes,Yes,DSL,No,No,Yes,Yes,No,Yes,Yes,Yes,6,6939
2758-RNWXS,Yes,No,Fiber optic,Yes,No,No,Yes,No,Yes,Yes,Yes,5,6940
2314-TNDJQ,No,No phone service,DSL,Yes,Yes,Yes,Yes,No,Yes,Yes,Yes,6,6941
2405-LBMUW,No,No phone service,DSL,Yes,Yes,No,Yes,No,Yes,Yes,Yes,5,6942
3454-JFUBC,Yes,No,No,No internet service,No internet service,No internet service,No internet service,No internet service,No internet service,No,No,1,6943
0032-PGELS,No,No phone service,DSL,Yes,No,No,No,No,No,No,Yes,2,6944
9039-ZVJDC,Yes,No,No,No internet service,No internet service,No internet service,No internet service,No internet service,No internet service,No,No,1,6945
6797-LNAQX,Yes,Yes,Fiber optic,No,Yes,No,No,Yes,Yes,Yes,No,6,6946
9013-AQORL,No,No phone service,DSL,No,Yes,Yes,No,No,Yes,Yes,No,4,6947
2898-MRKPI,Yes,Yes,Fiber optic,No,Yes,No,No,Yes,Yes,Yes,No,6,6948
2750-BJLSB,Yes,No,Fiber optic,Yes,No,Yes,Yes,Yes,Yes,Yes,Yes,7,6949
3648-GZPHF,No,No phone service,DSL,No,No,Yes,Yes,No,No,No,Yes,3,6950
2075-RMJIK,Yes,No,DSL,Yes,No,No,No,No,No,No,Yes,3,6951
9588-YRFHY,Yes,No,No,No internet service,No internet service,No internet service,No internet service,No internet service,No internet service,No,No,1,6952
6394-MFYNG,Yes,Yes,Fiber optic,No,Yes,Yes,No,Yes,Yes,Yes,No,7,6953
1564-NTYXF,Yes,Yes,Fiber optic,No,No,No,No,No,Yes,Yes,No,4,6954
9364-YKUVW,Yes,No,No,No internet service,No internet service,No internet service,No internet service,No internet service,No internet service,No,No,1,6955
5392-AKEMH,Yes,No,DSL,No,No,No,No,No,No,No,No,2,6956
2451-YMUXS,Yes,Yes,DSL,Yes,Yes,No,Yes,No,No,No,Yes,6,6957
3914-FDRHP,Yes,No,Fiber optic,No,No,No,Yes,Yes,No,Yes,Yes,4,6958
3078-ZKNTS,Yes,No,No,No internet service,No internet service,No internet service,No internet service,No internet service,No internet service,No,No,1,6959
1024-KPRBB,Yes,No,Fiber optic,No,No,No,No,Yes,Yes,Yes,No,4,6960
4690-PKDQG,Yes,Yes,Fiber optic,No,Yes,Yes,No,Yes,No,Yes,No,6,6961
8155-IBNHG,Yes,Yes,Fiber optic,No,No,No,No,No,No,No,No,3,6962
0886-QGENL,Yes,No,Fiber optic,Yes,No,Yes,No,Yes,Yes,Yes,Yes,6,6963
9547-ITEFG,Yes,Yes,Fiber optic,No,Yes,Yes,No,Yes,Yes,Yes,No,7,6964
1264-FUHCX,No,No phone service,DSL,No,Yes,No,Yes,Yes,Yes,Yes,Yes,5,6965
7789-CRUVC,Yes,Yes,Fiber optic,Yes,Yes,Yes,Yes,No,No,No,Yes,7,6966
6598-KELSS,No,No phone service,DSL,Yes,Yes,No,No,Yes,No,Yes,Yes,4,6967
8739-WWKDU,Yes,Yes,Fiber optic,No,Yes,No,No,Yes,No,Yes,No,5,6968
8685-WHQPW,Yes,Yes,Fiber optic,No,No,No,No,No,No,No,No,3,6969
4745-LSPLO,Yes,No,No,No internet service,No internet service,No internet service,No internet service,No internet service,No internet service,No,No,1,6970
8083-YTZES,Yes,Yes,Fiber optic,No,No,No,No,No,No,No,No,3,6971
7240-FQLHE,Yes,Yes,Fiber optic,No,No,No,Yes,Yes,Yes,Yes,Yes,6,6972
6664-FPDAC,Yes,Yes,Fiber optic,No,Yes,Yes,Yes,Yes,Yes,Yes,Yes,8,6973
9972-VAFJJ,Yes,No,Fiber optic,No,Yes,Yes,Yes,Yes,No,Yes,Yes,6,6974
0422-UXFAP,Yes,Yes,Fiber optic,No,No,Yes,No,Yes,Yes,Yes,No,6,6975
1904-WAJAA,Yes,Yes,DSL,Yes,Yes,Yes,No,No,No,No,Yes,6,6976
5130-YPIRV,Yes,No,DSL,Yes,Yes,Yes,No,Yes,No,Yes,Yes,6,6977
2843-CQMEG,Yes,No,DSL,No,Yes,No,No,No,No,No,No,3,6978
6439-PKTRR,Yes,Yes,DSL,Yes,Yes,Yes,Yes,Yes,No,Yes,Yes,8,6979
5351-QESIO,No,No phone service,DSL,No,No,No,No,No,No,No,No,1,6980
0786-VSSUD,No,No phone service,DSL,No,Yes,No,No,Yes,No,Yes,No,3,6981
5568-DMXZS,Yes,No,DSL,No,Yes,No,Yes,Yes,No,Yes,Yes,5,6982
8468-FZTOE,Yes,No,DSL,Yes,Yes,Yes,Yes,No,Yes,Yes,Yes,7,6983
6633-SYEUS,Yes,No,Fiber optic,No,Yes,Yes,Yes,No,No,No,Yes,5,6984
6447-GORXK,No,No phone service,DSL,No,No,No,No,No,No,No,No,1,6985
6967-PEJLL,No,No phone service,DSL,Yes,No,Yes,Yes,No,No,No,Yes,4,6986
3976-BWUCK,Yes,Yes,Fiber optic,No,Yes,No,Yes,Yes,No,Yes,Yes,6,6987
5981-ZVXOT,Yes,Yes,Fiber optic,Yes,Yes,Yes,No,Yes,Yes,Yes,Yes,8,6988
1684-FLBGS,Yes,Yes,DSL,No,Yes,No,Yes,Yes,No,Yes,Yes,6,6989
1389-WNUIB,Yes,Yes,DSL,Yes,No,No,No,Yes,Yes,Yes,Yes,6,6990
0376-OIWME,Yes,No,Fiber optic,Yes,No,No,No,Yes,Yes,Yes,Yes,5,6991
3585-ISXZP,Yes,Yes,Fiber optic,No,No,No,No,Yes,Yes,Yes,No,5,6992
0218-QNVAS,Yes,Yes,Fiber optic,No,Yes,No,No,Yes,Yes,Yes,No,6,6993
6583-QGCSI,Yes,Yes,Fiber optic,No,Yes,No,No,Yes,No,Yes,No,5,6994
0804-YGEQV,Yes,Yes,No,No internet service,No internet service,No internet service,No internet service,No internet service,No internet service,No,No,2,6995
7164-BPTUT,Yes,Yes,DSL,Yes,Yes,Yes,Yes,Yes,Yes,Yes,Yes,9,6996
4174-LPGTI,Yes,No,DSL,No,Yes,No,Yes,No,Yes,Yes,Yes,5,6997
2523-EWWZL,Yes,No,Fiber optic,No,Yes,No,No,No,No,No,No,3,6998
0928-XUTSN,Yes,No,Fiber optic,No,No,No,No,No,Yes,Yes,No,3,6999
2108-XWMPY,No,No phone service,DSL,Yes,Yes,No,No,No,No,No,Yes,3,7000
0052-YNYOT,Yes,No,No,No internet service,No internet service,No internet service,No internet service,No internet service,No internet service,No,No,1,7001
6304-IJFSQ,Yes,No,DSL,No,Yes,No,No,No,No,No,No,3,7002
9586-JGQKH,Yes,Yes,Fiber optic,No,Yes,No,Yes,Yes,Yes,Yes,Yes,7,7003
4501-VCPFK,No,No phone service,DSL,No,No,Yes,Yes,No,No,No,Yes,3,7004
6075-SLNIL,Yes,Yes,Fiber optic,No,Yes,Yes,No,No,Yes,Yes,No,6,7005
9347-AERRL,Yes,No,No,No internet service,No internet service,No internet service,No internet service,No internet service,No internet service,No,No,1,7006
0093-XWZFY,Yes,Yes,Fiber optic,No,Yes,Yes,No,Yes,Yes,Yes,No,7,7007
2274-XUATA,No,No phone service,DSL,Yes,Yes,Yes,Yes,Yes,Yes,Yes,Yes,7,7008
1980-KXVPM,Yes,Yes,Fiber optic,No,No,No,No,No,No,No,No,3,7009
7703-ZEKEF,Yes,Yes,Fiber optic,No,No,Yes,No,No,No,No,No,4,7010
0723-DRCLG,Yes,Yes,Fiber optic,No,No,No,No,No,No,No,No,3,7011
5482-NUPNA,Yes,No,DSL,Yes,Yes,No,Yes,No,No,No,Yes,5,7012
6691-CCIHA,Yes,Yes,DSL,Yes,Yes,No,Yes,Yes,Yes,Yes,Yes,8,7013
1685-BQULA,Yes,Yes,Fiber optic,No,Yes,Yes,No,Yes,No,Yes,No,6,7014
9053-EJUNL,Yes,Yes,Fiber optic,No,Yes,No,No,Yes,No,Yes,No,5,7015
0666-UXTJO,Yes,No,Fiber optic,No,No,Yes,No,Yes,No,Yes,No,4,7016
1471-GIQKQ,Yes,No,DSL,No,Yes,No,No,No,No,No,No,3,7017
4807-IZYOZ,Yes,No,No,No internet service,No internet service,No internet service,No internet service,No internet service,No internet service,No,No,1,7018
1122-JWTJW,Yes,No,Fiber optic,No,No,No,No,No,No,No,No,2,7019
9710-NJERN,Yes,No,No,No internet service,No internet service,No internet service,No internet service,No internet service,No internet service,No,No,1,7020
9837-FWLCH,Yes,No,No,No internet service,No internet service,No internet service,No internet service,No internet service,No internet service,No,No,1,7021
1699-HPSBG,Yes,No,DSL,No,No,No,Yes,Yes,No,Yes,Yes,4,7022
7203-OYKCT,Yes,Yes,Fiber optic,No,Yes,Yes,No,Yes,Yes,Yes,No,7,7023
1035-IPQPU,Yes,Yes,Fiber optic,No,Yes,Yes,No,Yes,Yes,Yes,No,7,7024
7398-LXGYX,Yes,Yes,Fiber optic,Yes,No,Yes,No,No,No,No,Yes,5,7025
2823-LKABH,Yes,Yes,Fiber optic,No,No,Yes,Yes,No,Yes,Yes,Yes,6,7026
8775-CEBBJ,Yes,No,DSL,No,No,No,No,No,No,No,No,2,7027
0550-DCXLH,Yes,No,DSL,No,Yes,No,Yes,Yes,Yes,Yes,Yes,6,7028
9281-CEDRU,Yes,No,DSL,No,Yes,No,Yes,Yes,No,Yes,Yes,5,7029
2235-DWLJU,No,No phone service,DSL,No,No,No,No,Yes,Yes,Yes,No,3,7030
0871-OPBXW,Yes,No,No,No internet service,No internet service,No internet service,No internet service,No internet service,No internet service,No,No,1,7031
3605-JISKB,Yes,Yes,DSL,Yes,Yes,No,No,No,No,No,Yes,5,7032
6894-LFHLY,Yes,Yes,Fiber optic,No,No,No,No,No,No,No,No,3,7033
9767-FFLEM,Yes,No,Fiber optic,No,No,No,No,No,No,No,No,2,7034
0639-TSIQW,Yes,Yes,Fiber optic,Yes,Yes,Yes,No,Yes,No,Yes,Yes,7,7035
8456-QDAVC,Yes,No,Fiber optic,No,No,No,No,Yes,No,Yes,No,3,7036
7750-EYXWZ,No,No phone service,DSL,No,Yes,Yes,Yes,Yes,Yes,Yes,Yes,6,7037
2569-WGERO,Yes,No,No,No internet service,No internet service,No internet service,No internet service,No internet service,No internet service,No,No,1,7038
6840-RESVB,Yes,Yes,DSL,Yes,No,Yes,Yes,Yes,Yes,Yes,Yes,8,7039
2234-XADUH,Yes,Yes,Fiber optic,No,Yes,Yes,No,Yes,Yes,Yes,No,7,7040
4801-JZAZL,No,No phone service,DSL,Yes,No,No,No,No,No,No,Yes,2,7041
8361-LTMKD,Yes,Yes,Fiber optic,No,No,No,No,No,No,No,No,3,7042
3186-AJIEK,Yes,No,Fiber optic,Yes,No,Yes,Yes,Yes,Yes,Yes,Yes,7,7043
