fact_key,customerID,customer_key,service_key,contract_key,tenure,MonthlyCharges,TotalCharges,AvgRevenuePerMonth,Churn,ChurnFlag
1,7590-VHVEG,1,1,1,1,29.85,29.85,29.85,No,0
2,5575-GNVDE,2,2,2,34,56.95,1889.5,55.5735294117647,No,0
3,3668-QPYBK,3,3,3,2,53.85,108.15,54.075,Yes,1
4,7795-CFOCW,4,4,4,45,42.3,1840.75,40.90555555555556,No,0
5,9237-HQITU,5,5,5,2,70.7,151.65,75.825,Yes,1
6,9305-CDSKC,6,6,6,8,99.65,820.5,102.5625,Yes,1
7,1452-KIOVK,7,7,7,22,89.1,1949.4,88.60909090909091,No,0
8,6713-OKOMC,8,8,8,10,29.75,301.9,30.189999999999998,No,0
9,7892-POOKP,9,9,9,28,104.8,3046.05,108.78750000000001,Yes,1
10,6388-TABGU,10,10,10,62,56.15,3487.95,56.25725806451613,No,0
11,9763-GRSKD,11,11,11,13,49.95,587.45,45.18846153846154,No,0
12,7469-LKBCI,12,12,12,16,18.95,326.8,20.425,No,0
13,8091-TTVAX,13,13,13,58,100.35,5681.1,97.95,No,0
14,0280-XJGEX,14,14,14,49,103.7,5036.3,102.78163265306122,Yes,1
15,5129-JLPIS,15,15,15,25,105.5,2686.05,107.44200000000001,No,0
16,3655-SNQYZ,16,16,16,69,113.25,7895.15,114.42246376811593,No,0
17,8191-XWSZG,17,17,17,52,20.65,1022.95,19.672115384615385,No,0
18,9959-WOFKT,18,18,18,71,106.7,7382.25,103.97535211267606,No,0
19,4190-MFLUW,19,19,19,10,55.2,528.35,52.835,Yes,1
20,4183-MYFRB,20,20,20,21,90.05,1862.9,88.70952380952382,No,0
21,8779-QRDMV,21,21,21,1,39.65,39.65,39.65,Yes,1
22,1680-VDCWW,22,22,22,12,19.8,202.25,16.854166666666668,No,0
23,1066-JKSGK,23,23,23,1,20.15,20.15,20.15,Yes,1
24,3638-WEABW,24,24,24,58,59.9,3505.1,60.432758620689654,No,0
25,6322-HRPFA,25,25,25,49,59.6,2970.3,60.61836734693878,No,0
26,6865-JZNKO,26,26,26,30,55.3,1530.6,51.019999999999996,No,0
27,6467-CHFZW,27,27,27,47,99.35,4749.15,101.04574468085106,Yes,1
28,8665-UTDHZ,28,28,28,1,30.2,30.2,30.2,Yes,1
29,5248-YGIJN,29,29,29,72,90.25,6369.45,88.46458333333334,No,0
30,8773-HHUOZ,30,30,30,17,64.7,1093.1,64.3,Yes,1
31,3841-NFECX,31,31,31,71,96.35,6766.95,95.30915492957746,No,0
32,4929-XIHVW,32,32,32,2,95.5,181.65,90.825,No,0
33,6827-IEAUQ,33,33,33,27,66.15,1874.45,69.42407407407407,No,0
34,7310-EGVHZ,34,34,34,1,20.2,20.2,20.2,No,0
35,3413-BMNZE,35,35,35,1,45.25,45.25,45.25,No,0
36,6234-RAAPL,36,36,36,72,99.9,7251.7,100.71805555555555,No,0
37,6047-YHPVI,37,37,37,5,69.7,316.9,63.379999999999995,Yes,1
38,6572-ADKRS,38,38,38,46,74.8,3548.3,77.13695652173914,No,0
39,5380-WJKOV,39,39,39,34,106.35,3549.25,104.38970588235294,Yes,1
40,8168-UQWWF,40,40,40,11,97.85,1105.4,100.4909090909091,Yes,1
41,8865-TNMNX,41,41,41,10,49.55,475.7,47.57,No,0
42,9489-DEDVP,42,42,42,70,69.2,4872.35,69.605,No,0
43,9867-JCZSP,43,43,43,17,20.75,418.25,24.602941176470587,No,0
44,4671-VJLCL,44,44,44,63,79.85,4861.45,77.16587301587302,No,0
45,4080-IIARD,45,45,45,13,76.2,981.45,75.49615384615385,No,0
46,3714-NTNFO,46,46,46,49,84.5,3906.7,79.72857142857143,No,0
47,5948-UJZLF,47,47,47,2,49.25,97.0,48.5,No,0
48,7760-OYPDY,48,48,48,2,80.65,144.15,72.075,Yes,1
49,7639-LIAYI,49,49,49,52,79.75,4217.8,81.11153846153846,No,0
50,2954-PIBKO,50,50,50,69,64.15,4254.1,61.6536231884058,No,0
51,8012-SOUDQ,51,51,51,43,90.25,3838.75,89.27325581395348,No,0
52,9420-LOJKX,52,52,52,15,99.1,1426.4,95.09333333333333,Yes,1
53,6575-SUVOI,53,53,53,25,69.5,1752.65,70.10600000000001,No,0
54,7495-OOKFY,54,54,54,8,80.65,633.3,79.1625,Yes,1
55,4667-QONEA,55,55,55,60,74.85,4456.35,74.27250000000001,No,0
56,1658-BYGOY,56,56,56,18,95.45,1752.55,97.36388888888888,Yes,1
57,8769-KKTPH,57,57,57,63,99.65,6311.2,100.17777777777778,No,0
58,5067-XJQFU,58,58,58,66,108.45,7076.35,107.21742424242424,No,0
59,3957-SQXML,59,59,59,34,24.95,894.3,26.302941176470586,No,0
60,5954-BDFSG,60,60,60,72,107.5,7853.7,109.07916666666667,No,0
61,0434-CSFON,61,61,61,47,100.5,4707.1,100.15106382978725,No,0
62,1215-FIGMP,62,62,62,60,89.9,5450.7,90.845,No,0
63,0526-SXDJP,63,63,63,72,42.1,2962.0,41.138888888888886,No,0
64,0557-ASKVU,64,64,64,18,54.4,957.1,53.172222222222224,No,0
65,5698-BQJOH,65,65,65,9,94.4,857.25,95.25,Yes,1
66,5122-CYFXA,66,66,66,3,75.3,244.1,81.36666666666666,No,0
67,8627-ZYGSZ,67,67,67,47,78.9,3650.35,77.66702127659575,No,0
68,3410-YOQBQ,68,68,68,31,79.2,2497.2,80.55483870967741,No,0
69,3170-NMYVV,69,69,69,50,20.15,930.9,18.618,No,0
70,7410-OIEDU,70,70,70,10,79.85,887.35,88.735,No,0
71,2273-QCKXA,71,71,71,1,49.05,49.05,49.05,No,0
72,0731-EBJQB,72,72,72,52,20.4,1090.65,20.974038461538463,No,0
73,1891-QRQSA,73,73,73,64,111.6,7099.0,110.921875,No,0
74,8028-PNXHQ,74,74,74,62,24.25,1424.6,22.97741935483871,No,0
75,5630-AHZIL,75,75,75,3,64.5,177.4,59.13333333333333,No,0
76,2673-CXQEU,76,76,76,56,110.5,6139.5,109.63392857142857,No,0
77,6416-JNVRK,77,77,77,46,55.65,2688.85,58.45326086956521,No,0
78,5590-ZSKRV,78,78,78,8,54.65,482.25,60.28125,No,0
79,0191-ZHSKZ,79,79,79,30,74.75,2111.3,70.37666666666668,No,0
80,3887-PBQAO,80,80,80,45,25.9,1216.6,27.035555555555554,No,0
81,5919-TMRGD,81,81,81,1,79.35,79.35,79.35,Yes,1
82,8108-UXRQN,82,82,82,11,50.55,565.35,51.39545454545455,No,0
83,9191-MYQKX,83,83,83,7,75.15,496.9,70.98571428571428,Yes,1
84,9919-YLNNG,84,84,84,42,103.8,4327.5,103.03571428571429,No,0
85,0318-ZOPWS,85,85,85,49,20.15,973.35,19.864285714285714,No,0
86,4445-ZJNMU,86,86,86,9,99.3,918.75,102.08333333333333,No,0
87,4808-YNLEU,87,87,87,35,62.15,2215.45,63.29857142857142,No,0
88,1862-QRWPE,88,88,88,48,20.65,1057.0,22.020833333333332,No,0
89,2796-NNUFI,89,89,89,46,19.95,927.1,20.15434782608696,No,0
90,3016-KSVCP,90,90,90,29,33.75,1009.25,34.80172413793103,No,0
91,4767-HZZHQ,91,91,91,30,82.05,2570.2,85.67333333333333,No,0
92,2424-WVHPL,92,92,92,1,74.7,74.7,74.7,No,0
93,7233-PAHHL,93,93,93,66,84.0,5714.25,86.57954545454545,No,0
94,6067-NGCEU,94,94,94,65,111.05,7107.0,109.33846153846154,No,0
95,9848-JQJTX,95,95,95,72,100.9,7459.05,103.59791666666666,No,0
96,8637-XJIVR,96,96,96,12,78.95,927.35,77.27916666666667,Yes,1
97,9803-FTJCG,97,97,97,71,66.85,4748.7,66.8830985915493,No,0
98,0278-YXOOG,98,98,98,5,21.05,113.85,22.77,Yes,1
99,3212-KXOCR,99,99,99,52,21.0,1107.2,21.292307692307695,No,0
100,4598-XLKNJ,100,100,100,25,98.5,2514.5,100.58,Yes,1
101,6380-ARCEH,101,101,101,1,20.2,20.2,20.2,No,0
102,3679-XASPY,102,102,102,1,19.45,19.45,19.45,No,0
103,7123-WQUHX,103,103,103,38,95.0,3605.6,94.88421052631578,No,0
104,5386-THSLQ,104,104,104,66,45.55,3027.25,45.86742424242424,No,0
105,3192-NQECA,105,105,105,68,110.0,7611.85,111.93897058823529,Yes,1
106,6180-YBIQI,106,106,106,5,24.3,100.2,20.04,No,0
107,6728-DKUCO,107,107,107,72,104.15,7303.05,101.43125,No,0
108,9750-BOOHV,108,108,108,32,30.15,927.65,28.9890625,No,0
109,8597-CWYHH,109,109,109,43,94.35,3921.3,91.19302325581396,No,0
110,2848-YXSMW,110,110,110,72,19.4,1363.25,18.93402777777778,No,0
111,0486-HECZI,111,111,111,55,96.75,5238.9,95.25272727272727,Yes,1
112,4549-ZDQYY,112,112,112,52,57.95,3042.25,58.50480769230769,No,0
113,5712-AHQNN,113,113,113,43,91.65,3954.1,91.95581395348837,No,0
114,4846-WHAFZ,114,114,114,37,76.5,2868.15,77.51756756756757,Yes,1
115,5256-SKJGO,115,115,115,64,54.6,3423.5,53.4921875,No,0
116,3071-VBYPO,116,116,116,3,89.85,248.4,82.8,No,0
117,9560-BBZXK,117,117,117,36,31.05,1126.35,31.287499999999998,No,0
118,5299-RULOA,118,118,118,10,100.25,1064.65,106.465,Yes,1
119,8402-OOOHJ,119,119,119,41,20.65,835.15,20.36951219512195,No,0
120,9445-ZUEQE,120,120,120,27,85.2,2151.6,79.68888888888888,No,0
121,1091-SOZGA,121,121,121,56,99.8,5515.45,98.49017857142857,No,0
122,2928-HLDBA,122,122,122,6,20.7,112.75,18.791666666666668,No,0
123,0404-SWRVG,123,123,123,3,74.4,229.55,76.51666666666667,Yes,1
124,6497-TILVL,124,124,124,7,50.7,350.35,50.050000000000004,No,0
125,7219-TLZHO,125,125,125,4,20.85,62.9,15.725,No,0
126,4622-YNKIJ,126,126,126,33,88.95,3027.65,91.7469696969697,No,0
127,4412-YLTKF,127,127,127,27,78.05,2135.5,79.0925925925926,Yes,1
128,6734-PSBAW,128,128,128,72,23.55,1723.95,23.94375,No,0
129,3930-ZGWVE,129,129,129,1,19.75,19.75,19.75,No,0
130,2639-UGMAZ,130,130,130,71,56.45,3985.35,56.131690140845066,No,0
131,2876-GZYZC,131,131,131,13,85.95,1215.65,93.51153846153846,No,0
132,6207-WIOLX,132,132,132,25,58.6,1502.65,60.106,Yes,1
133,8587-XYZSF,133,133,133,67,50.55,3260.1,48.65820895522388,No,0
134,3091-FYHKI,134,134,134,1,35.45,35.45,35.45,Yes,1
135,2372-HWUHI,135,135,135,2,44.35,81.25,40.625,Yes,1
136,7799-LGRDP,136,136,136,43,25.7,1188.2,27.632558139534886,No,0
137,7850-VWJUU,137,137,137,23,75.0,1778.5,77.32608695652173,No,0
138,3774-VBNXY,138,138,138,64,20.2,1277.75,19.96484375,No,0
139,6217-KDYWC,139,139,139,57,19.6,1170.55,20.5359649122807,No,0
140,0390-DCFDQ,140,140,140,1,70.45,70.45,70.45,Yes,1
141,3146-MSEGF,141,141,141,72,88.05,6425.65,89.24513888888889,No,0
142,4080-OGPJL,142,142,142,8,71.15,563.65,70.45625,Yes,1
143,1095-WGNGG,143,143,143,61,101.05,5971.25,97.88934426229508,No,0
144,2636-SJDOU,144,144,144,64,84.3,5289.05,82.64140625,No,0
145,1131-QQZEB,145,145,145,71,23.95,1756.2,24.735211267605635,No,0
146,5716-EZXZN,146,146,146,65,99.05,6416.7,98.71846153846154,No,0
147,6837-BJYDQ,147,147,147,3,19.6,61.35,20.45,No,0
148,2135-RXIHG,148,148,148,1,45.65,45.65,45.65,Yes,1
149,6440-DKQGE,149,149,149,30,64.5,1929.95,64.33166666666666,No,0
150,3466-BYAVD,150,150,150,15,69.5,1071.4,71.42666666666668,No,0
151,3780-YVMFA,151,151,151,8,68.55,564.35,70.54375,No,0
152,3874-EQOEP,152,152,152,7,95.0,655.5,93.64285714285714,Yes,1
153,1679-JRFBR,153,153,153,70,108.15,7930.55,113.29357142857143,No,0
154,9073-ZZIAY,154,154,154,62,86.1,5215.25,84.11693548387096,No,0
155,3077-RSNTJ,155,155,155,6,19.7,113.5,18.916666666666668,No,0
156,6551-GNYDG,156,156,156,14,80.9,1152.8,82.34285714285714,No,0
157,9167-APMXZ,157,157,157,22,84.15,1821.95,82.81590909090909,No,0
158,2749-CTKAJ,158,158,158,22,20.15,419.9,19.086363636363636,No,0
159,6371-NZYEG,159,159,159,16,64.25,1024.0,64.0,No,0
160,7554-NEWDD,160,160,160,10,25.7,251.6,25.16,No,0
161,8992-VONJD,161,161,161,13,56.0,764.55,58.81153846153846,No,0
162,0867-MKZVY,162,162,162,20,82.4,1592.35,79.61749999999999,Yes,1
163,4482-EWFMI,163,163,163,2,69.7,135.2,67.6,No,0
164,4648-YPBTM,164,164,164,53,73.9,3958.25,74.68396226415095,No,0
165,2907-ILJBN,165,165,165,11,20.6,233.9,21.263636363636365,No,0
166,6345-FZOQH,166,166,166,69,19.9,1363.45,19.76014492753623,No,0
167,3376-BMGFE,167,167,167,4,70.9,273.0,68.25,Yes,1
168,5997-OPVFA,168,168,168,72,89.05,6254.45,86.86736111111111,No,0
169,3445-HXXGF,169,169,169,58,45.3,2651.2,45.710344827586205,Yes,1
170,1159-WFSGR,170,170,170,16,20.4,321.4,20.0875,No,0
171,7654-YWJUF,171,171,171,43,84.25,3539.25,82.30813953488372,No,0
172,1875-QIVME,172,172,172,2,104.4,242.8,121.4,Yes,1
173,6727-IOTLZ,173,173,173,14,81.95,1181.75,84.41071428571429,No,0
174,0691-JVSYA,174,174,174,53,94.85,5000.2,94.3433962264151,Yes,1
175,5918-VUKWP,175,175,175,32,20.55,654.55,20.4546875,No,0
176,1744-JHKYS,176,176,176,34,24.7,780.2,22.947058823529414,No,0
177,2656-FMOKZ,177,177,177,15,74.45,1145.7,76.38000000000001,Yes,1
178,2070-FNEXE,178,178,178,7,76.45,503.6,71.94285714285715,Yes,1
179,5947-SGKCL,179,179,179,15,105.35,1559.25,103.95,No,0
180,3712-PKXZA,180,180,180,61,20.55,1252.0,20.524590163934427,No,0
181,6317-YPKDH,181,181,181,1,29.95,29.95,29.95,Yes,1
182,6582-OIVSP,182,182,182,1,45.3,45.3,45.3,No,0
183,9367-WXLCH,183,183,183,8,84.5,662.65,82.83125,Yes,1
184,5524-KHNJP,184,184,184,33,74.75,2453.3,74.34242424242424,No,0
185,1918-ZBFQJ,185,185,185,13,79.25,1111.65,85.51153846153846,Yes,1
186,1024-GUALD,186,186,186,1,24.8,24.8,24.8,Yes,1
187,4827-USJHP,187,187,187,20,51.8,1023.85,51.1925,No,0
188,8167-GJLRN,188,188,188,3,30.4,82.15,27.383333333333336,No,0
189,0956-SYCWG,189,189,189,13,19.65,244.8,18.83076923076923,No,0
190,8017-UVSZU,190,190,190,40,56.6,2379.1,59.4775,No,0
191,7100-FQPRV,191,191,191,43,71.9,3173.35,73.79883720930232,No,0
192,2472-OVKUP,192,192,192,6,91.0,531.0,88.5,Yes,1
193,2984-RGEYA,193,193,193,69,19.75,1375.4,19.933333333333334,No,0
194,9680-NIAUV,194,194,194,72,109.7,8129.3,112.90694444444445,No,0
195,2146-EGVDT,195,195,195,59,19.3,1192.7,20.215254237288136,No,0
196,2604-IJPDU,196,196,196,20,96.55,1901.65,95.08250000000001,No,0
197,9178-JHUVJ,197,197,197,24,24.1,587.4,24.474999999999998,No,0
198,6168-YBYNP,198,198,198,59,111.35,6519.75,110.5042372881356,No,0
199,7255-SSFBC,199,199,199,72,112.25,8041.65,111.68958333333333,No,0
200,3645-DEYGF,200,200,200,1,20.75,20.75,20.75,No,0
201,9323-HGFWY,201,201,201,27,101.9,2681.15,99.30185185185185,No,0
202,8544-GOQSH,202,202,202,14,80.05,1112.3,79.45,No,0
203,3363-DTIVD,203,203,203,71,105.55,7405.5,104.30281690140845,No,0
204,7018-WBJNK,204,204,204,13,78.3,1033.95,79.53461538461539,No,0
205,9142-KZXOP,205,205,205,44,68.85,2958.95,67.24886363636364,No,0
206,7674-YTAFD,206,206,206,33,79.95,2684.85,81.35909090909091,No,0
207,6348-SNFUS,207,207,207,72,55.45,4179.2,58.044444444444444,No,0
208,1285-OKIPP,208,208,208,1,79.9,79.9,79.9,Yes,1
209,7825-ECJRF,209,209,209,19,106.6,1934.45,101.81315789473685,Yes,1
210,1347-KTTTA,210,210,210,64,102.45,6654.1,103.9703125,No,0
211,7841-TZDMQ,211,211,211,2,46.0,84.5,42.25,Yes,1
212,4195-NZGTA,212,212,212,1,25.25,25.25,25.25,No,0
213,7157-SMCFK,213,213,213,61,19.75,1124.2,18.42950819672131,No,0
214,4709-LKHYG,214,214,214,29,20.0,540.05,18.622413793103448,No,0
215,2504-DSHIH,215,215,215,23,86.8,1975.85,85.90652173913043,No,0
216,0699-NDKJM,216,216,216,57,58.75,3437.45,60.30614035087719,No,0
217,9286-BHDQG,217,217,217,72,45.25,3139.8,43.608333333333334,No,0
218,0230-WEQUW,218,218,218,66,56.6,3789.2,57.41212121212121,No,0
219,2040-LDIWQ,219,219,219,65,84.2,5324.5,81.91538461538461,No,0
220,6496-JDSSB,220,220,220,8,80.0,624.6,78.075,No,0
221,9408-SSNVZ,221,221,221,4,70.15,268.35,67.0875,Yes,1
222,4443-EMBNA,222,222,222,71,24.75,1836.9,25.871830985915494,No,0
223,6469-MRVET,223,223,223,1,20.2,20.2,20.2,No,0
224,0742-MOABM,224,224,224,4,50.05,179.35,44.8375,Yes,1
225,5961-VUSRV,225,225,225,12,19.35,219.35,18.279166666666665,No,0
226,6778-JFCMK,226,226,226,24,50.6,1288.75,53.697916666666664,No,0
227,6341-JVQGF,227,227,227,31,81.15,2545.75,82.12096774193549,No,0
228,2232-DMLXU,228,228,228,1,55.2,55.2,55.2,Yes,1
229,4811-JBUVU,229,229,229,30,89.9,2723.15,90.77166666666668,No,0
230,0945-TSONX,230,230,230,47,85.3,4107.25,87.38829787234043,No,0
231,2651-ZCBXV,231,231,231,54,108.0,5760.65,106.6787037037037,No,0
232,3316-UWXUY,232,232,232,50,93.5,4747.5,94.95,No,0
233,8937-RDTHP,233,233,233,1,84.6,84.6,84.6,Yes,1
234,7083-MIOPC,234,234,234,72,20.25,1566.9,21.762500000000003,No,0
235,1984-GPTEH,235,235,235,29,25.15,702.0,24.20689655172414,No,0
236,1251-KRREG,236,236,236,2,54.4,114.1,57.05,Yes,1
237,0621-JFHOL,237,237,237,10,29.6,299.05,29.905,No,0
238,9903-LYSAB,238,238,238,18,73.15,1305.95,72.55277777777778,No,0
239,0094-OIFMO,239,239,239,11,95.0,1120.3,101.84545454545454,Yes,1
240,9227-UAQFT,240,240,240,16,19.75,284.35,17.771875,No,0
241,7301-ABVAD,241,241,241,72,86.6,6350.5,88.20138888888889,No,0
242,6614-FHDBO,242,242,242,72,109.2,7878.3,109.42083333333333,No,0
243,7576-ASEJU,243,243,243,41,74.7,3187.65,77.74756097560976,No,0
244,9058-HRZSV,244,244,244,65,94.4,6126.15,94.24846153846153,No,0
245,4522-AKYLR,245,245,245,13,54.8,731.3,56.25384615384615,No,0
246,0221-WMXNQ,246,246,246,4,75.35,273.4,68.35,No,0
247,0303-UNCIP,247,247,247,41,65.0,2531.8,61.75121951219513,No,0
248,9947-OTFQU,248,248,248,15,74.4,1074.3,71.61999999999999,Yes,1
249,0322-YINQP,249,249,249,1,48.55,48.55,48.55,Yes,1
250,0959-WHOKV,250,250,250,42,99.0,4298.45,102.34404761904761,No,0
251,4075-JFPGR,251,251,251,51,93.5,4619.55,90.57941176470588,No,0
252,4629-NRXKX,252,252,252,2,70.4,147.15,73.575,Yes,1
253,9514-JDSKI,253,253,253,1,40.2,40.2,40.2,Yes,1
254,3282-ZISZV,254,254,254,32,83.7,2633.3,82.290625,No,0
255,3675-YDUPJ,255,255,255,10,19.85,193.05,19.305,No,0
256,4111-BNXIF,256,256,256,67,59.55,4103.9,61.252238805970144,No,0
257,7017-VFHAY,257,257,257,61,115.1,7008.15,114.88770491803278,No,0
258,6655-LHBYW,258,258,258,50,114.35,5791.1,115.822,No,0
259,4959-JOSRX,259,259,259,2,44.6,80.55,40.275,Yes,1
260,5046-NUHWD,260,260,260,29,45.0,1228.65,42.36724137931035,No,0
261,7273-TEFQD,261,261,261,3,41.15,132.2,44.06666666666666,Yes,1
262,3606-TWKGI,262,262,262,13,106.9,1364.3,104.94615384615385,Yes,1
263,7529-ZDFXI,263,263,263,57,89.85,4925.35,86.40964912280702,No,0
264,7605-BDWDC,264,264,264,31,49.85,1520.1,49.03548387096774,No,0
265,1950-KSVVJ,265,265,265,45,113.3,5032.25,111.82777777777778,No,0
266,0123-CRBRT,266,266,266,61,88.1,5526.75,90.60245901639344,No,0
267,6292-TOSSS,267,267,267,50,24.9,1195.25,23.905,No,0
268,3197-ARFOY,268,268,268,19,105.0,2007.25,105.64473684210526,No,0
269,6323-AYBRX,269,269,269,59,19.35,1099.6,18.63728813559322,Yes,1
270,7014-ZZXAW,270,270,270,71,24.25,1732.95,24.40774647887324,No,0
271,4385-GZQXV,271,271,271,16,94.45,1511.2,94.45,Yes,1
272,7633-MVPUY,272,272,272,57,59.75,3450.15,60.52894736842106,No,0
273,6366-ZGQGL,273,273,273,1,24.8,24.8,24.8,Yes,1
274,4716-HHKQH,274,274,274,20,107.05,2172.05,108.6025,No,0
275,5940-AHUHD,275,275,275,1,70.6,70.6,70.6,Yes,1
276,6432-TWQLB,276,276,276,5,85.4,401.1,80.22,Yes,1
277,4484-GLZOU,277,277,277,52,105.05,5624.85,108.17019230769232,Yes,1
278,3179-GBRWV,278,278,278,21,64.95,1339.8,63.8,No,0
279,8645-KWHJO,279,279,279,14,55.0,771.95,55.13928571428572,No,0
280,4130-MZLCC,280,280,280,5,50.55,244.75,48.95,No,0
281,0314-TKOSI,281,281,281,6,55.15,322.9,53.81666666666666,No,0
282,8229-MYEJZ,282,282,282,10,51.2,498.25,49.825,No,0
283,2080-SRCDE,283,283,283,1,25.4,25.4,25.4,No,0
284,9577-WJVCQ,284,284,284,68,54.45,3687.75,54.231617647058826,No,0
285,9512-UIBFX,285,285,285,18,95.15,1779.95,98.88611111111112,Yes,1
286,6202-DYYFX,286,286,286,22,76.0,1783.6,81.07272727272726,No,0
287,3808-HFKDE,287,287,287,20,44.35,927.15,46.3575,No,0
288,5583-SXDAG,288,288,288,1,70.0,70.0,70.0,Yes,1
289,3488-PGMQJ,289,289,289,8,74.5,606.55,75.81875,Yes,1
290,3580-REOAC,290,290,290,10,44.85,435.4,43.54,Yes,1
291,7534-BFESC,291,291,291,24,76.1,1712.7,71.3625,Yes,1
292,3727-OWVYD,292,292,292,35,61.2,2021.2,57.74857142857143,No,0
293,2294-SALNE,293,293,293,23,86.8,1940.8,84.38260869565217,No,0
294,4847-TAJYI,294,294,294,6,89.35,567.8,94.63333333333333,No,0
295,1563-IWQEX,295,295,295,12,19.7,220.35,18.3625,No,0
296,8203-XJZRC,296,296,296,1,20.25,20.25,20.25,No,0
297,6556-DBKZF,297,297,297,71,76.05,5436.45,76.56971830985916,No,0
298,6851-WEFYX,298,298,298,35,100.8,3437.5,98.21428571428571,No,0
299,2985-JUUBZ,299,299,299,40,74.55,3015.75,75.39375,No,0
300,6390-DSAZX,300,300,300,1,73.6,73.6,73.6,Yes,1
301,0895-LMRSF,301,301,301,23,64.9,1509.8,65.64347826086956,No,0
302,8098-LLAZX,302,302,302,4,95.45,396.1,99.025,Yes,1
303,8266-VBFQL,303,303,303,4,90.4,356.65,89.1625,No,0
304,8181-YHCMF,304,304,304,68,60.3,4109.0,60.4264705882353,No,0
305,2240-HSJQD,305,305,305,38,81.85,3141.7,82.67631578947368,No,0
306,1248-DYXUB,306,306,306,52,24.8,1229.1,23.63653846153846,No,0
307,0265-EDXBD,307,307,307,32,74.9,2303.35,71.9796875,Yes,1
308,4115-BNPJY,308,308,308,29,75.55,2054.4,70.84137931034483,No,0
309,3167-SNQPL,309,309,309,38,101.15,3741.85,98.46973684210526,No,0
310,4091-TVOCN,310,310,310,48,78.75,3682.45,76.71770833333333,No,0
311,1098-TDVUQ,311,311,311,1,19.25,19.25,19.25,No,0
312,7277-OZCGZ,312,312,312,22,89.05,1886.25,85.73863636363636,No,0
313,1557-EMYVT,313,313,313,43,115.05,4895.1,113.83953488372094,No,0
314,2799-ARNLO,314,314,314,5,69.35,341.6,68.32000000000001,No,0
315,7563-BIUPC,315,315,315,5,80.6,415.55,83.11,Yes,1
316,5027-YOCXN,316,316,316,51,110.05,5686.4,111.49803921568626,No,0
317,3973-SKMLN,317,317,317,71,19.9,1355.1,19.085915492957746,No,0
318,2321-OMBXY,318,318,318,38,80.3,3058.65,80.49078947368422,Yes,1
319,2840-XANRC,319,319,319,24,93.15,2231.05,92.96041666666667,Yes,1
320,6745-JEFZB,320,320,320,35,91.5,3236.35,92.46714285714286,No,0
321,5020-ZSTTY,321,321,321,54,82.45,4350.1,80.55740740740741,Yes,1
322,9880-TDQAC,322,322,322,72,60.0,4264.0,59.22222222222222,No,0
323,8705-WZCYL,323,323,323,1,44.8,44.8,44.8,No,0
324,7102-JJVTX,324,324,324,9,48.6,422.3,46.922222222222224,No,0
325,8626-PTQGE,325,325,325,69,60.05,4176.7,60.53188405797101,No,0
326,4983-CLMLV,326,326,326,52,102.7,5138.1,98.8096153846154,No,0
327,5701-YVSVF,327,327,327,11,82.9,880.05,80.00454545454545,No,0
328,5804-LEPIM,328,328,328,2,70.35,139.05,69.525,Yes,1
329,5697-GOMBF,329,329,329,28,35.9,973.65,34.77321428571428,No,0
330,2739-CACDQ,330,330,330,17,82.65,1470.05,86.4735294117647,No,0
331,9385-EHGDO,331,331,331,35,19.85,739.35,21.124285714285715,No,0
332,9498-FIMXL,332,332,332,8,19.2,161.95,20.24375,No,0
333,2379-GYFLQ,333,333,333,46,94.9,4422.95,96.15108695652174,No,0
334,0122-OAHPZ,334,334,334,7,73.85,511.25,73.03571428571429,Yes,1
335,2868-SNELZ,335,335,335,2,80.6,155.8,77.9,Yes,1
336,4322-RCYMT,336,336,336,68,75.8,5293.95,77.85220588235293,Yes,1
337,6680-NENYN,337,337,337,43,104.6,4759.85,110.69418604651163,Yes,1
338,2088-IEBAU,338,338,338,68,88.15,6148.45,90.41838235294118,No,0
339,7982-VCELR,339,339,339,36,94.8,3565.65,99.04583333333333,No,0
340,1343-EHPYB,340,340,340,63,103.4,6603.0,104.80952380952381,Yes,1
341,6035-BXTTY,341,341,341,32,54.65,1830.1,57.190625,No,0
342,6885-PKOAM,342,342,342,71,85.75,6223.8,87.65915492957747,No,0
343,7520-HQWJU,343,343,343,66,67.45,4508.65,68.31287878787879,No,0
344,9639-BUJXT,344,344,344,63,20.5,1328.15,21.081746031746032,No,0
345,5924-SNGKP,345,345,345,41,20.25,865.0,21.097560975609756,No,0
346,0021-IKXGC,346,346,346,1,72.1,72.1,72.1,No,0
347,2034-GDRCN,347,347,347,2,90.4,168.2,84.1,Yes,1
348,8966-SNIZF,348,348,348,70,19.45,1303.5,18.62142857142857,No,0
349,6243-OZGFH,349,349,349,23,44.95,996.85,43.34130434782609,No,0
350,4654-DLAMQ,350,350,350,64,97.0,6430.9,100.4828125,No,0
351,0513-RBGPE,351,351,351,37,62.8,2278.75,61.58783783783784,No,0
352,5160-UXJED,352,352,352,17,44.6,681.4,40.08235294117647,No,0
353,4115-NZRKS,353,353,353,7,89.15,574.35,82.05,No,0
354,0219-YTZUE,354,354,354,4,84.8,371.9,92.975,Yes,1
355,0623-IIHUG,355,355,355,21,41.9,840.1,40.00476190476191,Yes,1
356,4572-DVCGN,356,356,356,10,80.25,846.0,84.6,Yes,1
357,3351-NGXYI,357,357,357,16,54.1,889.0,55.5625,No,0
358,8984-EYLLL,358,358,358,64,105.25,6823.4,106.615625,No,0
359,9057-MSWCO,359,359,359,27,30.75,805.1,29.81851851851852,Yes,1
360,9833-TGFHX,360,360,360,42,97.1,4016.75,95.63690476190476,No,0
361,9294-TDIPC,361,361,361,5,20.2,83.75,16.75,No,0
362,5229-DTFYB,362,362,362,41,98.8,3959.15,96.56463414634146,No,0
363,0104-PPXDV,363,363,363,58,50.3,2878.55,49.630172413793105,No,0
364,5176-LMJXE,364,364,364,47,20.55,945.7,20.121276595744682,No,0
365,3583-KRKMD,365,365,365,18,75.9,1373.05,76.28055555555555,No,0
366,1010-DIAUQ,366,366,366,5,96.5,492.55,98.51,Yes,1
367,9069-LGEUL,367,367,367,23,59.95,1406.0,61.130434782608695,No,0
368,7302-ZHMHP,368,368,368,1,19.15,19.15,19.15,No,0
369,9571-EDEBV,369,369,369,71,98.65,6962.85,98.06830985915494,No,0
370,3520-FJGCV,370,370,370,72,112.6,8126.65,112.87013888888889,No,0
371,6563-VRERX,371,371,371,33,20.6,690.25,20.916666666666668,No,0
372,0259-GBZSH,372,372,372,2,85.65,181.5,90.75,Yes,1
373,6122-EFVKN,373,373,373,24,35.75,830.8,34.61666666666667,No,0
374,2805-EDJPQ,374,374,374,56,99.75,5608.4,100.14999999999999,No,0
375,6862-CQUMB,375,375,375,37,96.1,3646.8,98.56216216216217,No,0
376,7156-MXBJE,376,376,376,43,85.1,3662.25,85.1686046511628,No,0
377,6158-HDPXZ,377,377,377,1,25.35,25.35,25.35,No,0
378,9601-BRXPO,378,378,378,25,104.95,2566.5,102.66,Yes,1
379,2863-IMQDR,379,379,379,61,89.65,5308.7,87.02786885245901,No,0
380,5686-CMAWK,380,380,380,17,86.75,1410.25,82.95588235294117,No,0
381,5651-CRHKQ,381,381,381,41,86.2,3339.05,81.44024390243902,No,0
382,6905-NIQIN,382,382,382,1,50.65,50.65,50.65,Yes,1
383,8204-YJCLA,383,383,383,72,64.8,4732.35,65.72708333333334,No,0
384,5167-ZFFMM,384,384,384,1,90.85,90.85,90.85,Yes,1
385,6583-SZVGP,385,385,385,48,108.1,5067.45,105.57187499999999,No,0
386,4895-TMWIR,386,386,386,11,19.95,214.75,19.522727272727273,Yes,1
387,0533-BNWKF,387,387,387,55,85.45,4874.7,88.63090909090909,Yes,1
388,1708-PBBOA,388,388,388,42,54.75,2348.45,55.915476190476184,No,0
389,8782-LKFPK,389,389,389,44,90.4,4063.0,92.3409090909091,No,0
390,5522-JBWMO,390,390,390,1,44.0,44.0,44.0,No,0
391,3597-MVHJT,391,391,391,27,95.6,2595.25,96.12037037037037,No,0
392,9774-NRNAU,392,392,392,27,84.8,2309.55,85.53888888888889,No,0
393,0224-RLWWD,393,393,393,2,44.3,89.3,44.65,No,0
394,9967-ATRFS,394,394,394,19,19.9,367.55,19.344736842105263,No,0
395,3951-NJCVI,395,395,395,42,95.05,3944.5,93.91666666666667,No,0
396,2977-CEBSX,396,396,396,66,90.05,5965.95,90.39318181818182,No,0
397,0177-PXBAT,397,397,397,33,109.9,3694.7,111.96060606060605,No,0
398,6599-CEBNN,398,398,398,34,73.95,2524.45,74.24852941176471,Yes,1
399,2519-ERQOJ,399,399,399,33,54.6,1803.7,54.657575757575756,No,0
400,5876-QMYLD,400,400,400,23,20.05,415.1,18.047826086956523,No,0
401,2277-AXSDC,401,401,401,32,19.75,624.15,19.5046875,No,0
402,9442-JTWDL,402,402,402,11,20.05,237.7,21.60909090909091,No,0
403,0979-PHULV,403,403,403,69,99.45,7007.6,101.55942028985508,Yes,1
404,3067-SVMTC,404,404,404,68,55.9,3848.8,56.6,No,0
405,5495-GPSRW,405,405,405,20,19.7,419.4,20.97,No,0
406,7606-BPHHN,406,406,406,72,19.8,1468.75,20.399305555555557,No,0
407,4742-DRORA,407,407,407,60,95.4,5812.0,96.86666666666666,No,0
408,0111-KLBQG,408,408,408,32,93.95,2861.45,89.4203125,No,0
409,4800-VHZKI,409,409,409,1,19.9,19.9,19.9,Yes,1
410,7989-CHGTL,410,410,410,1,19.6,19.6,19.6,Yes,1
411,0334-GDDSO,411,411,411,3,81.35,233.7,77.89999999999999,Yes,1
412,4163-NCJAK,412,412,412,46,24.45,1066.15,23.17717391304348,No,0
413,5233-AOZUF,413,413,413,29,74.95,2149.05,74.10517241379311,No,0
414,5973-EJGDP,414,414,414,51,87.35,4473.0,87.70588235294117,No,0
415,1996-DBMUS,415,415,415,48,70.65,3545.05,73.85520833333334,No,0
416,7916-VCCPB,416,416,416,16,73.25,1195.75,74.734375,No,0
417,4686-GEFRM,417,417,417,70,98.7,6858.9,97.9842857142857,No,0
418,5249-QYHEX,418,418,418,40,24.8,1024.7,25.6175,No,0
419,0578-SKVMF,419,419,419,22,83.3,1845.9,83.90454545454546,Yes,1
420,5564-NEMQO,420,420,420,1,75.3,75.3,75.3,Yes,1
421,2233-FAGXV,421,421,421,5,24.3,132.25,26.45,No,0
422,5605-IYGFG,422,422,422,7,69.85,515.45,73.63571428571429,No,0
423,7663-ZTEGJ,423,423,423,29,100.55,2830.45,97.60172413793103,No,0
424,3935-TBRZZ,424,424,424,44,25.7,1110.5,25.238636363636363,No,0
425,8111-BKVDS,425,425,425,10,40.7,449.3,44.93,No,0
426,2055-SIFSS,426,426,426,55,51.65,2838.55,51.61000000000001,No,0
427,2806-MLNTI,427,427,427,52,105.1,5376.4,103.39230769230768,No,0
428,8734-DKSTZ,428,428,428,10,85.95,858.6,85.86,No,0
429,4360-PNRQB,429,429,429,18,75.6,1395.05,77.50277777777778,No,0
430,6152-ONASV,430,430,430,68,58.25,3975.7,58.46617647058823,No,0
431,9063-ZGTUY,431,431,431,61,19.4,1182.55,19.38606557377049,Yes,1
432,7781-HVGMK,432,432,432,72,65.2,4784.45,66.45069444444444,No,0
433,2181-UAESM,433,433,433,2,53.45,119.5,59.75,No,0
434,2957-LOLHO,434,434,434,12,45.4,518.9,43.24166666666667,Yes,1
435,6048-NJXHX,435,435,435,41,19.75,899.45,21.93780487804878,No,0
436,2320-SLKMB,436,436,436,26,44.45,1183.8,45.53076923076923,No,0
437,4980-URKXC,437,437,437,36,20.85,720.05,20.001388888888886,No,0
438,4376-KFVRS,438,438,438,72,114.05,8468.2,117.6138888888889,No,0
439,5886-VLQVU,439,439,439,35,89.85,3161.2,90.32,No,0
440,3577-AMVUX,440,440,440,1,55.05,55.05,55.05,No,0
441,0771-WLCLA,441,441,441,16,112.95,1882.55,117.659375,No,0
442,5628-RKIFK,442,442,442,49,101.55,5070.4,103.47755102040816,No,0
443,0206-TBWLC,443,443,443,54,114.65,6049.5,112.02777777777777,No,0
444,2937-FTHUR,444,444,444,18,64.8,1166.7,64.81666666666666,No,0
445,1910-FMXJM,445,445,445,36,80.4,2937.65,81.60138888888889,No,0
446,7752-XUSCI,446,446,446,60,105.9,6396.45,106.6075,Yes,1
447,4110-PFEUZ,447,447,447,1,69.55,69.55,69.55,Yes,1
448,0732-OCQOC,448,448,448,52,25.05,1270.25,24.427884615384617,No,0
449,5168-MSWXT,449,449,449,8,94.75,759.55,94.94375,No,0
450,1090-ESELR,450,450,450,72,105.5,7611.55,105.71597222222222,No,0
451,8592-PLTMQ,451,451,451,64,24.7,1642.75,25.66796875,No,0
452,5760-WRAHC,452,452,452,22,69.75,1545.4,70.24545454545455,No,0
453,8847-GEOOQ,453,453,453,60,60.2,3582.4,59.70666666666667,No,0
454,0256-LTHVJ,454,454,454,28,81.05,2227.1,79.53928571428571,Yes,1
455,4785-FCIFB,455,455,455,61,24.4,1417.9,23.24426229508197,No,0
456,8313-NDOIA,456,456,456,24,104.15,2494.65,103.94375000000001,No,0
457,5149-CUZUJ,457,457,457,28,92.9,2768.35,98.86964285714285,No,0
458,0942-KOWSM,458,458,458,30,80.8,2369.3,78.97666666666667,No,0
459,4237-CLSMM,459,459,459,2,20.0,38.0,19.0,No,0
460,1452-VOQCH,460,460,460,1,75.1,75.1,75.1,No,0
461,4719-UMSIY,461,461,461,6,19.65,100.9,16.816666666666666,No,0
462,6614-VBEGU,462,462,462,24,69.45,1614.05,67.25208333333333,No,0
463,0880-TKATG,463,463,463,4,101.15,385.9,96.475,Yes,1
464,3811-VBYBZ,464,464,464,7,99.8,673.25,96.17857142857143,Yes,1
465,1480-BKXGA,465,465,465,72,116.05,8404.9,116.73472222222222,No,0
466,2996-XAUVF,466,466,466,70,40.05,2799.75,39.996428571428574,No,0
467,9076-AXYIK,467,467,467,64,102.1,6538.45,102.16328125,No,0
468,5968-XQIVE,468,468,468,72,89.7,6588.95,91.51319444444444,No,0
469,8896-RAZCR,469,469,469,44,19.9,868.1,19.729545454545455,No,0
470,4640-UHDOS,470,470,470,13,55.95,734.35,56.48846153846154,Yes,1
471,4933-IKULF,471,471,471,17,20.65,330.6,19.447058823529414,No,0
472,3583-EKAPL,472,472,472,1,55.0,55.0,55.0,Yes,1
473,1304-BCCFO,473,473,473,9,70.05,564.4,62.71111111111111,No,0
474,4104-PVRPS,474,474,474,24,53.6,1315.35,54.80625,No,0
475,9399-APLBT,475,475,475,1,74.7,74.7,74.7,Yes,1
476,2359-KMGLI,476,476,476,24,80.25,1861.5,77.5625,Yes,1
477,3780-DDGSE,477,477,477,35,76.05,2747.2,78.49142857142857,No,0
478,4431-EDMIQ,478,478,478,7,75.7,554.05,79.14999999999999,No,0
479,0306-JAELE,479,479,479,5,96.1,453.4,90.67999999999999,Yes,1
480,6227-HWPWX,480,480,480,15,69.0,994.8,66.32,Yes,1
481,0486-LGCCH,481,481,481,11,19.65,225.75,20.522727272727273,No,0
482,0447-BEMNG,482,482,482,48,45.3,2145.0,44.6875,Yes,1
483,4612-SSVHJ,483,483,483,20,81.45,1671.6,83.58,No,0
484,5168-MQQCA,484,484,484,72,108.5,8003.8,111.16388888888889,No,0
485,5949-XIKAE,485,485,485,8,83.55,680.05,85.00625,Yes,1
486,7971-HLVXI,486,486,486,72,84.5,6130.85,85.15069444444445,No,0
487,9094-AZPHK,487,487,487,15,100.15,1415.0,94.33333333333333,No,0
488,3649-JPUGY,488,488,488,72,88.6,6201.95,86.13819444444444,No,0
489,4472-LVYGI,489,489,489,0,52.55,,52.55,No,0
490,8372-JUXUI,490,490,490,1,74.35,74.35,74.35,Yes,1
491,3552-CTCYF,491,491,491,63,104.8,6597.25,104.71825396825396,No,0
492,6778-YSNIH,492,492,492,2,59.0,114.15,57.075,No,0
493,0388-EOPEX,493,493,493,2,74.4,139.4,69.7,Yes,1
494,5756-OZRIO,494,494,494,61,64.05,3902.6,63.97704918032787,No,0
495,6579-JPICP,495,495,495,1,20.4,20.4,20.4,No,0
496,8205-OTCHB,496,496,496,22,43.75,903.6,41.07272727272727,Yes,1
497,4134-BSXLX,497,497,497,28,60.9,1785.65,63.77321428571429,No,0
498,0505-SPOOW,498,498,498,70,19.8,1397.65,19.966428571428573,No,0
499,6235-VDHOM,499,499,499,5,28.45,131.05,26.21,Yes,1
500,7783-YKGDV,500,500,500,12,99.7,1238.45,103.20416666666667,Yes,1
501,4374-YMUSQ,501,501,501,34,116.25,3899.05,114.6779411764706,No,0
502,4513-CXYIX,502,502,502,71,80.7,5676.0,79.94366197183099,No,0
503,3957-HHLMR,503,503,503,70,65.2,4543.15,64.90214285714285,No,0
504,7803-XOCCZ,504,504,504,52,84.05,4326.8,83.20769230769231,No,0
505,5736-YEJAX,505,505,505,69,79.45,5502.55,79.74710144927536,No,0
506,5609-CEBID,506,506,506,20,94.1,1782.4,89.12,Yes,1
507,8981-FJGLA,507,507,507,11,78.0,851.8,77.43636363636364,No,0
508,7218-HKQFK,508,508,508,2,94.2,167.5,83.75,Yes,1
509,4636-QRJKY,509,509,509,6,80.5,502.85,83.80833333333334,Yes,1
510,1135-LMECX,510,510,510,1,19.85,19.85,19.85,No,0
511,4332-MUOEZ,511,511,511,20,94.3,1818.3,90.91499999999999,No,0
512,8535-SFUTN,512,512,512,61,106.45,6300.15,103.2811475409836,No,0
513,5956-VKDTT,513,513,513,5,74.35,334.8,66.96000000000001,Yes,1
514,8677-HDZEE,514,514,514,56,105.45,5916.95,105.65982142857142,No,0
515,2475-MROZF,515,515,515,30,95.0,2852.4,95.08,No,0
516,9412-GHEEC,516,516,516,40,104.8,4131.95,103.29875,Yes,1
517,3482-ABPKK,517,517,517,28,54.3,1546.3,55.225,No,0
518,6705-LXORM,518,518,518,5,70.05,302.6,60.52,No,0
519,0257-ZESQC,519,519,519,27,75.2,1929.35,71.4574074074074,Yes,1
520,7531-GQHME,520,520,520,12,20.05,265.45,22.120833333333334,No,0
521,5174-ITUMV,521,521,521,67,105.4,6989.45,104.32014925373134,No,0
522,4109-CYRBD,522,522,522,29,51.6,1442.0,49.724137931034484,No,0
523,0913-XWSCN,523,523,523,55,85.5,4713.4,85.69818181818181,No,0
524,6825-UYPFK,524,524,524,23,75.6,1758.6,76.4608695652174,Yes,1
525,8397-MVTAZ,525,525,525,34,100.05,3480.0,102.3529411764706,Yes,1
526,0750-EBAIU,526,526,526,52,91.25,4738.3,91.12115384615385,No,0
527,8606-CIQUL,527,527,527,72,115.75,8399.15,116.6548611111111,No,0
528,3571-DPYUH,528,528,528,58,94.7,5430.35,93.62672413793103,No,0
529,7601-GNDYK,529,529,529,35,19.6,686.95,19.627142857142857,No,0
530,0356-OBMAC,530,530,530,56,99.9,5706.3,101.89821428571429,No,0
531,8067-NIOYM,531,531,531,24,21.1,490.65,20.443749999999998,No,0
532,1403-GYAFU,532,532,532,70,20.05,1360.25,19.432142857142857,No,0
533,4234-XTNEA,533,533,533,2,79.95,174.45,87.225,No,0
534,1297-VQDRP,534,534,534,68,107.15,7379.8,108.5264705882353,No,0
535,9282-IZGQK,535,535,535,1,85.0,85.0,85.0,Yes,1
536,5348-CAGXB,536,536,536,12,89.55,1021.75,85.14583333333333,No,0
537,0621-HJWXJ,537,537,537,63,81.55,5029.05,79.82619047619048,No,0
538,5844-QVTAT,538,538,538,33,58.45,1955.4,59.25454545454546,No,0
539,8905-IAZPF,539,539,539,69,95.65,6744.2,97.74202898550725,No,0
540,5394-MEITZ,540,540,540,60,80.6,4946.7,82.445,No,0
541,6859-QNXIQ,541,541,541,72,113.1,8248.5,114.5625,No,0
542,2782-LFZVW,542,542,542,11,58.95,601.6,54.690909090909095,No,0
543,2866-IKBTM,543,543,543,1,19.55,19.55,19.55,No,0
544,1342-JPNKI,544,544,544,10,86.05,834.1,83.41,Yes,1
545,2817-NTQDO,545,545,545,13,45.55,597.0,45.92307692307692,Yes,1
546,7129-AZJDE,546,546,546,34,78.95,2647.2,77.85882352941177,No,0
547,6986-IJDHX,547,547,547,39,86.3,3266.0,83.74358974358974,Yes,1
548,2560-PPCHE,548,548,548,65,105.05,6744.25,103.75769230769231,No,0
549,4676-MQUEA,549,549,549,50,101.9,5265.5,105.31,No,0
550,8138-EALND,550,550,550,15,19.75,311.6,20.773333333333333,No,0
551,3580-HYCSP,551,551,551,72,110.3,7966.9,110.65138888888889,No,0
552,1352-HNSAW,552,552,552,72,115.6,8220.4,114.17222222222222,No,0
553,2075-PUEPR,553,553,553,55,19.35,1153.25,20.96818181818182,No,0
554,1982-FEBTD,554,554,554,23,25.6,514.75,22.380434782608695,No,0
555,5301-GAUUY,555,555,555,32,80.35,2596.15,81.1296875,Yes,1
556,5791-KAJFD,556,556,556,56,68.75,3808.0,68.0,No,0
557,2654-VBVPB,557,557,557,1,19.9,19.9,19.9,No,0
558,1154-HYWWO,558,558,558,38,70.6,2708.2,71.26842105263158,No,0
559,2501-XWWTZ,559,559,559,11,70.2,760.05,69.09545454545454,No,0
560,3716-UVSPD,560,560,560,1,49.3,49.3,49.3,No,0
561,6815-ABQFQ,561,561,561,56,107.25,6033.3,107.7375,No,0
562,7343-EOBEU,562,562,562,3,23.6,89.05,29.683333333333334,No,0
563,3701-SFMUH,563,563,563,7,69.7,516.15,73.73571428571428,No,0
564,6103-LIANB,564,564,564,59,99.5,5861.75,99.35169491525424,No,0
565,7319-VENRZ,565,565,565,7,64.3,445.95,63.707142857142856,No,0
566,5846-NEQVZ,566,566,566,71,70.85,4973.4,70.04788732394366,No,0
567,6967-QIQRV,567,567,567,15,101.9,1667.25,111.15,No,0
568,5781-RFZRP,568,568,568,71,73.5,5357.75,75.46126760563381,No,0
569,0939-YAPAF,569,569,569,35,100.25,3527.6,100.78857142857143,Yes,1
570,0308-IVGOK,570,570,570,11,40.4,422.6,38.41818181818182,No,0
571,7293-LSCDV,571,571,571,60,19.25,1103.25,18.3875,No,0
572,7025-WCBNE,572,572,572,47,59.6,2754.0,58.59574468085106,No,0
573,5756-JYOJT,573,573,573,11,64.9,697.25,63.38636363636363,No,0
574,4710-FDUIZ,574,574,574,56,100.3,5614.45,100.25803571428571,Yes,1
575,6030-REHUX,575,575,575,28,110.85,3204.4,114.44285714285715,No,0
576,9548-LIGTA,576,576,576,61,81.05,4747.65,77.83032786885245,No,0
577,5150-LJNSR,577,577,577,31,98.05,3082.1,99.42258064516129,No,0
578,8270-RKSAP,578,578,578,9,70.5,597.9,66.43333333333334,No,0
579,6522-YRBXD,579,579,579,35,94.55,3365.4,96.15428571428572,No,0
580,2640-LYMOV,580,580,580,2,19.65,38.8,19.4,No,0
581,1218-VKFPE,581,581,581,12,19.0,233.55,19.462500000000002,Yes,1
582,3627-FHKBK,582,582,582,1,75.3,75.3,75.3,Yes,1
583,2865-TCHJW,583,583,583,4,89.2,346.2,86.55,Yes,1
584,1423-BMPBQ,584,584,584,1,19.0,19.0,19.0,No,0
585,2393-DIVAI,585,585,585,3,20.0,61.7,20.566666666666666,No,0
586,5192-EBGOV,586,586,586,1,85.7,85.7,85.7,Yes,1
587,4568-KNYWR,587,587,587,52,63.25,3342.45,64.27788461538461,No,0
588,8752-IMQOS,588,588,588,5,20.1,85.1,17.02,No,0
589,0742-LAFQK,589,589,589,72,99.15,7422.1,103.08472222222223,No,0
590,0795-LAFGP,590,590,590,71,90.4,6668.05,93.91619718309859,No,0
591,0619-OLYUR,591,591,591,72,111.9,8071.05,112.09791666666666,No,0
592,5512-IDZEI,592,592,592,46,24.9,1174.8,25.539130434782606,No,0
593,0459-SPZHJ,593,593,593,63,83.5,5435.0,86.26984126984127,No,0
594,0215-BQKGS,594,594,594,30,84.3,2438.6,81.28666666666666,No,0
595,9244-ZVAPM,595,595,595,1,45.6,45.6,45.6,No,0
596,0719-SYFRB,596,596,596,12,61.65,713.75,59.479166666666664,Yes,1
597,8208-EUMTE,597,597,597,16,54.85,916.15,57.259375,No,0
598,5172-MIGPM,598,598,598,4,65.55,237.2,59.3,No,0
599,1710-RCXUS,599,599,599,51,90.35,4614.55,90.48137254901961,No,0
600,0374-FIUCA,600,600,600,65,20.4,1414.45,21.76076923076923,No,0
601,5839-SUYVZ,601,601,601,16,74.55,1170.5,73.15625,No,0
602,5173-ZXXXL,602,602,602,2,19.95,47.7,23.85,No,0
603,1096-ADRUX,603,603,603,66,74.25,4859.25,73.625,No,0
604,2001-MCUUW,604,604,604,46,108.65,4903.2,106.59130434782608,No,0
605,2731-GJRDG,605,605,605,32,109.55,3608.0,112.75,No,0
606,4723-BEGSG,606,606,606,72,86.65,6094.25,84.64236111111111,No,0
607,6516-NKQBO,607,607,607,38,81.0,3084.9,81.18157894736842,No,0
608,8672-OAUPW,608,608,608,51,47.85,2356.75,46.21078431372549,No,0
609,8207-DMRVL,609,609,609,72,114.55,8306.05,115.36180555555555,No,0
610,3419-SNJJD,610,610,610,65,105.25,6786.4,104.40615384615384,Yes,1
611,6543-CPZMK,611,611,611,9,29.95,248.95,27.66111111111111,Yes,1
612,4765-OXPPD,612,612,612,9,65.0,663.05,73.67222222222222,Yes,1
613,2804-ETQDK,613,613,613,66,20.55,1357.1,20.562121212121212,No,0
614,6689-VRRTK,614,614,614,44,109.8,4860.35,110.4625,No,0
615,7138-GIRSH,615,615,615,50,69.5,3418.2,68.36399999999999,No,0
616,9396-ZSFLL,616,616,616,15,48.85,631.4,42.093333333333334,No,0
617,6464-KEXXH,617,617,617,8,25.25,186.3,23.2875,No,0
618,7134-MJPDY,618,618,618,66,102.85,6976.75,105.70833333333333,No,0
619,5240-CAOYT,619,619,619,57,87.55,4884.85,85.69912280701755,No,0
620,4059-IIEBK,620,620,620,7,78.55,522.95,74.70714285714287,No,0
621,4881-JVQOD,621,621,621,10,34.55,362.6,36.260000000000005,No,0
622,0516-UXRMT,622,622,622,62,92.05,5755.8,92.83548387096775,No,0
623,4851-BQDNX,623,623,623,40,85.05,3355.65,83.89125,No,0
624,5148-HKFIR,624,624,624,20,19.7,406.95,20.3475,No,0
625,1009-IRMNA,625,625,625,7,20.0,137.6,19.657142857142855,Yes,1
626,3003-CMDUU,626,626,626,25,95.15,2395.7,95.82799999999999,No,0
627,5016-IBERQ,627,627,627,23,84.25,1968.1,85.5695652173913,No,0
628,6797-UCJHZ,628,628,628,66,104.6,6819.45,103.325,No,0
629,2469-DTSGX,629,629,629,72,111.65,7943.45,110.32569444444444,No,0
630,4554-YGZIH,630,630,630,49,90.05,4547.25,92.80102040816327,Yes,1
631,5099-BAILX,631,631,631,43,110.75,4687.9,109.02093023255813,Yes,1
632,9931-KGHOA,632,632,632,46,55.0,2473.95,53.78152173913043,No,0
633,1775-KWJKQ,633,633,633,72,89.85,6562.9,91.15138888888889,No,0
634,7665-VIGUD,634,634,634,10,20.35,176.3,17.630000000000003,No,0
635,9411-TPQQV,635,635,635,40,54.55,2236.2,55.904999999999994,No,0
636,7207-RMRDB,636,636,636,65,105.5,6985.65,107.47153846153846,Yes,1
637,7954-MLBUN,637,637,637,31,99.45,3109.9,100.31935483870969,No,0
638,2077-DDHJK,638,638,638,68,70.9,4911.35,72.22573529411765,No,0
639,4913-EHYUI,639,639,639,56,104.55,5794.65,103.47589285714285,Yes,1
640,0195-IESCP,640,640,640,10,85.25,855.3,85.53,Yes,1
641,9574-BOSMD,641,641,641,68,25.4,1620.2,23.826470588235296,No,0
642,4580-TMHJU,642,642,642,43,56.15,2499.3,58.12325581395349,Yes,1
643,0970-ETWGE,643,643,643,1,89.55,89.55,89.55,Yes,1
644,4908-XAXAY,644,644,644,49,89.85,4287.2,87.4938775510204,No,0
645,8404-VLQFB,645,645,645,15,25.25,394.85,26.323333333333334,No,0
646,1626-ERCMM,646,646,646,20,94.55,1899.65,94.9825,Yes,1
647,0887-HJGAR,647,647,647,1,45.7,45.7,45.7,Yes,1
648,2391-IPLOP,648,648,648,50,69.65,3442.15,68.843,No,0
649,5644-PDMZC,649,649,649,2,89.5,161.5,80.75,Yes,1
650,3509-GWQGF,650,650,650,24,70.0,1732.6,72.19166666666666,No,0
651,9576-ANLXO,651,651,651,3,69.55,222.3,74.10000000000001,Yes,1
652,2024-BASKD,652,652,652,1,74.6,74.6,74.6,Yes,1
653,5845-BZZIB,653,653,653,35,20.1,655.3,18.72285714285714,No,0
654,1140-UKVZG,654,654,654,17,24.8,475.25,27.955882352941178,No,0
655,4160-AMJTL,655,655,655,8,19.65,164.3,20.5375,Yes,1
656,5183-SNMJQ,656,656,656,10,95.1,865.1,86.51,No,0
657,8100-PNJMH,657,657,657,68,88.85,6132.7,90.18676470588235,No,0
658,7838-LAZFO,658,658,658,45,78.8,3597.5,79.94444444444444,No,0
659,4464-JCOLN,659,659,659,2,19.85,35.9,17.95,Yes,1
660,2085-JVGAD,660,660,660,37,20.35,697.65,18.855405405405406,No,0
661,5650-VDUDS,661,661,661,4,24.25,96.05,24.0125,Yes,1
662,8095-WANWK,662,662,662,10,45.25,428.7,42.87,No,0
663,3030-ZKIWL,663,663,663,1,20.05,20.05,20.05,No,0
664,9565-FLVCG,664,664,664,65,69.55,4459.15,68.60230769230769,No,0
665,8755-OGKNA,665,665,665,57,19.5,1167.6,20.48421052631579,No,0
666,2800-VEQXM,666,666,666,3,74.75,238.1,79.36666666666666,No,0
667,7538-GWHML,667,667,667,2,69.65,145.15,72.575,Yes,1
668,5533-RJFTJ,668,668,668,49,30.2,1453.1,29.655102040816324,No,0
669,3859-CVCET,669,669,669,4,45.65,191.05,47.7625,Yes,1
670,0214-JHPFW,670,670,670,70,57.8,4039.3,57.70428571428572,No,0
671,5642-MHDQT,671,671,671,53,19.85,1039.45,19.612264150943396,No,0
672,3088-FVYWK,672,672,672,53,25.55,1336.1,25.20943396226415,No,0
673,3276-HDUEG,673,673,673,1,75.05,75.05,75.05,Yes,1
674,9092-GDZKO,674,674,674,22,24.85,493.4,22.427272727272726,No,0
675,0823-HSCDJ,675,675,675,52,49.15,2550.9,49.05576923076923,Yes,1
676,3729-OWRVL,676,676,676,65,110.35,7246.15,111.47923076923077,No,0
677,2324-AALNO,677,677,677,48,24.55,1203.95,25.082291666666666,No,0
678,0822-GAVAP,678,678,678,2,34.7,62.25,31.125,Yes,1
679,5760-IFJOZ,679,679,679,3,107.95,313.6,104.53333333333335,No,0
680,2826-UWHIS,680,680,680,45,81.4,3775.85,83.90777777777778,No,0
681,1448-PWKYE,681,681,681,1,80.0,80.0,80.0,Yes,1
682,7501-IWUNG,682,682,682,61,73.8,4616.05,75.67295081967214,No,0
683,4957-TREIR,683,683,683,3,64.4,195.65,65.21666666666667,No,0
684,7251-LJBQN,684,684,684,40,103.75,4188.4,104.71,No,0
685,8040-MNRTF,685,685,685,1,71.1,71.1,71.1,No,0
686,1536-HBSWP,686,686,686,1,49.9,49.9,49.9,No,0
687,5313-FPXWG,687,687,687,51,24.6,1266.4,24.83137254901961,No,0
688,0067-DKWBL,688,688,688,2,49.25,91.1,45.55,Yes,1
689,0946-FKYTX,689,689,689,52,30.1,1623.4,31.21923076923077,No,0
690,5076-YVXCM,690,690,690,51,83.4,4149.45,81.36176470588235,No,0
691,8262-COGGB,691,691,691,1,20.45,20.45,20.45,No,0
692,6663-JOCQO,692,692,692,31,75.25,2344.5,75.62903225806451,No,0
693,9620-QJREV,693,693,693,47,20.55,1013.05,21.554255319148936,No,0
694,2276-YDAVZ,694,694,694,3,75.1,270.7,90.23333333333333,Yes,1
695,2682-KEVRP,695,695,695,22,20.05,417.0,18.954545454545453,No,0
696,2480-JZOSN,696,696,696,1,20.65,20.65,20.65,No,0
697,0078-XZMHT,697,697,697,72,85.15,6316.2,87.725,No,0
698,5896-NPFWW,698,698,698,3,50.15,168.15,56.050000000000004,Yes,1
699,9978-HYCIN,699,699,699,47,84.95,4018.05,85.4904255319149,No,0
700,8338-QIUNR,700,700,700,72,66.5,4811.6,66.82777777777778,No,0
701,1525-LNLOJ,701,701,701,66,63.3,4189.7,63.48030303030303,No,0
702,9450-TRJUU,702,702,702,35,83.15,2848.45,81.38428571428571,No,0
703,1766-GKNMI,703,703,703,29,84.9,2516.2,86.7655172413793,No,0
704,6942-LBFDP,704,704,704,2,20.55,33.6,16.8,No,0
705,1456-TWCGB,705,705,705,4,49.25,208.45,52.1125,No,0
706,7133-VBDCG,706,706,706,25,79.85,2015.35,80.61399999999999,Yes,1
707,7596-ZYWBB,707,707,707,65,59.6,3739.8,57.535384615384615,No,0
708,8329-UTMVM,708,708,708,27,104.65,2964.0,109.77777777777777,No,0
709,3014-WJKSM,709,709,709,29,75.3,2263.4,78.04827586206896,No,0
710,3347-YJZZE,710,710,710,29,80.1,2211.8,76.26896551724138,No,0
711,1029-QFBEN,711,711,711,1,19.55,19.55,19.55,Yes,1
712,7929-DMBCV,712,712,712,20,81.0,1683.7,84.185,No,0
713,9661-JALZV,713,713,713,58,24.7,1519.0,26.189655172413794,No,0
714,5433-KYGHE,714,714,714,14,86.0,1164.05,83.14642857142857,No,0
715,4312-KFRXN,715,715,715,72,25.4,1710.9,23.762500000000003,No,0
716,5575-TPIZQ,716,716,716,46,89.15,4245.55,92.29456521739131,No,0
717,0114-IGABW,717,717,717,71,58.25,4145.9,58.39295774647887,No,0
718,9944-AEXBM,718,718,718,32,85.65,2664.3,83.259375,No,0
719,1853-ARAAQ,719,719,719,26,50.35,1277.5,49.13461538461539,No,0
720,6952-OMNWB,720,720,720,68,80.35,5589.3,82.19558823529412,No,0
721,4697-LUPSU,721,721,721,2,20.2,34.75,17.375,No,0
722,8434-VGEQQ,722,722,722,61,20.55,1305.95,21.409016393442624,No,0
723,4952-YSOGZ,723,723,723,4,85.95,381.3,95.325,Yes,1
724,1589-AGTLK,724,724,724,3,45.35,141.5,47.166666666666664,Yes,1
725,5244-IRFIH,725,725,725,33,94.5,3105.55,94.10757575757576,Yes,1
726,6549-YMFAW,726,726,726,9,21.25,204.55,22.727777777777778,No,0
727,4950-HKQTE,727,727,727,22,26.25,605.9,27.54090909090909,No,0
728,6786-OBWQR,728,728,728,5,80.85,356.1,71.22,No,0
729,2684-EIWEO,729,729,729,30,91.7,2758.15,91.93833333333333,Yes,1
730,2753-JMMCV,730,730,730,65,74.2,4805.65,73.93307692307691,No,0
731,6439-GTPCA,731,731,731,45,87.25,3941.7,87.59333333333333,Yes,1
732,6621-YOBKI,732,732,732,5,20.35,92.75,18.55,No,0
733,1216-JWVUX,733,733,733,25,75.5,1901.05,76.042,No,0
734,7564-GHCVB,734,734,734,72,79.05,5730.7,79.59305555555555,No,0
735,1173-NOEYG,735,735,735,27,90.15,2423.4,89.75555555555556,No,0
736,7595-EHCDL,736,736,736,32,50.6,1653.45,51.6703125,No,0
737,6647-ZEDXT,737,737,737,30,110.45,3327.05,110.90166666666667,No,0
738,2521-NPUZR,738,738,738,70,101.0,7085.5,101.22142857142858,No,0
739,1307-TVUFB,739,739,739,42,79.35,3344.1,79.62142857142857,No,0
740,7503-MIOGA,740,740,740,72,89.85,6697.35,93.01875000000001,No,0
741,4381-MHQDC,741,741,741,47,65.0,2879.9,61.274468085106385,No,0
742,6923-JHPMP,742,742,742,2,80.45,137.1,68.55,No,0
743,5138-WVKYJ,743,743,743,10,98.55,1008.55,100.85499999999999,Yes,1
744,4018-PPNDW,744,744,744,61,24.1,1551.6,25.43606557377049,No,0
745,1635-FJFCC,745,745,745,5,44.05,202.15,40.43,No,0
746,2499-AJYUA,746,746,746,72,110.8,7882.25,109.47569444444444,No,0
747,6919-ELBGL,747,747,747,72,114.95,8196.4,113.83888888888889,No,0
748,3966-HRMZA,748,748,748,3,75.05,202.9,67.63333333333334,No,0
749,6425-JWTDV,749,749,749,48,19.25,855.1,17.814583333333335,No,0
750,8405-IGQFX,750,750,750,63,90.05,5817.0,92.33333333333333,No,0
751,8224-IVVPA,751,751,751,27,56.7,1652.95,61.220370370370375,No,0
752,9477-LGWQI,752,752,752,70,80.15,5600.15,80.00214285714286,No,0
753,1410-RSCMR,753,753,753,7,71.35,515.75,73.67857142857143,No,0
754,3115-CZMZD,754,754,754,0,20.25,,20.25,No,0
755,0139-IVFJG,755,755,755,2,90.35,190.5,95.25,No,0
756,6683-VLCTZ,756,756,756,20,98.55,1842.8,92.14,Yes,1
757,5730-DBDSI,757,757,757,66,19.7,1253.8,18.996969696969696,No,0
758,0030-FNXPP,758,758,758,3,19.85,57.2,19.066666666666666,No,0
759,2189-WWOEW,759,759,759,15,85.9,1269.55,84.63666666666667,Yes,1
760,5684-FJVYR,760,760,760,72,90.35,6563.4,91.15833333333333,No,0
761,4013-GUXND,761,761,761,1,20.8,20.8,20.8,No,0
762,1894-IGFSG,762,762,762,22,89.25,1907.85,86.72045454545454,Yes,1
763,7379-POKDZ,763,763,763,3,70.3,208.85,69.61666666666666,Yes,1
764,1266-NZYUI,764,764,764,72,66.85,4758.8,66.09444444444445,No,0
765,7969-FFOWG,765,765,765,65,19.9,1292.6,19.886153846153846,No,0
766,4718-DHSMV,766,766,766,11,35.8,363.15,33.01363636363636,No,0
767,5175-WLYXL,767,767,767,22,78.85,1600.25,72.73863636363636,No,0
768,7817-OMJNA,768,768,768,14,20.4,275.7,19.692857142857143,No,0
769,8728-SKJLR,769,769,769,41,74.25,3089.1,75.34390243902439,No,0
770,3137-NYQQI,770,770,770,17,64.8,1175.6,69.15294117647058,No,0
771,7706-DZNKK,771,771,771,11,20.45,237.3,21.572727272727274,No,0
772,0236-HFWSV,772,772,772,15,93.35,1444.65,96.31,Yes,1
773,3900-AQPHZ,773,773,773,1,19.9,19.9,19.9,Yes,1
774,5842-POCOP,774,774,774,5,88.9,454.15,90.83,Yes,1
775,2037-XJFUP,775,775,775,33,95.8,3036.75,92.02272727272727,Yes,1
776,8823-RLPWL,776,776,776,72,110.65,8065.65,112.02291666666666,No,0
777,9505-SQFSW,777,777,777,3,40.3,92.5,30.833333333333332,No,0
778,7314-OXENN,778,778,778,2,82.0,184.65,92.325,Yes,1
779,3758-CKOQL,779,779,779,59,107.0,6152.3,104.27627118644068,No,0
780,0322-CHQRU,780,780,780,2,45.35,89.5,44.75,Yes,1
781,5676-CFLYY,781,781,781,71,73.35,5154.5,72.59859154929578,No,0
782,7521-AFHAB,782,782,782,5,44.8,220.45,44.089999999999996,No,0
783,0285-INHLN,783,783,783,27,54.75,1510.3,55.93703703703704,No,0
784,4678-DVQEO,784,784,784,1,52.2,52.2,52.2,Yes,1
785,5125-CNDSP,785,785,785,63,40.6,2588.95,41.09444444444444,No,0
786,0691-IFBQW,786,786,786,46,110.0,4874.8,105.97391304347826,Yes,1
787,4992-LTJNE,787,787,787,72,55.3,3983.6,55.327777777777776,No,0
788,2202-OUTMO,788,788,788,34,60.85,2003.6,58.92941176470588,No,0
789,0810-BDHAW,789,789,789,24,78.4,1832.4,76.35000000000001,No,0
790,0229-LFJAF,790,790,790,72,69.65,4908.25,68.17013888888889,No,0
791,7131-ZQZNK,791,791,791,60,59.85,3590.2,59.836666666666666,No,0
792,3442-ZHHCC,792,792,792,68,76.9,5023.0,73.86764705882354,No,0
793,5726-CVNYA,793,793,793,8,19.85,146.6,18.325,No,0
794,9871-ELEYA,794,794,794,34,67.65,2339.3,68.8029411764706,No,0
795,4257-GAESD,795,795,795,6,45.0,298.7,49.78333333333333,No,0
796,5173-WXOQV,796,796,796,2,64.2,143.65,71.825,No,0
797,2040-OBMLJ,797,797,797,31,81.7,2548.65,82.21451612903226,No,0
798,6286-ZHAOK,798,798,798,20,25.55,507.4,25.369999999999997,No,0
799,3807-XHCJH,799,799,799,1,20.0,20.0,20.0,No,0
800,3009-JWMPU,800,800,800,62,96.75,6125.4,98.79677419354839,Yes,1
801,5671-RQRLP,801,801,801,70,75.65,5411.4,77.30571428571427,No,0
802,1450-GALXR,802,802,802,10,98.5,1058.25,105.825,Yes,1
803,8859-AXJZP,803,803,803,39,23.8,903.8,23.174358974358974,No,0
804,3174-AKMAS,804,804,804,46,64.2,3009.5,65.42391304347827,No,0
805,3138-BKYAV,805,805,805,6,85.35,489.45,81.575,Yes,1
806,9926-PJHDQ,806,806,806,72,76.8,5468.45,75.95069444444444,No,0
807,7382-DFJTU,807,807,807,18,55.2,1058.1,58.78333333333333,No,0
808,2798-NYLMZ,808,808,808,71,108.55,7616.0,107.26760563380282,No,0
809,4289-DTDKW,809,809,809,40,101.3,4113.1,102.82750000000001,Yes,1
810,1820-TQVEV,810,810,810,1,69.55,69.55,69.55,Yes,1
811,2239-JALAW,811,811,811,58,103.25,6017.65,103.75258620689655,Yes,1
812,4853-RULSV,812,812,812,70,104.0,7250.15,103.57357142857143,Yes,1
813,8098-TDCBU,813,813,813,42,25.25,1108.2,26.385714285714286,No,0
814,3551-GAEGL,814,814,814,34,30.4,938.65,27.60735294117647,No,0
815,4785-NKHCX,815,815,815,5,20.05,94.15,18.830000000000002,No,0
816,3196-NVXLZ,816,816,816,25,84.6,2088.05,83.522,No,0
817,6275-YDUVO,817,817,817,2,86.2,178.7,89.35,Yes,1
818,0036-IHMOT,818,818,818,55,103.7,5656.75,102.85,No,0
819,0115-TFERT,819,819,819,21,111.2,2317.1,110.33809523809524,Yes,1
820,4178-EGMON,820,820,820,70,88.0,5986.45,85.52071428571428,No,0
821,4220-TINQT,821,821,821,61,106.35,6751.35,110.67786885245903,No,0
822,5318-YKDPV,822,822,822,43,79.15,3566.6,82.94418604651163,No,0
823,7975-TZMLR,823,823,823,47,103.1,4889.3,104.02765957446809,No,0
824,0295-QVKPB,824,824,824,5,63.95,318.1,63.620000000000005,No,0
825,4335-BSMJS,825,825,825,62,25.8,1563.95,25.225,No,0
826,2311-QYMUQ,826,826,826,16,89.45,1430.25,89.390625,Yes,1
827,3643-AHCFP,827,827,827,7,95.6,644.35,92.05,Yes,1
828,9146-JRIOX,828,828,828,14,25.55,372.45,26.603571428571428,No,0
829,3104-OWCGK,829,829,829,60,90.95,5453.4,90.89,Yes,1
830,5337-IIWKZ,830,830,830,34,44.85,1442.6,42.42941176470588,No,0
831,9101-BWFSS,831,831,831,50,108.55,5610.7,112.214,Yes,1
832,9650-VBUOG,832,832,832,38,25.05,963.95,25.367105263157896,No,0
833,3487-EARAT,833,833,833,70,74.1,5222.3,74.60428571428572,No,0
834,2672-TGEFF,834,834,834,37,88.8,3340.55,90.28513513513514,No,0
835,9231-ZJYAM,835,835,835,4,78.85,292.8,73.2,Yes,1
836,4250-WAROZ,836,836,836,60,93.25,5774.55,96.2425,No,0
837,8184-WMOFI,837,837,837,62,71.4,4487.3,72.3758064516129,No,0
838,6982-SSHFK,838,838,838,1,44.4,44.4,44.4,Yes,1
839,6092-QZVPP,839,839,839,36,79.2,2854.95,79.30416666666666,No,0
840,4625-LAMOB,840,840,840,44,20.4,905.55,20.580681818181816,No,0
841,0727-BMPLR,841,841,841,55,100.0,5509.3,100.16909090909091,Yes,1
842,0392-BZIUW,842,842,842,72,105.0,7589.8,105.41388888888889,No,0
843,1038-ZAGBI,843,843,843,12,19.8,229.6,19.133333333333333,Yes,1
844,6549-NNDYT,844,844,844,13,30.85,394.1,30.315384615384616,No,0
845,3027-ZTDHO,845,845,845,1,89.9,89.9,89.9,Yes,1
846,0422-OHQHQ,846,846,846,15,20.55,295.95,19.73,No,0
847,6916-HIJSE,847,847,847,65,84.85,5459.2,83.9876923076923,No,0
848,2316-ESMLS,848,848,848,12,33.15,444.75,37.0625,No,0
849,9778-OGKQZ,849,849,849,72,92.0,6782.15,94.19652777777777,No,0
850,7408-OFWXJ,850,850,850,72,89.8,6510.45,90.42291666666667,No,0
851,6007-TCTST,851,851,851,72,115.8,8476.5,117.72916666666667,No,0
852,2252-NKNSI,852,852,852,52,85.15,4461.85,85.8048076923077,No,0
853,8713-IGZSO,853,853,853,2,24.85,62.0,31.0,No,0
854,7905-TVXTA,854,854,854,5,64.35,352.65,70.53,No,0
855,7695-PKLCZ,855,855,855,68,20.5,1424.9,20.954411764705885,No,0
856,2382-BCKQJ,856,856,856,62,100.15,6413.65,103.44596774193548,Yes,1
857,8374-UULRV,857,857,857,72,86.05,6309.65,87.63402777777777,No,0
858,2207-NHRJK,858,858,858,1,50.8,50.8,50.8,Yes,1
859,3224-DFQNQ,859,859,859,66,89.0,5898.6,89.37272727272727,No,0
860,5275-PMFUT,860,860,860,72,64.8,4719.75,65.55208333333333,No,0
861,4795-UXVCJ,861,861,861,26,19.8,457.3,17.588461538461537,No,0
862,9777-IQHWP,862,862,862,64,93.4,5822.3,90.9734375,No,0
863,0947-MUGVO,863,863,863,20,73.65,1463.5,73.175,Yes,1
864,9944-HKVVB,864,864,864,3,95.1,307.4,102.46666666666665,Yes,1
865,4124-MMETB,865,865,865,22,94.65,2104.55,95.66136363636365,Yes,1
866,3671-SHRSP,866,866,866,4,80.6,319.15,79.7875,Yes,1
867,0979-MOZQI,867,867,867,62,39.0,2337.45,37.7008064516129,No,0
868,2732-ISEZX,868,868,868,5,20.5,104.3,20.86,No,0
869,3313-QKNKB,869,869,869,59,85.55,5084.65,86.18050847457627,Yes,1
870,0323-XWWTN,870,870,870,3,26.4,121.25,40.416666666666664,No,0
871,1937-OTUKY,871,871,871,72,98.2,7015.9,97.44305555555555,No,0
872,1573-LGXBA,872,872,872,57,97.55,5598.0,98.21052631578948,No,0
873,1764-VUUMT,873,873,873,66,19.95,1269.1,19.228787878787877,No,0
874,5073-WXOYN,874,874,874,60,50.8,3027.4,50.45666666666667,Yes,1
875,4713-ZBURT,875,875,875,45,99.7,4634.35,102.98555555555556,No,0
876,3050-GBUSH,876,876,876,3,34.8,113.95,37.983333333333334,No,0
877,0207-MDKNV,877,877,877,15,105.1,1582.75,105.51666666666667,Yes,1
878,7876-AEHIG,878,878,878,51,60.15,3077.0,60.333333333333336,No,0
879,7945-HLKEA,879,879,879,60,64.75,4039.5,67.325,No,0
880,9342-VNIMQ,880,880,880,33,54.65,1665.2,50.46060606060606,No,0
881,9851-KIELU,881,881,881,10,110.1,1043.3,104.33,Yes,1
882,3523-BRGUW,882,882,882,26,19.3,504.2,19.392307692307693,No,0
883,3908-BLSYF,883,883,883,6,83.9,497.55,82.925,Yes,1
884,3199-NPKCN,884,884,884,67,111.25,7511.65,112.1141791044776,No,0
885,5170-PTRKA,885,885,885,49,35.8,1782.0,36.36734693877551,No,0
886,4661-NJEUX,886,886,886,1,20.05,20.05,20.05,No,0
887,2123-AGEEN,887,887,887,7,84.35,609.65,87.09285714285714,No,0
888,1258-YMZNM,888,888,888,27,110.5,2857.6,105.83703703703704,No,0
889,0048-LUMLS,889,889,889,37,91.2,3247.55,87.77162162162162,No,0
890,7549-MYGPK,890,890,890,63,100.55,6215.35,98.65634920634922,Yes,1
891,5898-IGSLP,891,891,891,31,89.3,2823.0,91.06451612903226,No,0
892,3804-RVTGV,892,892,892,50,103.85,5017.9,100.35799999999999,Yes,1
893,6259-WJQLC,893,893,893,32,81.1,2619.25,81.8515625,No,0
894,9227-LUNBG,894,894,894,1,24.6,24.6,24.6,Yes,1
895,7997-EASSD,895,895,895,63,81.2,4965.1,78.81111111111112,No,0
896,0730-KOAVE,896,896,896,30,94.3,2679.7,89.32333333333332,No,0
897,8975-SKGRX,897,897,897,71,116.1,8310.55,117.04999999999998,No,0
898,0678-RLHVP,898,898,898,53,105.55,5682.25,107.2122641509434,No,0
899,4315-MURBD,899,899,899,12,98.9,1120.95,93.41250000000001,Yes,1
900,2267-FPIMA,900,900,900,50,94.4,4914.9,98.29799999999999,No,0
901,1051-GEJLJ,901,901,901,2,19.5,27.55,13.775,No,0
902,9734-YWGEX,902,902,902,9,98.3,923.5,102.61111111111111,Yes,1
903,2719-BDAQO,903,903,903,17,93.85,1625.65,95.62647058823529,Yes,1
904,5285-MVEHD,904,904,904,56,105.6,6068.65,108.36874999999999,No,0
905,0379-DJQHR,905,905,905,67,81.35,5398.6,80.57611940298509,No,0
906,0781-LKXBR,906,906,906,9,100.5,918.6,102.06666666666666,Yes,1
907,5543-QDCRY,907,907,907,4,56.4,234.85,58.7125,No,0
908,0297-RBCSG,908,908,908,19,65.35,1231.85,64.83421052631579,No,0
909,4694-PHWFW,909,909,909,8,19.95,170.9,21.3625,No,0
910,0835-JKADZ,910,910,910,71,111.25,7984.15,112.45281690140844,No,0
911,1907-UBQFC,911,911,911,10,72.85,688.65,68.865,Yes,1
912,7508-SMHXL,912,912,912,15,89.0,1288.3,85.88666666666667,No,0
913,3865-YIOTT,913,913,913,72,106.1,7848.5,109.00694444444444,No,0
914,5993-BQHEA,914,914,914,12,20.05,267.0,22.25,No,0
915,6024-RUGGH,915,915,915,72,25.2,1798.9,24.984722222222224,No,0
916,6513-EECDB,916,916,916,1,73.55,73.55,73.55,Yes,1
917,3956-CJUST,917,917,917,23,75.4,1643.55,71.45869565217392,No,0
918,4079-WWQQQ,918,918,918,72,65.55,4807.45,66.77013888888888,No,0
919,6103-BOCOU,919,919,919,26,80.7,2193.0,84.34615384615384,No,0
920,5149-TGWDZ,920,920,920,21,104.55,2239.4,106.63809523809525,No,0
921,7471-WNSUF,921,921,921,60,24.15,1505.9,25.098333333333336,No,0
922,8942-DBMHZ,922,922,922,12,20.45,255.35,21.279166666666665,No,0
923,4301-VVZKA,923,923,923,16,75.4,1189.4,74.3375,No,0
924,9199-PWQVC,924,924,924,63,79.7,4786.15,75.97063492063492,No,0
925,4824-GUCBY,925,925,925,22,81.7,1820.9,82.76818181818182,No,0
926,5393-HJZSM,926,926,926,32,76.3,2404.15,75.1296875,No,0
927,7074-IEVOJ,927,927,927,3,79.4,205.05,68.35000000000001,Yes,1
928,9625-QSTYE,928,928,928,13,81.15,952.3,73.25384615384615,Yes,1
929,0862-PRCBS,929,929,929,68,103.75,7039.45,103.52132352941176,No,0
930,8812-ZRHFP,930,930,930,30,86.45,2538.05,84.60166666666667,No,0
931,5146-CBVOE,931,931,931,16,75.1,1212.85,75.803125,No,0
932,0454-OKRCT,932,932,932,33,80.6,2651.1,80.33636363636363,No,0
933,5787-KXGIY,933,933,933,72,19.3,1304.8,18.12222222222222,No,0
934,4750-ZRXIU,934,934,934,4,84.6,360.1,90.025,Yes,1
935,4198-VFOEA,935,935,935,12,33.6,435.45,36.2875,No,0
936,6630-UJZMY,936,936,936,4,83.25,308.05,77.0125,No,0
937,5709-LVOEQ,937,937,937,0,80.85,,80.85,No,0
938,6400-BWQKW,938,938,938,6,79.05,434.5,72.41666666666667,Yes,1
939,2692-AQCPF,939,939,939,65,108.05,7118.9,109.52153846153846,No,0
940,0347-UBKUZ,940,940,940,15,19.9,320.45,21.363333333333333,No,0
941,0835-DUUIQ,941,941,941,24,21.05,531.55,22.147916666666664,No,0
942,0811-GSDTP,942,942,942,13,30.15,382.2,29.4,No,0
943,7567-ECMCM,943,943,943,24,79.85,2001.0,83.375,No,0
944,6115-ZTBFQ,944,944,944,72,65.5,4919.7,68.32916666666667,No,0
945,6353-BRMMA,945,945,945,54,104.1,5645.8,104.55185185185185,No,0
946,6680-WKXRZ,946,946,946,3,74.4,215.8,71.93333333333334,Yes,1
947,6231-WFGFH,947,947,947,4,20.5,77.6,19.4,No,0
948,9904-EHEVJ,948,948,948,32,91.35,2896.55,90.5171875,No,0
949,7028-DVOIQ,949,949,949,35,99.05,3395.8,97.02285714285715,Yes,1
950,6169-PPETC,950,950,950,35,20.5,759.35,21.695714285714285,No,0
951,4208-UFFGW,951,951,951,2,44.95,85.15,42.575,Yes,1
952,8584-KMVXD,952,952,952,8,75.6,535.55,66.94375,No,0
953,8467-WYNSR,953,953,953,22,55.1,1253.15,56.96136363636364,No,0
954,0851-DFJKB,954,954,954,15,58.95,955.15,63.67666666666666,No,0
955,5382-SOYZL,955,955,955,22,95.1,2162.6,98.3,No,0
956,9448-REEVD,956,956,956,1,44.7,44.7,44.7,Yes,1
957,3261-CQXOL,957,957,957,71,25.45,1813.35,25.54014084507042,No,0
958,8388-FYNPZ,958,958,958,4,56.75,245.15,61.2875,No,0
959,4002-BQWPQ,959,959,959,25,81.75,2028.8,81.152,No,0
960,5651-YLPRD,960,960,960,32,86.1,2723.75,85.1171875,No,0
961,2826-DXLQO,961,961,961,7,29.8,220.45,31.49285714285714,No,0
962,4378-BZYFP,962,962,962,17,20.5,365.8,21.51764705882353,No,0
963,9489-UTFKA,963,963,963,8,60.9,551.95,68.99375,No,0
964,4849-PYRLQ,964,964,964,56,73.25,4054.2,72.39642857142857,No,0
965,9117-SHLZX,965,965,965,1,45.7,45.7,45.7,Yes,1
966,9889-TMAHG,966,966,966,8,100.3,832.35,104.04375,Yes,1
967,4541-RMRLG,967,967,967,7,19.25,112.3,16.04285714285714,Yes,1
968,7764-BDPEE,968,968,968,3,20.85,60.65,20.216666666666665,No,0
969,3429-IFLEM,969,969,969,71,77.35,5550.1,78.17042253521127,No,0
970,3158-MOERK,970,970,970,2,96.0,174.8,87.4,Yes,1
971,7294-TMAOP,971,971,971,1,90.55,90.55,90.55,Yes,1
972,5002-GCQFH,972,972,972,49,93.85,4733.1,96.59387755102041,No,0
973,0556-FJEGU,973,973,973,58,70.1,4048.95,69.80948275862069,No,0
974,8919-FYFQZ,974,974,974,44,30.35,1359.7,30.902272727272727,Yes,1
975,0604-THJFP,975,975,975,59,75.95,4542.35,76.98898305084747,No,0
976,2834-JRTUA,976,976,976,71,108.05,7532.15,106.08661971830985,Yes,1
977,5875-YPQFJ,977,977,977,1,69.9,69.9,69.9,Yes,1
978,5879-SESNB,978,978,978,11,75.25,888.65,80.78636363636363,No,0
979,6646-QVXLR,979,979,979,62,103.75,6383.35,102.95725806451614,Yes,1
980,6461-PPAXN,980,980,980,35,54.95,1916.0,54.74285714285714,No,0
981,3318-ISQFQ,981,981,981,20,19.5,413.0,20.65,No,0
982,1106-HRLKZ,982,982,982,40,19.6,808.95,20.223750000000003,No,0
983,2483-XSSMZ,983,983,983,39,47.85,1886.4,48.369230769230775,No,0
984,8603-IJWDN,984,984,984,1,86.6,86.6,86.6,Yes,1
985,8165-ZJRNM,985,985,985,72,23.75,1679.25,23.322916666666668,No,0
986,9369-XFEHK,986,986,986,33,80.6,2656.5,80.5,Yes,1
987,2604-XVDAM,987,987,987,12,43.8,540.95,45.07916666666667,No,0
988,3717-OFRTN,988,988,988,1,19.75,19.75,19.75,No,0
989,9046-JBFWA,989,989,989,27,19.15,537.35,19.901851851851852,No,0
990,3280-NMUVX,990,990,990,34,19.6,678.8,19.96470588235294,No,0
991,1206-EHBDD,991,991,991,56,80.3,4513.65,80.60089285714285,No,0
992,8361-LBRDI,992,992,992,58,24.35,1423.85,24.54913793103448,No,0
993,4883-KCPZJ,993,993,993,22,25.25,555.4,25.245454545454546,No,0
994,9108-EQPNQ,994,994,994,10,26.1,225.55,22.555,No,0
995,7277-KAMWT,995,995,995,13,20.0,268.45,20.65,No,0
996,3842-IYKUE,996,996,996,35,85.3,2917.5,83.35714285714286,Yes,1
997,6641-XRPSU,997,997,997,34,70.0,2416.1,71.06176470588235,Yes,1
998,1374-DMZUI,998,998,998,4,94.3,424.45,106.1125,Yes,1
999,2545-LXYVJ,999,999,999,72,20.7,1492.1,20.72361111111111,No,0
1000,3234-VKACU,1000,1000,1000,2,70.3,132.4,66.2,No,0
1001,8357-EQXFO,1001,1001,1001,7,95.35,660.9,94.41428571428571,Yes,1
1002,1989-PRJHP,1002,1002,1002,27,75.5,1893.95,70.1462962962963,Yes,1
1003,8120-JDCAM,1003,1003,1003,4,69.55,284.9,71.225,No,0
1004,8917-FAEMR,1004,1004,1004,37,19.85,784.25,21.195945945945947,No,0
1005,7047-YXDMZ,1005,1005,1005,21,20.0,417.7,19.89047619047619,No,0
1006,2858-EIMXH,1006,1006,1006,53,95.85,5016.25,94.64622641509433,No,0
1007,9524-EGPJC,1007,1007,1007,18,90.1,1612.75,89.59722222222223,Yes,1
1008,6993-OHLXR,1008,1008,1008,2,68.95,119.75,59.875,Yes,1
1009,8818-XYFCQ,1009,1009,1009,32,99.55,3204.65,100.1453125,Yes,1
1010,6419-ZTTLE,1010,1010,1010,23,20.75,485.2,21.09565217391304,No,0
1011,0929-HYQEW,1011,1011,1011,3,50.15,160.85,53.61666666666667,No,0
1012,6614-YOLAC,1012,1012,1012,71,58.65,4145.25,58.38380281690141,No,0
1013,7426-RHZGU,1013,1013,1013,9,95.9,827.45,91.9388888888889,No,0
1014,4065-JJAVA,1014,1014,1014,1,49.5,49.5,49.5,No,0
1015,4695-VADHF,1015,1015,1015,18,57.45,990.85,55.047222222222224,Yes,1
1016,3863-IUBJR,1016,1016,1016,12,53.65,696.35,58.02916666666667,Yes,1
1017,7649-SIJJF,1017,1017,1017,71,80.1,5585.4,78.66760563380281,No,0
1018,9361-YNQWJ,1018,1018,1018,64,24.4,1601.2,25.01875,No,0
1019,3748-FVMZZ,1019,1019,1019,4,40.05,162.45,40.6125,No,0
1020,9391-TTOYH,1020,1020,1020,23,19.5,470.2,20.443478260869565,No,0
1021,1452-XRSJV,1021,1021,1021,39,51.05,2066.0,52.97435897435897,No,0
1022,3422-WJOYD,1022,1022,1022,28,54.35,1426.45,50.94464285714286,No,0
1023,8242-SOQUO,1023,1023,1023,5,84.7,392.5,78.5,No,0
1024,7460-ITWWP,1024,1024,1024,45,86.1,3861.45,85.81,No,0
1025,7147-AYBAA,1025,1025,1025,37,70.35,2552.9,68.9972972972973,No,0
1026,7868-TMWMZ,1026,1026,1026,60,110.0,6668.35,111.13916666666667,No,0
1027,4822-RVYBB,1027,1027,1027,8,100.6,819.4,102.425,Yes,1
1028,6732-FZUGP,1028,1028,1028,47,94.9,4615.25,98.19680851063829,No,0
1029,8436-BJUMM,1029,1029,1029,26,83.75,2070.6,79.63846153846154,Yes,1
1030,4184-TJFAN,1030,1030,1030,3,88.3,273.75,91.25,Yes,1
1031,8329-GWVPJ,1031,1031,1031,50,69.75,3557.7,71.154,No,0
1032,1352-VHKAJ,1032,1032,1032,27,71.6,1957.1,72.48518518518519,No,0
1033,4145-UQXUQ,1033,1033,1033,8,92.1,729.95,91.24375,Yes,1
1034,2632-TACXW,1034,1034,1034,62,23.65,1416.75,22.850806451612904,No,0
1035,8146-QQKZH,1035,1035,1035,71,81.85,5924.4,83.44225352112676,No,0
1036,1767-CJKBA,1036,1036,1036,66,25.1,1697.7,25.722727272727273,No,0
1037,6445-TNRXS,1037,1037,1037,68,114.7,7849.85,115.43897058823529,No,0
1038,4581-LNWUM,1038,1038,1038,13,49.15,649.4,49.95384615384615,No,0
1039,4869-EPIUS,1039,1039,1039,56,80.9,4557.5,81.38392857142857,No,0
1040,9948-YPTDG,1040,1040,1040,38,79.45,3013.05,79.29078947368421,Yes,1
1041,1236-WFCDV,1041,1041,1041,14,90.45,1266.1,90.43571428571428,Yes,1
1042,1915-OAKWD,1042,1042,1042,16,19.3,360.35,22.521875,No,0
1043,7296-PIXQY,1043,1043,1043,14,70.2,1046.5,74.75,No,0
1044,4883-QICIH,1044,1044,1044,32,69.75,2347.9,73.371875,Yes,1
1045,3354-OADJP,1045,1045,1045,8,54.25,447.75,55.96875,No,0
1046,3524-WQDSG,1046,1046,1046,43,99.3,4209.95,97.90581395348836,No,0
1047,0810-DHDBD,1047,1047,1047,52,74.0,3877.65,74.57019230769231,No,0
1048,4026-SKKHW,1048,1048,1048,3,50.25,152.3,50.76666666666667,No,0
1049,2829-HYVZP,1049,1049,1049,29,19.8,572.2,19.731034482758623,No,0
1050,8329-IBCTI,1050,1050,1050,1,19.65,19.65,19.65,Yes,1
1051,1271-SJBGZ,1051,1051,1051,12,43.65,526.95,43.9125,Yes,1
1052,3845-JHAMY,1052,1052,1052,16,35.5,552.7,34.54375,No,0
1053,7013-PSXHK,1053,1053,1053,40,80.75,3208.65,80.21625,No,0
1054,5669-SRAIP,1054,1054,1054,5,39.5,210.75,42.15,Yes,1
1055,5981-ITEMU,1055,1055,1055,40,97.1,3706.95,92.67375,Yes,1
1056,3486-NPGST,1056,1056,1056,36,19.55,620.75,17.243055555555557,No,0
1057,6941-PMGEP,1057,1057,1057,5,80.0,412.5,82.5,Yes,1
1058,1624-WOIWJ,1058,1058,1058,10,84.7,832.05,83.205,Yes,1
1059,2074-GKOWZ,1059,1059,1059,2,89.55,185.55,92.775,Yes,1
1060,0376-YMCJC,1060,1060,1060,23,90.6,1943.2,84.48695652173913,Yes,1
1061,6100-FJZDG,1061,1061,1061,26,20.05,505.9,19.457692307692305,No,0
1062,4829-ZLJTK,1062,1062,1062,72,112.4,8046.85,111.76180555555555,No,0
1063,1730-VFMWO,1063,1063,1063,34,50.2,1815.3,53.391176470588235,No,0
1064,7143-BQIBA,1064,1064,1064,10,62.25,612.95,61.295,No,0
1065,3800-LYTRK,1065,1065,1065,14,55.7,795.15,56.79642857142857,No,0
1066,0634-SZPQA,1066,1066,1066,23,90.05,2169.8,94.33913043478262,Yes,1
1067,9646-NMHXE,1067,1067,1067,47,19.65,973.1,20.70425531914894,No,0
1068,7030-NJVDP,1068,1068,1068,24,89.25,2210.2,92.09166666666665,No,0
1069,5536-RTPWK,1069,1069,1069,49,99.05,4853.75,99.0561224489796,Yes,1
1070,8883-GRDWQ,1070,1070,1070,20,54.0,1055.9,52.795,No,0
1071,6166-ILMNY,1071,1071,1071,2,69.75,144.55,72.275,Yes,1
1072,3097-NNSPB,1072,1072,1072,2,49.05,91.1,45.55,Yes,1
1073,7771-ZONAT,1073,1073,1073,22,56.75,1304.85,59.31136363636363,No,0
1074,0655-RBDUG,1074,1074,1074,7,98.05,713.0,101.85714285714286,Yes,1
1075,2111-DWYHN,1075,1075,1075,1,21.1,21.1,21.1,No,0
1076,4194-WHFCB,1076,1076,1076,59,96.65,5580.8,94.58983050847458,No,0
1077,4121-AGSIN,1077,1077,1077,58,24.5,1497.9,25.82586206896552,No,0
1078,4361-BKAXE,1078,1078,1078,41,114.5,4527.45,110.42560975609756,Yes,1
1079,9845-PEEKO,1079,1079,1079,59,79.2,4590.35,77.80254237288136,No,0
1080,0455-XFASS,1080,1080,1080,3,69.55,200.2,66.73333333333333,No,0
1081,0301-KOBTQ,1081,1081,1081,32,20.05,614.45,19.2015625,No,0
1082,1751-NCDLI,1082,1082,1082,46,98.85,4564.9,99.23695652173912,No,0
1083,4367-NUYAO,1083,1083,1083,0,25.75,,25.75,No,0
1084,9878-TNQGW,1084,1084,1084,2,80.95,171.15,85.575,Yes,1
1085,9170-ARBTB,1085,1085,1085,52,19.6,1012.4,19.46923076923077,No,0
1086,4441-NIHPT,1086,1086,1086,13,74.3,940.35,72.33461538461539,Yes,1
1087,8999-BOHSE,1087,1087,1087,11,89.7,1047.7,95.24545454545455,Yes,1
1088,7241-AJHFS,1088,1088,1088,32,87.65,2766.4,86.45,No,0
1089,7029-RPUAV,1089,1089,1089,17,100.45,1622.45,95.43823529411765,Yes,1
1090,4546-FOKWR,1090,1090,1090,16,74.75,1129.35,70.584375,No,0
1091,9036-CSKBW,1091,1091,1091,51,107.45,5680.9,111.39019607843136,No,0
1092,5832-TRLPB,1092,1092,1092,29,75.35,2243.9,77.37586206896552,No,0
1093,8590-YFFQO,1093,1093,1093,70,64.95,4523.25,64.61785714285715,No,0
1094,8659-IOOPU,1094,1094,1094,71,100.45,7159.7,100.84084507042253,No,0
1095,1338-CECEE,1095,1095,1095,41,68.5,2839.95,69.2670731707317,No,0
1096,7439-DKZTW,1096,1096,1096,1,80.55,80.55,80.55,No,0
1097,4646-QZXTF,1097,1097,1097,7,81.25,580.1,82.87142857142858,No,0
1098,4607-CHPCA,1098,1098,1098,25,90.4,2178.6,87.14399999999999,Yes,1
1099,9742-XOKTS,1099,1099,1099,67,89.55,6038.55,90.12761194029851,No,0
1100,6921-OZMFH,1100,1100,1100,5,55.7,259.4,51.879999999999995,No,0
1101,9578-FOMUK,1101,1101,1101,15,24.8,324.15,21.61,No,0
1102,4712-UYOOI,1102,1102,1102,20,20.0,417.65,20.8825,No,0
1103,8824-RWFXJ,1103,1103,1103,3,56.15,168.15,56.050000000000004,Yes,1
1104,7722-CVFXN,1104,1104,1104,54,105.2,5637.85,104.40462962962964,No,0
1105,8717-VCTXJ,1105,1105,1105,42,19.55,839.4,19.985714285714284,No,0
1106,7363-QTBIW,1106,1106,1106,9,79.75,769.1,85.45555555555556,No,0
1107,4159-NAAIX,1107,1107,1107,63,97.45,6253.0,99.25396825396825,No,0
1108,0971-QIFJK,1108,1108,1108,69,24.25,1641.8,23.794202898550726,No,0
1109,9397-TZSHA,1109,1109,1109,69,24.6,1678.05,24.319565217391304,No,0
1110,3391-JSQEW,1110,1110,1110,40,50.15,2058.5,51.4625,No,0
1111,0343-QLUZP,1111,1111,1111,60,39.6,2424.5,40.40833333333333,No,0
1112,9763-PDTKK,1112,1112,1112,4,94.4,387.2,96.8,Yes,1
1113,2176-LVPNX,1113,1113,1113,71,89.85,6293.45,88.64014084507042,No,0
1114,7627-JKIAZ,1114,1114,1114,37,78.95,2839.65,76.7472972972973,Yes,1
1115,3312-UUMZW,1115,1115,1115,32,98.85,3145.9,98.309375,No,0
1116,1271-UODNO,1116,1116,1116,39,53.85,2200.7,56.42820512820512,No,0
1117,8461-EFQYM,1117,1117,1117,38,24.25,914.4,24.063157894736843,No,0
1118,6900-RBKER,1118,1118,1118,52,89.45,4577.75,88.03365384615384,No,0
1119,6891-JPYFF,1119,1119,1119,48,105.25,4997.5,104.11458333333333,No,0
1120,1459-QNFQT,1120,1120,1120,70,59.5,4144.8,59.21142857142858,No,0
1121,1047-NNCBF,1121,1121,1121,20,70.55,1493.55,74.6775,No,0
1122,3696-XRIEN,1122,1122,1122,50,82.5,4179.1,83.58200000000001,No,0
1123,4081-DYXAV,1123,1123,1123,19,44.85,893.55,47.02894736842105,Yes,1
1124,0074-HDKDG,1124,1124,1124,25,61.6,1611.0,64.44,No,0
1125,8791-GFXLZ,1125,1125,1125,12,49.05,593.05,49.42083333333333,No,0
1126,8111-SLLHI,1126,1126,1126,39,105.65,4284.8,109.86666666666667,Yes,1
1127,0927-LCSMG,1127,1127,1127,7,74.65,544.55,77.79285714285713,Yes,1
1128,9330-DHBFL,1128,1128,1128,23,66.25,1533.8,66.68695652173913,No,0
1129,0098-BOWSO,1129,1129,1129,27,19.4,529.8,19.62222222222222,No,0
1130,3452-ABWRL,1130,1130,1130,47,86.05,3865.6,82.2468085106383,No,0
1131,5859-HZYLF,1131,1131,1131,26,19.15,515.75,19.83653846153846,No,0
1132,8257-RZAHR,1132,1132,1132,14,64.7,941.0,67.21428571428571,Yes,1
1133,5293-WXJAK,1133,1133,1133,11,104.05,1133.65,103.05909090909091,Yes,1
1134,3156-QLHBO,1134,1134,1134,2,19.25,48.35,24.175,No,0
1135,2208-NQBCT,1135,1135,1135,26,81.95,2070.05,79.6173076923077,No,0
1136,1779-PWPMG,1136,1136,1136,72,114.65,8333.95,115.74930555555557,No,0
1137,6621-NRZAK,1137,1137,1137,63,20.0,1209.25,19.194444444444443,No,0
1138,0831-JNISG,1138,1138,1138,71,19.8,1396.25,19.66549295774648,No,0
1139,0774-IFUVM,1139,1139,1139,11,65.15,723.35,65.75909090909092,No,0
1140,3082-WQRVY,1140,1140,1140,14,19.65,228.65,16.33214285714286,No,0
1141,9553-DLCLU,1141,1141,1141,13,88.95,1161.75,89.36538461538461,No,0
1142,1641-BYBTK,1142,1142,1142,6,20.2,98.35,16.391666666666666,No,0
1143,2460-NGXBJ,1143,1143,1143,11,75.2,775.3,70.48181818181818,No,0
1144,2446-ZKVAF,1144,1144,1144,18,56.8,1074.65,59.70277777777778,No,0
1145,0841-NULXI,1145,1145,1145,1,35.55,35.55,35.55,Yes,1
1146,3522-CDKHF,1146,1146,1146,32,75.5,2324.7,72.646875,No,0
1147,1430-SFQSA,1147,1147,1147,29,35.6,1072.6,36.98620689655172,No,0
1148,0411-EZJZE,1148,1148,1148,3,60.25,170.5,56.833333333333336,No,0
1149,7851-WZEKY,1149,1149,1149,2,95.15,196.9,98.45,Yes,1
1150,8844-TONUD,1150,1150,1150,13,96.65,1162.85,89.44999999999999,Yes,1
1151,8807-ARQET,1151,1151,1151,41,40.35,1677.85,40.923170731707316,No,0
1152,8992-CEUEN,1152,1152,1152,1,18.85,18.85,18.85,No,0
1153,4320-QMLLA,1153,1153,1153,7,54.85,370.4,52.91428571428571,No,0
1154,8777-PVYGU,1154,1154,1154,52,64.3,3410.6,65.58846153846153,No,0
1155,8292-ITGYJ,1155,1155,1155,45,24.65,1138.8,25.306666666666665,No,0
1156,6870-ZWMNX,1156,1156,1156,70,76.1,5264.25,75.20357142857142,No,0
1157,0621-CXBKL,1157,1157,1157,53,18.7,1005.7,18.975471698113207,No,0
1158,5268-DSMNQ,1158,1158,1158,62,97.95,5936.55,95.7508064516129,No,0
1159,5334-JLAXU,1159,1159,1159,60,94.1,5475.9,91.265,No,0
1160,4086-YQSNZ,1160,1160,1160,3,80.4,224.05,74.68333333333334,Yes,1
1161,6242-MBHPK,1161,1161,1161,23,95.1,2326.05,101.13260869565218,No,0
1162,5868-CZJDR,1162,1162,1162,1,31.35,31.35,31.35,Yes,1
1163,9359-UGBTK,1163,1163,1163,67,72.35,4991.5,74.5,No,0
1164,0135-NMXAP,1164,1164,1164,12,89.75,1052.4,87.7,Yes,1
1165,4782-OSFXZ,1165,1165,1165,71,82.7,5831.2,82.12957746478872,No,0
1166,6479-OAUSD,1166,1166,1166,25,19.9,510.8,20.432000000000002,No,0
1167,7129-ACFOG,1167,1167,1167,5,53.8,283.95,56.79,No,0
1168,4189-NAKJS,1168,1168,1168,26,51.55,1295.4,49.823076923076925,No,0
1169,5562-BETPV,1169,1169,1169,1,19.65,19.65,19.65,No,0
1170,1282-IHQAC,1170,1170,1170,70,44.05,3011.65,43.02357142857143,No,0
1171,9127-FHJBZ,1171,1171,1171,72,114.0,8093.15,112.4048611111111,No,0
1172,6270-OMFIW,1172,1172,1172,60,94.4,5610.25,93.50416666666666,Yes,1
1173,1641-RQDAY,1173,1173,1173,32,100.4,3217.65,100.5515625,No,0
1174,0107-WESLM,1174,1174,1174,1,19.85,19.85,19.85,Yes,1
1175,6994-ORCWG,1175,1175,1175,14,54.25,773.2,55.228571428571435,No,0
1176,1346-UFHAX,1176,1176,1176,13,80.0,1029.35,79.18076923076923,No,0
1177,3992-YWPKO,1177,1177,1177,6,109.9,669.45,111.575,Yes,1
1178,2933-XEUJM,1178,1178,1178,46,79.2,3593.8,78.12608695652175,No,0
1179,0125-LZQXK,1179,1179,1179,15,101.35,1553.95,103.59666666666666,Yes,1
1180,5461-QKNTN,1180,1180,1180,43,94.3,3953.15,91.93372093023255,No,0
1181,4835-YSJMR,1181,1181,1181,39,49.8,1971.15,50.542307692307695,No,0
1182,8399-YNDCH,1182,1182,1182,21,60.05,1236.15,58.86428571428572,Yes,1
1183,3164-YAXFY,1183,1183,1183,57,53.75,3196.0,56.07017543859649,No,0
1184,0887-WBJVH,1184,1184,1184,53,93.45,4872.2,91.92830188679245,No,0
1185,4660-IRIBM,1185,1185,1185,18,87.9,1500.5,83.36111111111111,No,0
1186,5673-FSSMF,1186,1186,1186,1,60.15,60.15,60.15,Yes,1
1187,7670-ZBPOQ,1187,1187,1187,58,61.05,3478.75,59.97844827586207,No,0
1188,8089-UZWLX,1188,1188,1188,71,104.05,7413.55,104.41619718309859,No,0
1189,0080-OROZO,1189,1189,1189,35,99.25,3532.0,100.91428571428571,No,0
1190,3916-NRPAP,1190,1190,1190,3,85.7,256.75,85.58333333333333,No,0
1191,6807-SIWJI,1191,1191,1191,38,104.85,3887.25,102.29605263157895,No,0
1192,8221-HVAYI,1192,1192,1192,35,69.15,2490.15,71.14714285714285,No,0
1193,1579-KLYDT,1193,1193,1193,7,90.45,593.45,84.77857142857144,Yes,1
1194,5232-NXPAY,1194,1194,1194,47,74.45,3510.3,74.6872340425532,No,0
1195,8967-SZQAS,1195,1195,1195,14,50.45,765.45,54.675000000000004,No,0
1196,4468-KAZHE,1196,1196,1196,20,60.0,1259.35,62.967499999999994,No,0
1197,0455-ENTCR,1197,1197,1197,66,85.25,5538.35,83.91439393939395,No,0
1198,8944-AILEF,1198,1198,1198,15,19.45,340.85,22.723333333333336,No,0
1199,5542-NKVRU,1199,1199,1199,42,20.75,844.45,20.10595238095238,No,0
1200,7126-RBHSD,1200,1200,1200,17,78.9,1348.95,79.35000000000001,No,0
1201,5370-IIVVL,1201,1201,1201,37,104.5,3778.0,102.10810810810811,No,0
1202,6789-HJBWG,1202,1202,1202,12,49.4,611.65,50.97083333333333,No,0
1203,3927-NLNRY,1203,1203,1203,53,94.25,4867.95,91.84811320754717,Yes,1
1204,9087-EYCPR,1204,1204,1204,60,25.0,1505.05,25.084166666666665,No,0
1205,6791-YBNAK,1205,1205,1205,18,25.55,467.85,25.991666666666667,No,0
1206,6358-LYNGM,1206,1206,1206,1,74.9,74.9,74.9,Yes,1
1207,6077-BDPXA,1207,1207,1207,3,70.15,194.2,64.73333333333333,No,0
1208,0013-MHZWF,1208,1208,1208,9,69.4,571.45,63.49444444444445,No,0
1209,5494-HECPR,1209,1209,1209,1,80.25,80.25,80.25,Yes,1
1210,8268-YDIXR,1210,1210,1210,56,93.15,5253.95,93.82053571428571,No,0
1211,9824-BEMCV,1211,1211,1211,17,69.0,1149.65,67.62647058823529,Yes,1
1212,1373-ORVIZ,1212,1212,1212,11,66.35,740.8,67.34545454545454,Yes,1
1213,4291-SHSBH,1213,1213,1213,7,69.55,521.35,74.47857142857143,No,0
1214,6980-IMXXE,1214,1214,1214,69,20.2,1412.65,20.473188405797103,No,0
1215,9866-QEVEE,1215,1215,1215,19,86.0,1532.45,80.65526315789474,Yes,1
1216,9897-KXHCM,1216,1216,1216,3,80.3,250.05,83.35000000000001,Yes,1
1217,0040-HALCW,1217,1217,1217,54,20.4,1090.6,20.196296296296296,No,0
1218,0784-GTUUK,1218,1218,1218,62,23.75,1446.8,23.335483870967742,No,0
1219,7979-CORPM,1219,1219,1219,24,90.55,2282.55,95.10625,Yes,1
1220,2294-DMMUS,1220,1220,1220,62,70.45,4300.45,69.36209677419355,No,0
1221,0872-JCPIB,1221,1221,1221,17,65.75,1111.2,65.36470588235295,No,0
1222,3055-MJDSB,1222,1222,1222,9,24.6,190.1,21.12222222222222,No,0
1223,9091-WTUUY,1223,1223,1223,64,69.25,4447.75,69.49609375,No,0
1224,1618-CFHME,1224,1224,1224,2,75.9,143.35,71.675,Yes,1
1225,3165-HDOEW,1225,1225,1225,1,45.85,45.85,45.85,Yes,1
1226,6581-NQCBA,1226,1226,1226,16,49.95,810.2,50.6375,Yes,1
1227,7115-IRDHS,1227,1227,1227,72,24.65,1830.05,25.41736111111111,No,0
1228,8496-DMZUK,1228,1228,1228,30,90.4,2820.65,94.02166666666668,No,0
1229,2040-VZIKE,1229,1229,1229,49,100.85,4847.35,98.92551020408165,No,0
1230,9068-VPWQQ,1230,1230,1230,61,75.35,4729.3,77.52950819672131,No,0
1231,0178-SZBHO,1231,1231,1231,47,87.2,4017.45,85.47765957446808,No,0
1232,0384-RVBPI,1232,1232,1232,20,64.4,1398.6,69.92999999999999,No,0
1233,1689-MRZQR,1233,1233,1233,34,78.3,2564.3,75.42058823529412,Yes,1
1234,1299-AURJA,1234,1234,1234,70,24.7,1685.9,24.084285714285716,No,0
1235,4525-VZCZG,1235,1235,1235,54,105.85,5826.65,107.90092592592592,No,0
1236,1543-LLLFT,1236,1236,1236,61,98.3,6066.55,99.4516393442623,No,0
1237,5835-BEQEU,1237,1237,1237,3,76.95,228.4,76.13333333333334,Yes,1
1238,2788-CJQAQ,1238,1238,1238,13,19.45,270.2,20.784615384615385,No,0
1239,5565-FILXA,1239,1239,1239,16,96.15,1529.2,95.575,Yes,1
1240,0319-QZTCO,1240,1240,1240,3,58.7,168.6,56.199999999999996,No,0
1241,2120-SMPEX,1241,1241,1241,25,20.15,536.35,21.454,No,0
1242,0096-FCPUF,1242,1242,1242,30,64.5,1888.45,62.94833333333334,No,0
1243,0668-OGMHD,1243,1243,1243,21,28.5,629.35,29.969047619047622,No,0
1244,5552-ZNFSJ,1244,1244,1244,1,45.3,45.3,45.3,Yes,1
1245,2223-KAGMX,1245,1245,1245,15,19.4,289.3,19.28666666666667,Yes,1
1246,6507-ZJSUR,1246,1246,1246,23,90.45,2117.25,92.05434782608695,No,0
1247,9408-HRXRK,1247,1247,1247,45,105.15,4730.9,105.1311111111111,No,0
1248,5593-SUAOO,1248,1248,1248,24,83.15,2033.05,84.71041666666666,No,0
1249,7321-PKUYW,1249,1249,1249,11,90.15,987.95,89.81363636363636,Yes,1
1250,2833-SLKDQ,1250,1250,1250,1,45.05,45.05,45.05,Yes,1
1251,6766-HFKLA,1251,1251,1251,56,103.2,5744.35,102.57767857142858,No,0
1252,7595-EUIVN,1252,1252,1252,1,75.8,75.8,75.8,Yes,1
1253,7617-EYGLW,1253,1253,1253,1,19.45,19.45,19.45,No,0
1254,2026-TGDHM,1254,1254,1254,7,79.3,523.15,74.73571428571428,Yes,1
1255,9220-ZNKJI,1255,1255,1255,55,88.8,4805.3,87.36909090909091,No,0
1256,4030-VPZBD,1256,1256,1256,2,30.9,59.05,29.525,Yes,1
1257,2226-ICFDO,1257,1257,1257,72,85.9,6110.75,84.87152777777777,No,0
1258,0723-VSOBE,1258,1258,1258,45,34.2,1596.6,35.48,No,0
1259,5529-GIBVH,1259,1259,1259,47,20.15,1046.2,22.25957446808511,No,0
1260,4187-CINZD,1260,1260,1260,46,95.25,4424.2,96.17826086956521,Yes,1
1261,9992-UJOEL,1261,1261,1261,2,50.3,92.75,46.375,No,0
1262,4741-WWJQZ,1262,1262,1262,2,80.15,194.55,97.275,No,0
1263,6625-UTXEW,1263,1263,1263,12,51.25,612.1,51.00833333333333,No,0
1264,6818-WOBHJ,1264,1264,1264,68,89.6,6127.6,90.11176470588236,Yes,1
1265,6244-BESBM,1265,1265,1265,69,95.2,6671.7,96.69130434782609,No,0
1266,1004-NOZNR,1266,1266,1266,56,94.8,5264.3,94.00535714285715,No,0
1267,1251-STYSZ,1267,1267,1267,4,80.25,303.7,75.925,No,0
1268,2612-PHGOX,1268,1268,1268,64,76.1,4818.8,75.29375,No,0
1269,2408-TZMJL,1269,1269,1269,59,110.15,6448.05,109.28898305084746,Yes,1
1270,8480-PPONV,1270,1270,1270,62,115.55,7159.05,115.46854838709677,No,0
1271,8780-IHCRN,1271,1271,1271,63,24.65,1574.5,24.99206349206349,No,0
1272,4598-ZADCK,1272,1272,1272,53,53.6,2879.2,54.32452830188679,No,0
1273,1257-SXUXQ,1273,1273,1273,5,19.45,86.05,17.21,No,0
1274,9681-KYGYB,1274,1274,1274,49,88.2,4159.45,84.88673469387754,No,0
1275,7182-OVLBJ,1275,1275,1275,62,101.15,6638.35,107.07016129032259,No,0
1276,5095-ETBRJ,1276,1276,1276,55,56.8,3112.05,56.582727272727276,No,0
1277,7005-CYUIL,1277,1277,1277,71,99.4,7168.25,100.96126760563381,No,0
1278,4821-WQOYN,1278,1278,1278,72,20.1,1326.25,18.42013888888889,No,0
1279,4730-AWNAU,1279,1279,1279,36,60.7,2234.55,62.07083333333334,No,0
1280,3452-FLHYD,1280,1280,1280,25,20.95,495.15,19.805999999999997,No,0
1281,2388-LAESQ,1281,1281,1281,72,114.85,8317.95,115.52708333333334,No,0
1282,9531-NSBMR,1282,1282,1282,36,19.25,679.8,18.883333333333333,No,0
1283,6260-ONULR,1283,1283,1283,1,62.8,62.8,62.8,No,0
1284,4389-UEFCZ,1284,1284,1284,72,105.5,7544.0,104.77777777777777,No,0
1285,8711-LOBKY,1285,1285,1285,59,19.85,1188.25,20.139830508474578,No,0
1286,9134-CEQMF,1286,1286,1286,7,89.5,676.7,96.67142857142858,Yes,1
1287,8985-OOPOS,1287,1287,1287,1,74.1,74.1,74.1,No,0
1288,8800-ZKRFW,1288,1288,1288,30,107.5,3242.5,108.08333333333333,No,0
1289,2616-FLVQC,1289,1289,1289,64,19.55,1240.15,19.37734375,No,0
1290,9968-FFVVH,1290,1290,1290,63,68.8,4111.35,65.25952380952381,No,0
1291,3108-PCCGG,1291,1291,1291,72,84.45,5899.85,81.94236111111111,No,0
1292,7993-PYKOF,1292,1292,1292,8,75.0,632.95,79.11875,Yes,1
1293,8390-FESFV,1293,1293,1293,62,84.5,5193.2,83.76129032258065,No,0
1294,3022-BEXHZ,1294,1294,1294,67,111.2,7530.8,112.4,No,0
1295,5027-XWQHA,1295,1295,1295,6,44.75,270.95,45.15833333333333,Yes,1
1296,6248-TKCQV,1296,1296,1296,70,80.6,5460.2,78.00285714285714,No,0
1297,6729-GDNGC,1297,1297,1297,20,80.7,1614.2,80.71000000000001,No,0
1298,6198-ZFIOJ,1298,1298,1298,5,75.6,402.5,80.5,No,0
1299,5989-OMNJE,1299,1299,1299,24,57.6,1367.75,56.989583333333336,No,0
1300,4566-QVRRW,1300,1300,1300,11,44.05,483.7,43.97272727272727,Yes,1
1301,1291-CUOCY,1301,1301,1301,72,110.6,7962.2,110.58611111111111,No,0
1302,9795-SHUHB,1302,1302,1302,66,58.2,3810.8,57.73939393939394,No,0
1303,3230-IUALN,1303,1303,1303,45,81.0,3533.6,78.52444444444444,No,0
1304,0042-RLHYP,1304,1304,1304,69,19.7,1396.9,20.244927536231884,No,0
1305,8519-IMDHU,1305,1305,1305,15,85.6,1345.55,89.70333333333333,Yes,1
1306,4945-RVMTE,1306,1306,1306,28,59.55,1646.45,58.801785714285714,No,0
1307,0201-OAMXR,1307,1307,1307,70,115.55,8127.6,116.10857142857144,Yes,1
1308,1866-NXPSP,1308,1308,1308,36,75.55,2680.15,74.44861111111112,No,0
1309,3372-KWFBM,1309,1309,1309,16,86.6,1281.0,80.0625,Yes,1
1310,7831-QGOXH,1310,1310,1310,18,85.2,1553.9,86.32777777777778,Yes,1
1311,6393-WRYZE,1311,1311,1311,34,97.65,3207.55,94.33970588235294,Yes,1
1312,3941-XTSKM,1312,1312,1312,42,45.1,2049.05,48.786904761904765,No,0
1313,1661-CZBAU,1313,1313,1313,48,70.95,3629.2,75.60833333333333,No,0
1314,6599-RCLCJ,1314,1314,1314,47,109.55,5124.55,109.03297872340426,Yes,1
1315,9831-BPFRI,1315,1315,1315,39,89.55,3474.45,89.08846153846153,Yes,1
1316,5158-RIVOP,1316,1316,1316,11,20.9,202.3,18.39090909090909,No,0
1317,9788-YTFGE,1317,1317,1317,7,19.95,147.5,21.071428571428573,No,0
1318,9277-JOOMO,1318,1318,1318,3,24.6,86.35,28.78333333333333,No,0
1319,1907-YLNYW,1319,1319,1319,8,66.7,579.0,72.375,No,0
1320,1725-MIMXW,1320,1320,1320,1,19.45,19.45,19.45,Yes,1
1321,8947-YRTDV,1321,1321,1321,32,94.8,3131.55,97.8609375,No,0
1322,3161-ONRWK,1322,1322,1322,60,65.85,3928.3,65.47166666666666,No,0
1323,0114-RSRRW,1323,1323,1323,10,19.95,187.75,18.775,No,0
1324,4565-NLZBV,1324,1324,1324,71,24.65,1710.15,24.086619718309862,No,0
1325,0031-PVLZI,1325,1325,1325,4,20.35,76.35,19.0875,Yes,1
1326,7206-GZCDC,1326,1326,1326,1,69.25,69.25,69.25,Yes,1
1327,6682-VCIXC,1327,1327,1327,43,51.25,2151.6,50.03720930232558,No,0
1328,4791-QRGMF,1328,1328,1328,59,99.5,5961.1,101.035593220339,Yes,1
1329,6475-VHUIZ,1329,1329,1329,23,54.25,1221.55,53.11086956521739,No,0
1330,3910-MRQOY,1330,1330,1330,72,19.4,1496.45,20.78402777777778,No,0
1331,0661-WCQNQ,1331,1331,1331,22,56.25,1292.2,58.73636363636364,No,0
1332,7537-RBWEA,1332,1332,1332,1,25.15,25.15,25.15,No,0
1333,4656-CAURT,1333,1333,1333,69,23.95,1713.1,24.827536231884057,No,0
1334,0121-SNYRK,1334,1334,1334,50,35.4,1748.9,34.978,No,0
1335,1768-ZAIFU,1335,1335,1335,1,25.2,25.2,25.2,Yes,1
1336,4671-LXRDQ,1336,1336,1336,2,45.0,96.45,48.225,Yes,1
1337,3733-LSYCE,1337,1337,1337,15,75.35,1114.55,74.30333333333333,No,0
1338,6265-FRMTQ,1338,1338,1338,31,20.4,609.1,19.648387096774194,No,0
1339,1934-SJVJK,1339,1339,1339,1,20.15,20.15,20.15,Yes,1
1340,3838-OZURD,1340,1340,1340,66,105.0,7133.25,108.07954545454545,Yes,1
1341,1371-DWPAZ,1341,1341,1341,0,56.05,,56.05,No,0
1342,9269-CQOOL,1342,1342,1342,3,54.7,169.45,56.48333333333333,Yes,1
1343,2017-CCBLH,1343,1343,1343,8,20.0,141.6,17.7,No,0
1344,7690-KPNCU,1344,1344,1344,64,73.05,4688.65,73.26015625,No,0
1345,0536-BGFMZ,1345,1345,1345,28,20.5,563.05,20.10892857142857,No,0
1346,2293-IJWPS,1346,1346,1346,57,100.75,5985.0,105.0,No,0
1347,2845-HSJCY,1347,1347,1347,14,87.25,1258.6,89.89999999999999,Yes,1
1348,5469-NUJUR,1348,1348,1348,19,19.95,373.5,19.657894736842106,No,0
1349,1184-PJVDB,1349,1349,1349,10,79.95,857.2,85.72,Yes,1
1350,2625-TRCZQ,1350,1350,1350,51,49.65,2553.35,50.0656862745098,No,0
1351,4102-HLENU,1351,1351,1351,67,65.65,4322.85,64.52014925373135,No,0
1352,7266-GSSJX,1352,1352,1352,11,20.45,250.8,22.8,No,0
1353,7722-VJRQD,1353,1353,1353,72,60.95,4549.05,63.181250000000006,No,0
1354,7073-QETQY,1354,1354,1354,66,20.35,1359.5,20.598484848484848,No,0
1355,9415-DPEWS,1355,1355,1355,18,88.35,1639.3,91.07222222222222,Yes,1
1356,5624-RYAMH,1356,1356,1356,9,19.5,178.85,19.87222222222222,No,0
1357,0196-JTUQI,1357,1357,1357,9,75.2,633.85,70.42777777777778,No,0
1358,7130-YXBRO,1358,1358,1358,48,111.45,5315.1,110.73125,No,0
1359,9272-LSVYH,1359,1359,1359,10,70.15,735.5,73.55,No,0
1360,7943-RQCHR,1360,1360,1360,9,94.75,889.9,98.87777777777778,Yes,1
1361,3793-MMFUH,1361,1361,1361,13,95.05,1290.0,99.23076923076923,Yes,1
1362,3249-ZPQRG,1362,1362,1362,4,78.45,330.05,82.5125,Yes,1
1363,2568-BRGYX,1363,1363,1363,4,70.2,237.95,59.4875,Yes,1
1364,3084-DOWLE,1364,1364,1364,72,92.0,6474.4,89.92222222222222,No,0
1365,1084-MNSMJ,1365,1365,1365,51,85.5,4421.95,86.70490196078431,No,0
1366,7721-JXEAW,1366,1366,1366,59,41.05,2452.7,41.57118644067796,Yes,1
1367,7249-WBIYX,1367,1367,1367,10,85.6,813.85,81.385,Yes,1
1368,4238-HFHSN,1368,1368,1368,61,82.15,4904.85,80.40737704918034,No,0
1369,6250-CGGUN,1369,1369,1369,54,84.4,4484.05,83.03796296296296,No,0
1370,5478-JJVZK,1370,1370,1370,33,60.9,2033.85,61.631818181818176,No,0
1371,7596-IIWYC,1371,1371,1371,27,20.25,538.2,19.933333333333334,No,0
1372,6567-HOOPW,1372,1372,1372,1,79.2,79.2,79.2,Yes,1
1373,9793-WECQC,1373,1373,1373,23,95.3,2192.9,95.34347826086957,No,0
1374,4291-HPAXL,1374,1374,1374,1,19.85,19.85,19.85,No,0
1375,8999-YPYBV,1375,1375,1375,45,84.35,3858.05,85.73444444444445,No,0
1376,1839-FBNFR,1376,1376,1376,39,19.85,854.8,21.91794871794872,No,0
1377,3164-AALRN,1377,1377,1377,5,70.0,347.4,69.47999999999999,Yes,1
1378,3071-MVJCD,1378,1378,1378,72,82.3,5815.15,80.76597222222222,No,0
1379,1697-BCSHV,1379,1379,1379,58,66.8,3970.4,68.45517241379311,No,0
1380,0562-KBDVM,1380,1380,1380,70,44.6,3058.15,43.68785714285715,No,0
1381,1131-SUEKT,1381,1381,1381,61,98.45,6145.2,100.74098360655738,No,0
1382,3717-OEAUQ,1382,1382,1382,2,70.7,129.2,64.6,No,0
1383,4538-WNTMJ,1383,1383,1383,46,24.95,1165.9,25.345652173913045,No,0
1384,3334-CTHOL,1384,1384,1384,1,49.95,49.95,49.95,Yes,1
1385,4704-ERYFC,1385,1385,1385,22,69.25,1554.0,70.63636363636364,Yes,1
1386,9432-RUVSL,1386,1386,1386,48,102.5,4904.25,102.171875,No,0
1387,8060-HIWJJ,1387,1387,1387,64,86.55,5632.55,88.00859375,No,0
1388,7684-XSZIY,1388,1388,1388,72,24.3,1643.25,22.822916666666668,No,0
1389,9089-UOWJG,1389,1389,1389,12,58.35,740.55,61.7125,No,0
1390,8621-MNIHH,1390,1390,1390,34,94.25,3217.55,94.63382352941177,Yes,1
1391,8039-ACLPL,1391,1391,1391,72,68.75,4888.2,67.89166666666667,No,0
1392,9885-AIBVB,1392,1392,1392,29,85.8,2440.25,84.14655172413794,No,0
1393,1934-MKPXS,1393,1393,1393,33,20.1,620.55,18.804545454545455,No,0
1394,2592-YKDIF,1394,1394,1394,1,20.35,20.35,20.35,No,0
1395,2272-JKMSI,1395,1395,1395,62,110.8,6840.95,110.33790322580644,No,0
1396,0471-LVHGK,1396,1396,1396,41,73.0,3001.2,73.19999999999999,Yes,1
1397,9518-RWHZL,1397,1397,1397,64,100.05,6254.2,97.721875,Yes,1
1398,8714-CTZJW,1398,1398,1398,4,82.85,319.6,79.9,No,0
1399,3569-EDBPQ,1399,1399,1399,24,84.35,1938.05,80.75208333333333,No,0
1400,3131-NWVFJ,1400,1400,1400,14,19.55,294.5,21.035714285714285,No,0
1401,7521-YXVZY,1401,1401,1401,3,19.95,58.3,19.433333333333334,No,0
1402,5419-CONWX,1402,1402,1402,4,99.8,442.85,110.7125,Yes,1
1403,6240-EURKS,1403,1403,1403,18,35.0,553.0,30.72222222222222,Yes,1
1404,2373-NTKOD,1404,1404,1404,8,66.25,546.45,68.30625,No,0
1405,1970-KKFWL,1405,1405,1405,35,23.3,797.1,22.774285714285714,No,0
1406,6960-HVYXR,1406,1406,1406,1,76.0,76.0,76.0,Yes,1
1407,9337-SRRNI,1407,1407,1407,66,25.3,1673.8,25.36060606060606,No,0
1408,0895-UADGO,1408,1408,1408,8,44.55,343.45,42.93125,No,0
1409,5678-VFNEQ,1409,1409,1409,71,104.1,7412.25,104.39788732394366,No,0
1410,5977-CKHON,1410,1410,1410,43,92.55,4039.0,93.93023255813954,No,0
1411,7024-OHCCK,1411,1411,1411,2,93.85,170.85,85.425,Yes,1
1412,2692-BUCFV,1412,1412,1412,29,101.45,2948.6,101.67586206896551,No,0
1413,7861-UVUFT,1413,1413,1413,15,84.3,1308.4,87.22666666666667,Yes,1
1414,1830-GGFNM,1414,1414,1414,65,94.55,6078.75,93.51923076923077,No,0
1415,5302-BDJNT,1415,1415,1415,35,95.5,3418.2,97.66285714285713,No,0
1416,5223-UZAVK,1416,1416,1416,64,100.3,6603.8,103.184375,No,0
1417,4859-ZSRDZ,1417,1417,1417,58,55.5,3166.9,54.601724137931036,No,0
1418,5651-WYIPH,1418,1418,1418,18,49.85,865.75,48.09722222222222,No,0
1419,9350-VLHMB,1419,1419,1419,67,89.55,6373.1,95.12089552238807,No,0
1420,3498-LZGQZ,1420,1420,1420,63,19.15,1177.05,18.683333333333334,No,0
1421,8785-CJSHH,1421,1421,1421,60,99.8,5985.75,99.7625,No,0
1422,5357-TZHPP,1422,1422,1422,9,84.4,732.5,81.38888888888889,Yes,1
1423,3870-SPZSI,1423,1423,1423,70,113.05,7869.05,112.415,No,0
1424,0680-DFNNY,1424,1424,1424,15,101.1,1504.05,100.27,Yes,1
1425,7560-QRBXH,1425,1425,1425,48,19.95,936.7,19.514583333333334,No,0
1426,7077-XJMET,1426,1426,1426,12,74.15,741.4,61.78333333333333,No,0
1427,8752-GHJFU,1427,1427,1427,71,92.0,6585.2,92.74929577464789,No,0
1428,6896-SRVYQ,1428,1428,1428,44,73.85,3122.4,70.96363636363637,No,0
1429,7767-UXAGJ,1429,1429,1429,1,50.45,50.45,50.45,Yes,1
1430,4652-ODEVH,1430,1430,1430,45,24.45,1088.25,24.183333333333334,No,0
1431,6510-UPNKS,1431,1431,1431,23,24.8,615.35,26.754347826086956,No,0
1432,6718-BDGHG,1432,1432,1432,43,64.85,2908.2,67.63255813953488,No,0
1433,9046-DQMTP,1433,1433,1433,35,20.75,739.9,21.14,No,0
1434,6439-LAJXL,1434,1434,1434,9,68.95,593.85,65.98333333333333,No,0
1435,1571-SAVHK,1435,1435,1435,12,99.95,1132.75,94.39583333333333,Yes,1
1436,9052-VKDUW,1436,1436,1436,65,109.4,7227.45,111.19153846153846,No,0
1437,9546-CQJSU,1437,1437,1437,2,91.4,193.6,96.8,Yes,1
1438,1666-JZPZT,1438,1438,1438,27,49.0,1291.35,47.827777777777776,No,0
1439,5777-KJIRB,1439,1439,1439,40,50.25,2023.55,50.58875,No,0
1440,0506-LVNGN,1440,1440,1440,5,75.55,349.65,69.92999999999999,Yes,1
1441,7677-SJJJK,1441,1441,1441,8,19.9,153.95,19.24375,No,0
1442,2480-EJWYP,1442,1442,1442,58,97.8,5458.8,94.11724137931034,No,0
1443,3253-HKOKL,1443,1443,1443,52,100.3,5244.45,100.85480769230769,No,0
1444,7055-HNEOJ,1444,1444,1444,3,55.8,154.55,51.51666666666667,No,0
1445,5514-YQENT,1445,1445,1445,41,111.15,4507.15,109.93048780487804,No,0
1446,3211-AAPKX,1446,1446,1446,20,98.55,2031.95,101.5975,No,0
1447,8445-DNBAE,1447,1447,1447,1,50.05,50.05,50.05,No,0
1448,2951-QOQTK,1448,1448,1448,4,80.8,332.45,83.1125,Yes,1
1449,2958-NHPPS,1449,1449,1449,23,20.85,473.9,20.604347826086954,No,0
1450,6806-YDEUL,1450,1450,1450,6,19.5,106.8,17.8,No,0
1451,1735-XMJVH,1451,1451,1451,8,19.35,152.6,19.075,No,0
1452,6890-PFRQX,1452,1452,1452,18,69.5,1199.4,66.63333333333334,No,0
1453,0222-CNVPT,1453,1453,1453,52,48.8,2555.05,49.135576923076925,No,0
1454,5899-OUVKV,1454,1454,1454,31,94.5,2979.2,96.1032258064516,No,0
1455,8681-ICONS,1455,1455,1455,29,20.65,654.85,22.58103448275862,No,0
1456,1621-YNCJH,1456,1456,1456,36,106.05,3834.4,106.51111111111112,No,0
1457,3473-XIIIT,1457,1457,1457,16,100.0,1534.75,95.921875,Yes,1
1458,6362-QHAFM,1458,1458,1458,42,108.3,4586.15,109.19404761904761,No,0
1459,7893-IXHRQ,1459,1459,1459,1,20.55,20.55,20.55,Yes,1
1460,3070-BDOQC,1460,1460,1460,60,99.65,5941.05,99.0175,No,0
1461,2952-QAYZF,1461,1461,1461,5,85.3,424.15,84.83,Yes,1
1462,6234-PFPXL,1462,1462,1462,22,95.9,2234.95,101.58863636363635,No,0
1463,9824-QCJPK,1463,1463,1463,36,20.0,666.75,18.520833333333332,No,0
1464,4763-PGDPO,1464,1464,1464,4,70.4,281.0,70.25,Yes,1
1465,4283-IVYCI,1465,1465,1465,9,64.95,547.8,60.86666666666666,No,0
1466,1866-OBPNR,1466,1466,1466,1,74.6,74.6,74.6,No,0
1467,8205-MQUGY,1467,1467,1467,12,49.2,571.15,47.59583333333333,No,0
1468,8970-ANWXO,1468,1468,1468,23,73.75,1756.6,76.37391304347825,No,0
1469,9480-BQJEI,1469,1469,1469,62,92.3,5731.45,92.44274193548387,No,0
1470,5394-SVGJV,1470,1470,1470,37,98.8,3475.55,93.9337837837838,Yes,1
1471,6979-TNDEU,1471,1471,1471,8,19.2,156.85,19.60625,No,0
1472,9777-WJJPR,1472,1472,1472,31,88.65,2683.2,86.55483870967741,No,0
1473,9283-LZQOH,1473,1473,1473,13,74.4,896.75,68.98076923076923,Yes,1
1474,7079-QRCBC,1474,1474,1474,24,98.75,2407.3,100.30416666666667,Yes,1
1475,9495-SKLKD,1475,1475,1475,45,95.95,4456.65,99.03666666666666,No,0
1476,6048-UWKAL,1476,1476,1476,69,105.4,6998.95,101.4340579710145,No,0
1477,5067-DGXLL,1477,1477,1477,2,20.25,36.8,18.4,No,0
1478,5469-CTCWN,1478,1478,1478,61,106.0,6547.7,107.33934426229509,Yes,1
1479,9851-QXEEQ,1479,1479,1479,41,104.7,4346.4,106.00975609756097,Yes,1
1480,6281-FKEWS,1480,1480,1480,44,49.05,2265.0,51.47727272727273,No,0
1481,8898-KASCD,1481,1481,1481,39,35.55,1309.15,33.56794871794872,No,0
1482,9242-TKFSV,1482,1482,1482,72,65.1,4754.3,66.03194444444445,No,0
1483,9290-SHCMB,1483,1483,1483,13,96.85,1235.55,95.04230769230769,No,0
1484,0743-HNPFG,1484,1484,1484,51,69.75,3562.5,69.8529411764706,No,0
1485,2277-BKJKN,1485,1485,1485,71,99.2,7213.75,101.60211267605634,No,0
1486,9809-IMGCQ,1486,1486,1486,22,96.7,2082.95,94.67954545454545,Yes,1
1487,5208-HFSBT,1487,1487,1487,2,55.05,102.75,51.375,Yes,1
1488,5035-PGZXH,1488,1488,1488,56,106.8,5914.4,105.61428571428571,No,0
1489,8695-WDYEA,1489,1489,1489,1,51.25,51.25,51.25,No,0
1490,6543-JXSOO,1490,1490,1490,23,57.75,1282.85,55.77608695652174,No,0
1491,8016-ZMGMO,1491,1491,1491,66,70.85,4738.85,71.80075757575759,No,0
1492,8605-ITULD,1492,1492,1492,1,19.55,19.55,19.55,No,0
1493,3254-YRILK,1493,1493,1493,19,88.2,1775.8,93.46315789473684,Yes,1
1494,6416-YJTTB,1494,1494,1494,11,79.5,795.65,72.33181818181818,No,0
1495,2667-WYLWJ,1495,1495,1495,8,19.75,145.0,18.125,Yes,1
1496,4472-VESGY,1496,1496,1496,52,98.15,4993.4,96.02692307692307,No,0
1497,3195-TQDZX,1497,1497,1497,3,20.25,61.45,20.483333333333334,No,0
1498,3128-YOVTD,1498,1498,1498,51,79.15,4018.55,78.79509803921569,No,0
1499,0529-ONKER,1499,1499,1499,15,75.65,1146.65,76.44333333333334,Yes,1
1500,1728-CXQBE,1500,1500,1500,64,94.25,6081.4,95.021875,No,0
1501,7041-TXQJH,1501,1501,1501,37,40.2,1478.85,39.96891891891892,No,0
1502,5014-GSOUQ,1502,1502,1502,13,19.95,243.65,18.742307692307694,No,0
1503,5724-BIDBU,1503,1503,1503,49,55.35,2633.95,53.754081632653055,No,0
1504,0481-SUMCB,1504,1504,1504,45,102.15,4735.35,105.23,No,0
1505,1769-GRUIK,1505,1505,1505,18,71.1,1247.75,69.31944444444444,No,0
1506,5240-IJOQT,1506,1506,1506,1,74.7,74.7,74.7,Yes,1
1507,8819-WFGGJ,1507,1507,1507,68,54.1,3794.5,55.8014705882353,No,0
1508,7427-AUFPY,1508,1508,1508,54,19.65,1008.7,18.67962962962963,No,0
1509,2811-POVEX,1509,1509,1509,23,88.45,2130.55,92.63260869565218,No,0
1510,1092-GANHU,1510,1510,1510,17,76.65,1313.55,77.26764705882353,Yes,1
1511,7898-PDWQE,1511,1511,1511,71,80.4,5727.15,80.66408450704225,No,0
1512,9972-EWRJS,1512,1512,1512,67,19.25,1372.9,20.491044776119406,No,0
1513,9314-IJWSQ,1513,1513,1513,14,84.8,1203.9,85.99285714285715,No,0
1514,0661-XEYAN,1514,1514,1514,1,25.8,25.8,25.8,Yes,1
1515,5799-JRCZO,1515,1515,1515,63,19.5,1215.1,19.287301587301585,No,0
1516,1921-KYSAY,1516,1516,1516,41,68.6,2877.05,70.1719512195122,No,0
1517,6198-RTPMF,1517,1517,1517,17,92.6,1579.7,92.9235294117647,No,0
1518,2924-KHUVI,1518,1518,1518,56,100.55,5514.95,98.48125,No,0
1519,1925-GMVBW,1519,1519,1519,5,20.55,96.1,19.22,No,0
1520,7881-EVUAD,1520,1520,1520,2,42.6,72.4,36.2,Yes,1
1521,6184-DYUOB,1521,1521,1521,3,19.6,55.25,18.416666666666668,No,0
1522,9207-ZPANB,1522,1522,1522,37,67.45,2443.3,66.03513513513514,No,0
1523,5766-XQXMQ,1523,1523,1523,29,68.85,1970.5,67.94827586206897,Yes,1
1524,9327-QSDED,1524,1524,1524,8,43.55,335.4,41.925,No,0
1525,1656-DRSMG,1525,1525,1525,63,109.85,7002.95,111.15793650793651,No,0
1526,3012-VFFMN,1526,1526,1526,7,20.65,158.95,22.707142857142856,No,0
1527,2984-AFWNC,1527,1527,1527,3,95.4,293.15,97.71666666666665,No,0
1528,0640-YJTPY,1528,1528,1528,72,21.0,1493.75,20.74652777777778,No,0
1529,8096-LOIST,1529,1529,1529,19,56.2,1093.4,57.54736842105264,No,0
1530,9764-REAFF,1530,1530,1530,59,18.4,1057.85,17.92966101694915,No,0
1531,3703-VAVCL,1531,1531,1531,2,90.0,190.05,95.025,Yes,1
1532,7107-UBYKY,1532,1532,1532,35,25.75,882.55,25.215714285714284,No,0
1533,4881-GQJTW,1533,1533,1533,14,19.6,300.4,21.457142857142856,No,0
1534,8519-QJGJD,1534,1534,1534,14,75.35,1025.95,73.28214285714286,Yes,1
1535,7876-DNYAP,1535,1535,1535,69,19.8,1436.95,20.82536231884058,No,0
1536,7905-NJMXS,1536,1536,1536,7,64.2,475.0,67.85714285714286,No,0
1537,2882-WDTBA,1537,1537,1537,69,75.75,5388.15,78.0891304347826,No,0
1538,2091-GPPIQ,1538,1538,1538,72,78.95,5730.15,79.58541666666666,No,0
1539,6326-MTTXK,1539,1539,1539,8,100.85,819.55,102.44375,Yes,1
1540,5071-FBJFS,1540,1540,1540,4,50.3,217.1,54.275,No,0
1541,2796-UUZZO,1541,1541,1541,63,80.3,4896.35,77.71984126984128,No,0
1542,2429-AYKKO,1542,1542,1542,72,19.85,1434.1,19.918055555555554,No,0
1543,9798-OPFEM,1543,1543,1543,46,21.1,937.1,20.371739130434783,No,0
1544,0330-IVZHA,1544,1544,1544,5,69.95,330.15,66.03,Yes,1
1545,3794-NFNCH,1545,1545,1545,30,50.0,1474.9,49.163333333333334,No,0
1546,5193-QLVZB,1546,1546,1546,63,104.75,6536.5,103.75396825396825,No,0
1547,7114-AEOZE,1547,1547,1547,60,19.85,1128.1,18.801666666666666,No,0
1548,2886-KEFUM,1548,1548,1548,63,107.5,6873.75,109.10714285714286,Yes,1
1549,5522-NYKPB,1549,1549,1549,25,85.9,2199.05,87.962,No,0
1550,4237-RLAQD,1550,1550,1550,1,45.85,45.85,45.85,Yes,1
1551,9957-YODKZ,1551,1551,1551,6,80.8,457.1,76.18333333333334,No,0
1552,6518-KZXCB,1552,1552,1552,22,25.25,566.5,25.75,No,0
1553,2245-ADZFJ,1553,1553,1553,31,80.55,2471.6,79.7290322580645,No,0
1554,7776-QGYJC,1554,1554,1554,39,81.5,3107.3,79.67435897435898,No,0
1555,9313-QOLTZ,1555,1555,1555,26,20.9,518.3,19.934615384615384,No,0
1556,9651-GTSAQ,1556,1556,1556,53,106.1,5769.75,108.86320754716981,Yes,1
1557,3186-BAXNB,1557,1557,1557,1,91.7,91.7,91.7,Yes,1
1558,4672-FOTSD,1558,1558,1558,12,67.25,832.3,69.35833333333333,No,0
1559,0637-YLETY,1559,1559,1559,16,95.6,1555.65,97.228125,Yes,1
1560,9818-XQCUV,1560,1560,1560,2,20.35,45.3,22.65,No,0
1561,7338-ERIVA,1561,1561,1561,39,45.05,1790.6,45.91282051282051,No,0
1562,1157-BQCUW,1562,1562,1562,1,74.95,74.95,74.95,Yes,1
1563,8259-NFJTV,1563,1563,1563,7,34.65,246.6,35.22857142857143,No,0
1564,3223-DWFIO,1564,1564,1564,4,69.35,261.65,65.4125,No,0
1565,2660-EMUBI,1565,1565,1565,10,95.35,898.35,89.83500000000001,Yes,1
1566,6968-GMKPR,1566,1566,1566,55,81.55,4509.5,81.99090909090908,No,0
1567,4751-ERMAN,1567,1567,1567,72,75.4,5480.25,76.11458333333333,No,0
1568,1436-ZMJAN,1568,1568,1568,10,67.8,653.15,65.315,No,0
1569,3292-PBZEJ,1569,1569,1569,11,111.4,1183.05,107.55,No,0
1570,0799-DDIHE,1570,1570,1570,15,46.3,639.45,42.63,No,0
1571,3070-FNFZQ,1571,1571,1571,23,20.4,478.75,20.815217391304348,No,0
1572,2812-SFXMJ,1572,1572,1572,1,20.05,20.05,20.05,No,0
1573,7675-OZCZG,1573,1573,1573,3,45.0,127.1,42.36666666666667,Yes,1
1574,5014-WUQMG,1574,1574,1574,47,96.1,4391.45,93.43510638297872,No,0
1575,5312-TSZVC,1575,1575,1575,15,19.65,270.6,18.040000000000003,No,0
1576,2003-CKLOR,1576,1576,1576,66,99.5,6710.5,101.67424242424242,Yes,1
1577,0993-OSGPT,1577,1577,1577,68,60.65,3975.9,58.46911764705882,No,0
1578,9254-RBFON,1578,1578,1578,17,98.6,1704.95,100.29117647058824,Yes,1
1579,1205-WNWPJ,1579,1579,1579,7,59.5,415.95,59.42142857142857,Yes,1
1580,9391-EOYLI,1580,1580,1580,12,80.45,950.2,79.18333333333334,Yes,1
1581,7108-DGVUU,1581,1581,1581,21,71.7,1497.05,71.28809523809524,No,0
1582,2782-JEEBU,1582,1582,1582,21,36.0,780.15,37.15,No,0
1583,5127-BZENZ,1583,1583,1583,56,65.2,3512.15,62.71696428571429,No,0
1584,2720-FVBQP,1584,1584,1584,6,48.95,273.25,45.541666666666664,No,0
1585,9906-NHHVC,1585,1585,1585,65,53.5,3517.9,54.121538461538464,No,0
1586,4522-XRWWI,1586,1586,1586,42,80.45,3375.9,80.37857142857143,No,0
1587,3766-EJLFL,1587,1587,1587,68,109.05,7508.55,110.41985294117647,No,0
1588,5939-SXWHM,1588,1588,1588,48,26.3,1245.05,25.938541666666666,No,0
1589,8152-UOBNY,1589,1589,1589,50,106.8,5347.95,106.959,No,0
1590,7351-KYHQH,1590,1590,1590,7,64.95,493.65,70.52142857142857,No,0
1591,7643-RCHXS,1591,1591,1591,63,19.35,1263.85,20.06111111111111,No,0
1592,8246-SHFGA,1592,1592,1592,17,21.1,385.55,22.679411764705883,No,0
1593,8387-MOJJT,1593,1593,1593,42,77.95,3384.0,80.57142857142857,Yes,1
1594,0620-XEFWH,1594,1594,1594,4,18.85,84.2,21.05,No,0
1595,6485-QXWWE,1595,1595,1595,62,26.0,1638.7,26.43064516129032,No,0
1596,2761-OCIAX,1596,1596,1596,2,74.7,165.4,82.7,Yes,1
1597,7321-VGNKU,1597,1597,1597,2,70.35,120.25,60.125,No,0
1598,5327-CNLUQ,1598,1598,1598,48,96.9,4473.45,93.19687499999999,No,0
1599,7552-KEYGT,1599,1599,1599,27,19.55,520.55,19.27962962962963,No,0
1600,5816-JMLGY,1600,1600,1600,70,80.4,5717.85,81.68357142857144,No,0
1601,3068-OMWZA,1601,1601,1601,1,88.8,88.8,88.8,Yes,1
1602,2927-QRRQV,1602,1602,1602,46,94.65,4312.5,93.75,No,0
1603,6032-KRXXO,1603,1603,1603,30,90.25,2755.35,91.845,Yes,1
1604,7459-RRWQZ,1604,1604,1604,15,64.65,994.55,66.30333333333333,Yes,1
1605,6265-SXWBU,1605,1605,1605,69,95.75,6511.25,94.3659420289855,No,0
1606,7941-RCJOW,1606,1606,1606,65,19.55,1218.65,18.74846153846154,No,0
1607,6374-NTQLP,1607,1607,1607,72,104.1,7447.7,103.44027777777778,No,0
1608,4154-AQUGT,1608,1608,1608,13,89.05,1169.35,89.94999999999999,Yes,1
1609,2387-KDZQY,1609,1609,1609,17,20.1,279.5,16.441176470588236,No,0
1610,3584-WKTTW,1610,1610,1610,51,111.55,5720.35,112.16372549019609,No,0
1611,3399-BMLVW,1611,1611,1611,51,60.5,3121.45,61.20490196078431,No,0
1612,1971-DTCZB,1612,1612,1612,72,90.95,6468.6,89.84166666666667,No,0
1613,3092-IGHWF,1613,1613,1613,67,87.4,5918.8,88.34029850746269,Yes,1
1614,3374-PZLXD,1614,1614,1614,34,19.7,675.6,19.870588235294118,No,0
1615,3813-DHBBB,1615,1615,1615,67,50.95,3521.7,52.56268656716418,No,0
1616,2812-REYAT,1616,1616,1616,49,20.05,923.1,18.838775510204083,No,0
1617,6518-PPLMZ,1617,1617,1617,53,19.4,1110.35,20.95,No,0
1618,4939-KYYPY,1618,1618,1618,27,59.45,1611.65,59.69074074074074,No,0
1619,8017-LXHFA,1619,1619,1619,23,94.75,2293.6,99.72173913043478,Yes,1
1620,5930-GBIWP,1620,1620,1620,69,81.5,5553.25,80.48188405797102,No,0
1621,6022-KOUQO,1621,1621,1621,2,29.05,44.75,22.375,No,0
1622,6352-TWCAU,1622,1622,1622,35,86.45,3029.1,86.54571428571428,Yes,1
1623,2361-UPSND,1623,1623,1623,46,70.6,3231.05,70.24021739130436,No,0
1624,6035-RIIOM,1624,1624,1624,54,97.2,5129.45,94.9898148148148,No,0
1625,2929-QNSRW,1625,1625,1625,56,98.25,5508.35,98.36339285714287,Yes,1
1626,1262-OPMFY,1626,1626,1626,9,75.75,655.9,72.87777777777778,Yes,1
1627,9504-DSHWM,1627,1627,1627,20,59.2,1191.2,59.56,No,0
1628,5035-BVCXS,1628,1628,1628,11,75.9,866.4,78.76363636363637,No,0
1629,6267-DCFFZ,1629,1629,1629,30,90.05,2627.2,87.57333333333332,No,0
1630,3533-UVMOM,1630,1630,1630,68,70.95,4741.45,69.72720588235293,No,0
1631,2439-LYPMQ,1631,1631,1631,38,102.6,4009.2,105.50526315789473,No,0
1632,4248-QPAVC,1632,1632,1632,17,85.35,1463.45,86.08529411764707,Yes,1
1633,1899-VXWXM,1633,1633,1633,48,106.1,5082.8,105.89166666666667,Yes,1
1634,1478-VPOAD,1634,1634,1634,1,43.8,43.8,43.8,No,0
1635,9995-HOTOH,1635,1635,1635,63,59.0,3707.6,58.85079365079365,No,0
1636,2988-PLAHS,1636,1636,1636,3,69.95,220.45,73.48333333333333,No,0
1637,1371-OJCEK,1637,1637,1637,48,24.35,1133.7,23.618750000000002,No,0
1638,4999-IEZLT,1638,1638,1638,66,29.45,1983.15,30.047727272727276,No,0
1639,8883-ANODQ,1639,1639,1639,68,84.4,5746.75,84.51102941176471,No,0
1640,4690-LLKUA,1640,1640,1640,17,45.05,770.6,45.32941176470588,Yes,1
1641,2351-RRBUE,1641,1641,1641,7,20.65,134.05,19.150000000000002,No,0
1642,5980-BDHPY,1642,1642,1642,72,87.1,6230.1,86.52916666666667,No,0
1643,1498-DQNRX,1643,1643,1643,29,19.85,573.05,19.760344827586206,No,0
1644,9469-WEJBT,1644,1644,1644,37,90.35,3419.3,92.41351351351352,No,0
1645,3331-HQDTW,1645,1645,1645,34,109.8,3587.25,105.50735294117646,Yes,1
1646,9490-DFPMD,1646,1646,1646,42,84.65,3541.35,84.31785714285714,Yes,1
1647,2581-VKIRT,1647,1647,1647,59,65.5,3801.3,64.42881355932204,No,0
1648,5442-XSDCW,1648,1648,1648,11,79.5,868.5,78.95454545454545,Yes,1
1649,7426-WEIJX,1649,1649,1649,60,80.95,4859.1,80.985,No,0
1650,2851-MMUTZ,1650,1650,1650,27,56.15,1439.35,53.30925925925926,No,0
1651,3049-NDXFL,1651,1651,1651,1,85.8,85.8,85.8,Yes,1
1652,8580-AECUZ,1652,1652,1652,1,79.1,79.1,79.1,Yes,1
1653,3307-TLCUD,1653,1653,1653,17,34.4,592.75,34.86764705882353,No,0
1654,6625-FLENO,1654,1654,1654,58,20.75,1185.95,20.44741379310345,No,0
1655,2967-MXRAV,1655,1655,1655,1,18.8,18.8,18.8,No,0
1656,7963-GQRMY,1656,1656,1656,3,44.3,134.5,44.833333333333336,Yes,1
1657,8189-HBVRW,1657,1657,1657,53,90.8,4921.2,92.85283018867923,No,0
1658,4163-KIUHY,1658,1658,1658,35,25.6,901.25,25.75,No,0
1659,1228-FZFRV,1659,1659,1659,50,105.95,5341.8,106.836,Yes,1
1660,3500-NSDOA,1660,1660,1660,68,70.8,4859.95,71.46985294117647,No,0
1661,1171-TYKUR,1661,1661,1661,47,25.4,1139.2,24.238297872340425,No,0
1662,3761-FLYZI,1662,1662,1662,65,108.8,7082.45,108.96076923076923,No,0
1663,2058-DCJBE,1663,1663,1663,5,69.75,324.6,64.92,Yes,1
1664,5364-XYIRR,1664,1664,1664,51,94.65,4812.75,94.36764705882354,Yes,1
1665,4829-AUOAX,1665,1665,1665,46,96.05,4399.5,95.6413043478261,Yes,1
1666,1219-NNDDO,1666,1666,1666,9,76.85,663.55,73.72777777777777,No,0
1667,8388-DMKAE,1667,1667,1667,8,20.25,174.65,21.83125,No,0
1668,4403-BWPAY,1668,1668,1668,14,24.8,321.7,22.978571428571428,No,0
1669,9659-QEQSY,1669,1669,1669,45,115.65,5125.5,113.9,No,0
1670,5405-ZMYXQ,1670,1670,1670,8,74.6,548.9,68.6125,No,0
1671,5047-LHVLY,1671,1671,1671,1,50.15,50.15,50.15,Yes,1
1672,1442-OKRJE,1672,1672,1672,66,103.15,7031.3,106.53484848484848,No,0
1673,4737-AQCPU,1673,1673,1673,72,72.1,5016.65,69.67569444444445,No,0
1674,9158-VCTQB,1674,1674,1674,41,113.6,4594.95,112.07195121951219,Yes,1
1675,2808-CHTDM,1675,1675,1675,23,25.1,611.45,26.584782608695654,No,0
1676,6311-UEUME,1676,1676,1676,29,78.9,2384.15,82.21206896551725,Yes,1
1677,0793-TWELN,1677,1677,1677,4,80.15,319.85,79.9625,No,0
1678,3283-WCWXT,1678,1678,1678,6,25.4,153.3,25.55,No,0
1679,1060-ENTOF,1679,1679,1679,67,105.4,7035.6,105.0089552238806,No,0
1680,0999-QXNSA,1680,1680,1680,7,45.75,344.2,49.17142857142857,No,0
1681,5451-MHQOF,1681,1681,1681,56,24.45,1431.65,25.56517857142857,No,0
1682,4836-WNFNO,1682,1682,1682,72,25.0,1849.2,25.683333333333334,No,0
1683,9225-BZLNZ,1683,1683,1683,72,85.25,6083.1,84.48750000000001,No,0
1684,0354-VXMJC,1684,1684,1684,23,19.6,426.65,18.55,No,0
1685,4422-QVIJA,1685,1685,1685,35,50.15,1655.35,47.29571428571428,No,0
1686,9365-SRSZE,1686,1686,1686,27,70.55,1943.9,71.9962962962963,No,0
1687,6839-ITVZJ,1687,1687,1687,26,60.05,1616.15,62.159615384615385,Yes,1
1688,8332-OSJDW,1688,1688,1688,12,26.4,314.95,26.245833333333334,No,0
1689,4735-BJKOU,1689,1689,1689,40,20.15,804.85,20.12125,No,0
1690,0274-JKUJR,1690,1690,1690,7,58.85,465.7,66.52857142857142,No,0
1691,5740-YHGTW,1691,1691,1691,70,97.55,6669.05,95.27214285714285,No,0
1692,8917-SZTTJ,1692,1692,1692,60,19.65,1161.75,19.3625,No,0
1693,1696-MZVAU,1693,1693,1693,39,25.25,947.75,24.30128205128205,No,0
1694,7359-WWYJV,1694,1694,1694,72,114.45,8375.05,116.32013888888888,No,0
1695,0375-HVGXO,1695,1695,1695,1,34.7,34.7,34.7,Yes,1
1696,4906-ZHGPK,1696,1696,1696,54,70.7,3770.0,69.81481481481481,No,0
1697,8593-WHYHV,1697,1697,1697,3,85.3,264.8,88.26666666666667,Yes,1
1698,3795-GWTRD,1698,1698,1698,63,75.55,4707.85,74.72777777777779,No,0
1699,1298-PHBTI,1699,1699,1699,71,84.8,6152.4,86.65352112676055,No,0
1700,6223-DHJGV,1700,1700,1700,42,20.65,958.1,22.811904761904763,No,0
1701,6961-MJKBO,1701,1701,1701,47,20.45,943.0,20.06382978723404,No,0
1702,6097-EQISJ,1702,1702,1702,66,102.45,6615.15,100.22954545454544,Yes,1
1703,4423-YLHDV,1703,1703,1703,21,104.4,2200.25,104.77380952380952,Yes,1
1704,8158-WPEZG,1704,1704,1704,11,35.65,425.1,38.64545454545455,No,0
1705,0107-YHINA,1705,1705,1705,1,99.75,99.75,99.75,Yes,1
1706,4918-FYJNT,1706,1706,1706,55,90.45,5044.8,91.72363636363637,No,0
1707,0727-BNRLG,1707,1707,1707,69,97.65,6743.55,97.73260869565217,No,0
1708,4854-CIDCF,1708,1708,1708,3,73.85,196.4,65.46666666666667,No,0
1709,8640-SDGKB,1709,1709,1709,4,74.4,299.7,74.925,Yes,1
1710,3280-MRDOF,1710,1710,1710,30,69.1,2093.9,69.79666666666667,No,0
1711,6435-SRWBJ,1711,1711,1711,5,82.75,417.75,83.55,No,0
1712,9964-WBQDJ,1712,1712,1712,71,24.4,1725.4,24.301408450704226,No,0
1713,6303-KFWSL,1713,1713,1713,29,55.25,1620.2,55.86896551724138,No,0
1714,1702-CCFNJ,1714,1714,1714,52,61.35,3169.55,60.95288461538462,No,0
1715,8932-CZHRQ,1715,1715,1715,68,76.75,5233.25,76.9595588235294,No,0
1716,0386-CWRGM,1716,1716,1716,46,19.4,967.85,21.04021739130435,No,0
1717,5515-RUGKN,1717,1717,1717,8,54.75,438.05,54.75625,No,0
1718,0404-AHASP,1718,1718,1718,72,19.7,1421.9,19.748611111111114,No,0
1719,7279-NMVJC,1719,1719,1719,17,19.9,323.15,19.008823529411764,No,0
1720,2081-VEYEH,1720,1720,1720,3,107.95,318.6,106.2,No,0
1721,6407-UTSLV,1721,1721,1721,2,83.8,163.7,81.85,No,0
1722,4116-TZAQJ,1722,1722,1722,9,74.25,639.65,71.07222222222222,Yes,1
1723,9060-HJJRW,1723,1723,1723,51,56.4,2928.5,57.42156862745098,No,0
1724,2587-YNLES,1724,1724,1724,6,20.1,100.35,16.724999999999998,No,0
1725,7398-SKNQZ,1725,1725,1725,3,94.9,273.2,91.06666666666666,No,0
1726,5935-FCCNB,1726,1726,1726,17,94.2,1608.15,94.59705882352942,No,0
1727,1958-RNRKS,1727,1727,1727,30,49.9,1441.95,48.065000000000005,No,0
1728,5136-RGMZO,1728,1728,1728,31,71.05,2168.15,69.94032258064516,No,0
1729,8345-MVDYC,1729,1729,1729,45,81.65,3618.7,80.41555555555556,No,0
1730,8226-BXGES,1730,1730,1730,64,89.45,5692.65,88.94765625,No,0
1731,3877-JRJIP,1731,1731,1731,1,59.85,59.85,59.85,Yes,1
1732,8375-DKEBR,1732,1732,1732,1,69.6,69.6,69.6,Yes,1
1733,9705-IOVQQ,1733,1733,1733,61,99.0,5969.3,97.85737704918033,No,0
1734,1015-OWJKI,1734,1734,1734,1,19.05,19.05,19.05,No,0
1735,7511-YMXVQ,1735,1735,1735,9,45.4,418.8,46.53333333333333,Yes,1
1736,2040-XBAVJ,1736,1736,1736,72,114.45,8100.55,112.50763888888889,No,0
1737,7551-JOHTI,1737,1737,1737,1,19.5,19.5,19.5,Yes,1
1738,8887-IPQNC,1738,1738,1738,7,44.25,313.45,44.778571428571425,No,0
1739,8646-JCOMS,1739,1739,1739,66,90.55,6130.95,92.89318181818182,No,0
1740,9804-ICWBG,1740,1740,1740,1,69.9,69.9,69.9,Yes,1
1741,1222-KJNZD,1741,1741,1741,40,20.4,745.3,18.6325,No,0
1742,0106-GHRQR,1742,1742,1742,16,71.4,1212.1,75.75625,No,0
1743,5318-IXUZF,1743,1743,1743,2,87.15,183.75,91.875,Yes,1
1744,3768-VHXQO,1744,1744,1744,67,24.85,1583.5,23.634328358208954,No,0
1745,8952-WCVCD,1745,1745,1745,41,104.45,4162.05,101.51341463414634,No,0
1746,2418-TPEUN,1746,1746,1746,56,19.8,1119.9,19.998214285714287,No,0
1747,3963-RYFNS,1747,1747,1747,72,116.45,8013.55,111.29930555555556,No,0
1748,3198-VELRD,1748,1748,1748,3,84.75,264.85,88.28333333333335,Yes,1
1749,8540-ZQGEA,1749,1749,1749,54,20.05,1102.4,20.414814814814818,No,0
1750,1320-REHCS,1750,1750,1750,52,110.75,5832.0,112.15384615384616,No,0
1751,4137-JOPHL,1751,1751,1751,50,89.7,4304.5,86.09,No,0
1752,9436-ZBZCT,1752,1752,1752,14,89.95,1178.4,84.17142857142858,Yes,1
1753,7801-CEDNV,1753,1753,1753,27,48.7,1421.75,52.657407407407405,No,0
1754,2057-BOYKM,1754,1754,1754,72,96.6,6827.5,94.82638888888889,No,0
1755,3658-QQJYD,1755,1755,1755,62,74.3,4698.05,75.775,No,0
1756,1803-BGNBD,1756,1756,1756,12,54.3,654.5,54.541666666666664,No,0
1757,0134-XWXCE,1757,1757,1757,44,74.85,3268.05,74.27386363636364,No,0
1758,6950-TWMYB,1758,1758,1758,54,79.95,4362.05,80.77870370370371,No,0
1759,5848-FHRFC,1759,1759,1759,68,20.05,1386.9,20.39558823529412,No,0
1760,2243-FNMMI,1760,1760,1760,20,19.4,415.4,20.77,No,0
1761,2511-MORQY,1761,1761,1761,50,54.9,2614.1,52.282,No,0
1762,5356-KZCKT,1762,1762,1762,58,24.45,1513.6,26.096551724137928,No,0
1763,9470-XCCEM,1763,1763,1763,35,89.65,3161.6,90.33142857142857,No,0
1764,6519-CFDBX,1764,1764,1764,2,45.4,80.95,40.475,No,0
1765,3902-MIVLE,1765,1765,1765,63,75.7,4676.7,74.23333333333333,No,0
1766,0409-WTMPL,1766,1766,1766,58,110.65,6526.65,112.52844827586206,No,0
1767,8763-KIAFH,1767,1767,1767,27,20.55,583.3,21.6037037037037,No,0
1768,3669-WHAFY,1768,1768,1768,71,115.15,8078.1,113.77605633802817,No,0
1769,3055-VTCGS,1769,1769,1769,63,58.55,3503.5,55.611111111111114,No,0
1770,3144-KMTWZ,1770,1770,1770,71,93.25,6669.45,93.93591549295775,No,0
1771,7279-BUYWN,1771,1771,1771,41,113.2,4689.5,114.3780487804878,Yes,1
1772,7156-MHUGY,1772,1772,1772,13,90.5,1201.15,92.39615384615385,Yes,1
1773,7198-GLXTC,1773,1773,1773,2,79.0,143.65,71.825,Yes,1
1774,2007-QVGAW,1774,1774,1774,68,19.35,1292.65,19.009558823529414,No,0
1775,5207-PLSTK,1775,1775,1775,1,48.75,48.75,48.75,No,0
1776,2307-FYNNL,1776,1776,1776,65,109.05,7108.2,109.35692307692307,No,0
1777,5605-XNWEN,1777,1777,1777,72,25.0,1802.55,25.035416666666666,No,0
1778,2155-AMQRX,1778,1778,1778,28,54.9,1505.15,53.75535714285714,No,0
1779,6181-AXXYF,1779,1779,1779,72,24.75,1859.1,25.820833333333333,No,0
1780,5091-HFAZW,1780,1780,1780,2,91.15,168.5,84.25,No,0
1781,0516-VRYBW,1781,1781,1781,18,20.15,390.85,21.71388888888889,Yes,1
1782,2519-LBNQL,1782,1782,1782,60,104.35,6339.45,105.6575,No,0
1783,8623-ULFNQ,1783,1783,1783,26,66.05,1652.4,63.55384615384616,No,0
1784,8380-PEFPE,1784,1784,1784,1,71.65,71.65,71.65,Yes,1
1785,5687-DKDTV,1785,1785,1785,4,20.35,77.5,19.375,Yes,1
1786,1568-LJSZU,1786,1786,1786,68,92.2,6392.85,94.0125,No,0
1787,7530-HDYDS,1787,1787,1787,38,84.25,3264.5,85.90789473684211,Yes,1
1788,7789-HKSBS,1788,1788,1788,42,105.2,4599.15,109.50357142857142,No,0
1789,7416-CKTEP,1789,1789,1789,57,19.6,1134.25,19.899122807017545,No,0
1790,2586-CWXVV,1790,1790,1790,54,30.4,1621.35,30.025,No,0
1791,3096-IZETN,1791,1791,1791,12,78.1,947.3,78.94166666666666,Yes,1
1792,2348-KCJLT,1792,1792,1792,44,61.5,2722.2,61.86818181818182,No,0
1793,8401-EMUWF,1793,1793,1793,42,69.4,3058.3,72.81666666666668,No,0
1794,4193-IBKSW,1794,1794,1794,72,24.75,1769.6,24.577777777777776,No,0
1795,5377-NDTOU,1795,1795,1795,71,91.05,6293.75,88.6443661971831,No,0
1796,5922-ABDVO,1796,1796,1796,19,89.65,1761.05,92.68684210526315,Yes,1
1797,2474-LCNUE,1797,1797,1797,23,73.65,1642.75,71.42391304347827,No,0
1798,0839-QNXME,1798,1798,1798,30,19.4,578.5,19.283333333333335,No,0
1799,3506-OVLKD,1799,1799,1799,35,26.2,954.9,27.282857142857143,No,0
1800,9172-ANCRX,1800,1800,1800,10,98.7,973.25,97.325,Yes,1
1801,6650-VJONK,1801,1801,1801,1,43.85,43.85,43.85,No,0
1802,2178-PMGCJ,1802,1802,1802,22,69.7,1490.4,67.74545454545455,No,0
1803,7492-TAFJD,1803,1803,1803,7,38.55,280.0,40.0,No,0
1804,2773-MADBQ,1804,1804,1804,36,53.1,1901.25,52.8125,No,0
1805,6016-LVTJQ,1805,1805,1805,34,20.65,716.4,21.070588235294117,No,0
1806,7860-KSUGX,1806,1806,1806,72,64.45,4720.0,65.55555555555556,No,0
1807,8966-KZXXA,1807,1807,1807,36,25.1,930.95,25.859722222222224,No,0
1808,6910-HADCM,1808,1808,1808,1,76.35,76.35,76.35,Yes,1
1809,4816-LXZYW,1809,1809,1809,23,79.15,1676.95,72.9108695652174,Yes,1
1810,9606-PBKBQ,1810,1810,1810,32,85.0,2642.05,82.5640625,Yes,1
1811,5149-QYTTU,1811,1811,1811,71,95.15,6770.85,95.36408450704226,No,0
1812,2070-XYMFH,1812,1812,1812,23,79.35,1835.3,79.79565217391304,No,0
1813,2085-BOJKI,1813,1813,1813,17,96.65,1588.25,93.42647058823529,No,0
1814,0817-HSUSE,1814,1814,1814,1,75.5,75.5,75.5,No,0
1815,5442-PPTJY,1815,1815,1815,12,19.7,258.35,21.52916666666667,No,0
1816,1927-QEWMY,1816,1816,1816,72,20.5,1502.25,20.864583333333332,No,0
1817,1663-MHLHE,1817,1817,1817,1,19.2,19.2,19.2,No,0
1818,5663-QBGIS,1818,1818,1818,72,98.35,6929.4,96.24166666666666,No,0
1819,4450-MDZFX,1819,1819,1819,60,74.35,4453.3,74.22166666666666,No,0
1820,6701-DHKWQ,1820,1820,1820,61,51.35,3244.4,53.18688524590164,No,0
1821,7554-AKDQF,1821,1821,1821,6,45.65,323.45,53.90833333333333,No,0
1822,3536-IQCTX,1822,1822,1822,32,85.3,2661.1,83.159375,Yes,1
1823,4911-BANWH,1823,1823,1823,31,86.55,2697.4,87.01290322580645,Yes,1
1824,8496-EJAUI,1824,1824,1824,19,73.85,1424.5,74.97368421052632,Yes,1
1825,0794-YVSGE,1825,1825,1825,72,20.3,1401.15,19.460416666666667,No,0
1826,5423-BHIXO,1826,1826,1826,32,54.2,1739.6,54.3625,No,0
1827,6908-VVYHM,1827,1827,1827,65,90.65,5931.0,91.24615384615385,No,0
1828,2959-EEXWB,1828,1828,1828,45,50.9,2333.85,51.86333333333333,No,0
1829,1839-UMACK,1829,1829,1829,42,25.05,949.85,22.61547619047619,No,0
1830,3030-YDNRM,1830,1830,1830,8,74.85,572.45,71.55625,No,0
1831,7321-KKSDU,1831,1831,1831,32,20.5,696.8,21.775,No,0
1832,3402-XRIUO,1832,1832,1832,22,63.55,1381.8,62.809090909090905,No,0
1833,3132-TVFDZ,1833,1833,1833,57,44.85,2572.95,45.13947368421052,Yes,1
1834,8286-AFUYI,1834,1834,1834,1,47.95,47.95,47.95,No,0
1835,8080-DDEMJ,1835,1835,1835,1,45.1,45.1,45.1,Yes,1
1836,8356-WUAOJ,1836,1836,1836,1,45.0,45.0,45.0,No,0
1837,6365-MTGZX,1837,1837,1837,24,96.0,2122.45,88.43541666666665,Yes,1
1838,1349-WXNGG,1838,1838,1838,1,20.05,20.05,20.05,Yes,1
1839,8058-DMYRU,1839,1839,1839,54,90.05,4931.8,91.32962962962964,No,0
1840,9350-ZXYJC,1840,1840,1840,4,25.3,116.95,29.2375,No,0
1841,6990-YNRIO,1841,1841,1841,65,108.65,6937.95,106.7376923076923,Yes,1
1842,8958-JPTRR,1842,1842,1842,56,24.3,1261.7,22.530357142857145,No,0
1843,6959-GQEGV,1843,1843,1843,45,75.95,3273.8,72.75111111111111,No,0
1844,3173-WSSUE,1844,1844,1844,71,19.7,1415.85,19.941549295774646,No,0
1845,1265-HVPZB,1845,1845,1845,59,66.4,3958.2,67.08813559322033,No,0
1846,4115-UMJFQ,1846,1846,1846,69,35.75,2492.25,36.119565217391305,No,0
1847,7369-TRPFD,1847,1847,1847,19,18.8,279.2,14.694736842105263,No,0
1848,1098-KFQEC,1848,1848,1848,55,19.4,1083.0,19.69090909090909,No,0
1849,7190-XHTWJ,1849,1849,1849,38,19.3,755.5,19.88157894736842,No,0
1850,0621-TWIEM,1850,1850,1850,10,45.55,402.6,40.260000000000005,Yes,1
1851,3537-RYBHH,1851,1851,1851,47,67.45,3252.0,69.19148936170212,No,0
1852,2485-ITVKB,1852,1852,1852,2,35.1,68.75,34.375,Yes,1
1853,3669-OYSJI,1853,1853,1853,1,46.2,46.2,46.2,Yes,1
1854,1612-EOHDH,1854,1854,1854,1,45.15,45.15,45.15,Yes,1
1855,6702-OHFWR,1855,1855,1855,1,43.3,43.3,43.3,Yes,1
1856,5296-BFCYD,1856,1856,1856,46,20.1,936.85,20.366304347826087,No,0
1857,4510-PYUSH,1857,1857,1857,38,57.15,2250.65,59.227631578947374,Yes,1
1858,9359-JANWS,1858,1858,1858,65,58.9,3857.1,59.339999999999996,No,0
1859,7517-SAWMO,1859,1859,1859,19,73.2,1441.1,75.84736842105262,Yes,1
1860,4143-HHPMK,1860,1860,1860,52,85.35,4338.6,83.4346153846154,Yes,1
1861,3279-DYZQM,1861,1861,1861,71,19.45,1378.45,19.414788732394367,No,0
1862,7054-LGEQW,1862,1862,1862,1,45.95,45.95,45.95,Yes,1
1863,0523-VNGTF,1863,1863,1863,52,50.5,2566.3,49.35192307692308,No,0
1864,9575-IWCAZ,1864,1864,1864,6,25.1,171.0,28.5,No,0
1865,7105-MXJLL,1865,1865,1865,26,60.7,1597.4,61.43846153846154,No,0
1866,7064-FRRSW,1866,1866,1866,48,99.0,4744.35,98.840625,No,0
1867,7940-UQQUG,1867,1867,1867,64,104.4,6721.6,105.025,No,0
1868,0923-PNFUB,1868,1868,1868,3,83.75,247.25,82.41666666666667,Yes,1
1869,3961-SXAXY,1869,1869,1869,1,44.05,44.05,44.05,No,0
1870,7010-BRBUU,1870,1870,1870,72,24.1,1734.65,24.092361111111114,No,0
1871,3566-HJGPK,1871,1871,1871,1,45.55,45.55,45.55,No,0
1872,3062-ICYZQ,1872,1872,1872,51,93.8,4539.35,89.00686274509805,No,0
1873,9938-PRCVK,1873,1873,1873,41,19.7,804.25,19.615853658536587,No,0
1874,0973-KYVNF,1874,1874,1874,72,70.65,5011.15,69.59930555555555,No,0
1875,5129-HHMZC,1875,1875,1875,43,86.45,3574.5,83.12790697674419,No,0
1876,9637-CDTKZ,1876,1876,1876,72,114.1,8086.4,112.3111111111111,No,0
1877,3946-JEWRQ,1877,1877,1877,47,95.2,4563.0,97.08510638297872,No,0
1878,7873-CVMAW,1878,1878,1878,72,88.55,6362.35,88.36597222222223,No,0
1879,0463-WZZKO,1879,1879,1879,3,20.75,67.1,22.366666666666664,No,0
1880,3494-JCHRQ,1880,1880,1880,1,70.05,70.05,70.05,Yes,1
1881,6474-FVJLC,1881,1881,1881,2,86.0,165.45,82.725,Yes,1
1882,4524-QCSSM,1882,1882,1882,26,44.65,1156.55,44.482692307692304,No,0
1883,5832-EXGTT,1883,1883,1883,29,60.2,1834.15,63.24655172413794,No,0
1884,8840-DQLGN,1884,1884,1884,35,100.5,3653.35,104.38142857142857,Yes,1
1885,2039-JONDJ,1885,1885,1885,27,55.45,1477.65,54.72777777777778,No,0
1886,7217-JYHOQ,1886,1886,1886,24,70.3,1706.45,71.10208333333334,No,0
1887,6695-FRVEC,1887,1887,1887,67,60.4,3953.7,59.01044776119403,No,0
1888,4547-LYTDD,1888,1888,1888,16,72.65,1194.3,74.64375,Yes,1
1889,9894-QMIMJ,1889,1889,1889,23,55.8,1327.85,57.73260869565217,No,0
1890,8069-YQQAJ,1890,1890,1890,14,31.1,419.7,29.978571428571428,No,0
1891,6770-XUAGN,1891,1891,1891,1,21.0,21.0,21.0,Yes,1
1892,4193-ORFCL,1892,1892,1892,1,45.1,45.1,45.1,Yes,1
1893,1636-NTNCO,1893,1893,1893,4,50.95,207.35,51.8375,No,0
1894,3466-WAESX,1894,1894,1894,16,69.1,1083.7,67.73125,No,0
1895,9281-PKKZE,1895,1895,1895,46,43.95,2007.85,43.64891304347826,No,0
1896,3638-VBZTA,1896,1896,1896,68,86.5,5882.75,86.51102941176471,No,0
1897,7459-IMVYU,1897,1897,1897,38,69.95,2657.55,69.93552631578947,No,0
1898,7776-QWNFX,1898,1898,1898,30,50.4,1527.5,50.916666666666664,Yes,1
1899,6689-TCZHQ,1899,1899,1899,5,78.95,378.4,75.67999999999999,Yes,1
1900,8563-OYMQY,1900,1900,1900,17,90.95,1612.2,94.83529411764707,No,0
1901,0754-EEBDC,1901,1901,1901,4,19.9,76.65,19.1625,No,0
1902,5777-ZPQNC,1902,1902,1902,12,20.15,260.7,21.724999999999998,No,0
1903,1951-IEYXM,1903,1903,1903,72,90.6,6441.85,89.4701388888889,No,0
1904,3318-NMQXL,1904,1904,1904,3,92.0,266.8,88.93333333333334,No,0
1905,3143-ILDAL,1905,1905,1905,56,94.45,5124.6,91.51071428571429,Yes,1
1906,1022-RKXDR,1906,1906,1906,41,24.85,962.25,23.46951219512195,No,0
1907,2361-FJWNO,1907,1907,1907,40,36.0,1382.9,34.572500000000005,No,0
1908,2272-UOINI,1908,1908,1908,7,78.5,571.05,81.57857142857142,No,0
1909,8232-UTFOZ,1909,1909,1909,69,19.95,1399.35,20.280434782608694,No,0
1910,3750-YHRYO,1910,1910,1910,7,20.65,150.0,21.428571428571427,No,0
1911,6637-KYRCV,1911,1911,1911,5,30.5,167.2,33.44,No,0
1912,5668-MEISB,1912,1912,1912,72,106.1,7657.4,106.35277777777777,No,0
1913,0129-QMPDR,1913,1913,1913,44,20.5,865.05,19.660227272727273,No,0
1914,7188-CBBBA,1914,1914,1914,65,95.5,6153.85,94.6746153846154,No,0
1915,5356-CSVSQ,1915,1915,1915,3,64.6,174.2,58.06666666666666,No,0
1916,3221-CJMSG,1916,1916,1916,24,51.1,1269.6,52.9,No,0
1917,4720-VSTSI,1917,1917,1917,44,84.8,3862.55,87.78522727272728,Yes,1
1918,3219-JQRSL,1918,1918,1918,72,89.1,6352.4,88.22777777777777,No,0
1919,2801-NISEI,1919,1919,1919,24,54.95,1348.5,56.1875,No,0
1920,3946-MHCZW,1920,1920,1920,1,50.9,50.9,50.9,Yes,1
1921,4623-ZKHLY,1921,1921,1921,22,20.45,471.55,21.43409090909091,No,0
1922,6732-VAILE,1922,1922,1922,70,85.95,5931.75,84.73928571428571,No,0
1923,8201-AAXCB,1923,1923,1923,25,60.35,1404.65,56.18600000000001,No,0
1924,7696-CFTAT,1924,1924,1924,37,19.8,726.1,19.624324324324323,No,0
1925,1845-CSBRZ,1925,1925,1925,22,85.35,1961.6,89.16363636363636,No,0
1926,2123-VSCOT,1926,1926,1926,59,72.1,4194.85,71.09915254237289,No,0
1927,6651-AZVTJ,1927,1927,1927,49,99.8,4872.45,99.43775510204081,Yes,1
1928,4566-GOLUK,1928,1928,1928,47,107.35,5118.95,108.91382978723404,Yes,1
1929,2484-DGXPZ,1929,1929,1929,31,19.55,658.95,21.256451612903227,Yes,1
1930,2018-QKYGT,1930,1930,1930,1,81.05,81.05,81.05,No,0
1931,2792-VPPET,1931,1931,1931,3,20.5,76.95,25.650000000000002,No,0
1932,7409-JURKQ,1932,1932,1932,53,111.8,5809.75,109.61792452830188,No,0
1933,3247-MHJKM,1933,1933,1933,1,20.2,20.2,20.2,No,0
1934,1964-SVLEA,1934,1934,1934,20,19.7,415.9,20.794999999999998,No,0
1935,4587-NUKOX,1935,1935,1935,3,79.1,246.5,82.16666666666667,Yes,1
1936,7297-DVYGA,1936,1936,1936,51,19.85,996.95,19.548039215686277,No,0
1937,2239-CGBUZ,1937,1937,1937,51,60.5,3145.15,61.66960784313726,No,0
1938,0854-UYHZD,1938,1938,1938,13,19.55,265.3,20.407692307692308,No,0
1939,7243-LCGGZ,1939,1939,1939,1,20.9,20.9,20.9,No,0
1940,8267-KFGYD,1940,1940,1940,1,21.05,21.05,21.05,No,0
1941,4890-VMUAV,1941,1941,1941,63,71.5,4576.3,72.63968253968254,No,0
1942,9261-WDCAF,1942,1942,1942,3,54.65,189.1,63.03333333333333,No,0
1943,3764-MNMOI,1943,1943,1943,46,19.2,908.15,19.742391304347827,No,0
1944,7442-YGZFK,1944,1944,1944,1,49.8,49.8,49.8,No,0
1945,0420-BWTPW,1945,1945,1945,8,25.5,215.2,26.9,Yes,1
1946,8229-BUJHX,1946,1946,1946,71,20.5,1500.95,21.140140845070423,No,0
1947,7449-HVPIV,1947,1947,1947,55,90.4,5099.15,92.71181818181817,No,0
1948,5504-WSIUR,1948,1948,1948,70,90.25,6385.95,91.22785714285715,No,0
1949,8183-ONMXC,1949,1949,1949,2,80.75,159.45,79.725,Yes,1
1950,8466-PZBLH,1950,1950,1950,67,104.6,6885.75,102.7723880597015,No,0
1951,9614-RMGHA,1951,1951,1951,65,91.85,5940.85,91.39769230769231,Yes,1
1952,8735-IJJEG,1952,1952,1952,14,50.2,668.85,47.775,No,0
1953,0564-MUUQK,1953,1953,1953,20,95.5,1916.2,95.81,No,0
1954,5054-IEXZT,1954,1954,1954,1,75.35,75.35,75.35,Yes,1
1955,5834-ASPWA,1955,1955,1955,1,75.45,75.45,75.45,Yes,1
1956,0701-RFGFI,1956,1956,1956,49,95.4,4613.95,94.16224489795918,No,0
1957,0019-EFAEP,1957,1957,1957,72,101.3,7261.25,100.85069444444444,No,0
1958,5619-PTMIK,1958,1958,1958,46,53.1,2459.8,53.47391304347826,No,0
1959,3737-XBQDD,1959,1959,1959,24,84.85,2048.8,85.36666666666667,No,0
1960,5882-CMAZQ,1960,1960,1960,5,34.25,163.55,32.71,No,0
1961,5846-QFDFI,1961,1961,1961,33,88.6,2888.7,87.53636363636363,No,0
1962,4445-KWOKW,1962,1962,1962,42,60.15,2421.6,57.65714285714286,No,0
1963,3511-APPBJ,1963,1963,1963,23,99.95,2292.75,99.68478260869566,No,0
1964,7967-HYCDE,1964,1964,1964,8,70.7,553.4,69.175,No,0
1965,2430-RRYUW,1965,1965,1965,66,54.8,3465.7,52.51060606060606,No,0
1966,3948-XHGNA,1966,1966,1966,24,49.55,1210.4,50.43333333333334,Yes,1
1967,3723-BFBGR,1967,1967,1967,24,54.8,1291.3,53.80416666666667,No,0
1968,0565-IYCGT,1968,1968,1968,69,78.6,5356.45,77.62971014492753,Yes,1
1969,5447-WZAFP,1969,1969,1969,53,100.3,5200.8,98.12830188679246,No,0
1970,5110-CHOPY,1970,1970,1970,60,53.6,3237.05,53.950833333333335,No,0
1971,5445-UTODQ,1971,1971,1971,7,81.1,576.65,82.37857142857142,Yes,1
1972,4425-OWHWB,1972,1972,1972,20,19.35,433.75,21.6875,No,0
1973,7892-QVYKW,1973,1973,1973,23,85.6,1868.4,81.23478260869565,No,0
1974,9675-ICXCT,1974,1974,1974,72,80.8,5728.55,79.56319444444445,No,0
1975,1024-VRZHF,1975,1975,1975,11,74.95,825.7,75.06363636363636,Yes,1
1976,4703-MQYKT,1976,1976,1976,21,19.6,390.4,18.59047619047619,No,0
1977,9497-QCMMS,1977,1977,1977,1,93.55,93.55,93.55,Yes,1
1978,5692-ICXLW,1978,1978,1978,31,90.7,2845.15,91.77903225806452,No,0
1979,0602-DDUML,1979,1979,1979,57,69.75,3894.4,68.32280701754387,No,0
1980,2208-MPXIO,1980,1980,1980,45,20.0,886.4,19.697777777777777,No,0
1981,1960-UYCNN,1981,1981,1981,10,95.25,1021.55,102.155,No,0
1982,0348-SDKOL,1982,1982,1982,58,102.1,5885.4,101.47241379310344,Yes,1
1983,3190-FZATL,1983,1983,1983,14,19.95,268.4,19.17142857142857,No,0
1984,7336-RLLRH,1984,1984,1984,27,80.85,2204.35,81.64259259259259,No,0
1985,4373-MAVJG,1985,1985,1985,14,90.9,1259.0,89.92857142857143,Yes,1
1986,8901-HJXTF,1986,1986,1986,12,29.2,309.1,25.758333333333336,Yes,1
1987,7710-JSYOA,1987,1987,1987,69,93.3,6398.05,92.72536231884058,No,0
1988,5419-KLXBN,1988,1988,1988,25,89.15,2257.75,90.31,Yes,1
1989,3424-NMNBO,1989,1989,1989,58,108.85,6287.25,108.40086206896552,Yes,1
1990,9885-MFVSU,1990,1990,1990,35,46.35,1662.05,47.48714285714286,No,0
1991,4514-GFCFI,1991,1991,1991,16,84.75,1350.15,84.384375,Yes,1
1992,0607-MVMGC,1992,1992,1992,45,78.75,3600.65,80.01444444444445,No,0
1993,3365-SAIGS,1993,1993,1993,17,83.55,1329.15,78.18529411764706,No,0
1994,9828-AOQLM,1994,1994,1994,1,45.7,45.7,45.7,Yes,1
1995,8022-BECSI,1995,1995,1995,22,19.6,422.5,19.204545454545453,No,0
1996,8000-REIQB,1996,1996,1996,1,69.95,69.95,69.95,Yes,1
1997,9993-LHIEB,1997,1997,1997,67,67.85,4627.65,69.06940298507462,No,0
1998,0266-CLZKZ,1998,1998,1998,67,105.65,6717.9,100.26716417910447,No,0
1999,7615-ESMYF,1999,1999,1999,2,44.6,97.1,48.55,Yes,1
2000,3858-VOBET,2000,2000,2000,23,74.95,1710.45,74.36739130434783,Yes,1
2001,7020-OZKXZ,2001,2001,2001,9,75.5,637.4,70.82222222222222,No,0
2002,3977-QCRSL,2002,2002,2002,5,20.15,117.95,23.59,No,0
2003,0017-DINOC,2003,2003,2003,54,45.2,2460.55,45.56574074074074,No,0
2004,1447-PJGGA,2004,2004,2004,57,95.25,5464.65,95.87105263157895,Yes,1
2005,8565-CLBZW,2005,2005,2005,24,89.85,2165.05,90.21041666666667,Yes,1
2006,9139-WQQDY,2006,2006,2006,49,100.45,4941.8,100.8530612244898,Yes,1
2007,0224-HJAPT,2007,2007,2007,5,47.15,223.15,44.63,Yes,1
2008,8086-OVPWV,2008,2008,2008,2,80.2,181.1,90.55,Yes,1
2009,9430-FRQOC,2009,2009,2009,4,87.1,341.45,85.3625,Yes,1
2010,7639-OPLNG,2010,2010,2010,70,79.25,5731.85,81.88357142857143,No,0
2011,3074-GQWYX,2011,2011,2011,5,75.9,357.75,71.55,Yes,1
2012,1492-QGCLU,2012,2012,2012,53,85.7,4616.1,87.09622641509435,No,0
2013,6845-RGTYS,2013,2013,2013,47,98.75,4533.7,96.46170212765956,Yes,1
2014,7328-OWMOM,2014,2014,2014,31,20.1,589.25,19.008064516129032,No,0
2015,4418-LZMSV,2015,2015,2015,13,61.8,750.1,57.7,No,0
2016,5155-AZQPB,2016,2016,2016,28,49.9,1410.25,50.36607142857143,No,0
2017,8861-HGGKB,2017,2017,2017,10,86.45,830.85,83.08500000000001,Yes,1
2018,1087-GRUYI,2018,2018,2018,38,20.4,743.5,19.56578947368421,No,0
2019,7065-YUNRY,2019,2019,2019,1,45.3,45.3,45.3,Yes,1
2020,7694-VLBWQ,2020,2020,2020,67,104.1,7040.85,105.08731343283583,Yes,1
2021,2546-KZAAT,2021,2021,2021,52,75.4,3865.45,74.33557692307691,No,0
2022,0181-RITDD,2022,2022,2022,62,108.15,6825.65,110.09112903225805,No,0
2023,5989-PGKJB,2023,2023,2023,16,86.25,1340.1,83.75625,No,0
2024,4795-KTRTH,2024,2024,2024,5,81.0,371.65,74.33,Yes,1
2025,8272-ONJLV,2025,2025,2025,12,95.7,1184.0,98.66666666666667,No,0
2026,1488-PBLJN,2026,2026,2026,72,116.85,8477.7,117.74583333333334,No,0
2027,0308-GIQJT,2027,2027,2027,71,105.75,7382.85,103.98380281690142,No,0
2028,3778-FOAQW,2028,2028,2028,24,20.15,456.85,19.035416666666666,No,0
2029,4452-ROHMO,2029,2029,2029,15,19.6,331.6,22.10666666666667,No,0
2030,6481-OGDOO,2030,2030,2030,67,90.6,6056.15,90.39029850746267,Yes,1
2031,3090-LETTY,2031,2031,2031,2,60.95,134.6,67.3,No,0
2032,5349-AZPEW,2032,2032,2032,5,25.05,125.5,25.1,No,0
2033,3753-TSEMP,2033,2033,2033,15,88.15,1390.6,92.70666666666666,Yes,1
2034,8305-VHZBZ,2034,2034,2034,1,20.2,20.2,20.2,Yes,1
2035,9720-JJJOR,2035,2035,2035,41,60.3,2511.3,61.25121951219513,No,0
2036,8100-HZZLJ,2036,2036,2036,43,63.95,2737.05,63.65232558139535,No,0
2037,8775-ERLNB,2037,2037,2037,1,74.3,74.3,74.3,No,0
2038,8309-IEYJD,2038,2038,2038,1,70.6,70.6,70.6,No,0
2039,9172-JITSM,2039,2039,2039,26,90.8,2361.8,90.83846153846154,Yes,1
2040,6298-QDFNH,2040,2040,2040,22,79.35,1730.35,78.65227272727272,Yes,1
2041,7398-HPYZQ,2041,2041,2041,71,90.55,6404.0,90.19718309859155,No,0
2042,3546-GHEAE,2042,2042,2042,7,19.45,165.35,23.62142857142857,No,0
2043,7361-YPXFS,2043,2043,2043,28,64.45,1867.6,66.7,No,0
2044,6557-BZXLQ,2044,2044,2044,16,69.65,1043.3,65.20625,No,0
2045,2550-QHZGP,2045,2045,2045,7,19.5,128.6,18.37142857142857,No,0
2046,7519-JTWQH,2046,2046,2046,69,110.5,7455.45,108.05,No,0
2047,2538-OIMXF,2047,2047,2047,1,24.7,24.7,24.7,No,0
2048,8543-MSDMF,2048,2048,2048,3,77.4,206.15,68.71666666666667,No,0
2049,9961-JBNMK,2049,2049,2049,21,96.8,2030.3,96.68095238095238,Yes,1
2050,1170-SASML,2050,2050,2050,69,85.4,5869.4,85.06376811594203,No,0
2051,4872-JCVCA,2051,2051,2051,71,47.6,3377.8,47.57464788732395,No,0
2052,5346-BZCHP,2052,2052,2052,69,19.4,1346.2,19.51014492753623,No,0
2053,2038-LLMLM,2053,2053,2053,48,103.85,4946.05,103.04270833333334,No,0
2054,6173-ITPWD,2054,2054,2054,47,83.35,4065.0,86.48936170212765,Yes,1
2055,9734-UYXQI,2055,2055,2055,2,49.4,106.55,53.275,Yes,1
2056,1216-BGTSP,2056,2056,2056,45,108.45,4964.7,110.32666666666667,No,0
2057,4138-NAXED,2057,2057,2057,51,81.0,4085.75,80.11274509803921,No,0
2058,2189-UXTKY,2058,2058,2058,22,79.2,1742.75,79.2159090909091,Yes,1
2059,0744-BIKKF,2059,2059,2059,72,86.65,6224.8,86.45555555555556,No,0
2060,7483-IQWIB,2060,2060,2060,37,92.95,3415.25,92.30405405405405,No,0
2061,5248-KWLAR,2061,2061,2061,71,90.35,6325.25,89.08802816901408,No,0
2062,4958-GZWIY,2062,2062,2062,7,48.7,340.25,48.607142857142854,Yes,1
2063,7996-MHXLW,2063,2063,2063,66,25.15,1683.6,25.509090909090908,No,0
2064,7833-PKIHD,2064,2064,2064,51,76.4,3966.3,77.77058823529413,No,0
2065,7061-OVMIM,2065,2065,2065,30,19.55,608.5,20.283333333333335,No,0
2066,5153-RTHKF,2066,2066,2066,34,85.35,2896.6,85.19411764705882,No,0
2067,1852-QSWCD,2067,2067,2067,64,24.8,1514.85,23.66953125,No,0
2068,4832-VRBMR,2068,2068,2068,65,103.15,6792.45,104.49923076923076,No,0
2069,9079-LWTFD,2069,2069,2069,47,100.75,4669.2,99.34468085106383,No,0
2070,6356-ELRKD,2070,2070,2070,1,95.6,95.6,95.6,Yes,1
2071,8624-GIOUT,2071,2071,2071,49,59.75,2934.3,59.88367346938776,Yes,1
2072,3392-EHMNK,2072,2072,2072,67,94.1,6302.8,94.07164179104478,No,0
2073,5986-WWXDV,2073,2073,2073,39,19.35,779.2,19.97948717948718,No,0
2074,3061-BCKYI,2074,2074,2074,14,19.9,283.75,20.267857142857142,No,0
2075,6179-GJPSO,2075,2075,2075,43,108.15,4600.7,106.99302325581395,Yes,1
2076,7901-TBKJX,2076,2076,2076,56,101.05,5594.0,99.89285714285714,No,0
2077,7228-PAQPD,2077,2077,2077,14,59.1,772.85,55.20357142857143,No,0
2078,3177-LASXD,2078,2078,2078,1,71.35,71.35,71.35,Yes,1
2079,7746-QYVCO,2079,2079,2079,16,55.85,857.8,53.6125,No,0
2080,5804-HYIEZ,2080,2080,2080,70,106.05,7554.05,107.915,No,0
2081,9919-FZDED,2081,2081,2081,72,84.1,5981.65,83.07847222222222,No,0
2082,5934-TSSAU,2082,2082,2082,23,75.3,1702.9,74.0391304347826,No,0
2083,3486-KHMLI,2083,2083,2083,21,24.7,467.15,22.245238095238093,No,0
2084,4897-QSUYC,2084,2084,2084,1,20.15,20.15,20.15,Yes,1
2085,1084-UQCHV,2085,2085,2085,1,69.75,69.75,69.75,Yes,1
2086,8290-YWKHZ,2086,2086,2086,32,93.2,2931.0,91.59375,Yes,1
2087,2955-BJZHG,2087,2087,2087,17,80.85,1400.85,82.40294117647058,Yes,1
2088,3806-DXQOM,2088,2088,2088,4,33.65,137.85,34.4625,Yes,1
2089,6784-XYJAE,2089,2089,2089,36,55.8,1941.5,53.93055555555556,No,0
2090,3933-DQPWX,2090,2090,2090,50,39.7,1932.75,38.655,No,0
2091,6661-EIPZC,2091,2091,2091,48,29.5,1423.05,29.646874999999998,No,0
2092,8957-THMOA,2092,2092,2092,50,20.15,970.85,19.417,No,0
2093,2251-PYLPB,2093,2093,2093,72,79.55,5810.9,80.70694444444445,No,0
2094,5555-RNPGT,2094,2094,2094,10,24.8,223.9,22.39,No,0
2095,1057-FOGLZ,2095,2095,2095,18,19.65,391.7,21.76111111111111,No,0
2096,9300-RENDD,2096,2096,2096,1,79.95,79.95,79.95,Yes,1
2097,0761-AETCS,2097,2097,2097,1,19.3,19.3,19.3,Yes,1
2098,8087-LGYHQ,2098,2098,2098,9,94.05,811.65,90.18333333333334,No,0
2099,4137-BTIKL,2099,2099,2099,2,90.75,174.75,87.375,No,0
2100,2190-BCXEC,2100,2100,2100,40,78.85,3126.85,78.17125,No,0
2101,6227-FBDXH,2101,2101,2101,69,99.5,6841.45,99.15144927536231,No,0
2102,2153-MREFK,2102,2102,2102,37,99.2,3754.6,101.47567567567567,Yes,1
2103,2911-WDXMV,2103,2103,2103,18,80.55,1406.65,78.14722222222223,No,0
2104,7206-PQBBZ,2104,2104,2104,11,70.2,834.7,75.88181818181819,No,0
2105,3106-ULWFW,2105,2105,2105,8,85.2,627.4,78.425,Yes,1
2106,0925-VYDLG,2106,2106,2106,3,75.25,242.0,80.66666666666667,Yes,1
2107,4547-FZJWE,2107,2107,2107,55,59.45,3157.0,57.4,No,0
2108,7422-WNBTY,2108,2108,2108,33,93.35,3092.0,93.6969696969697,No,0
2109,0842-IWYCP,2109,2109,2109,46,44.95,2168.9,47.15,No,0
2110,3521-HTQTV,2110,2110,2110,34,26.1,980.35,28.833823529411767,No,0
2111,3744-ZBHON,2111,2111,2111,3,20.2,65.95,21.983333333333334,No,0
2112,3373-DIUUN,2112,2112,2112,30,21.25,711.9,23.73,No,0
2113,8383-SGHJU,2113,2113,2113,33,59.4,1952.8,59.17575757575757,No,0
2114,7607-QKKTJ,2114,2114,2114,45,95.0,4368.85,97.08555555555556,No,0
2115,7707-PYBBH,2115,2115,2115,40,61.9,2647.1,66.1775,No,0
2116,8984-HPEMB,2116,2116,2116,71,118.65,8477.6,119.40281690140846,No,0
2117,4349-GFQHK,2117,2117,2117,1,54.35,54.35,54.35,Yes,1
2118,4139-DETXS,2118,2118,2118,72,64.45,4528.0,62.888888888888886,No,0
2119,9779-DPNEJ,2119,2119,2119,22,80.15,1790.65,81.39318181818182,No,0
2120,9805-FILKB,2120,2120,2120,46,20.2,845.6,18.382608695652173,No,0
2121,5793-YOLJN,2121,2121,2121,55,21.0,1210.3,22.005454545454544,No,0
2122,0673-IGUQO,2122,2122,2122,1,20.45,20.45,20.45,No,0
2123,4123-FCVCB,2123,2123,2123,12,75.85,854.45,71.20416666666667,No,0
2124,8819-IMISP,2124,2124,2124,31,80.45,2429.1,78.35806451612903,No,0
2125,7802-EFKNY,2125,2125,2125,5,24.95,100.4,20.080000000000002,Yes,1
2126,8311-UEUAB,2126,2126,2126,67,75.5,5229.45,78.05149253731344,No,0
2127,5858-EAFCZ,2127,2127,2127,1,44.45,44.45,44.45,No,0
2128,8035-BUYVG,2128,2128,2128,40,42.35,1716.45,42.91125,Yes,1
2129,1163-ONYEY,2129,2129,2129,41,74.55,3023.55,73.74512195121952,No,0
2130,9787-XVQIU,2130,2130,2130,1,75.3,75.3,75.3,Yes,1
2131,8945-MUQUF,2131,2131,2131,51,94.8,4837.6,94.85490196078432,Yes,1
2132,5656-MJEFC,2132,2132,2132,42,48.15,2032.3,48.38809523809524,No,0
2133,6082-OQFBA,2133,2133,2133,23,19.65,436.9,18.995652173913044,No,0
2134,8051-HJRLT,2134,2134,2134,1,70.55,70.55,70.55,Yes,1
2135,8974-OVACP,2135,2135,2135,1,20.15,20.15,20.15,No,0
2136,4010-YLMVT,2136,2136,2136,56,106.6,5893.95,105.24910714285714,No,0
2137,1379-FRVEB,2137,2137,2137,15,91.0,1430.05,95.33666666666666,No,0
2138,8612-GXIDD,2138,2138,2138,12,25.4,313.0,26.083333333333332,No,0
2139,6288-CHQJB,2139,2139,2139,54,69.95,3871.85,71.70092592592593,No,0
2140,8160-HOWOX,2140,2140,2140,7,66.85,458.1,65.44285714285715,No,0
2141,3023-GFLBR,2141,2141,2141,33,86.15,2745.7,83.2030303030303,Yes,1
2142,6648-INWPS,2142,2142,2142,16,20.15,341.35,21.334375,No,0
2143,4223-BKEOR,2143,2143,2143,21,64.85,1336.8,63.65714285714286,No,0
2144,4079-VTGLK,2144,2144,2144,30,74.85,2181.75,72.725,No,0
2145,1763-WQFUK,2145,2145,2145,3,50.5,147.75,49.25,No,0
2146,1391-UBDAR,2146,2146,2146,11,72.9,818.45,74.40454545454546,No,0
2147,8894-JVDCV,2147,2147,2147,62,115.05,7133.45,115.05564516129031,No,0
2148,2023-VQFDL,2148,2148,2148,18,19.0,348.8,19.37777777777778,No,0
2149,1345-GKDZZ,2149,2149,2149,6,19.55,128.6,21.433333333333334,No,0
2150,2014-MKGMH,2150,2150,2150,46,101.1,4674.4,101.61739130434782,No,0
2151,5628-FCGYG,2151,2151,2151,21,84.1,1737.45,82.7357142857143,No,0
2152,2560-WBWXF,2152,2152,2152,68,24.15,1498.85,22.04191176470588,No,0
2153,0248-IPDFW,2153,2153,2153,1,50.1,50.1,50.1,No,0
2154,7978-DKUQH,2154,2154,2154,25,74.6,1797.75,71.91,No,0
2155,4335-UPJSI,2155,2155,2155,24,19.75,498.1,20.754166666666666,No,0
2156,0524-IAVZO,2156,2156,2156,30,85.0,2624.25,87.475,Yes,1
2157,2737-YNGYW,2157,2157,2157,2,80.55,184.1,92.05,Yes,1
2158,1784-EZDKJ,2158,2158,2158,51,106.8,5498.8,107.81960784313726,No,0
2159,9297-FVVDH,2159,2159,2159,57,84.5,4845.4,85.00701754385965,No,0
2160,8007-YYPWD,2160,2160,2160,15,25.05,369.1,24.60666666666667,No,0
2161,7101-HRBLJ,2161,2161,2161,72,83.7,6096.9,84.67916666666666,No,0
2162,5159-YFPKQ,2162,2162,2162,2,75.8,160.75,80.375,Yes,1
2163,6635-CPNUN,2163,2163,2163,28,96.6,2684.35,95.86964285714285,No,0
2164,4021-RQSNY,2164,2164,2164,29,98.5,3004.15,103.59137931034483,Yes,1
2165,5453-YBTWV,2165,2165,2165,70,101.1,6994.8,99.92571428571429,No,0
2166,5039-LZRQT,2166,2166,2166,13,20.2,273.25,21.01923076923077,No,0
2167,2931-VUVJN,2167,2167,2167,59,94.05,5483.9,92.94745762711864,No,0
2168,9061-TIHDA,2168,2168,2168,13,95.25,1233.65,94.89615384615385,Yes,1
2169,8699-ASUFO,2169,2169,2169,7,74.4,527.9,75.41428571428571,Yes,1
2170,6418-PIQSP,2170,2170,2170,62,81.0,4985.9,80.41774193548386,No,0
2171,8220-OCUFY,2171,2171,2171,21,60.25,1258.35,59.921428571428564,No,0
2172,3995-WFCSM,2172,2172,2172,2,60.85,111.4,55.7,No,0
2173,1895-QTKDO,2173,2173,2173,1,43.95,43.95,43.95,No,0
2174,2038-OEQZH,2174,2174,2174,4,86.05,308.1,77.025,No,0
2175,1178-PZGAB,2175,2175,2175,19,20.25,383.65,20.192105263157895,No,0
2176,7927-AUXBZ,2176,2176,2176,30,85.15,2555.9,85.19666666666667,Yes,1
2177,2626-VEEWG,2177,2177,2177,67,19.4,1284.2,19.16716417910448,No,0
2178,2878-RMWXY,2178,2178,2178,72,102.65,7550.3,104.86527777777778,No,0
2179,1657-DYMBM,2179,2179,2179,53,19.9,1110.05,20.944339622641508,No,0
2180,7311-MQJCH,2180,2180,2180,5,19.55,99.6,19.919999999999998,No,0
2181,7375-WMVMT,2181,2181,2181,71,95.5,6707.15,94.4669014084507,No,0
2182,1136-XGEQU,2182,2182,2182,50,84.15,4164.4,83.288,No,0
2183,2530-FMFXO,2183,2183,2183,56,103.2,5873.75,104.88839285714286,No,0
2184,6844-DZKRF,2184,2184,2184,2,50.2,109.25,54.625,No,0
2185,4695-WJZUE,2185,2185,2185,2,88.55,179.25,89.625,Yes,1
2186,7619-ODSGN,2186,2186,2186,24,54.75,1338.15,55.75625,Yes,1
2187,5970-GHJAW,2187,2187,2187,46,19.95,862.4,18.747826086956522,No,0
2188,8879-XUAHX,2188,2188,2188,71,116.25,8564.75,120.63028169014085,No,0
2189,3689-MOZGR,2189,2189,2189,29,31.2,926.2,31.93793103448276,No,0
2190,4195-PNGZS,2190,2190,2190,69,24.45,1718.2,24.90144927536232,No,0
2191,5003-XZWWO,2191,2191,2191,71,84.2,5956.85,83.8992957746479,No,0
2192,3988-RQIXO,2192,2192,2192,1,91.3,91.3,91.3,Yes,1
2193,7622-FWGEW,2193,2193,2193,56,85.65,4824.45,86.15089285714285,No,0
2194,6922-NCEDI,2194,2194,2194,56,21.2,1238.65,22.118750000000002,No,0
2195,2514-GINMM,2195,2195,2195,1,79.5,79.5,79.5,Yes,1
2196,9891-NQDBD,2196,2196,2196,28,25.55,672.2,24.00714285714286,No,0
2197,6131-IUNXN,2197,2197,2197,19,20.2,382.2,20.11578947368421,No,0
2198,8548-AWOFC,2198,2198,2198,66,63.85,4264.6,64.61515151515152,No,0
2199,9798-DRYDS,2199,2199,2199,17,61.95,1070.7,62.98235294117647,No,0
2200,8532-UEFWH,2200,2200,2200,52,25.75,1345.85,25.881730769230767,No,0
2201,6296-DDOOR,2201,2201,2201,19,58.2,1045.25,55.01315789473684,No,0
2202,7951-VRDVK,2202,2202,2202,36,85.85,3003.55,83.43194444444445,No,0
2203,5931-FLJJF,2203,2203,2203,7,70.1,467.55,66.79285714285714,Yes,1
2204,4815-YOSUK,2204,2204,2204,72,104.9,7537.5,104.6875,No,0
2205,2659-VXMWZ,2205,2205,2205,67,111.3,7482.1,111.67313432835822,Yes,1
2206,0380-NEAVX,2206,2206,2206,34,99.85,3343.15,98.32794117647059,No,0
2207,3207-OYBWH,2207,2207,2207,57,95.25,5427.05,95.21140350877194,Yes,1
2208,4285-GYRQC,2208,2208,2208,7,86.25,587.1,83.87142857142858,Yes,1
2209,7216-EWTRS,2209,2209,2209,1,100.8,100.8,100.8,Yes,1
2210,4365-MSDYN,2210,2210,2210,8,19.55,161.15,20.14375,No,0
2211,7036-TYDEC,2211,2211,2211,69,104.0,7028.5,101.8623188405797,No,0
2212,5802-ADBRC,2212,2212,2212,50,104.4,5232.9,104.65799999999999,No,0
2213,8076-FEZKJ,2213,2213,2213,10,19.5,225.85,22.585,No,0
2214,5197-YPYBZ,2214,2214,2214,12,25.25,274.7,22.891666666666666,No,0
2215,8337-MSSXB,2215,2215,2215,14,86.3,1180.95,84.35357142857143,Yes,1
2216,4312-GVYNH,2216,2216,2216,70,49.85,3370.2,48.145714285714284,No,0
2217,8495-LJDFO,2217,2217,2217,64,108.95,7111.3,111.1140625,No,0
2218,0839-JTCUD,2218,2218,2218,66,89.9,5958.85,90.28560606060607,No,0
2219,5494-WOZRZ,2219,2219,2219,71,82.0,5999.85,84.5049295774648,No,0
2220,1302-UHBDD,2220,2220,2220,20,89.95,1648.45,82.4225,No,0
2221,2234-EOFPT,2221,2221,2221,72,79.35,5753.25,79.90625,No,0
2222,8619-IJNDK,2222,2222,2222,71,64.05,4492.9,63.28028169014084,No,0
2223,8378-LKJAF,2223,2223,2223,38,101.15,3956.7,104.1236842105263,No,0
2224,8182-BJDSI,2224,2224,2224,28,89.95,2625.55,93.76964285714287,Yes,1
2225,2528-HFYZX,2225,2225,2225,17,76.45,1233.4,72.5529411764706,Yes,1
2226,1153-GNOLC,2226,2226,2226,33,39.1,1309.0,39.666666666666664,No,0
2227,3298-QEICA,2227,2227,2227,23,34.6,813.45,35.36739130434783,No,0
2228,0788-DXBFY,2228,2228,2228,58,19.55,1108.8,19.117241379310343,No,0
2229,3597-YASZG,2229,2229,2229,70,104.45,7349.35,104.99071428571429,No,0
2230,3496-LFSZU,2230,2230,2230,4,70.5,294.2,73.55,No,0
2231,5242-UOWHD,2231,2231,2231,45,20.35,929.2,20.64888888888889,No,0
2232,2482-CZGBB,2232,2232,2232,10,70.0,740.0,74.0,Yes,1
2233,6479-SZPLM,2233,2233,2233,36,19.45,754.5,20.958333333333332,No,0
2234,8097-VBQTZ,2234,2234,2234,54,69.9,3883.3,71.91296296296296,No,0
2235,4500-HKANN,2235,2235,2235,23,59.7,1414.2,61.48695652173913,No,0
2236,9917-KWRBE,2236,2236,2236,41,78.35,3211.2,78.32195121951219,No,0
2237,3420-ZDBMA,2237,2237,2237,5,71.45,371.6,74.32000000000001,No,0
2238,2212-LYASK,2238,2238,2238,27,45.85,1246.4,46.162962962962965,No,0
2239,1393-IMKZG,2239,2239,2239,1,95.85,95.85,95.85,No,0
2240,8069-RHUXK,2240,2240,2240,67,35.7,2545.7,37.9955223880597,No,0
2241,3398-GCPMU,2241,2241,2241,72,89.55,6448.85,89.56736111111111,No,0
2242,2908-WGAXL,2242,2242,2242,56,24.95,1468.9,26.230357142857144,No,0
2243,3378-AJRAO,2243,2243,2243,44,24.85,1013.6,23.036363636363635,No,0
2244,1013-QCWAM,2244,2244,2244,66,100.8,6690.75,101.375,No,0
2245,0866-QLSIR,2245,2245,2245,34,64.4,2088.75,61.43382352941177,Yes,1
2246,6050-FFXES,2246,2246,2246,69,105.35,7240.65,104.93695652173912,No,0
2247,7181-BQYBV,2247,2247,2247,1,102.45,102.45,102.45,Yes,1
2248,0362-RAOQO,2248,2248,2248,40,19.65,830.25,20.75625,No,0
2249,9554-DFKIC,2249,2249,2249,30,54.45,1588.7,52.95666666666667,No,0
2250,5527-ACHSO,2250,2250,2250,11,70.5,829.3,75.39090909090909,No,0
2251,0829-DDVLK,2251,2251,2251,15,20.1,302.45,20.163333333333334,No,0
2252,1399-UBQIU,2252,2252,2252,11,69.35,712.25,64.75,No,0
2253,1813-JLKWR,2253,2253,2253,64,19.8,1336.65,20.88515625,No,0
2254,0336-PIKEI,2254,2254,2254,72,74.4,5360.75,74.45486111111111,No,0
2255,7322-OCWHC,2255,2255,2255,72,93.05,6735.05,93.54236111111112,No,0
2256,9537-VHDTA,2256,2256,2256,1,51.2,51.2,51.2,No,0
2257,4957-TIALW,2257,2257,2257,15,65.6,1010.0,67.33333333333333,No,0
2258,2054-PJOCK,2258,2258,2258,60,80.55,4847.05,80.78416666666666,No,0
2259,9150-HEPMB,2259,2259,2259,56,52.7,3019.7,53.92321428571428,No,0
2260,9030-QGZNL,2260,2260,2260,8,20.85,161.65,20.20625,No,0
2261,6204-IEUXJ,2261,2261,2261,3,80.1,217.55,72.51666666666667,Yes,1
2262,3126-WQMGH,2262,2262,2262,49,52.15,2583.75,52.72959183673469,No,0
2263,4529-CKBCL,2263,2263,2263,2,80.2,146.05,73.025,Yes,1
2264,2506-CLAKW,2264,2264,2264,6,98.15,567.45,94.575,Yes,1
2265,7176-WRTNX,2265,2265,2265,70,114.95,7711.25,110.16071428571429,No,0
2266,1583-IHQZE,2266,2266,2266,12,112.95,1384.75,115.39583333333333,Yes,1
2267,5732-IKGQH,2267,2267,2267,52,104.45,5481.25,105.40865384615384,No,0
2268,9239-GZHZE,2268,2268,2268,72,113.65,8124.2,112.83611111111111,No,0
2269,7205-BAIAD,2269,2269,2269,40,20.6,827.3,20.682499999999997,No,0
2270,0151-ONTOV,2270,2270,2270,1,70.9,70.9,70.9,Yes,1
2271,4140-MUHUG,2271,2271,2271,3,86.85,220.95,73.64999999999999,Yes,1
2272,0093-EXYQL,2272,2272,2272,40,91.55,3673.6,91.84,No,0
2273,8064-RAVOH,2273,2273,2273,1,49.85,49.85,49.85,No,0
2274,0219-QAERP,2274,2274,2274,30,19.8,576.65,19.221666666666668,No,0
2275,0320-JDNQG,2275,2275,2275,23,99.85,2331.3,101.3608695652174,Yes,1
2276,7180-PISOG,2276,2276,2276,1,74.5,74.5,74.5,Yes,1
2277,9168-INPSZ,2277,2277,2277,44,104.15,4495.65,102.17386363636363,No,0
2278,3571-RFHAR,2278,2278,2278,65,109.15,6941.2,106.78769230769231,Yes,1
2279,0015-UOCOJ,2279,2279,2279,7,48.2,340.35,48.621428571428574,No,0
2280,5334-AFQJB,2280,2280,2280,72,25.1,1789.9,24.859722222222224,No,0
2281,2754-SDJRD,2281,2281,2281,8,100.15,908.55,113.56875,No,0
2282,9578-VRMNM,2282,2282,2282,16,65.2,1043.35,65.209375,Yes,1
2283,1587-FKLZB,2283,2283,2283,66,99.5,6822.15,103.36590909090908,Yes,1
2284,6140-QNRQQ,2284,2284,2284,1,71.55,71.55,71.55,Yes,1
2285,8963-JLGJT,2285,2285,2285,3,55.9,157.55,52.51666666666667,No,0
2286,4307-KTUMW,2286,2286,2286,53,93.9,5029.2,94.89056603773585,Yes,1
2287,1465-LNTLJ,2287,2287,2287,8,64.4,581.7,72.7125,No,0
2288,5440-FLBQG,2288,2288,2288,69,108.4,7318.2,106.06086956521739,Yes,1
2289,2135-DQWAQ,2289,2289,2289,5,85.3,420.45,84.09,No,0
2290,4056-QHXHZ,2290,2290,2290,72,107.45,7576.7,105.23194444444444,No,0
2291,7470-MCQTK,2291,2291,2291,13,48.75,633.4,48.723076923076924,Yes,1
2292,7488-MXJIV,2292,2292,2292,4,85.65,321.65,80.4125,Yes,1
2293,7401-JIXNM,2293,2293,2293,54,91.3,4965.0,91.94444444444444,No,0
2294,9339-FIIJL,2294,2294,2294,72,85.95,6151.9,85.44305555555555,No,0
2295,2027-FECZV,2295,2295,2295,12,106.7,1253.9,104.49166666666667,Yes,1
2296,2672-DZUOY,2296,2296,2296,1,25.15,25.15,25.15,Yes,1
2297,4706-DGAHW,2297,2297,2297,1,45.2,45.2,45.2,No,0
2298,3870-MQAMG,2298,2298,2298,54,110.35,5893.15,109.1324074074074,Yes,1
2299,6670-MFRPK,2299,2299,2299,69,79.2,5420.65,78.56014492753623,No,0
2300,6177-PEVRA,2300,2300,2300,48,55.5,2627.35,54.73645833333333,No,0
2301,4800-CZMPC,2301,2301,2301,48,103.25,5037.55,104.94895833333334,Yes,1
2302,4813-HQMGZ,2302,2302,2302,8,90.25,743.75,92.96875,No,0
2303,7579-KKLOE,2303,2303,2303,71,91.25,6589.6,92.8112676056338,No,0
2304,7377-DMMRI,2304,2304,2304,2,47.8,92.45,46.225,Yes,1
2305,8402-EIVQS,2305,2305,2305,67,100.9,6733.15,100.49477611940299,No,0
2306,4947-DSMXK,2306,2306,2306,34,97.7,3410.0,100.29411764705883,No,0
2307,7245-NIIWQ,2307,2307,2307,3,69.85,199.85,66.61666666666666,No,0
2308,0002-ORFBO,2308,2308,2308,9,65.6,593.3,65.92222222222222,No,0
2309,3324-OIRTO,2309,2309,2309,71,104.65,7288.4,102.65352112676055,No,0
2310,5414-OFQCB,2310,2310,2310,57,90.45,5229.8,91.75087719298246,No,0
2311,4967-WPNCF,2311,2311,2311,72,63.7,4464.8,62.01111111111111,No,0
2312,8552-OBVRU,2312,2312,2312,48,104.5,5068.05,105.58437500000001,No,0
2313,8499-BRXTD,2313,2313,2313,18,20.1,401.85,22.325000000000003,No,0
2314,9154-QDGTH,2314,2314,2314,43,104.3,4451.85,103.53139534883722,No,0
2315,8197-BFWVU,2315,2315,2315,72,93.25,6688.95,92.90208333333334,No,0
2316,2577-GVSIL,2316,2316,2316,35,73.45,2661.1,76.03142857142856,No,0
2317,9367-OIUXP,2317,2317,2317,4,20.7,73.05,18.2625,No,0
2318,6770-UAYGJ,2318,2318,2318,49,25.25,1211.65,24.727551020408164,No,0
2319,6463-HHXJR,2319,2319,2319,71,100.5,7030.65,99.02323943661972,No,0
2320,7928-VJYAB,2320,2320,2320,11,90.6,1020.2,92.74545454545455,No,0
2321,1187-WILMM,2321,2321,2321,63,89.4,5597.65,88.8515873015873,No,0
2322,9776-OJUZI,2322,2322,2322,65,95.45,6223.3,95.74307692307693,No,0
2323,1306-RPWXZ,2323,2323,2323,49,20.45,1024.65,20.91122448979592,No,0
2324,8949-JTMAY,2324,2324,2324,29,98.6,2933.2,101.14482758620689,Yes,1
2325,2774-LVQUS,2325,2325,2325,15,83.05,1258.3,83.88666666666667,Yes,1
2326,3097-PYWXL,2326,2326,2326,4,19.95,82.9,20.725,No,0
2327,2266-SJNAT,2327,2327,2327,72,109.15,7789.6,108.1888888888889,No,0
2328,0869-PAPRP,2328,2328,2328,26,85.7,2067.0,79.5,No,0
2329,4238-JSSWH,2329,2329,2329,35,102.05,3452.55,98.64428571428572,No,0
2330,2972-YDYUW,2330,2330,2330,57,94.7,5468.95,95.94649122807017,No,0
2331,1104-FEJAM,2331,2331,2331,28,64.4,1802.15,64.3625,No,0
2332,2809-ILCYT,2332,2332,2332,25,26.8,733.55,29.342,No,0
2333,5499-ECUTN,2333,2333,2333,47,66.05,3021.45,64.28617021276595,No,0
2334,4981-FLTMF,2334,2334,2334,57,65.2,3687.85,64.69912280701755,No,0
2335,9121-PHQSR,2335,2335,2335,16,85.05,1391.15,86.946875,No,0
2336,3113-IWHLC,2336,2336,2336,5,55.8,274.35,54.870000000000005,No,0
2337,3211-ILJTT,2337,2337,2337,17,70.4,1214.05,71.41470588235293,Yes,1
2338,4612-THJBS,2338,2338,2338,56,104.75,5510.65,98.40446428571428,Yes,1
2339,4277-BWBML,2339,2339,2339,72,19.95,1322.85,18.372916666666665,No,0
2340,4094-NSEDU,2340,2340,2340,21,94.25,1973.75,93.98809523809524,Yes,1
2341,0234-TEVTT,2341,2341,2341,48,45.0,2196.3,45.75625,No,0
2342,4304-TSPVK,2342,2342,2342,68,114.9,7843.55,115.34632352941176,No,0
2343,1552-AAGRX,2343,2343,2343,30,106.4,3211.9,107.06333333333333,No,0
2344,2637-FKFSY,2344,2344,2344,3,46.1,130.15,43.38333333333333,No,0
2345,9796-MVYXX,2345,2345,2345,14,39.7,692.35,49.45357142857143,No,0
2346,7874-ECPQJ,2346,2346,2346,4,20.05,85.5,21.375,No,0
2347,0020-INWCK,2347,2347,2347,71,95.75,6849.4,96.47042253521126,No,0
2348,7089-RKVSZ,2348,2348,2348,8,24.4,203.95,25.49375,No,0
2349,2683-JXWQQ,2349,2349,2349,61,33.6,2117.2,34.708196721311474,No,0
2350,9548-ZMVTX,2350,2350,2350,72,90.45,6565.85,91.19236111111111,No,0
2351,8739-XNIKG,2351,2351,2351,5,84.0,424.75,84.95,No,0
2352,9755-JHNMN,2352,2352,2352,49,67.4,3306.85,67.48673469387755,No,0
2353,3981-QSVQI,2353,2353,2353,8,19.7,168.9,21.1125,No,0
2354,2789-HQBOU,2354,2354,2354,3,80.35,253.8,84.60000000000001,No,0
2355,9424-CMPOG,2355,2355,2355,9,19.6,197.4,21.933333333333334,No,0
2356,5067-WJEUN,2356,2356,2356,67,54.2,3838.2,57.286567164179104,No,0
2357,3450-WXOAT,2357,2357,2357,46,45.2,2065.15,44.8945652173913,No,0
2358,9251-WNSOD,2358,2358,2358,67,75.1,5064.45,75.58880597014925,No,0
2359,6974-DAFLI,2359,2359,2359,55,19.7,1140.05,20.728181818181817,No,0
2360,2616-UUTFK,2360,2360,2360,33,72.75,2447.45,74.1651515151515,No,0
2361,7064-JHXCE,2361,2361,2361,62,20.05,1263.9,20.385483870967743,No,0
2362,5103-MHMHY,2362,2362,2362,1,45.95,45.95,45.95,Yes,1
2363,7989-AWGEH,2363,2363,2363,49,39.2,1838.15,37.51326530612245,No,0
2364,4373-VVHQL,2364,2364,2364,1,44.75,44.75,44.75,No,0
2365,4559-UWIHT,2365,2365,2365,14,82.65,1185.0,84.64285714285714,No,0
2366,7268-IGMFD,2366,2366,2366,18,93.9,1743.9,96.88333333333334,No,0
2367,1846-XWOQN,2367,2367,2367,1,70.15,70.15,70.15,Yes,1
2368,0235-KGSLC,2368,2368,2368,1,85.55,85.55,85.55,Yes,1
2369,6650-BWFRT,2369,2369,2369,72,117.15,8529.5,118.46527777777777,No,0
2370,9570-KYEUA,2370,2370,2370,64,99.25,6549.45,102.33515625,No,0
2371,6993-YGFJV,2371,2371,2371,69,112.55,7806.5,113.1376811594203,No,0
2372,2712-SYWAY,2372,2372,2372,1,25.7,25.7,25.7,No,0
2373,0730-BGQGF,2373,2373,2373,71,90.3,6287.3,88.55352112676057,No,0
2374,5498-IBWPI,2374,2374,2374,66,49.4,3251.85,49.27045454545454,No,0
2375,9101-NTIXF,2375,2375,2375,2,19.4,50.6,25.3,No,0
2376,0013-SMEOE,2376,2376,2376,71,109.7,7904.25,111.3274647887324,No,0
2377,9314-QDMDW,2377,2377,2377,11,61.25,729.95,66.35909090909091,No,0
2378,9308-ANMVE,2378,2378,2378,47,55.3,2654.05,56.469148936170214,No,0
2379,2884-GBPFB,2379,2379,2379,35,70.3,2416.55,69.04428571428572,Yes,1
2380,3757-NJYBX,2380,2380,2380,32,106.35,3520.75,110.0234375,Yes,1
2381,3413-DHLPB,2381,2381,2381,60,103.75,5969.95,99.49916666666667,No,0
2382,7649-PHJVR,2382,2382,2382,11,19.5,226.8,20.61818181818182,No,0
2383,6114-TCFID,2383,2383,2383,29,39.5,1082.75,37.33620689655172,No,0
2384,3787-TRIAL,2384,2384,2384,21,26.05,565.75,26.94047619047619,No,0
2385,2573-GYRUU,2385,2385,2385,48,91.05,4370.75,91.05729166666667,No,0
2386,5156-UMKOW,2386,2386,2386,3,29.65,90.05,30.016666666666666,No,0
2387,1247-QBVSH,2387,2387,2387,43,50.2,2169.4,50.45116279069768,No,0
2388,6734-GMPVK,2388,2388,2388,5,105.3,550.6,110.12,No,0
2389,9822-OAOVB,2389,2389,2389,1,55.45,55.45,55.45,No,0
2390,6161-ERDGD,2390,2390,2390,71,85.45,6300.85,88.7443661971831,No,0
2391,1226-JZNKR,2391,2391,2391,8,19.8,160.05,20.00625,No,0
2392,7318-EIVKO,2392,2392,2392,8,59.25,436.6,54.575,No,0
2393,3771-PZOBW,2393,2393,2393,20,90.7,1781.35,89.0675,No,0
2394,5136-KCKGI,2394,2394,2394,33,103.7,3467.0,105.06060606060606,Yes,1
2395,8231-BSWXX,2395,2395,2395,71,79.05,5552.5,78.20422535211267,No,0
2396,6486-LHTMA,2396,2396,2396,31,90.7,2835.5,91.46774193548387,No,0
2397,4083-BFNYK,2397,2397,2397,38,95.0,3591.25,94.50657894736842,No,0
2398,3722-WPXTK,2398,2398,2398,1,88.35,88.35,88.35,Yes,1
2399,7389-KBFIT,2399,2399,2399,2,30.25,63.75,31.875,No,0
2400,7176-WIONM,2400,2400,2400,12,49.85,617.15,51.42916666666667,No,0
2401,5141-ZUVBH,2401,2401,2401,9,93.0,870.25,96.69444444444444,No,0
2402,1089-HDMKP,2402,2402,2402,11,54.55,601.25,54.65909090909091,No,0
2403,7623-HKYRK,2403,2403,2403,6,19.7,111.65,18.608333333333334,No,0
2404,0310-SUCIN,2404,2404,2404,71,84.8,6046.1,85.15633802816902,No,0
2405,5197-PYEPU,2405,2405,2405,42,94.45,3923.8,93.42380952380952,No,0
2406,2929-ERCFZ,2406,2406,2406,8,94.2,777.3,97.1625,Yes,1
2407,7548-SEPYI,2407,2407,2407,5,96.25,512.45,102.49000000000001,Yes,1
2408,8835-VSDSE,2408,2408,2408,2,70.7,141.45,70.725,Yes,1
2409,6619-RPLQZ,2409,2409,2409,45,20.85,892.15,19.825555555555557,No,0
2410,3275-RHRNE,2410,2410,2410,28,60.0,1682.05,60.073214285714286,No,0
2411,3503-TYDAY,2411,2411,2411,43,80.45,3398.9,79.04418604651163,No,0
2412,6901-GOGZG,2412,2412,2412,60,84.95,4984.85,83.08083333333335,No,0
2413,1623-NLDOT,2413,2413,2413,42,33.55,1445.3,34.41190476190476,Yes,1
2414,7021-XSNYE,2414,2414,2414,7,49.65,305.55,43.65,No,0
2415,9621-OUPYD,2415,2415,2415,25,20.2,507.9,20.316,No,0
2416,9898-KZQDZ,2416,2416,2416,40,94.55,3640.45,91.01124999999999,Yes,1
2417,8982-NHAVY,2417,2417,2417,27,100.5,2673.45,99.01666666666667,No,0
2418,4307-KWMXE,2418,2418,2418,10,35.75,389.8,38.980000000000004,No,0
2419,0141-YEAYS,2419,2419,2419,27,86.45,2401.05,88.92777777777779,No,0
2420,2450-ZKEED,2420,2420,2420,11,53.8,651.55,59.23181818181818,No,0
2421,3694-DELSO,2421,2421,2421,4,38.55,156.1,39.025,No,0
2422,3893-JRNFS,2422,2422,2422,68,39.9,2796.35,41.12279411764706,No,0
2423,9603-OAIHC,2423,2423,2423,1,70.05,70.05,70.05,No,0
2424,1133-KXCGE,2424,2424,2424,18,20.1,407.05,22.61388888888889,No,0
2425,5236-PERKL,2425,2425,2425,57,112.95,6465.0,113.42105263157895,Yes,1
2426,0142-GVYSN,2426,2426,2426,26,20.3,511.25,19.66346153846154,No,0
2427,1049-FYSYG,2427,2427,2427,17,35.65,646.05,38.002941176470586,No,0
2428,7854-FOKSF,2428,2428,2428,1,35.9,35.9,35.9,Yes,1
2429,2519-FAKOD,2429,2429,2429,38,99.25,3777.15,99.39868421052631,Yes,1
2430,8406-LNMHF,2430,2430,2430,59,82.95,4903.15,83.1042372881356,No,0
2431,1821-BUCWY,2431,2431,2431,30,55.65,1653.85,55.12833333333333,No,0
2432,8263-JQAIK,2432,2432,2432,2,24.45,47.5,23.75,Yes,1
2433,0023-UYUPN,2433,2433,2433,50,25.2,1306.3,26.125999999999998,No,0
2434,8314-DPQHL,2434,2434,2434,9,50.8,463.6,51.51111111111111,No,0
2435,1465-WCZVT,2435,2435,2435,3,19.65,60.65,20.216666666666665,No,0
2436,9481-SFCQY,2436,2436,2436,14,59.8,824.85,58.917857142857144,No,0
2437,6360-SVNWV,2437,2437,2437,31,73.55,2094.65,67.56935483870969,No,0
2438,0567-GGCAC,2438,2438,2438,7,61.4,438.9,62.699999999999996,No,0
2439,7089-IVVAZ,2439,2439,2439,8,103.35,847.3,105.9125,Yes,1
2440,8884-MRNSU,2440,2440,2440,17,19.9,329.75,19.397058823529413,No,0
2441,2171-UDMFD,2441,2441,2441,32,19.45,674.55,21.0796875,No,0
2442,9050-IKDZA,2442,2442,2442,2,81.5,162.55,81.275,No,0
2443,2205-YMZZJ,2443,2443,2443,7,84.8,546.95,78.13571428571429,Yes,1
2444,9802-CAQUT,2444,2444,2444,72,109.55,7887.25,109.54513888888889,No,0
2445,1254-IZEYF,2445,2445,2445,31,99.95,3186.65,102.79516129032258,Yes,1
2446,0187-WZNAB,2446,2446,2446,27,74.4,1972.35,73.05,No,0
2447,9492-TOKRI,2447,2447,2447,18,90.0,1527.35,84.85277777777777,Yes,1
2448,1475-VWVDO,2448,2448,2448,7,74.9,490.55,70.07857142857144,No,0
2449,9221-OTIVJ,2449,2449,2449,14,104.85,1531.4,109.38571428571429,Yes,1
2450,1357-MVDOZ,2450,2450,2450,11,59.65,683.25,62.11363636363637,No,0
2451,7602-MVRMB,2451,2451,2451,72,110.45,8058.85,111.92847222222223,No,0
2452,3325-FUYCG,2452,2452,2452,28,106.1,2847.4,101.69285714285715,Yes,1
2453,5908-QMGOE,2453,2453,2453,15,74.2,1133.9,75.59333333333333,Yes,1
2454,1197-BVMVG,2454,2454,2454,4,74.45,294.45,73.6125,No,0
2455,5406-KGRMX,2455,2455,2455,71,24.55,1719.15,24.213380281690142,No,0
2456,8481-YYXWG,2456,2456,2456,5,89.35,461.7,92.34,Yes,1
2457,5968-HYJRZ,2457,2457,2457,47,24.55,1160.45,24.690425531914894,No,0
2458,5198-EFNBM,2458,2458,2458,57,90.65,5199.8,91.22456140350877,No,0
2459,7516-GMHUV,2459,2459,2459,50,105.05,5163.3,103.266,No,0
2460,7140-ADSMJ,2460,2460,2460,8,20.45,162.3,20.2875,No,0
2461,2230-XTUWL,2461,2461,2461,48,19.55,883.35,18.403125,No,0
2462,7706-YLMQA,2462,2462,2462,70,19.7,1341.5,19.164285714285715,No,0
2463,2585-KTFRE,2463,2463,2463,1,70.45,70.45,70.45,No,0
2464,7994-UYIVZ,2464,2464,2464,8,85.65,659.45,82.43125,No,0
2465,2609-IAICY,2465,2465,2465,1,77.15,77.15,77.15,Yes,1
2466,1740-CSDJP,2466,2466,2466,1,35.25,35.25,35.25,Yes,1
2467,7717-BICXI,2467,2467,2467,60,20.55,1205.05,20.084166666666665,No,0
2468,6559-RAKOZ,2468,2468,2468,49,97.95,4917.9,100.36530612244897,No,0
2469,2636-OHFMN,2469,2469,2469,4,48.55,201.0,50.25,Yes,1
2470,4716-MRVEN,2470,2470,2470,29,20.0,599.3,20.66551724137931,No,0
2471,2143-LJULT,2471,2471,2471,67,25.25,1733.15,25.867910447761194,No,0
2472,1323-OOEPC,2472,2472,2472,53,98.4,5149.5,97.16037735849056,Yes,1
2473,3200-MNQTF,2473,2473,2473,67,70.9,4677.1,69.80746268656716,No,0
2474,6164-HXUGH,2474,2474,2474,6,19.85,119.3,19.883333333333333,No,0
2475,5630-IXDXV,2475,2475,2475,47,106.35,4849.1,103.17234042553193,No,0
2476,0320-DWVTU,2476,2476,2476,53,99.5,5424.25,102.34433962264151,No,0
2477,9135-MGVPY,2477,2477,2477,69,84.7,5878.9,85.20144927536231,No,0
2478,1212-GLHMD,2478,2478,2478,3,86.05,244.85,81.61666666666666,No,0
2479,7878-JGDKK,2479,2479,2479,4,44.55,220.75,55.1875,No,0
2480,1088-AUUZZ,2480,2480,2480,56,75.85,4261.2,76.09285714285714,No,0
2481,0397-GZBBC,2481,2481,2481,59,93.85,5574.75,94.48728813559322,Yes,1
2482,6614-YWYSC,2482,2482,2482,61,25.0,1501.75,24.618852459016395,No,0
2483,9588-OZDMQ,2483,2483,2483,2,45.0,89.75,44.875,No,0
2484,7641-EUYET,2484,2484,2484,46,100.7,4541.2,98.72173913043478,Yes,1
2485,6476-EPYZR,2485,2485,2485,12,20.5,255.5,21.291666666666668,No,0
2486,9921-ZVRHG,2486,2486,2486,14,80.45,1072.0,76.57142857142857,Yes,1
2487,1174-FGIFN,2487,2487,2487,28,90.45,2509.25,89.61607142857143,No,0
2488,6620-HVDUJ,2488,2488,2488,24,60.45,1440.75,60.03125,No,0
2489,4701-MLJPN,2489,2489,2489,31,55.25,1715.65,55.343548387096774,Yes,1
2490,1032-MAELW,2490,2490,2490,68,78.45,5333.35,78.43161764705883,No,0
2491,7641-TQFHN,2491,2491,2491,39,100.55,3895.35,99.88076923076923,No,0
2492,1552-TKMXS,2492,2492,2492,42,20.35,869.9,20.711904761904762,No,0
2493,9206-GVPEQ,2493,2493,2493,13,54.45,706.85,54.37307692307692,Yes,1
2494,8622-ZLFKO,2494,2494,2494,6,90.75,512.25,85.375,No,0
2495,1596-BBVTG,2495,2495,2495,35,75.35,2636.05,75.3157142857143,Yes,1
2496,6188-UXBBR,2496,2496,2496,38,20.25,814.75,21.44078947368421,No,0
2497,2333-KWEWW,2497,2497,2497,18,20.05,388.6,21.58888888888889,No,0
2498,5702-SKUOB,2498,2498,2498,4,19.6,93.45,23.3625,No,0
2499,1134-YWTYF,2499,2499,2499,27,53.8,1389.85,51.47592592592592,No,0
2500,6061-GWWAV,2500,2500,2500,41,70.2,2894.55,70.59878048780489,No,0
2501,0679-TDGAK,2501,2501,2501,50,75.5,4025.6,80.512,No,0
2502,6585-WCEWR,2502,2502,2502,72,20.35,1354.4,18.811111111111114,No,0
2503,9067-YGSCA,2503,2503,2503,70,26.05,1856.4,26.52,No,0
2504,9067-SQTNS,2504,2504,2504,44,20.6,926.0,21.045454545454547,No,0
2505,8433-WXGNA,2505,2505,2505,2,75.7,189.2,94.6,Yes,1
2506,1776-SPBWV,2506,2506,2506,34,20.1,682.1,20.061764705882354,No,0
2507,8735-SDUFN,2507,2507,2507,72,24.3,1778.7,24.704166666666666,No,0
2508,9668-PUGNU,2508,2508,2508,71,24.5,1816.2,25.580281690140847,No,0
2509,9405-GPBBG,2509,2509,2509,64,110.5,7069.25,110.45703125,No,0
2510,1926-QUZNN,2510,2510,2510,72,25.25,1841.2,25.572222222222223,No,0
2511,3707-GNWHM,2511,2511,2511,1,74.25,74.25,74.25,Yes,1
2512,7016-NVRIC,2512,2512,2512,29,90.1,2656.7,91.6103448275862,No,0
2513,5829-NVSQN,2513,2513,2513,23,68.75,1689.45,73.45434782608696,No,0
2514,9565-AXSMR,2514,2514,2514,52,19.2,1054.75,20.283653846153847,No,0
2515,8922-LIEGH,2515,2515,2515,25,89.7,2187.55,87.50200000000001,Yes,1
2516,8869-LIHMK,2516,2516,2516,64,115.1,7334.05,114.59453125,No,0
2517,8245-UMPYT,2517,2517,2517,16,96.4,1581.2,98.825,Yes,1
2518,5186-SAMNZ,2518,2518,2518,1,69.5,69.5,69.5,Yes,1
2519,0447-RXSGD,2519,2519,2519,24,99.65,2404.85,100.20208333333333,No,0
2520,4927-WWOOZ,2520,2520,2520,2,91.45,171.45,85.725,No,0
2521,5788-YPOEG,2521,2521,2521,34,84.75,2839.45,83.51323529411764,No,0
2522,5373-SFODM,2522,2522,2522,36,85.25,3132.75,87.02083333333333,Yes,1
2523,0661-KBKPA,2523,2523,2523,53,78.75,3942.45,74.38584905660377,No,0
2524,9081-WWXKP,2524,2524,2524,47,20.25,873.4,18.582978723404256,No,0
2525,0784-ZQJZX,2525,2525,2525,72,19.9,1529.65,21.24513888888889,No,0
2526,3133-PZNSR,2526,2526,2526,72,97.75,6991.6,97.10555555555555,No,0
2527,5766-ZJYBB,2527,2527,2527,1,19.4,19.4,19.4,Yes,1
2528,8931-GJJIQ,2528,2528,2528,9,83.3,803.3,89.25555555555555,Yes,1
2529,4277-PVRAN,2529,2529,2529,8,80.1,679.3,84.9125,Yes,1
2530,0022-TCJCI,2530,2530,2530,45,62.7,2791.5,62.03333333333333,Yes,1
2531,0722-SVSFK,2531,2531,2531,7,100.4,715.0,102.14285714285714,No,0
2532,3612-YVGSJ,2532,2532,2532,71,24.45,1681.6,23.68450704225352,No,0
2533,9825-YCXWZ,2533,2533,2533,41,101.1,4016.2,97.9560975609756,No,0
2534,5397-NSKQG,2534,2534,2534,67,50.9,3281.65,48.97985074626866,No,0
2535,8565-HBFNN,2535,2535,2535,69,107.2,7317.1,106.0449275362319,No,0
2536,2000-DHJUY,2536,2536,2536,70,92.2,6474.45,92.49214285714285,No,0
2537,0203-HHYIJ,2537,2537,2537,25,25.3,676.35,27.054000000000002,Yes,1
2538,8670-ERCJH,2538,2538,2538,72,113.4,8164.1,113.39027777777778,No,0
2539,7758-UJWYS,2539,2539,2539,34,40.55,1325.85,38.995588235294115,No,0
2540,2050-ONYDQ,2540,2540,2540,65,26.0,1654.85,25.459230769230768,No,0
2541,7055-JCGNI,2541,2541,2541,70,111.95,7795.95,111.37071428571429,No,0
2542,0739-UUAJR,2542,2542,2542,72,53.8,3952.45,54.89513888888889,No,0
2543,4826-DXMUP,2543,2543,2543,35,72.1,2495.15,71.29,No,0
2544,0952-KMEEH,2544,2544,2544,13,98.15,1230.25,94.63461538461539,Yes,1
2545,7285-KLOTR,2545,2545,2545,12,78.85,876.75,73.0625,No,0
2546,0654-PQKDW,2546,2546,2546,62,70.75,4263.45,68.76532258064516,No,0
2547,7175-NTIXE,2547,2547,2547,25,76.15,1992.95,79.718,No,0
2548,7963-SHNDT,2548,2548,2548,52,39.1,1982.1,38.11730769230769,No,0
2549,9796-BPKIW,2549,2549,2549,8,69.95,562.7,70.3375,No,0
2550,0188-GWFLE,2550,2550,2550,2,20.05,33.7,16.85,No,0
2551,8129-GMVGI,2551,2551,2551,56,20.05,1090.1,19.46607142857143,No,0
2552,2882-DDZPG,2552,2552,2552,12,19.45,227.45,18.954166666666666,No,0
2553,3547-LQRIK,2553,2553,2553,47,26.9,1250.85,26.613829787234042,No,0
2554,9137-NOQKA,2554,2554,2554,2,19.2,37.2,18.6,No,0
2555,5843-TTHGI,2555,2555,2555,18,50.0,892.7,49.59444444444445,No,0
2556,1849-RJYIG,2556,2556,2556,8,60.0,487.75,60.96875,No,0
2557,8868-GAGIO,2557,2557,2557,45,84.55,3713.95,82.53222222222222,No,0
2558,4061-UKJWL,2558,2558,2558,3,45.45,141.7,47.23333333333333,No,0
2559,5380-XPJNZ,2559,2559,2559,38,20.05,678.2,17.847368421052632,No,0
2560,8263-QMNTJ,2560,2560,2560,72,115.55,8425.3,117.01805555555555,No,0
2561,8178-EYZUO,2561,2561,2561,46,93.7,4154.8,90.32173913043479,Yes,1
2562,3230-JCNZS,2562,2562,2562,71,99.0,7061.65,99.45985915492957,No,0
2563,0277-ORXQS,2563,2563,2563,66,50.55,3364.55,50.97803030303031,No,0
2564,5130-IEKQT,2564,2564,2564,25,105.95,2655.25,106.21,Yes,1
2565,3230-WYKIR,2565,2565,2565,18,82.0,1425.45,79.19166666666666,Yes,1
2566,7996-BPXHY,2566,2566,2566,13,25.0,332.5,25.576923076923077,No,0
2567,3227-WLKLI,2567,2567,2567,65,91.55,5963.95,91.75307692307692,No,0
2568,0407-BDJKB,2568,2568,2568,60,95.75,5742.9,95.71499999999999,Yes,1
2569,2266-FUBDZ,2569,2569,2569,15,19.35,278.85,18.59,No,0
2570,8237-ULIXL,2570,2570,2570,72,24.85,1871.85,25.997916666666665,No,0
2571,9600-UDOPK,2571,2571,2571,30,94.05,2866.45,95.54833333333333,Yes,1
2572,8216-AZUUZ,2572,2572,2572,42,100.4,4303.65,102.46785714285713,No,0
2573,9153-BTBVV,2573,2573,2573,71,25.0,1753.0,24.690140845070424,No,0
2574,4074-SJFFA,2574,2574,2574,1,54.75,54.75,54.75,Yes,1
2575,3269-ATYWD,2575,2575,2575,39,95.65,3759.05,96.38589743589743,Yes,1
2576,5186-PEIZU,2576,2576,2576,35,19.25,617.65,17.647142857142857,No,0
2577,1074-AMIOH,2577,2577,2577,53,108.25,5935.1,111.98301886792453,No,0
2578,4910-GMJOT,2578,2578,2578,1,94.6,94.6,94.6,Yes,1
2579,0354-WYROK,2579,2579,2579,31,98.9,2911.3,93.91290322580646,Yes,1
2580,4361-FEBGN,2580,2580,2580,48,20.15,982.95,20.478125000000002,No,0
2581,7748-UMTRK,2581,2581,2581,30,101.3,2974.5,99.15,No,0
2582,0380-ZCSBI,2582,2582,2582,10,20.0,198.7,19.869999999999997,No,0
2583,7145-FEJWU,2583,2583,2583,12,105.3,1275.65,106.30416666666667,No,0
2584,6463-MVYRY,2584,2584,2584,57,69.85,4003.0,70.2280701754386,No,0
2585,3969-JQABI,2585,2585,2585,58,65.25,3791.6,65.37241379310345,No,0
2586,9624-EGDEQ,2586,2586,2586,37,19.8,813.3,21.98108108108108,No,0
2587,1051-EQPZR,2587,2587,2587,44,19.6,780.25,17.732954545454547,No,0
2588,5849-ASHZJ,2588,2588,2588,27,20.05,552.9,20.477777777777778,No,0
2589,5780-INQIK,2589,2589,2589,8,49.4,408.25,51.03125,No,0
2590,7576-OYWBN,2590,2590,2590,3,76.05,231.8,77.26666666666667,Yes,1
2591,4526-ZJJTM,2591,2591,2591,25,88.4,2191.15,87.646,No,0
2592,8384-FZBJK,2592,2592,2592,57,100.6,5611.7,98.45087719298245,No,0
2593,3750-RNQKR,2593,2593,2593,12,19.45,246.25,20.520833333333332,No,0
2594,0962-CQPWQ,2594,2594,2594,62,20.3,1296.15,20.905645161290323,No,0
2595,3096-YXENJ,2595,2595,2595,65,107.65,7082.85,108.96692307692308,No,0
2596,1265-BCFEO,2596,2596,2596,71,80.45,5662.25,79.75,No,0
2597,5837-LXSDN,2597,2597,2597,21,58.85,1215.45,57.87857142857143,No,0
2598,5945-AZYHT,2598,2598,2598,71,109.6,7854.15,110.6218309859155,No,0
2599,8325-QRPZR,2599,2599,2599,7,75.15,525.0,75.0,No,0
2600,6384-VMJHP,2600,2600,2600,72,73.0,5265.2,73.12777777777778,No,0
2601,2262-SLNVK,2601,2601,2601,1,70.1,70.1,70.1,No,0
2602,7730-CLDSV,2602,2602,2602,72,98.65,7129.45,99.02013888888888,No,0
2603,1135-HIORI,2603,2603,2603,64,111.45,7266.95,113.54609375,No,0
2604,0164-APGRB,2604,2604,2604,72,114.9,8496.7,118.00972222222224,No,0
2605,6481-ESCNL,2605,2605,2605,29,100.55,2878.75,99.26724137931035,No,0
2606,1790-NESIO,2606,2606,2606,13,20.4,261.3,20.1,No,0
2607,1550-EENBN,2607,2607,2607,31,104.35,3205.6,103.40645161290323,No,0
2608,5539-TMZLF,2608,2608,2608,1,69.75,69.75,69.75,Yes,1
2609,4323-SADQS,2609,2609,2609,7,34.5,279.25,39.892857142857146,Yes,1
2610,4446-BZKHU,2610,2610,2610,61,105.55,6281.45,102.97459016393442,Yes,1
2611,5202-IVJNU,2611,2611,2611,39,30.1,1131.3,29.007692307692306,Yes,1
2612,5976-JCJRH,2612,2612,2612,10,70.3,738.2,73.82000000000001,Yes,1
2613,8198-RKSZG,2613,2613,2613,14,80.45,1137.05,81.21785714285714,No,0
2614,0137-OCGAB,2614,2614,2614,1,80.2,80.2,80.2,Yes,1
2615,3351-NQLDI,2615,2615,2615,67,94.35,6341.45,94.64850746268657,Yes,1
2616,9297-EONCV,2616,2616,2616,72,91.35,6697.2,93.01666666666667,No,0
2617,7593-JNWRU,2617,2617,2617,6,44.6,260.8,43.46666666666667,Yes,1
2618,4588-YBNIB,2618,2618,2618,1,19.6,19.6,19.6,Yes,1
2619,1069-QJOEE,2619,2619,2619,25,19.9,505.45,20.218,No,0
2620,3336-JORSO,2620,2620,2620,33,110.45,3655.45,110.77121212121212,Yes,1
2621,7799-DSEWS,2621,2621,2621,18,68.35,1299.8,72.21111111111111,No,0
2622,8766-PAFNE,2622,2622,2622,71,79.1,5564.85,78.3781690140845,No,0
2623,5315-CKEQK,2623,2623,2623,28,51.0,1381.8,49.35,No,0
2624,3130-ICDUP,2624,2624,2624,2,80.55,188.1,94.05,No,0
2625,0820-FNRNX,2625,2625,2625,17,66.7,1077.05,63.35588235294117,No,0
2626,0880-FVFWF,2626,2626,2626,56,86.4,4922.4,87.89999999999999,No,0
2627,4611-ANLQC,2627,2627,2627,60,50.05,2911.5,48.525,No,0
2628,4213-HKBJO,2628,2628,2628,33,25.7,826.1,25.033333333333335,No,0
2629,2792-LSHWX,2629,2629,2629,1,83.4,83.4,83.4,No,0
2630,5028-GZLDO,2630,2630,2630,2,70.7,140.7,70.35,Yes,1
2631,0014-BMAQU,2631,2631,2631,63,84.65,5377.8,85.36190476190477,No,0
2632,6861-XWTWQ,2632,2632,2632,7,99.25,665.45,95.06428571428572,Yes,1
2633,9018-PCIOK,2633,2633,2633,55,64.75,3617.1,65.76545454545455,No,0
2634,4837-QUSFT,2634,2634,2634,65,100.15,6643.5,102.20769230769231,No,0
2635,6877-TJMBR,2635,2635,2635,1,84.8,84.8,84.8,Yes,1
2636,9953-ZMKSM,2636,2636,2636,63,25.25,1559.3,24.75079365079365,No,0
2637,0907-HQNTS,2637,2637,2637,70,113.0,7987.6,114.10857142857144,No,0
2638,7665-NKLAV,2638,2638,2638,36,40.65,1547.35,42.981944444444444,No,0
2639,6769-DCQLI,2639,2639,2639,52,105.0,5426.85,104.36250000000001,Yes,1
2640,2433-KMEAS,2640,2640,2640,22,54.45,1127.35,51.24318181818182,Yes,1
2641,4391-LNRXK,2641,2641,2641,22,94.95,2142.8,97.4,No,0
2642,8250-ZNGGW,2642,2642,2642,5,59.9,287.85,57.57000000000001,No,0
2643,2195-ZRVAX,2643,2643,2643,47,85.3,4045.65,86.07765957446809,Yes,1
2644,3550-SAHFP,2644,2644,2644,33,83.35,2757.85,83.57121212121211,Yes,1
2645,2011-TRQYE,2645,2645,2645,18,33.5,600.0,33.333333333333336,Yes,1
2646,8562-GHPPI,2646,2646,2646,1,19.8,19.8,19.8,No,0
2647,5893-PYOLZ,2647,2647,2647,56,81.8,4534.45,80.97232142857142,No,0
2648,4986-MXSFP,2648,2648,2648,2,20.0,40.9,20.45,No,0
2649,6131-FOYAS,2649,2649,2649,35,59.6,2094.9,59.854285714285716,No,0
2650,3027-YNWZU,2650,2650,2650,64,25.0,1584.8,24.7625,No,0
2651,5609-IMCGG,2651,2651,2651,15,84.35,1302.65,86.84333333333333,No,0
2652,4873-ILOLJ,2652,2652,2652,24,90.35,2238.5,93.27083333333333,Yes,1
2653,4727-MCYZG,2653,2653,2653,1,55.55,55.55,55.55,No,0
2654,9481-WHGWY,2654,2654,2654,70,75.35,5437.75,77.68214285714286,No,0
2655,2725-KXXWT,2655,2655,2655,1,90.75,90.75,90.75,Yes,1
2656,9565-DJPIB,2656,2656,2656,4,89.6,365.65,91.4125,Yes,1
2657,4328-VUFWD,2657,2657,2657,39,59.3,2209.15,56.6448717948718,No,0
2658,3301-LSLWQ,2658,2658,2658,29,66.1,1912.15,65.93620689655172,No,0
2659,7473-ZBDSN,2659,2659,2659,14,18.8,255.55,18.25357142857143,No,0
2660,3166-PNEOF,2660,2660,2660,61,86.45,5175.3,84.84098360655739,No,0
2661,5639-NTUPK,2661,2661,2661,13,52.1,670.65,51.58846153846154,No,0
2662,8780-YRMTT,2662,2662,2662,66,47.4,3177.25,48.140151515151516,No,0
2663,8348-HFYIV,2663,2663,2663,2,49.25,90.35,45.175,Yes,1
2664,5140-FOMCQ,2664,2664,2664,59,109.15,6557.75,111.14830508474576,No,0
2665,6242-SGYTS,2665,2665,2665,62,94.95,5791.85,93.41693548387097,No,0
2666,8166-ORCHU,2666,2666,2666,33,93.55,3055.5,92.5909090909091,No,0
2667,8414-OOEEL,2667,2667,2667,66,79.5,5196.1,78.72878787878788,No,0
2668,8454-AATJP,2668,2668,2668,72,115.05,8405.0,116.73611111111111,No,0
2669,6849-WLEYG,2669,2669,2669,1,19.75,19.75,19.75,Yes,1
2670,4659-NZRUF,2670,2670,2670,19,95.15,1789.25,94.17105263157895,Yes,1
2671,4531-AUZNK,2671,2671,2671,51,95.15,5000.05,98.04019607843138,No,0
2672,4191-XOVOM,2672,2672,2672,63,105.4,6713.2,106.55873015873016,No,0
2673,2150-OEGBV,2673,2673,2673,27,20.1,562.6,20.83703703703704,No,0
2674,8429-XIBUM,2674,2674,2674,22,101.35,2317.1,105.32272727272726,Yes,1
2675,1855-CFULU,2675,2675,2675,4,20.05,91.45,22.8625,No,0
2676,4878-BUNFV,2676,2676,2676,42,20.7,828.85,19.73452380952381,No,0
2677,1872-EBWSC,2677,2677,2677,29,20.35,617.35,21.28793103448276,No,0
2678,2608-BHKFN,2678,2678,2678,4,70.05,266.9,66.725,Yes,1
2679,7026-YMSBE,2679,2679,2679,30,19.7,625.05,20.834999999999997,No,0
2680,7341-LXCAF,2680,2680,2680,4,74.65,301.4,75.35,Yes,1
2681,6997-UVGOX,2681,2681,2681,71,85.45,6029.9,84.9281690140845,No,0
2682,9674-EHPPG,2682,2682,2682,46,40.4,1842.7,40.05869565217392,No,0
2683,9462-MJUAW,2683,2683,2683,4,50.4,206.6,51.65,Yes,1
2684,8128-YVJRG,2684,2684,2684,7,79.65,604.7,86.38571428571429,Yes,1
2685,5440-VHLUL,2685,2685,2685,69,105.2,7386.05,107.04420289855072,No,0
2686,5781-BKHOP,2686,2686,2686,72,100.65,7334.05,101.86180555555556,No,0
2687,4283-FUTGF,2687,2687,2687,19,79.85,1471.75,77.46052631578948,Yes,1
2688,5213-TWWJU,2688,2688,2688,28,91.0,2626.15,93.79107142857143,No,0
2689,1569-TTNYJ,2689,2689,2689,5,78.75,412.1,82.42,Yes,1
2690,8628-MFKAX,2690,2690,2690,72,116.75,8277.05,114.95902777777776,No,0
2691,2397-BRLOM,2691,2691,2691,8,80.45,583.45,72.93125,Yes,1
2692,7629-WIXZF,2692,2692,2692,7,59.1,369.25,52.75,No,0
2693,5445-GLVOT,2693,2693,2693,22,49.8,1049.05,47.684090909090905,No,0
2694,3976-HXHCE,2694,2694,2694,72,19.3,1414.8,19.65,No,0
2695,2466-NEJOJ,2695,2695,2695,8,19.65,169.75,21.21875,No,0
2696,0254-KCJGT,2696,2696,2696,52,81.4,4354.45,83.73942307692307,No,0
2697,5472-CVMDX,2697,2697,2697,68,38.9,2719.2,39.98823529411764,No,0
2698,6461-SZMCV,2698,2698,2698,71,87.95,6365.35,89.65281690140846,No,0
2699,8150-QUDFX,2699,2699,2699,2,19.85,51.6,25.8,No,0
2700,9508-ILZDG,2700,2700,2700,34,96.35,3190.25,93.83088235294117,No,0
2701,2346-DJQTB,2701,2701,2701,35,24.15,812.5,23.214285714285715,No,0
2702,1697-LYYYX,2702,2702,2702,61,19.1,1143.8,18.750819672131147,No,0
2703,1942-OQFRW,2703,2703,2703,1,44.0,44.0,44.0,No,0
2704,4749-VFKVB,2704,2704,2704,1,50.1,50.1,50.1,Yes,1
2705,9640-ZSLDC,2705,2705,2705,53,60.6,3297.0,62.20754716981132,No,0
2706,4231-LZUYM,2706,2706,2706,72,25.65,1887.0,26.208333333333332,No,0
2707,7598-UAASY,2707,2707,2707,2,76.4,151.8,75.9,Yes,1
2708,7938-OUHIO,2708,2708,2708,3,98.7,293.65,97.88333333333333,Yes,1
2709,8510-AWCXC,2709,2709,2709,13,100.8,1308.1,100.62307692307692,Yes,1
2710,6128-AQBMT,2710,2710,2710,41,53.95,2215.4,54.03414634146342,No,0
2711,3594-BDSOA,2711,2711,2711,24,20.4,482.8,20.116666666666667,No,0
2712,0431-APWVY,2712,2712,2712,28,90.1,2598.95,92.81964285714285,Yes,1
2713,5133-VRSAB,2713,2713,2713,8,29.35,216.45,27.05625,No,0
2714,5996-DAOQL,2714,2714,2714,1,20.45,20.45,20.45,No,0
2715,6838-YAUVY,2715,2715,2715,54,95.1,5064.85,93.79351851851852,No,0
2716,0484-JPBRU,2716,2716,2716,41,25.25,996.45,24.303658536585367,No,0
2717,7883-ROJOC,2717,2717,2717,19,44.9,839.65,44.19210526315789,No,0
2718,0244-LGNFY,2718,2718,2718,72,92.65,6733.0,93.51388888888889,No,0
2719,7274-CGTOD,2719,2719,2719,62,43.7,2618.3,42.230645161290326,No,0
2720,4295-YURET,2720,2720,2720,56,72.6,4084.35,72.93482142857142,No,0
2721,3426-NIYYL,2721,2721,2721,15,51.55,765.5,51.03333333333333,Yes,1
2722,8225-BTJAU,2722,2722,2722,10,79.25,793.55,79.35499999999999,Yes,1
2723,4635-EJYPD,2723,2723,2723,32,18.95,613.95,19.1859375,No,0
2724,1866-ZSLJM,2724,2724,2724,21,20.5,402.85,19.183333333333334,No,0
2725,4636-TVXVG,2725,2725,2725,62,19.95,1244.8,20.07741935483871,No,0
2726,4236-UJPWO,2726,2726,2726,2,24.5,46.4,23.2,No,0
2727,9392-XBGTD,2727,2727,2727,27,20.6,581.85,21.55,No,0
2728,3387-VATUS,2728,2728,2728,5,94.85,462.8,92.56,Yes,1
2729,6402-SSEJG,2729,2729,2729,25,61.05,1540.2,61.608000000000004,No,0
2730,1143-NMNQJ,2730,2730,2730,2,85.7,169.8,84.9,Yes,1
2731,1169-SAOCL,2731,2731,2731,49,106.65,5168.1,105.47142857142858,No,0
2732,1110-KYLGQ,2732,2732,2732,63,108.25,6780.1,107.62063492063493,No,0
2733,9929-PLVPA,2733,2733,2733,4,20.4,94.5,23.625,No,0
2734,3518-PZXZQ,2734,2734,2734,1,55.3,55.3,55.3,No,0
2735,2371-JUNGC,2735,2735,2735,11,20.25,208.0,18.90909090909091,No,0
2736,7693-QPEFS,2736,2736,2736,52,72.95,3829.75,73.64903846153847,No,0
2737,0924-BJCRC,2737,2737,2737,60,89.45,5294.6,88.24333333333334,No,0
2738,5074-FBGHB,2738,2738,2738,64,104.65,6889.8,107.653125,No,0
2739,2351-BKRZW,2739,2739,2739,43,75.2,3254.35,75.68255813953488,No,0
2740,4455-BFSPD,2740,2740,2740,61,101.15,6383.9,104.65409836065574,No,0
2741,0415-MOSGF,2741,2741,2741,1,44.4,44.4,44.4,Yes,1
2742,1724-BQUHA,2742,2742,2742,5,89.5,477.7,95.53999999999999,Yes,1
2743,3948-KXDUF,2743,2743,2743,66,68.75,4447.55,67.38712121212122,No,0
2744,2323-ARSVR,2744,2744,2744,67,111.05,7321.05,109.26940298507463,No,0
2745,0815-MFZGM,2745,2745,2745,42,99.0,4135.0,98.45238095238095,No,0
2746,4826-XTSOH,2746,2746,2746,1,86.05,86.05,86.05,Yes,1
2747,5480-XTFFL,2747,2747,2747,31,21.0,697.7,22.506451612903227,No,0
2748,8295-FHIVV,2748,2748,2748,7,19.4,168.65,24.092857142857145,No,0
2749,2495-INZWQ,2749,2749,2749,4,44.55,174.3,43.575,Yes,1
2750,9086-YJYXS,2750,2750,2750,34,77.2,2753.8,80.99411764705883,No,0
2751,1179-INLAT,2751,2751,2751,3,19.45,69.25,23.083333333333332,No,0
2752,7909-FIOIY,2752,2752,2752,19,24.85,434.8,22.88421052631579,No,0
2753,4139-SUGLD,2753,2753,2753,31,35.4,1077.5,34.75806451612903,Yes,1
2754,6857-VWJDT,2754,2754,2754,1,95.65,95.65,95.65,Yes,1
2755,6351-SCJKT,2755,2755,2755,3,41.35,107.25,35.75,No,0
2756,5468-BPMMO,2756,2756,2756,46,19.6,851.2,18.504347826086956,No,0
2757,5624-BQSSA,2757,2757,2757,1,20.95,20.95,20.95,Yes,1
2758,0197-PNKNK,2758,2758,2758,69,84.45,5848.6,84.76231884057971,No,0
2759,2439-QKJUL,2759,2759,2759,5,20.25,109.8,21.96,No,0
2760,1194-SPVSP,2760,2760,2760,1,19.65,19.65,19.65,No,0
2761,9534-NSXEM,2761,2761,2761,26,20.65,595.5,22.903846153846153,No,0
2762,2408-WITXK,2762,2762,2762,10,34.7,329.8,32.980000000000004,Yes,1
2763,8929-KSWIH,2763,2763,2763,25,99.3,2513.5,100.54,No,0
2764,2250-IVBWA,2764,2764,2764,64,81.05,5135.35,80.23984375,No,0
2765,1810-MVMAI,2765,2765,2765,30,67.6,2000.2,66.67333333333333,No,0
2766,9506-UXUSK,2766,2766,2766,13,70.15,931.75,71.67307692307692,No,0
2767,1229-RCALF,2767,2767,2767,64,115.0,7396.15,115.56484375,No,0
2768,3572-UOLYZ,2768,2768,2768,46,84.8,3958.85,86.06195652173913,No,0
2769,1429-UYJSV,2769,2769,2769,12,19.7,260.9,21.741666666666664,No,0
2770,5577-OTWWW,2770,2770,2770,15,19.75,297.3,19.82,Yes,1
2771,6100-QQHEB,2771,2771,2771,17,92.55,1515.1,89.12352941176471,Yes,1
2772,6366-XIVKZ,2772,2772,2772,13,63.15,816.8,62.83076923076923,No,0
2773,3470-OBUET,2773,2773,2773,67,74.0,4868.4,72.66268656716417,No,0
2774,2770-NSVDG,2774,2774,2774,24,29.1,688.0,28.666666666666668,No,0
2775,9375-MHRRS,2775,2775,2775,6,50.05,288.35,48.05833333333334,No,0
2776,2634-HCZGT,2776,2776,2776,53,60.05,3229.65,60.93679245283019,Yes,1
2777,7503-QQRVF,2777,2777,2777,16,74.3,1178.25,73.640625,Yes,1
2778,4860-YZGZM,2778,2778,2778,10,20.0,185.4,18.54,No,0
2779,6599-GZWCM,2779,2779,2779,13,74.65,966.25,74.32692307692308,No,0
2780,2691-NZETQ,2780,2780,2780,9,85.35,758.6,84.28888888888889,Yes,1
2781,4404-HIBDJ,2781,2781,2781,25,74.3,1863.8,74.55199999999999,Yes,1
2782,5533-NHFRF,2782,2782,2782,7,44.4,265.8,37.971428571428575,No,0
2783,7037-MTYVW,2783,2783,2783,38,85.4,3297.0,86.76315789473684,No,0
2784,4760-THGOT,2784,2784,2784,43,94.1,4107.3,95.51860465116279,No,0
2785,7295-JOMMD,2785,2785,2785,4,98.1,396.3,99.075,Yes,1
2786,4016-BJKTZ,2786,2786,2786,25,108.9,2809.05,112.36200000000001,No,0
2787,6584-VQMYT,2787,2787,2787,27,56.2,1567.55,58.0574074074074,No,0
2788,9838-BFCQT,2788,2788,2788,72,26.1,1851.45,25.714583333333334,No,0
2789,2790-XUYMV,2789,2789,2789,71,85.45,6028.95,84.91478873239437,No,0
2790,0581-MDMPW,2790,2790,2790,24,88.95,2072.75,86.36458333333333,No,0
2791,5013-SBUIH,2791,2791,2791,50,109.65,5551.15,111.023,Yes,1
2792,1023-BQXZE,2792,2792,2792,57,74.35,4317.35,75.74298245614035,No,0
2793,9163-GHAYE,2793,2793,2793,15,48.85,736.8,49.12,No,0
2794,3904-UKFRE,2794,2794,2794,4,80.1,336.15,84.0375,No,0
2795,5353-WILCI,2795,2795,2795,28,56.05,1522.65,54.38035714285714,No,0
2796,0709-TVGUR,2796,2796,2796,9,74.55,622.9,69.21111111111111,Yes,1
2797,0058-EVZWM,2797,2797,2797,55,89.8,4959.6,90.17454545454547,No,0
2798,6023-YEBUP,2798,2798,2798,3,100.95,329.95,109.98333333333333,Yes,1
2799,7209-JCUDS,2799,2799,2799,10,94.9,1048.85,104.88499999999999,Yes,1
2800,7009-PCARS,2800,2800,2800,55,19.1,1001.5,18.20909090909091,No,0
2801,0519-DRGTI,2801,2801,2801,20,20.35,442.6,22.130000000000003,No,0
2802,1017-FBQMM,2802,2802,2802,62,106.05,6703.5,108.12096774193549,No,0
2803,3001-CBHLQ,2803,2803,2803,32,104.9,3351.55,104.7359375,Yes,1
2804,1985-MBRYP,2804,2804,2804,43,19.65,779.25,18.122093023255815,No,0
2805,6158-DWPZT,2805,2805,2805,9,24.1,259.8,28.866666666666667,Yes,1
2806,9372-TXXPS,2806,2806,2806,60,59.85,3483.45,58.0575,No,0
2807,3259-QMXUN,2807,2807,2807,58,86.1,4890.5,84.31896551724138,No,0
2808,1015-JPFYW,2808,2808,2808,7,19.45,136.75,19.535714285714285,No,0
2809,6645-MXQJT,2809,2809,2809,2,97.1,184.15,92.075,No,0
2810,4360-QRAVE,2810,2810,2810,37,36.65,1315.0,35.54054054054054,No,0
2811,8433-WPJTV,2811,2811,2811,65,103.9,6767.1,104.10923076923078,No,0
2812,5804-JMYIO,2812,2812,2812,39,19.75,757.95,19.434615384615388,No,0
2813,3763-GCZHZ,2813,2813,2813,66,104.05,6890.0,104.39393939393939,Yes,1
2814,6484-LATFU,2814,2814,2814,68,24.55,1657.4,24.373529411764707,No,0
2815,7599-NTMDP,2815,2815,2815,62,48.7,3008.55,48.525000000000006,No,0
2816,0772-GYEQQ,2816,2816,2816,3,88.35,262.05,87.35000000000001,Yes,1
2817,0536-ACXIP,2817,2817,2817,72,109.55,8165.1,113.40416666666667,No,0
2818,0936-NQLJU,2818,2818,2818,41,20.65,875.55,21.35487804878049,No,0
2819,4831-EOBFE,2819,2819,2819,29,94.65,2649.15,91.35000000000001,Yes,1
2820,1575-KRZZE,2820,2820,2820,4,55.2,220.65,55.1625,No,0
2821,3251-YMVWZ,2821,2821,2821,53,24.05,1301.9,24.56415094339623,No,0
2822,4102-OQUPX,2822,2822,2822,1,74.4,74.4,74.4,Yes,1
2823,9170-GYZJC,2823,2823,2823,41,79.9,3326.2,81.12682926829268,Yes,1
2824,4884-LEVMQ,2824,2824,2824,39,20.45,790.0,20.256410256410255,No,0
2825,8857-CUPFQ,2825,2825,2825,63,19.25,1237.65,19.645238095238096,No,0
2826,7610-TVOPG,2826,2826,2826,15,26.35,378.6,25.240000000000002,No,0
2827,3638-DIMPH,2827,2827,2827,13,43.8,592.65,45.58846153846154,No,0
2828,1845-ZLLIG,2828,2828,2828,1,50.15,50.15,50.15,No,0
2829,8559-WNQZS,2829,2829,2829,1,20.45,20.45,20.45,No,0
2830,3999-QGRJH,2830,2830,2830,8,69.7,560.85,70.10625,Yes,1
2831,1699-UOTXU,2831,2831,2831,60,61.4,3638.25,60.6375,No,0
2832,2454-RPBRZ,2832,2832,2832,12,98.1,1060.2,88.35000000000001,Yes,1
2833,0635-WKOLD,2833,2833,2833,40,70.75,2921.75,73.04375,No,0
2834,5993-JSUWV,2834,2834,2834,66,61.15,4017.45,60.87045454545454,No,0
2835,4518-FZBSX,2835,2835,2835,42,20.25,854.9,20.354761904761904,No,0
2836,5387-ASZNZ,2836,2836,2836,66,63.85,4174.35,63.247727272727275,No,0
2837,6988-CJEYV,2837,2837,2837,49,98.7,4920.55,100.41938775510205,No,0
2838,2002-MZHWP,2838,2838,2838,1,20.5,20.5,20.5,Yes,1
2839,3097-FQTVJ,2839,2839,2839,41,20.0,810.3,19.76341463414634,No,0
2840,5465-BUBFA,2840,2840,2840,41,19.3,772.4,18.839024390243903,No,0
2841,7299-GNVPL,2841,2841,2841,23,84.4,1936.85,84.2108695652174,No,0
2842,9743-DQKQW,2842,2842,2842,3,25.1,79.8,26.599999999999998,No,0
2843,1215-VFYVK,2843,2843,2843,4,48.25,202.25,50.5625,No,0
2844,9371-BITHB,2844,2844,2844,52,19.85,1070.5,20.58653846153846,No,0
2845,2265-CYWIV,2845,2845,2845,4,99.6,347.65,86.9125,Yes,1
2846,9093-FPDLG,2846,2846,2846,11,94.2,999.9,90.89999999999999,No,0
2847,0541-FITGH,2847,2847,2847,2,62.15,113.1,56.55,No,0
2848,6985-HAYWX,2848,2848,2848,26,79.3,2015.8,77.53076923076922,No,0
2849,7508-KBIMB,2849,2849,2849,24,56.25,1454.25,60.59375,No,0
2850,6838-HVLXG,2850,2850,2850,12,20.3,246.7,20.558333333333334,No,0
2851,2277-DJJDL,2851,2851,2851,60,99.0,6017.9,100.29833333333333,No,0
2852,1897-OKVMW,2852,2852,2852,64,90.6,5817.45,90.89765625,No,0
2853,5485-ITNPC,2853,2853,2853,66,85.9,5595.3,84.77727272727273,No,0
2854,0233-FTHAV,2854,2854,2854,60,79.2,4765.0,79.41666666666667,No,0
2855,4644-PIZRT,2855,2855,2855,17,70.35,1201.65,70.68529411764706,No,0
2856,8922-NPKBJ,2856,2856,2856,42,19.35,867.3,20.65,No,0
2857,2740-TVLFN,2857,2857,2857,1,50.15,50.15,50.15,No,0
2858,7771-CFQRQ,2858,2858,2858,47,63.8,3007.25,63.984042553191486,No,0
2859,9512-PHSMG,2859,2859,2859,10,20.55,252.75,25.275,No,0
2860,6963-EZQEE,2860,2860,2860,70,88.55,6306.5,90.09285714285714,No,0
2861,2452-KDRRH,2861,2861,2861,67,101.4,6841.05,102.10522388059702,No,0
2862,2004-OCQXK,2862,2862,2862,1,81.95,81.95,81.95,Yes,1
2863,5027-QPKTE,2863,2863,2863,7,69.35,451.1,64.44285714285715,Yes,1
2864,4146-SVFUD,2864,2864,2864,1,44.6,44.6,44.6,No,0
2865,1564-HJUVY,2865,2865,2865,4,63.75,226.2,56.55,No,0
2866,3617-XLSGQ,2866,2866,2866,66,109.25,7082.5,107.31060606060606,No,0
2867,7517-LDMPS,2867,2867,2867,12,84.6,1017.35,84.77916666666667,No,0
2868,7244-KXYZN,2868,2868,2868,24,20.45,527.35,21.972916666666666,No,0
2869,5226-NOZFC,2869,2869,2869,26,85.75,2146.5,82.5576923076923,No,0
2870,2672-HUYVI,2870,2870,2870,6,91.1,455.3,75.88333333333334,Yes,1
2871,1400-WIVLL,2871,2871,2871,57,107.95,5969.85,104.73421052631579,No,0
2872,7508-MYBOG,2872,2872,2872,14,86.1,1235.55,88.25357142857142,Yes,1
2873,8148-NLEGT,2873,2873,2873,42,22.95,1014.25,24.148809523809526,No,0
2874,0148-DCDOS,2874,2874,2874,25,94.7,2362.1,94.484,Yes,1
2875,8347-GDTMP,2875,2875,2875,64,19.45,1225.65,19.15078125,No,0
2876,9992-RRAMN,2876,2876,2876,22,85.1,1873.7,85.16818181818182,Yes,1
2877,6746-WAUWT,2877,2877,2877,19,19.7,386.5,20.342105263157894,No,0
2878,0310-MVLET,2878,2878,2878,61,99.15,6010.05,98.52540983606558,Yes,1
2879,0428-IKYCP,2879,2879,2879,22,87.0,1850.65,84.12045454545455,No,0
2880,4550-VBOFE,2880,2880,2880,70,102.95,7101.5,101.45,Yes,1
2881,2187-PKZAY,2881,2881,2881,12,79.95,1043.4,86.95,No,0
2882,4003-OCTMP,2882,2882,2882,31,64.0,1910.75,61.63709677419355,No,0
2883,6652-YFFJO,2883,2883,2883,11,64.9,716.1,65.10000000000001,No,0
2884,7225-IILWY,2884,2884,2884,68,25.75,1686.15,24.796323529411765,No,0
2885,5248-RPYWW,2885,2885,2885,72,90.15,6716.45,93.28402777777778,No,0
2886,7923-IYJWY,2886,2886,2886,67,116.1,7839.85,117.01268656716418,No,0
2887,3170-GWYKC,2887,2887,2887,60,104.95,6236.75,103.94583333333334,No,0
2888,5696-QURRL,2888,2888,2888,1,45.05,45.05,45.05,Yes,1
2889,7409-KIUTL,2889,2889,2889,1,71.0,71.0,71.0,Yes,1
2890,9830-ECLEN,2890,2890,2890,58,50.0,2919.85,50.342241379310344,No,0
2891,1732-VHUBQ,2891,2891,2891,47,70.55,3309.25,70.40957446808511,Yes,1
2892,0495-RVCBF,2892,2892,2892,1,79.7,79.7,79.7,Yes,1
2893,2668-TZSPS,2893,2893,2893,1,20.45,20.45,20.45,No,0
2894,7854-EDSSA,2894,2894,2894,22,59.0,1254.7,57.03181818181818,Yes,1
2895,8869-TORSS,2895,2895,2895,48,60.35,2896.4,60.34166666666667,Yes,1
2896,7446-SFAOA,2896,2896,2896,37,19.85,717.5,19.39189189189189,No,0
2897,9522-ZSINC,2897,2897,2897,13,19.95,253.8,19.523076923076925,No,0
2898,8234-GSZYK,2898,2898,2898,43,26.45,1110.05,25.815116279069766,No,0
2899,6505-OZNPG,2899,2899,2899,6,63.4,348.8,58.13333333333333,No,0
2900,6164-HAQTX,2900,2900,2900,71,53.95,3888.65,54.76971830985916,No,0
2901,0679-IDSTG,2901,2901,2901,1,69.25,69.25,69.25,Yes,1
2902,7765-LWVVH,2902,2902,2902,72,95.1,6843.15,95.04374999999999,No,0
2903,1658-TJVOA,2903,2903,2903,6,74.1,450.9,75.14999999999999,No,0
2904,0953-LGOVU,2904,2904,2904,12,35.5,432.25,36.020833333333336,No,0
2905,2115-BFTIW,2905,2905,2905,25,70.95,1767.35,70.694,Yes,1
2906,4692-NNQRU,2906,2906,2906,21,79.2,1742.45,82.97380952380952,No,0
2907,7742-MYPGI,2907,2907,2907,6,48.8,297.35,49.55833333333334,No,0
2908,0611-DFXKO,2908,2908,2908,20,89.0,1820.45,91.02250000000001,Yes,1
2909,7780-OTDSO,2909,2909,2909,18,99.4,1742.95,96.83055555555556,Yes,1
2910,9619-GSATL,2910,2910,2910,43,55.45,2444.25,56.843023255813954,No,0
2911,5622-UEJFI,2911,2911,2911,35,25.4,949.8,27.137142857142855,No,0
2912,9747-DDZOS,2912,2912,2912,1,73.5,73.5,73.5,Yes,1
2913,0674-DGMAQ,2913,2913,2913,32,93.5,2970.8,92.8375,No,0
2914,6203-HBZPA,2914,2914,2914,52,63.9,3334.95,64.13365384615385,No,0
2915,0484-FFVBJ,2915,2915,2915,32,64.85,2010.95,62.8421875,No,0
2916,0301-FIDRB,2916,2916,2916,72,63.8,4684.3,65.05972222222222,No,0
2917,4139-JPIAM,2917,2917,2917,51,44.45,2181.55,42.77549019607844,No,0
2918,2181-TIDSV,2918,2918,2918,68,19.95,1303.25,19.165441176470587,No,0
2919,2761-XECQW,2919,2919,2919,8,43.35,371.4,46.425,No,0
2920,1936-CZAKF,2920,2920,2920,49,49.65,2409.9,49.18163265306123,No,0
2921,9453-PATOS,2921,2921,2921,72,85.1,6155.4,85.49166666666666,No,0
2922,0564-JJHGS,2922,2922,2922,9,95.5,829.1,92.12222222222222,Yes,1
2923,3348-CFRNX,2923,2923,2923,28,92.35,2602.9,92.96071428571429,Yes,1
2924,4402-FTBXC,2924,2924,2924,54,89.8,4667.0,86.42592592592592,No,0
2925,1428-GTBJJ,2925,2925,2925,11,74.55,824.75,74.97727272727273,Yes,1
2926,2931-XIQBR,2926,2926,2926,50,103.05,5153.5,103.07,No,0
2927,0106-UGRDO,2927,2927,2927,69,116.0,8182.85,118.59202898550726,No,0
2928,5542-TBBWB,2928,2928,2928,1,69.9,69.9,69.9,No,0
2929,1930-QPBVZ,2929,2929,2929,68,95.1,6683.4,98.28529411764706,No,0
2930,2606-PKWJB,2930,2930,2930,40,40.25,1564.05,39.10125,No,0
2931,5322-ZSMZY,2931,2931,2931,31,25.75,755.6,24.374193548387098,No,0
2932,8059-UDZFY,2932,2932,2932,33,105.35,3465.05,105.00151515151515,No,0
2933,7740-BTPUX,2933,2933,2933,55,113.6,6292.7,114.41272727272727,No,0
2934,5220-AGAAX,2934,2934,2934,68,24.0,1664.3,24.474999999999998,No,0
2935,0208-BPQEJ,2935,2935,2935,12,19.4,198.1,16.508333333333333,No,0
2936,9435-JMLSX,2936,2936,2936,71,86.1,6045.9,85.15352112676055,No,0
2937,3352-ALMCK,2937,2937,2937,40,102.65,4108.15,102.70374999999999,No,0
2938,5312-IRCFR,2938,2938,2938,64,92.85,5980.75,93.44921875,No,0
2939,5294-IMHHT,2939,2939,2939,53,97.75,5043.2,95.15471698113207,No,0
2940,8802-UNOJF,2940,2940,2940,12,83.8,1029.75,85.8125,Yes,1
2941,6313-GIDIT,2941,2941,2941,53,54.45,2854.55,53.859433962264156,Yes,1
2942,6176-YJWAS,2942,2942,2942,72,97.95,7114.25,98.80902777777777,No,0
2943,5310-NOOVA,2943,2943,2943,46,19.95,907.05,19.718478260869563,No,0
2944,4526-EXKKN,2944,2944,2944,40,24.6,973.95,24.348750000000003,No,0
2945,5311-IHLEI,2945,2945,2945,12,50.95,605.75,50.479166666666664,No,0
2946,3987-KQDDU,2946,2946,2946,9,75.6,661.55,73.50555555555555,No,0
2947,3404-JNXAX,2947,2947,2947,51,80.75,4116.9,80.7235294117647,No,0
2948,5131-PONJI,2948,2948,2948,49,90.4,4494.65,91.72755102040816,No,0
2949,2845-AFFTX,2949,2949,2949,41,99.8,4259.3,103.88536585365854,Yes,1
2950,3489-VSFRD,2950,2950,2950,56,60.25,3282.75,58.620535714285715,No,0
2951,3345-JHUEO,2951,2951,2951,4,20.2,55.7,13.925,No,0
2952,5815-HGGHV,2952,2952,2952,20,64.15,1274.45,63.722500000000004,No,0
2953,5260-UMPWX,2953,2953,2953,26,20.25,493.95,18.998076923076923,No,0
2954,2249-YPRNG,2954,2954,2954,20,105.85,2239.65,111.9825,Yes,1
2955,7410-YTJIK,2955,2955,2955,7,75.45,480.75,68.67857142857143,Yes,1
2956,4626-GYCZP,2956,2956,2956,7,93.85,635.6,90.8,Yes,1
2957,5649-RXQTV,2957,2957,2957,51,99.0,5038.15,98.78725490196078,No,0
2958,2674-MIAHT,2958,2958,2958,4,80.3,324.2,81.05,No,0
2959,2576-HXMPA,2959,2959,2959,1,19.55,19.55,19.55,No,0
2960,7587-AOVVU,2960,2960,2960,27,100.75,2793.55,103.46481481481482,No,0
2961,5590-BYNII,2961,2961,2961,22,100.75,2095.0,95.22727272727273,Yes,1
2962,6898-MDLZW,2962,2962,2962,12,53.75,648.65,54.05416666666667,No,0
2963,3237-AJGEH,2963,2963,2963,3,31.0,95.05,31.683333333333334,Yes,1
2964,4707-YNOQA,2964,2964,2964,34,25.6,917.15,26.974999999999998,No,0
2965,9357-UJRUN,2965,2965,2965,24,58.35,1346.9,56.12083333333334,No,0
2966,1591-NFNLQ,2966,2966,2966,51,80.0,4242.35,83.18333333333334,Yes,1
2967,8648-PFRMP,2967,2967,2967,14,46.35,672.7,48.050000000000004,No,0
2968,7663-CUXZB,2968,2968,2968,59,113.75,6561.25,111.20762711864407,No,0
2969,0258-NOKBL,2969,2969,2969,3,90.4,268.45,89.48333333333333,No,0
2970,1163-VIPRI,2970,2970,2970,65,109.3,7337.55,112.88538461538462,No,0
2971,2815-CPTUL,2971,2971,2971,5,70.25,331.9,66.38,Yes,1
2972,9348-ROUAI,2972,2972,2972,59,90.3,5194.05,88.03474576271186,No,0
2973,9443-JUBUO,2973,2973,2973,72,65.25,4478.85,62.206250000000004,No,0
2974,0596-BQCEQ,2974,2974,2974,62,100.15,6283.3,101.34354838709677,Yes,1
2975,1481-ZUWZA,2975,2975,2975,28,94.5,2659.4,94.97857142857143,Yes,1
2976,3043-TYBNO,2976,2976,2976,3,60.65,196.9,65.63333333333334,No,0
2977,4830-FAXFM,2977,2977,2977,19,24.1,439.2,23.11578947368421,No,0
2978,5906-BFOZT,2978,2978,2978,1,19.5,19.5,19.5,No,0
2979,2960-NKRSO,2979,2979,2979,24,85.95,2107.15,87.79791666666667,No,0
2980,8996-ZROXE,2980,2980,2980,57,53.5,3035.8,53.25964912280702,No,0
2981,5598-IKHQQ,2981,2981,2981,72,25.45,1866.45,25.922916666666666,No,0
2982,0397-ZXWQF,2982,2982,2982,67,20.5,1430.95,21.357462686567164,No,0
2983,5266-PFRQK,2983,2983,2983,52,20.85,1071.6,20.607692307692307,No,0
2984,4674-HGNUA,2984,2984,2984,71,89.9,6457.15,90.94577464788732,No,0
2985,6765-MBQNU,2985,2985,2985,26,26.0,684.05,26.309615384615384,No,0
2986,9786-IJYDL,2986,2986,2986,35,113.2,3914.05,111.83,No,0
2987,1303-SRDOK,2987,2987,2987,55,69.05,3842.6,69.86545454545454,No,0
2988,3769-MHZNV,2988,2988,2988,33,20.1,670.35,20.313636363636363,No,0
2989,6295-OSINB,2989,2989,2989,72,109.65,7880.25,109.44791666666667,No,0
2990,3308-MHOOC,2990,2990,2990,1,19.2,19.2,19.2,No,0
2991,2309-OSFEU,2991,2991,2991,10,33.9,298.45,29.845,Yes,1
2992,2207-QPJED,2992,2992,2992,37,90.0,3371.75,91.12837837837837,No,0
2993,4177-JPDFU,2993,2993,2993,12,34.0,442.45,36.87083333333333,No,0
2994,2239-CFOUJ,2994,2994,2994,1,20.4,20.4,20.4,No,0
2995,8046-DNVTL,2995,2995,2995,62,38.6,2345.55,37.83145161290323,No,0
2996,2209-XADXF,2996,2996,2996,1,25.25,25.25,25.25,No,0
2997,6620-JDYNW,2997,2997,2997,18,60.6,1156.35,64.24166666666666,No,0
2998,1891-FZYSA,2998,2998,2998,69,89.95,6143.15,89.03115942028985,Yes,1
2999,4770-UEZOX,2999,2999,2999,2,74.75,144.8,72.4,No,0
3000,1038-RQOST,3000,3000,3000,19,20.6,414.95,21.839473684210525,No,0
3001,7613-LLQFO,3001,3001,3001,12,84.45,1059.55,88.29583333333333,Yes,1
3002,4568-TTZRT,3002,3002,3002,9,20.4,181.8,20.200000000000003,No,0
3003,9513-DXHDA,3003,3003,3003,27,81.7,2212.55,81.9462962962963,No,0
3004,2640-PMGFL,3004,3004,3004,27,79.5,2180.55,80.76111111111112,Yes,1
3005,3801-HMYNL,3005,3005,3005,1,89.15,89.15,89.15,Yes,1
3006,0516-QREYC,3006,3006,3006,24,20.3,459.95,19.164583333333333,No,0
3007,9685-WKZGT,3007,3007,3007,14,74.95,1036.75,74.05357142857143,Yes,1
3008,6022-UGGSO,3008,3008,3008,32,74.4,2276.95,71.1546875,Yes,1
3009,8084-OIVBS,3009,3009,3009,11,20.0,211.95,19.268181818181816,No,0
3010,8896-BQTTI,3010,3010,3010,1,25.0,25.0,25.0,No,0
3011,3865-QBWSJ,3011,3011,3011,38,80.45,3162.65,83.22763157894737,No,0
3012,3352-RICWQ,3012,3012,3012,9,19.75,210.65,23.405555555555555,No,0
3013,2160-GPFXD,3013,3013,3013,54,65.65,3566.7,66.05,No,0
3014,2065-MMKGR,3014,3014,3014,29,71.0,2080.1,71.72758620689655,No,0
3015,5857-TYBCJ,3015,3015,3015,44,89.2,4040.2,91.82272727272726,No,0
3016,1498-NHTLT,3016,3016,3016,59,86.75,5186.0,87.89830508474576,No,0
3017,4484-CGXFK,3017,3017,3017,3,55.3,196.15,65.38333333333334,Yes,1
3018,1402-PTHGN,3018,3018,3018,18,61.5,1087.45,60.41388888888889,No,0
3019,4176-RELJR,3019,3019,3019,67,25.1,1672.15,24.957462686567165,No,0
3020,6214-EDAKZ,3020,3020,3020,22,55.15,1206.05,54.820454545454545,Yes,1
3021,5199-FPUSP,3021,3021,3021,33,34.05,1113.95,33.75606060606061,No,0
3022,6377-KSLXC,3022,3022,3022,5,19.95,107.05,21.41,No,0
3023,1796-JANOW,3023,3023,3023,2,19.95,38.15,19.075,No,0
3024,0238-WHBIQ,3024,3024,3024,72,89.7,6339.3,88.04583333333333,No,0
3025,8735-NBLWT,3025,3025,3025,9,20.4,184.1,20.455555555555556,No,0
3026,6651-RLGGM,3026,3026,3026,67,26.3,1688.9,25.207462686567165,No,0
3027,6127-ISGTU,3027,3027,3027,16,84.95,1378.25,86.140625,Yes,1
3028,1614-JBEBI,3028,3028,3028,8,20.7,137.6,17.2,No,0
3029,8740-XLHDR,3029,3029,3029,5,43.25,219.0,43.8,Yes,1
3030,1208-DNHLN,3030,3030,3030,23,48.35,1067.15,46.39782608695653,Yes,1
3031,1761-AEZZR,3031,3031,3031,1,79.55,79.55,79.55,Yes,1
3032,3923-CSIHK,3032,3032,3032,50,71.05,3444.85,68.89699999999999,Yes,1
3033,5696-EXCYS,3033,3033,3033,17,19.45,369.05,21.708823529411767,No,0
3034,5795-KTGUD,3034,3034,3034,68,110.8,7553.6,111.08235294117648,No,0
3035,7120-RFMVS,3035,3035,3035,1,84.5,84.5,84.5,Yes,1
3036,7924-GJZFI,3036,3036,3036,25,69.3,1813.1,72.524,No,0
3037,4702-HDRKD,3037,3037,3037,67,49.35,3321.35,49.57238805970149,No,0
3038,8512-WIWYV,3038,3038,3038,32,20.35,707.5,22.109375,No,0
3039,5897-ZYEKH,3039,3039,3039,67,105.6,7112.15,106.15149253731343,No,0
3040,5456-ITGIC,3040,3040,3040,72,64.45,4641.1,64.45972222222223,No,0
3041,7317-GGVPB,3041,3041,3041,71,108.6,7690.9,108.3225352112676,Yes,1
3042,1406-PUQVY,3042,3042,3042,1,49.9,49.9,49.9,No,0
3043,1322-AGOQM,3043,3043,3043,46,30.3,1380.1,30.002173913043475,Yes,1
3044,3677-IYRBF,3044,3044,3044,2,30.4,78.65,39.325,Yes,1
3045,5692-FPTAH,3045,3045,3045,1,45.4,45.4,45.4,Yes,1
3046,9114-AAFQH,3046,3046,3046,48,65.65,3094.65,64.471875,No,0
3047,8715-KKTFG,3047,3047,3047,61,103.3,6518.35,106.85819672131149,No,0
3048,1550-LOAHA,3048,3048,3048,32,84.15,2585.95,80.8109375,Yes,1
3049,1728-BQDMA,3049,3049,3049,2,44.45,82.7,41.35,No,0
3050,0268-QKIWO,3050,3050,3050,3,19.75,58.85,19.616666666666667,Yes,1
3051,0876-WDUUZ,3051,3051,3051,5,85.4,425.9,85.17999999999999,Yes,1
3052,5117-ZSMHQ,3052,3052,3052,71,89.9,6342.7,89.33380281690141,No,0
3053,5151-HQRDG,3053,3053,3053,37,55.05,2030.75,54.88513513513514,No,0
3054,0960-HUWBM,3054,3054,3054,65,104.1,6700.05,103.07769230769232,No,0
3055,6465-GSRCL,3055,3055,3055,67,106.6,7244.7,108.12985074626866,No,0
3056,0617-FHSGK,3056,3056,3056,49,75.2,3678.3,75.06734693877551,Yes,1
3057,0263-FJTQO,3057,3057,3057,50,70.5,3486.65,69.733,No,0
3058,7319-ZNRTR,3058,3058,3058,25,19.6,411.15,16.445999999999998,No,0
3059,2858-MOFSQ,3059,3059,3059,17,55.85,937.5,55.14705882352941,Yes,1
3060,7503-EPSZW,3060,3060,3060,64,24.05,1559.15,24.36171875,No,0
3061,7089-XXAYG,3061,3061,3061,25,38.1,970.4,38.816,No,0
3062,8118-LSUEL,3062,3062,3062,23,106.4,2483.5,107.97826086956522,Yes,1
3063,8070-AAWZP,3063,3063,3063,24,34.25,828.2,34.50833333333333,No,0
3064,1666-JXLKU,3064,3064,3064,37,100.05,3810.55,102.98783783783784,No,0
3065,7855-DIWPO,3065,3065,3065,21,68.65,1493.2,71.1047619047619,No,0
3066,5133-POWUA,3066,3066,3066,1,45.8,45.8,45.8,No,0
3067,5652-MSDEY,3067,3067,3067,10,75.75,777.3,77.72999999999999,No,0
3068,7005-CCBKV,3068,3068,3068,6,84.4,556.35,92.72500000000001,Yes,1
3069,1810-BOHSY,3069,3069,3069,51,96.4,4911.05,96.29509803921569,No,0
3070,1784-BXEFA,3070,3070,3070,10,20.55,187.35,18.735,No,0
3071,7351-MHQVU,3071,3071,3071,6,50.95,307.6,51.26666666666667,No,0
3072,9224-VTYID,3072,3072,3072,47,90.5,4318.35,91.87978723404257,No,0
3073,9500-IWPXQ,3073,3073,3073,61,79.4,4820.55,79.02540983606558,No,0
3074,5762-TJXGK,3074,3074,3074,52,58.75,3038.55,58.43365384615385,No,0
3075,4504-YOULA,3075,3075,3075,35,59.45,2136.9,61.05428571428572,No,0
3076,5569-IDSEY,3076,3076,3076,71,105.7,7472.15,105.24154929577465,No,0
3077,4250-FDVOU,3077,3077,3077,6,56.25,389.1,64.85000000000001,Yes,1
3078,7284-ZZLOH,3078,3078,3078,45,53.3,2296.25,51.02777777777778,No,0
3079,5277-ZLOOR,3079,3079,3079,2,85.55,187.45,93.725,Yes,1
3080,2141-RRYGO,3080,3080,3080,4,68.65,261.25,65.3125,Yes,1
3081,1777-JYQPJ,3081,3081,3081,2,24.3,38.45,19.225,No,0
3082,6376-GAHQE,3082,3082,3082,4,77.85,299.2,74.8,Yes,1
3083,3401-URHDA,3083,3083,3083,51,59.9,3043.6,59.67843137254902,No,0
3084,1599-EAHXY,3084,3084,3084,60,23.95,1506.4,25.10666666666667,No,0
3085,8631-XVRZL,3085,3085,3085,9,20.15,163.7,18.188888888888886,No,0
3086,5052-PNLOS,3086,3086,3086,3,105.35,323.25,107.75,Yes,1
3087,3853-LYGAM,3087,3087,3087,17,95.65,1640.0,96.47058823529412,No,0
3088,6979-ZNSFF,3088,3088,3088,8,87.05,762.1,95.2625,Yes,1
3089,5751-USDBL,3089,3089,3089,46,81.0,3846.35,83.61630434782609,No,0
3090,5680-LQOGP,3090,3090,3090,68,82.45,5646.6,83.03823529411765,No,0
3091,2386-LAHRK,3091,3091,3091,1,53.5,53.5,53.5,Yes,1
3092,8189-DUKMV,3092,3092,3092,4,20.5,79.05,19.7625,No,0
3093,6032-IGALN,3093,3093,3093,1,25.1,25.1,25.1,Yes,1
3094,9931-DCEZH,3094,3094,3094,28,54.4,1516.6,54.16428571428571,No,0
3095,1898-JSNDC,3095,3095,3095,39,58.6,2224.5,57.03846153846154,No,0
3096,0315-LVCRK,3096,3096,3096,11,84.8,888.75,80.79545454545455,No,0
3097,3911-RSNHI,3097,3097,3097,71,61.4,4310.35,60.70915492957747,No,0
3098,2410-CIYFZ,3098,3098,3098,2,20.4,42.9,21.45,No,0
3099,4248-HCETZ,3099,3099,3099,30,79.65,2365.15,78.83833333333334,Yes,1
3100,5505-OVWQW,3100,3100,3100,17,20.15,353.65,20.802941176470586,No,0
3101,7271-AJDTL,3101,3101,3101,55,94.45,5073.1,92.23818181818183,No,0
3102,1867-TJHTS,3102,3102,3102,58,79.8,4526.85,78.0491379310345,No,0
3103,0516-WJVXC,3103,3103,3103,5,54.2,308.25,61.65,Yes,1
3104,9174-FKWZE,3104,3104,3104,1,19.45,19.45,19.45,Yes,1
3105,6860-YRJZP,3105,3105,3105,9,74.05,678.45,75.38333333333334,No,0
3106,4429-WYGFR,3106,3106,3106,26,49.15,1237.3,47.58846153846154,No,0
3107,2817-LVCPP,3107,3107,3107,50,19.4,1023.95,20.479,No,0
3108,5038-ETMLM,3108,3108,3108,72,113.65,8182.75,113.64930555555556,No,0
3109,5056-FIMPT,3109,3109,3109,43,106.0,4532.3,105.40232558139536,No,0
3110,4521-WFJAI,3110,3110,3110,56,25.95,1444.05,25.786607142857143,No,0
3111,6569-KTMDU,3111,3111,3111,1,19.1,19.1,19.1,No,0
3112,8809-RIHDD,3112,3112,3112,72,103.4,7372.65,102.39791666666666,Yes,1
3113,8809-XKHMD,3113,3113,3113,72,100.55,7325.1,101.73750000000001,No,0
3114,0396-YCHWO,3114,3114,3114,36,95.4,3474.2,96.50555555555555,No,0
3115,0867-LDTTC,3115,3115,3115,5,75.15,392.65,78.53,No,0
3116,4822-NGOCH,3116,3116,3116,13,84.45,1058.6,81.43076923076923,Yes,1
3117,9391-DXGGG,3117,3117,3117,44,89.15,3990.75,90.69886363636364,No,0
3118,9844-FELAJ,3118,3118,3118,70,107.9,7475.85,106.79785714285715,No,0
3119,2122-SZZZD,3119,3119,3119,44,19.5,835.5,18.988636363636363,No,0
3120,5307-DZCVC,3120,3120,3120,32,85.95,2628.6,82.14375,Yes,1
3121,3148-AOIQT,3121,3121,3121,69,24.95,1718.35,24.903623188405795,No,0
3122,8679-JOEVF,3122,3122,3122,16,59.4,1023.9,63.99375,Yes,1
3123,8395-ETZKQ,3123,3123,3123,68,19.5,1193.55,17.55220588235294,No,0
3124,6692-YQHXC,3124,3124,3124,16,69.95,1205.5,75.34375,No,0
3125,3889-VWBID,3125,3125,3125,68,82.85,5776.45,84.94779411764705,No,0
3126,5222-JCXZT,3126,3126,3126,4,19.0,78.9,19.725,No,0
3127,9754-CLVZW,3127,3127,3127,26,38.85,1025.15,39.42884615384616,No,0
3128,1432-FPAXX,3128,3128,3128,29,30.6,856.35,29.529310344827586,Yes,1
3129,2739-CCZMB,3129,3129,3129,5,20.35,122.0,24.4,No,0
3130,7080-TNUWP,3130,3130,3130,70,95.0,6602.9,94.32714285714285,No,0
3131,0496-AHOOK,3131,3131,3131,24,74.4,1712.9,71.37083333333334,No,0
3132,8336-TAVKX,3132,3132,3132,72,78.45,5682.25,78.92013888888889,No,0
3133,2468-SJFLM,3133,3133,3133,1,74.3,74.3,74.3,No,0
3134,3181-VTHOE,3134,3134,3134,70,51.05,3635.15,51.93071428571429,No,0
3135,7168-HDQHG,3135,3135,3135,36,19.2,702.9,19.525,No,0
3136,4803-AXVYP,3136,3136,3136,38,99.55,3734.25,98.26973684210526,Yes,1
3137,3884-HCSWG,3137,3137,3137,17,70.0,1144.5,67.32352941176471,Yes,1
3138,4567-AKPIA,3138,3138,3138,41,109.1,4454.25,108.64024390243902,No,0
3139,5077-DXTCG,3139,3139,3139,1,45.3,45.3,45.3,Yes,1
3140,1142-WACZW,3140,3140,3140,2,29.85,75.6,37.8,Yes,1
3141,7901-HXJVA,3141,3141,3141,14,76.45,1117.55,79.825,No,0
3142,5649-ANRML,3142,3142,3142,2,95.1,180.25,90.125,Yes,1
3143,4892-VLANZ,3143,3143,3143,1,19.8,19.8,19.8,Yes,1
3144,5924-IFQTT,3144,3144,3144,13,72.8,930.05,71.54230769230769,No,0
3145,7968-QUXNS,3145,3145,3145,6,18.95,110.15,18.358333333333334,No,0
3146,2919-HBCJO,3146,3146,3146,4,76.65,333.6,83.4,Yes,1
3147,4236-XPXAV,3147,3147,3147,5,99.15,465.05,93.01,Yes,1
3148,8903-WMRNW,3148,3148,3148,15,101.75,1669.4,111.29333333333334,No,0
3149,2452-SNHFZ,3149,3149,3149,47,75.45,3545.1,75.42765957446808,No,0
3150,3629-WEAAM,3150,3150,3150,8,64.1,504.05,63.00625,No,0
3151,6029-CSMJE,3151,3151,3151,17,25.65,440.2,25.894117647058824,No,0
3152,7993-NQLJE,3152,3152,3152,15,75.1,1151.55,76.77,No,0
3153,9909-DFRJA,3153,3153,3153,26,95.85,2475.35,95.20576923076922,No,0
3154,9099-FTUHS,3154,3154,3154,23,54.4,1249.25,54.31521739130435,No,0
3155,0581-BXBUB,3155,3155,3155,4,72.75,317.75,79.4375,No,0
3156,4962-CHQPW,3156,3156,3156,29,19.85,535.05,18.45,No,0
3157,9467-ROOLM,3157,3157,3157,25,19.05,461.3,18.452,No,0
3158,3030-YZADT,3158,3158,3158,9,44.95,431.0,47.888888888888886,Yes,1
3159,7410-KTVFV,3159,3159,3159,18,49.55,878.35,48.797222222222224,Yes,1
3160,5150-ITWWB,3160,3160,3160,3,94.85,335.75,111.91666666666667,No,0
3161,2253-KPMNB,3161,3161,3161,69,46.25,3121.4,45.23768115942029,No,0
3162,1345-ZUKID,3162,3162,3162,14,19.35,324.8,23.2,No,0
3163,6429-SHBCB,3163,3163,3163,19,69.6,1394.55,73.39736842105263,No,0
3164,9281-OFDMF,3164,3164,3164,39,90.7,3413.25,87.51923076923077,No,0
3165,2603-HVKCG,3165,3165,3165,31,101.4,3143.65,101.40806451612903,No,0
3166,1834-WULEG,3166,3166,3166,24,20.25,439.75,18.322916666666668,No,0
3167,9097-ZUBYC,3167,3167,3167,14,48.8,664.4,47.457142857142856,No,0
3168,5148-ORICT,3168,3168,3168,64,74.35,4759.55,74.36796875,No,0
3169,4893-GYUJU,3169,3169,3169,50,19.35,1033.0,20.66,No,0
3170,4578-PHJYZ,3170,3170,3170,52,68.75,3482.85,66.97788461538461,No,0
3171,7272-QDCKA,3171,3171,3171,28,100.2,2688.45,96.01607142857142,No,0
3172,8908-SLFCJ,3172,3172,3172,21,20.85,435.25,20.726190476190474,No,0
3173,8393-DLHGA,3173,3173,3173,25,95.9,2448.75,97.95,Yes,1
3174,9766-HGEDE,3174,3174,3174,17,19.35,307.0,18.058823529411764,No,0
3175,6968-MHOMU,3175,3175,3175,58,45.0,2689.35,46.36810344827586,No,0
3176,7395-IGJOS,3176,3176,3176,17,81.5,1329.2,78.18823529411765,Yes,1
3177,5044-XDPYX,3177,3177,3177,51,25.5,1281.25,25.122549019607842,No,0
3178,1814-WFGVS,3178,3178,3178,72,48.9,3527.0,48.986111111111114,No,0
3179,2834-SPCJV,3179,3179,3179,52,84.1,4348.65,83.6278846153846,Yes,1
3180,3721-WKIIL,3180,3180,3180,27,19.6,561.15,20.78333333333333,No,0
3181,6734-CKRSM,3181,3181,3181,3,20.0,63.6,21.2,No,0
3182,1265-ZFOSD,3182,3182,3182,64,81.3,5129.3,80.1453125,No,0
3183,6568-POCUI,3183,3183,3183,45,95.2,4285.8,95.24000000000001,No,0
3184,7890-VYYWG,3184,3184,3184,3,36.45,93.7,31.233333333333334,Yes,1
3185,5197-LQXXH,3185,3185,3185,71,83.3,5894.5,83.02112676056338,No,0
3186,9907-SWKKF,3186,3186,3186,1,25.05,25.05,25.05,Yes,1
3187,3457-PQBYH,3187,3187,3187,58,20.3,1160.75,20.012931034482758,No,0
3188,7682-AZNDK,3188,3188,3188,34,89.85,3091.75,90.93382352941177,No,0
3189,0587-DMGBH,3189,3189,3189,8,49.85,365.55,45.69375,Yes,1
3190,5384-ZTTWP,3190,3190,3190,15,19.8,272.95,18.196666666666665,No,0
3191,3745-HRPHI,3191,3191,3191,66,54.65,3632.0,55.03030303030303,No,0
3192,7636-OWBPG,3192,3192,3192,12,29.35,381.2,31.766666666666666,No,0
3193,1231-YNDEK,3193,3193,3193,58,19.15,1035.5,17.853448275862068,No,0
3194,1407-DIGZV,3194,3194,3194,3,19.1,52.0,17.333333333333332,No,0
3195,6397-JNZZG,3195,3195,3195,43,55.55,2342.2,54.46976744186046,Yes,1
3196,0570-BFQHT,3196,3196,3196,9,80.55,653.9,72.65555555555555,No,0
3197,4393-OBCRR,3197,3197,3197,3,20.25,71.2,23.733333333333334,No,0
3198,3523-QRQLL,3198,3198,3198,22,69.5,1498.2,68.10000000000001,Yes,1
3199,8564-LDKFL,3199,3199,3199,40,106.0,4178.65,104.46624999999999,No,0
3200,3696-DFHHB,3200,3200,3200,68,25.5,1821.8,26.791176470588233,No,0
3201,0895-DQHEW,3201,3201,3201,54,104.3,5278.15,97.74351851851851,Yes,1
3202,4717-GHADL,3202,3202,3202,50,79.6,4024.2,80.484,No,0
3203,5501-TVMGM,3203,3203,3203,1,55.25,55.25,55.25,No,0
3204,5879-HMFFH,3204,3204,3204,72,88.05,6520.8,90.56666666666666,No,0
3205,6772-WFQRD,3205,3205,3205,40,20.4,854.9,21.3725,No,0
3206,3810-DVDQQ,3206,3206,3206,72,117.6,8308.9,115.40138888888889,No,0
3207,6972-SNKKW,3207,3207,3207,6,20.0,109.2,18.2,No,0
3208,3694-GLTJM,3208,3208,3208,5,19.65,92.05,18.41,No,0
3209,8550-XSXUQ,3209,3209,3209,48,70.55,3420.5,71.26041666666667,No,0
3210,8149-RSOUN,3210,3210,3210,1,93.85,93.85,93.85,Yes,1
3211,9055-MOJJJ,3211,3211,3211,64,65.8,4068.0,63.5625,No,0
3212,4359-INNWN,3212,3212,3212,17,20.05,337.9,19.876470588235293,No,0
3213,0585-EGDDA,3213,3213,3213,40,80.0,3168.75,79.21875,No,0
3214,4032-RMHCI,3214,3214,3214,41,35.4,1412.4,34.44878048780488,No,0
3215,0549-CYCQN,3215,3215,3215,51,79.6,3974.7,77.93529411764706,No,0
3216,3481-JHUZH,3216,3216,3216,41,80.25,3439.0,83.8780487804878,No,0
3217,7250-EQKIY,3217,3217,3217,1,50.45,50.45,50.45,Yes,1
3218,3594-IVHJZ,3218,3218,3218,2,20.45,42.45,21.225,No,0
3219,6869-FGJJC,3219,3219,3219,68,79.6,5461.45,80.31544117647059,No,0
3220,3896-ZVNET,3220,3220,3220,24,24.7,571.75,23.822916666666668,No,0
3221,8205-VSLRB,3221,3221,3221,70,77.3,5498.2,78.54571428571428,No,0
3222,5960-MVTUK,3222,3222,3222,3,29.75,96.85,32.28333333333333,No,0
3223,6817-WTYHE,3223,3223,3223,2,44.9,111.05,55.525,No,0
3224,3082-VQXNH,3224,3224,3224,3,29.8,94.4,31.46666666666667,No,0
3225,4013-UBXWQ,3225,3225,3225,7,74.65,521.1,74.44285714285715,Yes,1
3226,4931-TRZWN,3226,3226,3226,13,71.95,923.85,71.06538461538462,No,0
3227,0750-EKNGL,3227,3227,3227,7,20.75,141.1,20.157142857142855,No,0
3228,7669-LCRSD,3228,3228,3228,12,56.3,628.65,52.387499999999996,No,0
3229,3567-PQTSO,3229,3229,3229,53,105.25,5576.3,105.21320754716982,No,0
3230,5519-NPHVG,3230,3230,3230,12,94.2,1046.1,87.175,Yes,1
3231,8043-PNYSD,3231,3231,3231,63,19.55,1245.6,19.77142857142857,No,0
3232,9938-EKRGF,3232,3232,3232,15,84.45,1287.85,85.85666666666665,No,0
3233,2703-AMTUL,3233,3233,3233,36,53.65,1939.35,53.87083333333333,No,0
3234,0928-JMXNP,3234,3234,3234,4,29.9,118.25,29.5625,No,0
3235,8173-RXAYP,3235,3235,3235,24,19.7,452.55,18.85625,No,0
3236,4825-XJGDM,3236,3236,3236,61,43.7,2696.55,44.205737704918036,No,0
3237,5402-HTOTQ,3237,3237,3237,16,55.3,875.35,54.709375,No,0
3238,6734-JDTTV,3238,3238,3238,65,19.85,1267.05,19.493076923076924,No,0
3239,7850-THJMU,3239,3239,3239,26,19.65,494.9,19.034615384615385,No,0
3240,3890-RTCMS,3240,3240,3240,16,49.45,799.0,49.9375,No,0
3241,8849-GYOKR,3241,3241,3241,54,106.55,5763.3,106.72777777777777,Yes,1
3242,3148-BLQJT,3242,3242,3242,1,20.1,20.1,20.1,Yes,1
3243,3717-FDJFU,3243,3243,3243,5,20.45,106.9,21.380000000000003,No,0
3244,3665-JATSN,3244,3244,3244,19,39.7,710.05,37.37105263157895,No,0
3245,7966-YOTQW,3245,3245,3245,10,54.5,568.2,56.82000000000001,No,0
3246,0461-CVKMU,3246,3246,3246,23,83.8,1900.25,82.6195652173913,Yes,1
3247,8806-EAGWC,3247,3247,3247,3,55.15,159.15,53.050000000000004,Yes,1
3248,8853-TZDGH,3248,3248,3248,72,111.6,8012.75,111.28819444444444,No,0
3249,7779-LGOVN,3249,3249,3249,10,86.65,856.65,85.66499999999999,Yes,1
3250,4324-BZCKL,3250,3250,3250,10,55.55,551.3,55.129999999999995,No,0
3251,6924-TDGMT,3251,3251,3251,11,20.55,184.95,16.813636363636363,No,0
3252,9710-ZUSHQ,3252,3252,3252,37,106.75,4056.75,109.64189189189189,Yes,1
3253,1536-YHDOE,3253,3253,3253,17,62.1,1096.65,64.50882352941177,No,0
3254,8123-QBNAZ,3254,3254,3254,36,104.5,3684.95,102.35972222222222,No,0
3255,3629-ZNKXA,3255,3255,3255,17,101.8,1752.45,103.08529411764707,No,0
3256,4827-LTQRJ,3256,3256,3256,66,110.6,7210.85,109.25530303030304,No,0
3257,7711-YIJWC,3257,3257,3257,61,84.9,5264.5,86.30327868852459,No,0
3258,5482-VXSXJ,3258,3258,3258,22,93.2,2157.3,98.05909090909091,No,0
3259,7365-BVCJH,3259,3259,3259,1,24.4,24.4,24.4,No,0
3260,9620-ENEJV,3260,3260,3260,6,70.55,433.95,72.325,No,0
3261,4183-WCSEP,3261,3261,3261,31,78.45,2435.15,78.55322580645162,Yes,1
3262,2378-YIZKA,3262,3262,3262,68,85.0,5607.75,82.46691176470588,No,0
3263,5498-TXHLF,3263,3263,3263,34,87.45,2874.15,84.53382352941176,Yes,1
3264,0689-DSXGL,3264,3264,3264,52,85.8,4433.3,85.25576923076923,No,0
3265,6818-DJXAA,3265,3265,3265,10,91.1,964.35,96.435,No,0
3266,9722-UJOJR,3266,3266,3266,29,70.75,1974.8,68.09655172413792,Yes,1
3267,0464-WJTKO,3267,3267,3267,72,20.1,1460.85,20.289583333333333,No,0
3268,8902-ZEOVF,3268,3268,3268,47,20.05,951.55,20.245744680851065,No,0
3269,6778-EICRF,3269,3269,3269,24,74.8,1821.2,75.88333333333334,No,0
3270,2662-NNTDK,3270,3270,3270,65,24.8,1600.95,24.63,No,0
3271,4132-KALRO,3271,3271,3271,4,100.85,399.25,99.8125,No,0
3272,3902-FOIGH,3272,3272,3272,12,101.35,1218.55,101.54583333333333,Yes,1
3273,6772-KSATR,3273,3273,3273,1,81.7,81.7,81.7,Yes,1
3274,7112-OPOTK,3274,3274,3274,33,68.25,2171.15,65.79242424242425,Yes,1
3275,2874-YXVVA,3275,3275,3275,34,105.1,3634.8,106.90588235294118,No,0
3276,1245-HARPS,3276,3276,3276,14,20.4,292.4,20.885714285714283,No,0
3277,4210-QFJMF,3277,3277,3277,4,79.15,317.25,79.3125,Yes,1
3278,4323-ELYYB,3278,3278,3278,13,20.0,218.55,16.81153846153846,No,0
3279,4293-ETKAP,3279,3279,3279,65,79.4,5071.9,78.02923076923076,No,0
3280,6064-PUPMC,3280,3280,3280,23,57.2,1423.35,61.88478260869565,No,0
3281,6504-VBLFL,3281,3281,3281,55,58.6,3068.6,55.79272727272727,No,0
3282,6322-PJJDJ,3282,3282,3282,49,94.8,4690.65,95.72755102040816,No,0
3283,0330-BGYZE,3283,3283,3283,60,102.5,6157.6,102.62666666666668,No,0
3284,1085-LDWAM,3284,3284,3284,69,20.35,1442.65,20.907971014492755,No,0
3285,7586-ZATGZ,3285,3285,3285,40,84.9,3369.05,84.22625000000001,No,0
3286,7197-VOJMM,3286,3286,3286,67,69.2,4671.65,69.72611940298506,No,0
3287,3318-OSATS,3287,3287,3287,35,95.45,3474.05,99.25857142857143,Yes,1
3288,5828-AVIPD,3288,3288,3288,19,100.95,1875.55,98.71315789473684,Yes,1
3289,1843-TLSGD,3289,3289,3289,13,20.85,272.35,20.950000000000003,No,0
3290,9626-VFRGG,3290,3290,3290,41,88.5,3645.05,88.90365853658537,No,0
3291,7075-BNDVQ,3291,3291,3291,4,35.0,135.75,33.9375,No,0
3292,9143-CANJF,3292,3292,3292,24,55.15,1319.85,54.99375,No,0
3293,7284-BUYEC,3293,3293,3293,5,50.95,229.4,45.88,No,0
3294,2041-JIJCI,3294,3294,3294,5,64.0,370.25,74.05,No,0
3295,1086-LXKFY,3295,3295,3295,1,69.1,69.1,69.1,Yes,1
3296,4900-MSOMT,3296,3296,3296,72,80.2,5714.2,79.36388888888888,No,0
3297,2229-VWQJH,3297,3297,3297,24,49.3,1233.25,51.385416666666664,No,0
3298,9194-GFVOI,3298,3298,3298,42,84.35,3571.6,85.03809523809524,No,0
3299,1336-EZFZY,3299,3299,3299,4,20.05,83.3,20.825,No,0
3300,4282-MSACW,3300,3300,3300,68,117.2,8035.95,118.17573529411764,No,0
3301,1403-LKLIK,3301,3301,3301,33,20.1,579.4,17.55757575757576,No,0
3302,2636-ALXXZ,3302,3302,3302,1,69.6,69.6,69.6,Yes,1
3303,7774-OJSXI,3303,3303,3303,31,103.45,3066.45,98.91774193548386,Yes,1
3304,7786-WBJYI,3304,3304,3304,4,77.95,305.55,76.3875,Yes,1
3305,0136-IFMYD,3305,3305,3305,69,109.95,7634.25,110.6413043478261,No,0
3306,5144-TVGLP,3306,3306,3306,38,94.75,3653.0,96.13157894736842,No,0
3307,9643-AVVWI,3307,3307,3307,3,80.0,241.3,80.43333333333334,No,0
3308,0253-ZTEOB,3308,3308,3308,48,79.65,3870.3,80.63125000000001,No,0
3309,2706-QZIHY,3309,3309,3309,15,25.2,387.9,25.86,No,0
3310,6061-PQHMK,3310,3310,3310,25,19.9,527.5,21.1,No,0
3311,9885-CSMWE,3311,3311,3311,1,78.45,78.45,78.45,Yes,1
3312,6137-MFAJN,3312,3312,3312,48,44.8,2104.55,43.84479166666667,No,0
3313,9122-UMROB,3313,3313,3313,1,20.3,20.3,20.3,No,0
3314,4232-JGKIY,3314,3314,3314,1,19.2,19.2,19.2,No,0
3315,2402-TAIRZ,3315,3315,3315,37,80.05,3019.1,81.59729729729729,No,0
3316,9659-ZTWSM,3316,3316,3316,66,107.35,7051.95,106.84772727272727,No,0
3317,9139-TWBAS,3317,3317,3317,26,47.85,1190.5,45.78846153846154,No,0
3318,6685-GBWJZ,3318,3318,3318,63,70.8,4448.8,70.61587301587302,No,0
3319,5016-ETTFF,3319,3319,3319,10,29.5,255.25,25.525,Yes,1
3320,3866-MDTUB,3320,3320,3320,2,70.75,146.9,73.45,Yes,1
3321,2195-VVRJF,3321,3321,3321,18,59.1,1011.05,56.169444444444444,No,0
3322,3913-RDSJZ,3322,3322,3322,64,25.55,1714.95,26.79609375,No,0
3323,8058-JMEQO,3323,3323,3323,9,84.45,762.5,84.72222222222223,Yes,1
3324,4203-QGNZA,3324,3324,3324,28,20.25,535.35,19.119642857142857,No,0
3325,5043-TRZWM,3325,3325,3325,1,75.55,75.55,75.55,No,0
3326,0697-ZMSWS,3326,3326,3326,4,85.65,338.9,84.725,Yes,1
3327,7657-DYEPJ,3327,3327,3327,38,70.15,2497.35,65.71973684210526,Yes,1
3328,9494-BDNNC,3328,3328,3328,66,95.3,6273.4,95.05151515151515,No,0
3329,1640-PLFMP,3329,3329,3329,1,70.25,70.25,70.25,No,0
3330,5366-OBVMR,3330,3330,3330,18,50.3,908.75,50.486111111111114,No,0
3331,8276-MQBYC,3331,3331,3331,51,97.8,4913.3,96.33921568627451,Yes,1
3332,7644-OMVMY,3332,3332,3332,0,19.85,,19.85,No,0
3333,7593-XFKDI,3333,3333,3333,1,46.3,46.3,46.3,Yes,1
3334,4573-JKNAE,3334,3334,3334,12,19.35,212.3,17.691666666666666,No,0
3335,0337-CNPZE,3335,3335,3335,41,106.3,4443.45,108.37682926829268,Yes,1
3336,9817-APLHW,3336,3336,3336,12,25.0,316.2,26.349999999999998,No,0
3337,8380-MQINP,3337,3337,3337,55,20.3,1079.05,19.619090909090907,No,0
3338,0840-DFEZH,3338,3338,3338,7,75.35,564.65,80.66428571428571,No,0
3339,1513-XNPPH,3339,3339,3339,12,89.4,1095.65,91.30416666666667,Yes,1
3340,8690-ZVLCL,3340,3340,3340,68,88.0,6161.9,90.61617647058823,No,0
3341,6015-VVHHE,3341,3341,3341,5,83.15,446.05,89.21000000000001,Yes,1
3342,1125-SNVCK,3342,3342,3342,49,43.8,2106.05,42.98061224489796,No,0
3343,0384-LPITE,3343,3343,3343,40,62.05,2511.55,62.78875000000001,No,0
3344,4616-EWBNJ,3344,3344,3344,16,20.1,318.6,19.9125,No,0
3345,6347-DCUIK,3345,3345,3345,10,74.15,811.8,81.17999999999999,Yes,1
3346,1335-HQMKX,3346,3346,3346,72,101.35,7323.15,101.71041666666666,No,0
3347,2545-EBUPK,3347,3347,3347,2,84.05,186.05,93.025,No,0
3348,6923-AQONU,3348,3348,3348,23,20.9,454.0,19.73913043478261,No,0
3349,2172-EJXVF,3349,3349,3349,71,105.9,7521.95,105.94295774647887,No,0
3350,0897-FEGMU,3350,3350,3350,11,99.5,1056.95,96.08636363636364,Yes,1
3351,7663-RGWBC,3351,3351,3351,1,44.15,44.15,44.15,Yes,1
3352,1120-BMWUB,3352,3352,3352,16,53.9,834.15,52.134375,Yes,1
3353,9124-LHCJQ,3353,3353,3353,1,85.45,85.45,85.45,Yes,1
3354,4536-PLEQY,3354,3354,3354,12,85.05,999.8,83.31666666666666,No,0
3355,7029-IJEJK,3355,3355,3355,54,44.1,2369.7,43.88333333333333,No,0
3356,8871-JLMHM,3356,3356,3356,68,90.2,6297.65,92.6125,No,0
3357,2235-ZGKPT,3357,3357,3357,4,50.85,239.55,59.8875,Yes,1
3358,3891-PUQOD,3358,3358,3358,1,59.2,59.2,59.2,Yes,1
3359,5447-VYTKW,3359,3359,3359,27,53.45,1461.45,54.12777777777778,No,0
3360,3623-FQBOX,3360,3360,3360,21,19.95,416.4,19.82857142857143,No,0
3361,0689-NKYLF,3361,3361,3361,13,83.2,1060.6,81.58461538461538,Yes,1
3362,8659-HDIYE,3362,3362,3362,64,74.65,4869.35,76.08359375,No,0
3363,3658-KIBGF,3363,3363,3363,1,54.9,54.9,54.9,Yes,1
3364,3474-BAFSJ,3364,3364,3364,57,57.5,3265.95,57.29736842105263,No,0
3365,5519-YLDGW,3365,3365,3365,21,103.9,2254.2,107.34285714285713,Yes,1
3366,3865-ZFZIB,3366,3366,3366,19,19.65,358.15,18.849999999999998,No,0
3367,1855-AGAWH,3367,3367,3367,31,93.8,2939.8,94.83225806451614,No,0
3368,7109-CQYUZ,3368,3368,3368,52,89.25,4652.4,89.46923076923076,No,0
3369,1370-GGAWX,3369,3369,3369,46,94.15,4408.45,95.8358695652174,No,0
3370,4680-KUTAJ,3370,3370,3370,11,55.6,580.8,52.8,No,0
3371,5307-UVGNB,3371,3371,3371,53,48.7,2495.2,47.079245283018864,No,0
3372,4946-EDSEW,3372,3372,3372,11,19.25,180.3,16.39090909090909,Yes,1
3373,2883-ILGWO,3373,3373,3373,57,104.9,5913.95,103.75350877192982,No,0
3374,2516-VQRRV,3374,3374,3374,2,75.45,158.4,79.2,Yes,1
3375,7580-UGXNC,3375,3375,3375,2,54.85,104.2,52.1,Yes,1
3376,3642-BYHDO,3376,3376,3376,71,19.9,1389.35,19.56830985915493,No,0
3377,9629-NHXFW,3377,3377,3377,1,19.4,19.4,19.4,No,0
3378,2696-RZVZW,3378,3378,3378,68,25.05,1629.2,23.958823529411767,No,0
3379,5766-FTRTS,3379,3379,3379,72,84.45,6033.1,83.79305555555555,No,0
3380,0396-HUJBP,3380,3380,3380,2,19.3,44.4,22.2,No,0
3381,5178-LMXOP,3381,3381,3381,1,95.1,95.1,95.1,Yes,1
3382,8879-ZKJOF,3382,3382,3382,41,79.85,3320.75,80.9939024390244,No,0
3383,6285-FTQBF,3383,3383,3383,72,25.55,1867.7,25.94027777777778,No,0
3384,8185-UPYBR,3384,3384,3384,6,75.5,438.0,73.0,Yes,1
3385,4585-HETAI,3385,3385,3385,4,73.75,325.45,81.3625,Yes,1
3386,7526-BEZQB,3386,3386,3386,12,96.05,1148.1,95.675,Yes,1
3387,1474-JUWSM,3387,3387,3387,58,68.4,3972.25,68.48706896551724,No,0
3388,3530-CRZSB,3388,3388,3388,7,20.65,155.9,22.271428571428572,No,0
3389,8498-XXGWA,3389,3389,3389,65,55.15,3673.15,56.51,No,0
3390,9617-INGJY,3390,3390,3390,1,70.6,70.6,70.6,No,0
3391,0621-TSSMU,3391,3391,3391,56,19.95,1126.75,20.120535714285715,No,0
3392,7234-KMNRQ,3392,3392,3392,4,19.0,73.45,18.3625,No,0
3393,7636-PEPNS,3393,3393,3393,58,44.1,2413.05,41.60431034482759,No,0
3394,4683-WYDOU,3394,3394,3394,62,107.6,6912.7,111.49516129032257,No,0
3395,9052-DHNKM,3395,3395,3395,26,61.55,1581.95,60.84423076923077,No,0
3396,6794-HKIAJ,3396,3396,3396,62,90.7,5586.45,90.1040322580645,No,0
3397,5578-NKCXI,3397,3397,3397,58,99.25,5846.65,100.80431034482758,No,0
3398,1642-HMARX,3398,3398,3398,68,91.7,6424.7,94.48088235294118,No,0
3399,3096-WPXBT,3399,3399,3399,61,100.7,6018.65,98.66639344262295,No,0
3400,8434-PNQZX,3400,3400,3400,42,78.45,3373.4,80.31904761904762,No,0
3401,5950-AAAGJ,3401,3401,3401,18,84.3,1537.9,85.4388888888889,No,0
3402,4299-OPXEJ,3402,3402,3402,56,19.55,1080.55,19.295535714285712,No,0
3403,4951-UKAAQ,3403,3403,3403,4,88.95,355.2,88.8,Yes,1
3404,9618-LFJRU,3404,3404,3404,4,20.45,82.85,20.7125,No,0
3405,6693-DJWTY,3405,3405,3405,35,55.6,2016.45,57.612857142857145,No,0
3406,0744-GKNGE,3406,3406,3406,64,86.8,5327.25,83.23828125,No,0
3407,6447-EGDIV,3407,3407,3407,31,20.95,683.25,22.04032258064516,No,0
3408,1167-OYZJF,3408,3408,3408,67,20.05,1263.05,18.851492537313433,No,0
3409,2108-YKQTY,3409,3409,3409,4,50.7,151.3,37.825,Yes,1
3410,4806-DXQCE,3410,3410,3410,70,113.65,7714.65,110.20928571428571,No,0
3411,4918-QLLIW,3411,3411,3411,3,53.4,188.7,62.9,Yes,1
3412,7056-IMHCC,3412,3412,3412,53,101.9,5549.4,104.70566037735848,Yes,1
3413,4854-SSLTN,3413,3413,3413,2,59.5,130.5,65.25,No,0
3414,5294-DMSFH,3414,3414,3414,29,87.8,2621.75,90.40517241379311,No,0
3415,4837-PZTIC,3415,3415,3415,47,41.9,1875.25,39.898936170212764,No,0
3416,1625-JAIIY,3416,3416,3416,68,83.0,5685.8,83.61470588235295,Yes,1
3417,0603-OLQDC,3417,3417,3417,12,69.85,837.5,69.79166666666667,No,0
3418,3272-VUHPV,3418,3418,3418,8,56.3,401.5,50.1875,No,0
3419,4176-FXYBO,3419,3419,3419,54,109.55,6118.95,113.31388888888888,No,0
3420,1063-DHQJF,3420,3420,3420,69,92.15,6480.9,93.92608695652173,No,0
3421,8663-UPDGF,3421,3421,3421,26,69.5,1800.05,69.2326923076923,No,0
3422,6719-FGEDO,3422,3422,3422,72,97.0,7104.2,98.66944444444444,No,0
3423,1837-YQUCE,3423,3423,3423,70,58.35,4214.25,60.20357142857143,No,0
3424,2947-DOMLJ,3424,3424,3424,1,50.6,50.6,50.6,Yes,1
3425,4112-LUEIZ,3425,3425,3425,10,89.5,863.1,86.31,Yes,1
3426,0369-ZGOVK,3426,3426,3426,28,70.4,1992.2,71.15,No,0
3427,4510-HIMLV,3427,3427,3427,1,69.8,69.8,69.8,Yes,1
3428,9919-KNPOO,3428,3428,3428,21,94.3,1948.35,92.77857142857142,No,0
3429,8749-JMNKX,3429,3429,3429,51,93.8,4750.95,93.15588235294118,Yes,1
3430,7872-BAAZR,3430,3430,3430,53,19.55,1007.9,19.016981132075472,No,0
3431,9391-LMANN,3431,3431,3431,53,95.95,5036.9,95.03584905660377,No,0
3432,2430-USGXP,3432,3432,3432,24,101.05,2391.8,99.65833333333335,Yes,1
3433,8174-TBVCF,3433,3433,3433,70,94.8,6859.05,97.98642857142858,No,0
3434,1698-XFZCI,3434,3434,3434,61,107.75,6521.9,106.91639344262295,No,0
3435,1877-HKBQX,3435,3435,3435,11,54.6,617.85,56.16818181818182,No,0
3436,4450-DLLMH,3436,3436,3436,2,71.3,157.75,78.875,No,0
3437,0428-AXXLJ,3437,3437,3437,25,19.5,516.3,20.651999999999997,No,0
3438,2746-DIJLO,3438,3438,3438,41,56.3,2364.0,57.65853658536585,No,0
3439,5955-ERIHD,3439,3439,3439,18,94.7,1687.95,93.775,Yes,1
3440,0917-EZOLA,3440,3440,3440,72,104.15,7689.95,106.80486111111111,Yes,1
3441,3508-VLHCZ,3441,3441,3441,71,90.55,6239.05,87.87394366197184,No,0
3442,4086-ATNFV,3442,3442,3442,34,60.8,2042.05,60.06029411764706,No,0
3443,0468-YRPXN,3443,3443,3443,29,98.8,2807.1,96.79655172413793,No,0
3444,5996-NRVXR,3444,3444,3444,40,98.15,4116.8,102.92,No,0
3445,3739-YBWAB,3445,3445,3445,36,35.35,1317.95,36.609722222222224,No,0
3446,7047-FWEYA,3446,3446,3446,46,103.15,4594.65,99.8836956521739,No,0
3447,2000-MPKCA,3447,3447,3447,58,107.75,6332.75,109.1853448275862,No,0
3448,9762-YAQAA,3448,3448,3448,39,81.4,3213.75,82.40384615384616,No,0
3449,5949-EBSQK,3449,3449,3449,4,61.45,229.55,57.3875,Yes,1
3450,5473-KHBPS,3450,3450,3450,52,95.7,4976.15,95.6951923076923,No,0
3451,0100-DUVFC,3451,3451,3451,70,104.8,7308.95,104.41357142857143,No,0
3452,5397-TUPSH,3452,3452,3452,65,70.95,4555.2,70.08,No,0
3453,8950-MTZNV,3453,3453,3453,1,44.95,44.95,44.95,No,0
3454,0326-VDYXE,3454,3454,3454,70,97.65,6982.5,99.75,No,0
3455,6773-LQTVT,3455,3455,3455,29,35.65,1025.15,35.35,No,0
3456,7274-RTAPZ,3456,3456,3456,1,90.55,90.55,90.55,Yes,1
3457,0436-TWFFZ,3457,3457,3457,67,85.25,5714.2,85.2865671641791,No,0
3458,8566-YPRGL,3458,3458,3458,1,19.5,19.5,19.5,No,0
3459,0311-UNPFF,3459,3459,3459,26,88.8,2274.35,87.475,Yes,1
3460,6609-MXJHJ,3460,3460,3460,30,25.1,789.55,26.31833333333333,No,0
3461,2669-OIDSD,3461,3461,3461,48,100.05,4834.0,100.70833333333333,No,0
3462,8400-WZICQ,3462,3462,3462,55,55.7,3131.8,56.941818181818185,No,0
3463,3834-XUIFC,3463,3463,3463,7,85.2,602.55,86.07857142857142,Yes,1
3464,9576-SYUHJ,3464,3464,3464,37,91.15,3369.25,91.0608108108108,No,0
3465,0410-IPFTY,3465,3465,3465,31,83.85,2674.15,86.26290322580645,No,0
3466,2831-EBWRN,3466,3466,3466,4,45.9,199.75,49.9375,No,0
3467,9430-NKQLY,3467,3467,3467,72,25.1,1790.8,24.87222222222222,No,0
3468,8414-MYSHR,3468,3468,3468,5,91.4,449.75,89.95,Yes,1
3469,0247-SLUJI,3469,3469,3469,1,19.7,19.7,19.7,No,0
3470,9402-ORRAH,3470,3470,3470,15,91.5,1400.3,93.35333333333332,No,0
3471,6483-OATDN,3471,3471,3471,8,51.3,411.6,51.45,No,0
3472,1293-HHSHJ,3472,3472,3472,35,21.1,741.0,21.17142857142857,No,0
3473,4840-ORQXB,3473,3473,3473,56,104.75,5841.35,104.30982142857144,No,0
3474,7599-FKVXZ,3474,3474,3474,42,106.15,4512.7,107.4452380952381,Yes,1
3475,3982-DQLUS,3475,3475,3475,65,85.75,5688.45,87.51461538461538,No,0
3476,8610-ZIKJJ,3476,3476,3476,2,20.3,31.9,15.95,No,0
3477,3756-VNWDH,3477,3477,3477,65,100.75,6674.65,102.68692307692307,No,0
3478,7801-KICAO,3478,3478,3478,18,74.15,1345.75,74.76388888888889,No,0
3479,7673-LPRNY,3479,3479,3479,23,78.55,1843.05,80.13260869565217,No,0
3480,8229-TNIQA,3480,3480,3480,4,45.3,196.95,49.2375,Yes,1
3481,6060-QBMGV,3481,3481,3481,70,19.85,1433.8,20.482857142857142,No,0
3482,7339-POGZN,3482,3482,3482,4,50.7,214.55,53.6375,No,0
3483,2828-SLQPF,3483,3483,3483,19,45.0,865.85,45.57105263157895,No,0
3484,4465-VDKIQ,3484,3484,3484,18,77.8,1358.6,75.47777777777777,No,0
3485,2921-XWDJH,3485,3485,3485,38,83.45,3147.15,82.81973684210527,No,0
3486,6221-AVQYL,3486,3486,3486,2,73.25,131.05,65.525,Yes,1
3487,2558-BUOZZ,3487,3487,3487,47,94.8,4535.85,96.50744680851065,No,0
3488,9257-AZMTZ,3488,3488,3488,52,20.1,1078.75,20.745192307692307,No,0
3489,0003-MKNFE,3489,3489,3489,9,59.9,542.4,60.266666666666666,No,0
3490,0975-UYDTX,3490,3490,3490,26,90.1,2312.55,88.94423076923077,No,0
3491,7743-EXURX,3491,3491,3491,8,51.05,415.05,51.88125,Yes,1
3492,4682-BLBUC,3492,3492,3492,44,70.95,3250.45,73.87386363636364,No,0
3493,0975-VOOVL,3493,3493,3493,3,29.2,98.5,32.833333333333336,No,0
3494,5968-VXZLG,3494,3494,3494,2,46.6,87.9,43.95,No,0
3495,5569-KGJHX,3495,3495,3495,9,85.35,754.65,83.85,Yes,1
3496,4988-IQIGL,3496,3496,3496,1,75.35,75.35,75.35,Yes,1
3497,5201-FRKKS,3497,3497,3497,25,74.3,1952.25,78.09,No,0
3498,9799-CAYJJ,3498,3498,3498,2,69.3,153.8,76.9,No,0
3499,7730-IUTDZ,3499,3499,3499,43,75.2,3198.6,74.38604651162791,Yes,1
3500,0426-TIRNE,3500,3500,3500,1,20.9,20.9,20.9,Yes,1
3501,5443-SCMKX,3501,3501,3501,58,94.3,5610.15,96.72672413793103,No,0
3502,8295-KMENE,3502,3502,3502,59,76.45,4519.5,76.60169491525424,No,0
3503,6738-ISCBM,3503,3503,3503,44,54.0,2440.25,55.46022727272727,No,0
3504,9821-BESNZ,3504,3504,3504,66,104.25,6860.6,103.94848484848485,No,0
3505,3678-MNGZX,3505,3505,3505,68,19.95,1377.7,20.26029411764706,No,0
3506,1335-NTIUC,3506,3506,3506,9,24.95,190.25,21.13888888888889,No,0
3507,2916-BQZLN,3507,3507,3507,19,84.75,1651.95,86.94473684210527,No,0
3508,4558-CGYCZ,3508,3508,3508,4,19.75,78.3,19.575,No,0
3509,2368-GAKKQ,3509,3509,3509,70,113.65,7939.25,113.41785714285714,No,0
3510,8710-YGLWG,3510,3510,3510,1,44.9,44.9,44.9,No,0
3511,3199-XGZCY,3511,3511,3511,8,75.25,576.7,72.0875,No,0
3512,3785-KTYSH,3512,3512,3512,53,24.6,1279.0,24.132075471698112,No,0
3513,6814-ZPWFQ,3513,3513,3513,51,25.0,1260.7,24.719607843137254,No,0
3514,4063-EIKNQ,3514,3514,3514,11,20.95,267.35,24.30454545454546,No,0
3515,6993-YCOBK,3515,3515,3515,60,110.6,6586.85,109.78083333333333,No,0
3516,5206-HPJKM,3516,3516,3516,17,55.5,934.15,54.949999999999996,No,0
3517,7587-RZNME,3517,3517,3517,3,43.3,123.65,41.21666666666667,Yes,1
3518,0748-RDGGM,3518,3518,3518,70,109.5,7534.65,107.63785714285714,Yes,1
3519,8393-JMVMB,3519,3519,3519,1,19.45,19.45,19.45,No,0
3520,5019-GQVCR,3520,3520,3520,43,84.85,3645.6,84.78139534883721,No,0
3521,6036-TTFYU,3521,3521,3521,16,19.6,314.45,19.653125,No,0
3522,2550-AEVRU,3522,3522,3522,57,53.45,3053.0,53.56140350877193,No,0
3523,0969-RGKCU,3523,3523,3523,37,19.8,677.05,18.298648648648648,No,0
3524,0378-CJKPV,3524,3524,3524,72,112.1,7965.95,110.63819444444444,No,0
3525,4706-AXVKM,3525,3525,3525,11,84.8,906.85,82.44090909090909,Yes,1
3526,5889-JTMUL,3526,3526,3526,50,95.05,4888.7,97.774,Yes,1
3527,9026-RNUJS,3527,3527,3527,5,50.35,237.25,47.45,Yes,1
3528,3746-EUBYR,3528,3528,3528,1,74.6,74.6,74.6,Yes,1
3529,2332-EFBJY,3529,3529,3529,16,19.7,342.4,21.4,Yes,1
3530,2880-FPNAE,3530,3530,3530,2,74.2,140.1,70.05,No,0
3531,1703-MGIAB,3531,3531,3531,17,69.0,1108.0,65.17647058823529,No,0
3532,4311-QTTAI,3532,3532,3532,16,19.35,295.55,18.471875,No,0
3533,9474-PHLYD,3533,3533,3533,15,59.45,892.65,59.51,Yes,1
3534,4318-RAJVY,3534,3534,3534,10,19.8,198.25,19.825,No,0
3535,2165-VOEGB,3535,3535,3535,46,105.2,4822.85,104.8445652173913,Yes,1
3536,3612-YUNGG,3536,3536,3536,64,109.2,6741.15,105.33046875,No,0
3537,2254-DLXRI,3537,3537,3537,1,79.15,79.15,79.15,No,0
3538,5062-CJJKH,3538,3538,3538,25,53.65,1355.45,54.218,No,0
3539,9028-LIHRP,3539,3539,3539,71,100.2,7209.0,101.53521126760563,No,0
3540,2219-MVUSO,3540,3540,3540,8,45.15,438.4,54.8,Yes,1
3541,1053-MXTTK,3541,3541,3541,72,108.65,7726.35,107.31041666666667,No,0
3542,1530-ZTDOZ,3542,3542,3542,49,40.65,2070.75,42.26020408163265,No,0
3543,1301-LOPVR,3543,3543,3543,29,55.35,1636.95,56.44655172413793,No,0
3544,0853-TWRVK,3544,3544,3544,72,105.6,7581.5,105.29861111111111,No,0
3545,8914-RBTSB,3545,3545,3545,31,93.8,3019.5,97.40322580645162,Yes,1
3546,6212-ATMLK,3546,3546,3546,50,95.7,4729.75,94.595,No,0
3547,8200-LGKSR,3547,3547,3547,71,83.2,6126.1,86.2830985915493,No,0
3548,1568-BEKZM,3548,3548,3548,70,90.05,6333.4,90.47714285714285,No,0
3549,0670-ANMUU,3549,3549,3549,71,97.65,6687.85,94.19507042253521,No,0
3550,6897-RWMUB,3550,3550,3550,61,68.05,4158.25,68.16803278688525,No,0
3551,0963-ZBDRN,3551,3551,3551,32,96.2,3183.4,99.48125,Yes,1
3552,7594-RQHXR,3552,3552,3552,1,79.6,79.6,79.6,Yes,1
3553,6999-CHVCF,3553,3553,3553,68,102.1,7149.35,105.1375,No,0
3554,6134-KWTBV,3554,3554,3554,62,23.4,1429.65,23.058870967741935,No,0
3555,1077-HUUJM,3555,3555,3555,7,71.05,472.65,67.52142857142857,No,0
3556,6331-EWIEB,3556,3556,3556,20,85.25,1734.5,86.725,Yes,1
3557,0895-LNKRC,3557,3557,3557,6,19.45,113.5,18.916666666666668,No,0
3558,2045-BMBTJ,3558,3558,3558,33,59.45,1884.65,57.11060606060607,No,0
3559,8417-GSODA,3559,3559,3559,28,92.2,2568.15,91.71964285714286,No,0
3560,5171-EPLKN,3560,3560,3560,27,19.85,470.0,17.40740740740741,No,0
3561,4452-QIIEB,3561,3561,3561,7,43.9,278.4,39.771428571428565,No,0
3562,5998-VVEJY,3562,3562,3562,26,80.5,2088.8,80.33846153846154,Yes,1
3563,1624-NALOJ,3563,3563,3563,5,89.8,502.6,100.52000000000001,Yes,1
3564,6741-EGCBI,3564,3564,3564,30,90.5,2595.85,86.52833333333334,No,0
3565,7820-ZYGNY,3565,3565,3565,63,90.45,5825.5,92.46825396825396,No,0
3566,4317-VTEOA,3566,3566,3566,1,50.75,50.75,50.75,Yes,1
3567,9677-AVKED,3567,3567,3567,53,84.6,4449.75,83.95754716981132,No,0
3568,1670-SVOWZ,3568,3568,3568,14,89.65,1208.35,86.31071428571428,Yes,1
3569,2227-JRSJX,3569,3569,3569,21,99.15,1956.4,93.16190476190476,No,0
3570,9847-HNVGP,3570,3570,3570,17,19.95,310.6,18.27058823529412,No,0
3571,6696-YDAYZ,3571,3571,3571,16,20.5,290.55,18.159375,No,0
3572,8980-WQFWL,3572,3572,3572,35,62.1,2096.1,59.888571428571424,No,0
3573,1730-ZMAME,3573,3573,3573,32,79.5,2665.0,83.28125,No,0
3574,6506-EYCNH,3574,3574,3574,28,19.55,543.8,19.42142857142857,No,0
3575,4634-JLRJT,3575,3575,3575,1,20.35,20.35,20.35,No,0
3576,9501-UKKNL,3576,3576,3576,59,51.7,3005.8,50.94576271186441,No,0
3577,2560-QTSBS,3577,3577,3577,72,23.3,1623.15,22.543750000000003,No,0
3578,7541-YLXCL,3578,3578,3578,36,65.4,2498.4,69.4,Yes,1
3579,4795-WRNVT,3579,3579,3579,40,65.1,2586.0,64.65,No,0
3580,6080-TCMYC,3580,3580,3580,40,81.2,3292.3,82.3075,No,0
3581,0260-ZDLGK,3581,3581,3581,9,72.9,651.4,72.37777777777778,Yes,1
3582,7860-UXCRM,3582,3582,3582,63,74.5,4674.55,74.19920634920635,No,0
3583,6357-JJPQT,3583,3583,3583,3,80.5,232.35,77.45,No,0
3584,2292-XQWSV,3584,3584,3584,40,60.3,2448.5,61.2125,No,0
3585,9552-TGUZV,3585,3585,3585,8,75.0,658.1,82.2625,No,0
3586,5913-INRQV,3586,3586,3586,34,90.15,3128.8,92.02352941176471,No,0
3587,8722-NGNBH,3587,3587,3587,5,40.0,223.45,44.69,Yes,1
3588,6210-KBBPI,3588,3588,3588,9,99.45,919.4,102.15555555555555,Yes,1
3589,9643-YBLUR,3589,3589,3589,9,69.05,653.95,72.66111111111111,No,0
3590,8734-FNWVH,3590,3590,3590,31,59.7,1825.5,58.88709677419355,No,0
3591,9447-YPTBX,3591,3591,3591,50,19.85,943.1,18.862000000000002,No,0
3592,0133-BMFZO,3592,3592,3592,2,86.25,181.65,90.825,Yes,1
3593,6128-CZOMY,3593,3593,3593,1,45.65,45.65,45.65,Yes,1
3594,9540-JYROE,3594,3594,3594,8,70.1,551.35,68.91875,Yes,1
3595,9026-LHEVG,3595,3595,3595,9,40.75,359.4,39.93333333333333,No,0
3596,2260-USTRB,3596,3596,3596,2,70.2,115.95,57.975,Yes,1
3597,3656-TKRVZ,3597,3597,3597,3,55.35,165.2,55.06666666666666,Yes,1
3598,7011-CVEUC,3598,3598,3598,25,95.7,2338.35,93.53399999999999,No,0
3599,6185-TASNN,3599,3599,3599,1,46.3,46.3,46.3,No,0
3600,7925-PNRGI,3600,3600,3600,45,81.3,3541.1,78.69111111111111,No,0
3601,8623-TMRBY,3601,3601,3601,51,84.2,4146.05,81.29509803921569,Yes,1
3602,1552-CZCLL,3602,3602,3602,55,20.0,1087.25,19.76818181818182,No,0
3603,3038-PQIUY,3603,3603,3603,38,66.15,2522.4,66.37894736842105,No,0
3604,1501-SGHBW,3604,3604,3604,2,45.85,81.0,40.5,Yes,1
3605,9313-CDOGY,3605,3605,3605,38,19.6,717.3,18.876315789473683,No,0
3606,8148-BPLZQ,3606,3606,3606,34,49.8,1734.2,51.00588235294118,No,0
3607,2623-DRYAM,3607,3607,3607,70,101.75,7069.3,100.99000000000001,No,0
3608,9987-LUTYD,3608,3608,3608,13,55.15,742.9,57.146153846153844,No,0
3609,3208-YPIOE,3609,3609,3609,39,75.25,3017.65,77.37564102564103,Yes,1
3610,4488-KQFDT,3610,3610,3610,61,103.95,6423.0,105.29508196721312,No,0
3611,2612-RANWT,3611,3611,3611,12,100.15,1164.3,97.02499999999999,Yes,1
3612,5693-PIPCS,3612,3612,3612,41,99.65,4220.35,102.93536585365854,No,0
3613,0491-KAPQG,3613,3613,3613,21,73.7,1558.7,74.22380952380952,No,0
3614,1925-LFCZZ,3614,3614,3614,55,50.05,2743.45,49.880909090909086,No,0
3615,8039-EQPIM,3615,3615,3615,69,60.25,4055.5,58.77536231884058,No,0
3616,6900-PXRMS,3616,3616,3616,26,105.75,2710.25,104.24038461538461,Yes,1
3617,8707-RMEZH,3617,3617,3617,69,87.3,6055.55,87.76159420289855,No,0
3618,3346-BRMIS,3618,3618,3618,18,48.35,810.7,45.03888888888889,Yes,1
3619,3209-ZPKFI,3619,3619,3619,47,54.25,2538.2,54.00425531914893,No,0
3620,6479-VDGRK,3620,3620,3620,72,85.3,6129.2,85.12777777777778,No,0
3621,9373-WSLOY,3621,3621,3621,33,50.0,1750.85,53.056060606060605,No,0
3622,2933-FILNV,3622,3622,3622,2,24.4,36.55,18.275,Yes,1
3623,3569-JFODW,3623,3623,3623,72,90.95,6652.45,92.39513888888888,No,0
3624,9819-FBNSV,3624,3624,3624,37,72.25,2575.45,69.60675675675675,No,0
3625,9544-PYPSJ,3625,3625,3625,62,96.1,6019.35,97.08629032258065,No,0
3626,1591-XWLGB,3626,3626,3626,71,19.85,1379.6,19.430985915492958,No,0
3627,0396-UKGAI,3627,3627,3627,23,55.3,1284.2,55.834782608695654,No,0
3628,3243-ZHOHY,3628,3628,3628,16,20.1,296.15,18.509375,No,0
3629,5186-EJEGL,3629,3629,3629,9,69.5,653.25,72.58333333333333,No,0
3630,7527-QNRUS,3630,3630,3630,17,25.15,412.6,24.27058823529412,No,0
3631,9986-BONCE,3631,3631,3631,4,20.95,85.5,21.375,Yes,1
3632,2722-JMONI,3632,3632,3632,1,49.55,49.55,49.55,Yes,1
3633,2203-GHNWN,3633,3633,3633,24,79.65,1928.7,80.3625,No,0
3634,3878-AVSOQ,3634,3634,3634,1,71.25,71.25,71.25,No,0
3635,3258-SYSWS,3635,3635,3635,72,113.8,7845.8,108.96944444444445,No,0
3636,5296-PSYVW,3636,3636,3636,72,24.55,1750.7,24.31527777777778,No,0
3637,6319-QSUSR,3637,3637,3637,11,19.7,216.2,19.654545454545453,No,0
3638,4083-EUGRJ,3638,3638,3638,9,20.25,178.5,19.833333333333332,Yes,1
3639,7579-OOPEC,3639,3639,3639,2,50.15,115.1,57.55,Yes,1
3640,0512-FLFDW,3640,3640,3640,60,100.5,6029.0,100.48333333333333,No,0
3641,1771-OADNZ,3641,3641,3641,29,95.9,2745.2,94.66206896551724,Yes,1
3642,0487-CRLZF,3642,3642,3642,49,74.45,3721.9,75.95714285714286,No,0
3643,2107-FBPTK,3643,3643,3643,30,104.1,3121.1,104.03666666666666,No,0
3644,9451-WLYRI,3644,3644,3644,53,19.05,990.45,18.687735849056605,No,0
3645,8219-VYBVI,3645,3645,3645,39,25.0,1004.35,25.752564102564104,No,0
3646,1991-VOPLL,3646,3646,3646,9,19.05,157.65,17.516666666666666,No,0
3647,9738-QLWTP,3647,3647,3647,39,81.9,3219.75,82.5576923076923,No,0
3648,1016-DJTSV,3648,3648,3648,8,69.7,572.85,71.60625,No,0
3649,9419-IPPBE,3649,3649,3649,51,90.15,4554.85,89.31078431372549,No,0
3650,0174-QRVVY,3650,3650,3650,71,25.35,1847.55,26.021830985915493,No,0
3651,5699-BNCAS,3651,3651,3651,71,24.65,1766.75,24.883802816901408,No,0
3652,2900-PHPLN,3652,3652,3652,70,19.55,1462.05,20.88642857142857,No,0
3653,0612-RTZZA,3653,3653,3653,1,25.25,25.25,25.25,Yes,1
3654,8106-GWQOK,3654,3654,3654,38,60.0,2193.2,57.715789473684204,No,0
3655,8751-EDEKA,3655,3655,3655,28,89.9,2433.5,86.91071428571429,No,0
3656,6878-GGDWG,3656,3656,3656,32,19.4,641.15,20.0359375,No,0
3657,4039-PIMHX,3657,3657,3657,49,49.8,2398.4,48.946938775510205,No,0
3658,8450-LUGUK,3658,3658,3658,37,24.1,861.85,23.293243243243243,No,0
3659,3604-WLABM,3659,3659,3659,10,54.25,583.0,58.3,No,0
3660,0795-GMVQO,3660,3660,3660,67,109.9,7332.4,109.43880597014925,No,0
3661,2259-OUUSZ,3661,3661,3661,7,35.5,249.55,35.65,No,0
3662,1142-IHLOO,3662,3662,3662,51,87.55,4475.9,87.7627450980392,No,0
3663,6410-LEFEN,3663,3663,3663,9,45.15,416.45,46.27222222222222,Yes,1
3664,4633-MKHYU,3664,3664,3664,9,88.4,788.6,87.62222222222222,No,0
3665,6257-RJOHI,3665,3665,3665,4,50.8,202.3,50.575,No,0
3666,1545-JFUML,3666,3666,3666,71,99.0,6994.6,98.51549295774649,No,0
3667,3194-ORPIK,3667,3667,3667,50,84.4,4116.15,82.323,Yes,1
3668,7826-VVKWT,3668,3668,3668,24,96.55,2263.45,94.31041666666665,No,0
3669,1353-GHZOS,3669,3669,3669,22,59.75,1374.35,62.470454545454544,No,0
3670,2587-EKXTS,3670,3670,3670,44,111.5,4915.15,111.70795454545454,No,0
3671,5442-BXVND,3671,3671,3671,33,24.25,838.5,25.40909090909091,No,0
3672,8816-VXNZD,3672,3672,3672,1,75.1,75.1,75.1,Yes,1
3673,9378-FXTIZ,3673,3673,3673,54,70.15,3715.65,68.80833333333334,Yes,1
3674,1723-HKXJQ,3674,3674,3674,42,101.75,4273.45,101.74880952380951,Yes,1
3675,7825-GKXMW,3675,3675,3675,1,45.8,45.8,45.8,Yes,1
3676,9753-OYLBX,3676,3676,3676,1,20.5,20.5,20.5,No,0
3677,2364-UFROM,3677,3677,3677,30,70.4,2044.75,68.15833333333333,No,0
3678,6656-JWRQX,3678,3678,3678,1,30.55,30.55,30.55,No,0
3679,6473-ULUHT,3679,3679,3679,16,84.9,1398.25,87.390625,No,0
3680,1240-KNSEZ,3680,3680,3680,1,20.1,20.1,20.1,Yes,1
3681,0836-SEYLU,3681,3681,3681,9,40.65,328.95,36.55,Yes,1
3682,4433-JCGCG,3682,3682,3682,46,101.0,4680.05,101.74021739130436,Yes,1
3683,3716-BDVDB,3683,3683,3683,1,69.1,69.1,69.1,Yes,1
3684,7688-AWMDX,3684,3684,3684,71,54.5,3778.2,53.21408450704225,No,0
3685,2842-BCQGE,3685,3685,3685,43,75.35,3161.4,73.52093023255814,No,0
3686,7244-QWYHG,3686,3686,3686,50,44.45,2188.45,43.769,No,0
3687,5899-MQZZL,3687,3687,3687,13,75.0,999.45,76.88076923076923,Yes,1
3688,6849-OYAMU,3688,3688,3688,19,100.0,1888.65,99.40263157894738,Yes,1
3689,5312-UXESG,3689,3689,3689,41,98.05,3990.6,97.33170731707317,No,0
3690,9488-HGMJH,3690,3690,3690,1,71.15,71.15,71.15,Yes,1
3691,6038-GCYEC,3691,3691,3691,24,54.15,1240.25,51.677083333333336,Yes,1
3692,2150-WLKUW,3692,3692,3692,40,63.9,2635.0,65.875,No,0
3693,7159-FVYPK,3693,3693,3693,3,69.15,235.0,78.33333333333333,No,0
3694,7032-LMBHI,3694,3694,3694,37,64.65,2347.85,63.4554054054054,No,0
3695,1150-WFARN,3695,3695,3695,67,108.75,7156.2,106.80895522388059,Yes,1
3696,6088-BXMRG,3696,3696,3696,32,98.85,3089.6,96.55,No,0
3697,3144-AUDBS,3697,3697,3697,6,49.15,270.8,45.13333333333333,Yes,1
3698,4821-SJHJV,3698,3698,3698,32,89.6,2901.8,90.68125,No,0
3699,7346-MEDWM,3699,3699,3699,59,83.25,4949.1,83.88305084745764,No,0
3700,1137-DGOWI,3700,3700,3700,30,70.25,2198.9,73.29666666666667,No,0
3701,5616-PRTNT,3701,3701,3701,20,19.4,374.5,18.725,Yes,1
3702,3812-LRZIR,3702,3702,3702,27,24.5,761.95,28.22037037037037,No,0
3703,4818-QIUFN,3703,3703,3703,20,79.15,1520.9,76.045,Yes,1
3704,9483-GCPWE,3704,3704,3704,9,20.1,190.25,21.13888888888889,No,0
3705,4227-OJHAL,3705,3705,3705,68,73.0,5163.0,75.92647058823529,No,0
3706,9220-CXRSC,3706,3706,3706,69,61.4,4059.85,58.83840579710145,No,0
3707,4993-JCRGJ,3707,3707,3707,26,84.3,2281.6,87.75384615384615,No,0
3708,9537-JALFH,3708,3708,3708,69,19.9,1356.7,19.66231884057971,No,0
3709,6698-OXETB,3709,3709,3709,11,20.4,231.45,21.04090909090909,No,0
3710,2103-ZRXFN,3710,3710,3710,1,50.75,50.75,50.75,No,0
3711,3724-BSCVH,3711,3711,3711,10,20.45,242.4,24.240000000000002,No,0
3712,4877-TSOFF,3712,3712,3712,55,75.75,4264.25,77.53181818181818,No,0
3713,9209-NWPGU,3713,3713,3713,44,65.4,2774.55,63.05795454545455,No,0
3714,6961-VCPMC,3714,3714,3714,46,80.4,3605.2,78.37391304347825,Yes,1
3715,7306-YDSOI,3715,3715,3715,69,59.75,4069.9,58.984057971014494,No,0
3716,5288-AHOUP,3716,3716,3716,11,78.5,874.2,79.47272727272728,No,0
3717,6688-UZPWD,3717,3717,3717,11,102.0,1145.35,104.12272727272726,Yes,1
3718,0655-YDGFJ,3718,3718,3718,29,48.95,1323.7,45.6448275862069,No,0
3719,8468-EHYJA,3719,3719,3719,57,99.65,5497.05,96.43947368421053,No,0
3720,6823-SIDFQ,3720,3720,3720,28,18.25,534.7,19.09642857142857,No,0
3721,1097-FSPVW,3721,3721,3721,42,54.55,2455.05,58.453571428571436,No,0
3722,2839-RFSQE,3722,3722,3722,2,20.65,38.7,19.35,Yes,1
3723,8328-SKJNO,3723,3723,3723,23,40.65,947.4,41.19130434782608,No,0
3724,7010-ZMVBF,3724,3724,3724,18,20.45,357.0,19.833333333333332,No,0
3725,5201-CBWYG,3725,3725,3725,62,24.8,1476.25,23.81048387096774,No,0
3726,0968-GSIKN,3726,3726,3726,1,70.8,70.8,70.8,Yes,1
3727,1965-DDBWU,3727,3727,3727,16,89.05,1448.6,90.5375,Yes,1
3728,9057-SIHCH,3728,3728,3728,3,96.6,291.9,97.3,Yes,1
3729,6352-GIGGQ,3729,3729,3729,67,88.8,5903.15,88.10671641791045,No,0
3730,3635-QQRQD,3730,3730,3730,62,20.05,1201.65,19.381451612903227,No,0
3731,6771-XWBDM,3731,3731,3731,57,104.5,5921.35,103.88333333333334,Yes,1
3732,2897-DOVND,3732,3732,3732,2,69.8,146.65,73.325,No,0
3733,3082-YVEKW,3733,3733,3733,23,77.15,1759.4,76.49565217391304,No,0
3734,0191-EQUUH,3734,3734,3734,25,35.05,844.45,33.778,No,0
3735,7134-HBPBS,3735,3735,3735,72,108.1,7774.05,107.97291666666666,No,0
3736,3489-HHPFY,3736,3736,3736,2,84.05,134.05,67.025,No,0
3737,2926-JEJJC,3737,3737,3737,8,20.2,140.95,17.61875,No,0
3738,8601-QACRS,3738,3738,3738,5,50.6,249.95,49.989999999999995,Yes,1
3739,4950-BDEUX,3739,3739,3739,35,49.2,1701.65,48.61857142857143,No,0
3740,5789-LDFXO,3740,3740,3740,24,24.6,592.65,24.693749999999998,No,0
3741,0508-OOLTO,3741,3741,3741,2,71.65,135.75,67.875,No,0
3742,2984-TBYKU,3742,3742,3742,72,104.9,7732.65,107.39791666666666,No,0
3743,9822-WMWVG,3743,3743,3743,41,106.5,4282.4,104.44878048780487,No,0
3744,2391-SOORI,3744,3744,3744,4,49.35,219.65,54.9125,Yes,1
3745,9040-KZVWO,3745,3745,3745,26,75.5,2018.1,77.61923076923077,No,0
3746,2645-QTLMB,3746,3746,3746,7,94.25,669.0,95.57142857142857,Yes,1
3747,4806-HIPDW,3747,3747,3747,1,68.95,68.95,68.95,Yes,1
3748,1548-ARAGG,3748,3748,3748,4,58.5,224.85,56.2125,No,0
3749,6339-RZCBJ,3749,3749,3749,48,78.9,3771.5,78.57291666666667,No,0
3750,4424-TKOPW,3750,3750,3750,2,93.85,196.75,98.375,Yes,1
3751,4415-WNGVR,3751,3751,3751,12,79.2,943.85,78.65416666666667,No,0
3752,2522-AHJXR,3752,3752,3752,60,109.45,6572.85,109.5475,No,0
3753,0412-UCCNP,3753,3753,3753,55,59.2,3175.85,57.74272727272727,No,0
3754,1816-FLZDK,3754,3754,3754,1,29.15,29.15,29.15,No,0
3755,7096-UCLNH,3755,3755,3755,1,20.05,20.05,20.05,No,0
3756,8443-ZRDBZ,3756,3756,3756,4,76.05,318.9,79.725,Yes,1
3757,9136-ALYBR,3757,3757,3757,1,24.45,24.45,24.45,Yes,1
3758,4615-PIVVU,3758,3758,3758,42,66.5,2762.75,65.7797619047619,No,0
3759,8885-QSQBX,3759,3759,3759,1,49.55,49.55,49.55,No,0
3760,7479-NITWS,3760,3760,3760,7,89.35,631.85,90.26428571428572,Yes,1
3761,8617-ENBDS,3761,3761,3761,3,73.6,232.5,77.5,No,0
3762,9385-NXKDA,3762,3762,3762,72,82.65,5919.35,82.21319444444445,No,0
3763,0430-IHCDJ,3763,3763,3763,15,49.0,749.25,49.95,No,0
3764,2959-MJHIC,3764,3764,3764,4,80.35,307.4,76.85,Yes,1
3765,6674-KVJHG,3765,3765,3765,11,25.2,245.15,22.286363636363635,No,0
3766,1814-DKOLC,3766,3766,3766,5,25.45,134.75,26.95,No,0
3767,4201-JMNGR,3767,3767,3767,1,55.8,55.8,55.8,Yes,1
3768,9351-HXDMR,3768,3768,3768,72,110.9,8240.85,114.45625000000001,No,0
3769,3537-HPKQT,3769,3769,3769,55,77.75,4266.4,77.57090909090908,No,0
3770,2129-ALKBS,3770,3770,3770,40,26.2,1077.5,26.9375,No,0
3771,5821-MMEIL,3771,3771,3771,57,19.9,1115.6,19.5719298245614,No,0
3772,5960-WPXQM,3772,3772,3772,1,79.05,79.05,79.05,Yes,1
3773,0684-AOSIH,3773,3773,3773,1,95.0,95.0,95.0,Yes,1
3774,8260-NGFNY,3774,3774,3774,1,25.2,25.2,25.2,Yes,1
3775,1309-XGFSN,3775,3775,3775,52,80.85,4079.55,78.45288461538462,No,0
3776,1866-RZZQS,3776,3776,3776,41,98.4,4187.75,102.14024390243902,Yes,1
3777,6968-URWQU,3777,3777,3777,43,56.35,2391.15,55.608139534883726,No,0
3778,4742-TXUEX,3778,3778,3778,47,19.3,890.5,18.9468085106383,No,0
3779,9631-XEYKE,3779,3779,3779,3,50.4,137.25,45.75,No,0
3780,8631-NBHFZ,3780,3780,3780,66,79.4,5154.6,78.10000000000001,Yes,1
3781,1335-MXCSE,3781,3781,3781,55,55.25,3119.9,56.72545454545455,No,0
3782,8873-TMKGR,3782,3782,3782,29,19.1,529.5,18.25862068965517,No,0
3783,8800-JOOCF,3783,3783,3783,12,84.05,966.55,80.54583333333333,No,0
3784,1469-LBJQJ,3784,3784,3784,66,105.2,6936.85,105.10378787878788,No,0
3785,4958-XCBDQ,3785,3785,3785,35,101.4,3496.3,99.89428571428572,Yes,1
3786,8337-UPOAQ,3786,3786,3786,10,89.8,914.3,91.42999999999999,Yes,1
3787,0064-YIJGF,3787,3787,3787,27,75.75,1929.0,71.44444444444444,No,0
3788,2386-OWURY,3788,3788,3788,58,95.3,5817.7,100.3051724137931,No,0
3789,1725-IQNIY,3789,3789,3789,54,109.75,6110.2,113.15185185185184,Yes,1
3790,0310-VQXAM,3790,3790,3790,9,19.85,178.8,19.866666666666667,No,0
3791,6598-RFFVI,3791,3791,3791,2,19.3,28.3,14.15,Yes,1
3792,3453-RTHJQ,3792,3792,3792,6,69.1,435.0,72.5,No,0
3793,6712-OAWRH,3793,3793,3793,26,91.25,2351.8,90.45384615384616,Yes,1
3794,6278-FEPBZ,3794,3794,3794,9,20.25,186.15,20.683333333333334,No,0
3795,4280-DLSHD,3795,3795,3795,8,54.75,445.85,55.73125,No,0
3796,1508-DFXCU,3796,3796,3796,12,81.45,912.0,76.0,No,0
3797,8614-VGMMV,3797,3797,3797,15,49.1,679.55,45.30333333333333,Yes,1
3798,7868-BGSZA,3798,3798,3798,43,80.2,3581.6,83.29302325581395,No,0
3799,2800-QQUSO,3799,3799,3799,42,100.3,4222.95,100.54642857142856,No,0
3800,2930-UOTMB,3800,3800,3800,31,65.25,1994.3,64.33225806451613,Yes,1
3801,7973-DZRKH,3801,3801,3801,66,90.95,5930.05,89.84924242424243,No,0
3802,5914-DVBWJ,3802,3802,3802,18,85.45,1505.85,83.65833333333333,Yes,1
3803,7698-YFGEZ,3803,3803,3803,1,20.0,20.0,20.0,No,0
3804,2533-QVMSK,3804,3804,3804,61,94.1,5638.3,92.43114754098362,Yes,1
3805,9773-PEQBZ,3805,3805,3805,10,79.85,797.25,79.725,No,0
3806,8644-XLFBW,3806,3806,3806,1,71.65,71.65,71.65,Yes,1
3807,0650-BWOZN,3807,3807,3807,18,73.55,1359.45,75.525,No,0
3808,8625-AZYZY,3808,3808,3808,24,104.65,2542.45,105.93541666666665,Yes,1
3809,7785-RDVIG,3809,3809,3809,3,19.3,54.7,18.233333333333334,No,0
3810,9602-WCXPI,3810,3810,3810,50,20.15,989.05,19.781,No,0
3811,2903-YYTBW,3811,3811,3811,1,44.55,44.55,44.55,No,0
3812,3620-MWJNE,3812,3812,3812,2,54.45,87.3,43.65,No,0
3813,8573-JGCZW,3813,3813,3813,17,19.65,351.55,20.679411764705883,No,0
3814,6837-HAEVO,3814,3814,3814,69,105.0,7297.75,105.76449275362319,No,0
3815,6701-YVNQG,3815,3815,3815,72,88.7,6301.7,87.52361111111111,No,0
3816,9306-CPCBC,3816,3816,3816,3,74.25,210.3,70.10000000000001,Yes,1
3817,4304-XUMGI,3817,3817,3817,50,75.15,3822.45,76.449,No,0
3818,9504-YAZWB,3818,3818,3818,53,20.25,1048.45,19.782075471698114,No,0
3819,8819-ZBYNA,3819,3819,3819,58,109.1,6393.65,110.2353448275862,No,0
3820,6174-NRBTZ,3820,3820,3820,46,30.75,1489.3,32.37608695652174,No,0
3821,9481-IEBZY,3821,3821,3821,72,112.9,8061.5,111.96527777777777,No,0
3822,1833-VGRUM,3822,3822,3822,1,74.2,74.2,74.2,Yes,1
3823,6137-NICCO,3823,3823,3823,6,94.05,518.75,86.45833333333333,No,0
3824,9065-ZCPQX,3824,3824,3824,72,78.85,5763.15,80.04374999999999,No,0
3825,6402-EJMWF,3825,3825,3825,4,55.3,238.5,59.625,No,0
3826,3620-EHIMZ,3826,3826,3826,52,19.35,1031.7,19.840384615384615,No,0
3827,3213-VVOLG,3827,3827,3827,0,25.35,,25.35,No,0
3828,6870-ECSHE,3828,3828,3828,2,20.45,34.8,17.4,No,0
3829,8747-UDCOI,3829,3829,3829,65,19.35,1319.95,20.306923076923077,No,0
3830,8374-XGEJJ,3830,3830,3830,43,101.0,4388.4,102.05581395348837,Yes,1
3831,2656-TABEH,3831,3831,3831,4,100.2,420.2,105.05,Yes,1
3832,6946-LMSQS,3832,3832,3832,25,89.05,2177.45,87.098,Yes,1
3833,4626-OZDTJ,3833,3833,3833,51,78.65,3950.85,77.46764705882353,No,0
3834,9169-BSVIN,3834,3834,3834,12,74.75,827.05,68.92083333333333,No,0
3835,2325-ZUSFD,3835,3835,3835,57,70.1,3913.3,68.65438596491228,Yes,1
3836,8194-PEEBY,3836,3836,3836,24,19.9,533.5,22.229166666666668,No,0
3837,6872-HXFNF,3837,3837,3837,64,58.35,3756.45,58.69453125,No,0
3838,3932-CMDTD,3838,3838,3838,4,105.65,443.9,110.975,Yes,1
3839,7714-YXSMB,3839,3839,3839,26,100.5,2599.95,99.99807692307692,No,0
3840,8387-UGUSU,3840,3840,3840,15,20.05,284.3,18.953333333333333,No,0
3841,1080-BWSYE,3841,3841,3841,64,25.65,1740.8,27.2,No,0
3842,4039-HEUNW,3842,3842,3842,36,96.5,3436.1,95.44722222222222,Yes,1
3843,1194-HVAIF,3843,3843,3843,27,95.0,2462.55,91.20555555555556,No,0
3844,0812-WUPTB,3844,3844,3844,1,70.85,70.85,70.85,Yes,1
3845,3594-UVONA,3845,3845,3845,35,85.95,3110.1,88.86,Yes,1
3846,0004-TLHLJ,3846,3846,3846,4,73.9,280.85,70.2125,Yes,1
3847,1767-TGTKO,3847,3847,3847,8,45.45,411.75,51.46875,No,0
3848,8439-LTUGF,3848,3848,3848,10,20.0,198.6,19.86,No,0
3849,8805-JNRAZ,3849,3849,3849,2,49.2,103.7,51.85,No,0
3850,5089-IFSDP,3850,3850,3850,58,109.45,6144.55,105.94051724137931,Yes,1
3851,6418-HNFED,3851,3851,3851,51,83.25,4089.45,80.18529411764706,No,0
3852,0206-OYVOC,3852,3852,3852,46,19.25,864.2,18.786956521739132,No,0
3853,7291-CDTMJ,3853,3853,3853,1,19.65,19.65,19.65,No,0
3854,7128-GGCNO,3854,3854,3854,46,72.8,3249.4,70.63913043478261,No,0
3855,0237-YFUTL,3855,3855,3855,50,109.65,5405.8,108.116,No,0
3856,7691-KGKGP,3856,3856,3856,53,65.0,3363.8,63.46792452830189,No,0
3857,6710-HSJRD,3857,3857,3857,61,114.1,7132.15,116.92049180327868,No,0
3858,3675-EQOZA,3858,3858,3858,5,20.65,93.55,18.71,No,0
3859,0840-DCNZE,3859,3859,3859,47,86.95,4138.9,88.06170212765957,No,0
3860,1732-FEKLD,3860,3860,3860,54,94.75,5121.75,94.84722222222223,No,0
3861,9862-KJTYK,3861,3861,3861,19,25.35,566.1,29.794736842105266,No,0
3862,0479-HMSWA,3862,3862,3862,26,105.45,2715.3,104.4346153846154,No,0
3863,5854-KSRBJ,3863,3863,3863,70,25.4,1782.05,25.457857142857144,No,0
3864,0365-BZUWY,3864,3864,3864,17,102.55,1742.5,102.5,No,0
3865,4817-VYYWS,3865,3865,3865,30,100.2,2983.8,99.46000000000001,Yes,1
3866,5701-SVCWR,3866,3866,3866,1,24.0,24.0,24.0,No,0
3867,3129-AAQOU,3867,3867,3867,19,25.6,485.9,25.573684210526313,No,0
3868,4922-CVPDX,3868,3868,3868,26,73.5,1905.7,73.29615384615384,No,0
3869,1396-QWFBJ,3869,3869,3869,21,74.05,1565.7,74.55714285714286,Yes,1
3870,1357-BIJKI,3870,3870,3870,50,98.25,4858.7,97.17399999999999,No,0
3871,1099-BTKWT,3871,3871,3871,68,54.4,3723.65,54.75955882352941,No,0
3872,5299-SJCZT,3872,3872,3872,3,101.55,298.35,99.45,Yes,1
3873,2018-PZKMU,3873,3873,3873,9,103.1,970.45,107.82777777777778,No,0
3874,7340-KEFQE,3874,3874,3874,51,34.2,1782.0,34.94117647058823,No,0
3875,4570-QHXHL,3875,3875,3875,9,43.75,405.7,45.077777777777776,No,0
3876,2403-BCASL,3876,3876,3876,41,111.95,4534.9,110.60731707317072,Yes,1
3877,7392-YYPYJ,3877,3877,3877,22,100.65,2415.95,109.81590909090909,No,0
3878,2898-LSJGD,3878,3878,3878,21,55.95,1157.05,55.09761904761905,Yes,1
3879,2223-GDSHL,3879,3879,3879,71,116.05,8297.5,116.86619718309859,No,0
3880,7359-PTSXY,3880,3880,3880,1,45.75,45.75,45.75,Yes,1
3881,9470-RTWDV,3881,3881,3881,26,82.0,2083.1,80.11923076923077,No,0
3882,2176-OSJUV,3882,3882,3882,71,65.15,4681.75,65.94014084507042,No,0
3883,9348-YVOMK,3883,3883,3883,4,44.8,176.2,44.05,No,0
3884,8104-OSKWT,3884,3884,3884,12,79.8,1001.2,83.43333333333334,No,0
3885,4521-YEEHE,3885,3885,3885,18,88.85,1594.75,88.59722222222223,No,0
3886,4090-KPJIP,3886,3886,3886,3,74.95,212.4,70.8,No,0
3887,3786-WOVKF,3887,3887,3887,72,106.85,7677.4,106.63055555555555,No,0
3888,4503-BDXBD,3888,3888,3888,11,74.95,815.5,74.13636363636364,Yes,1
3889,6086-ESGRL,3889,3889,3889,1,80.15,80.15,80.15,Yes,1
3890,2592-HODOV,3890,3890,3890,13,19.3,259.65,19.97307692307692,No,0
3891,3886-CERTZ,3891,3891,3891,72,109.25,8109.8,112.63611111111112,Yes,1
3892,7995-ZHHNZ,3892,3892,3892,42,56.1,2386.85,56.8297619047619,No,0
3893,3824-RHKVR,3893,3893,3893,17,19.7,340.35,20.02058823529412,No,0
3894,5816-SCGFC,3894,3894,3894,7,51.3,419.35,59.90714285714286,No,0
3895,5989-AXPUC,3895,3895,3895,68,118.6,7990.05,117.50073529411765,No,0
3896,4979-HPRFL,3896,3896,3896,56,24.15,1402.25,25.040178571428573,No,0
3897,8590-OHDIW,3897,3897,3897,38,20.3,749.35,19.719736842105263,No,0
3898,8015-IHCGW,3898,3898,3898,72,115.5,8425.15,117.01597222222222,No,0
3899,2332-TODQS,3899,3899,3899,48,25.05,1171.5,24.40625,No,0
3900,9278-VZKCD,3900,3900,3900,52,109.1,5647.95,108.61442307692307,No,0
3901,8008-OTEZX,3901,3901,3901,35,19.65,708.8,20.25142857142857,No,0
3902,2773-OVBPK,3902,3902,3902,67,111.3,7567.2,112.94328358208955,No,0
3903,5999-LCXAO,3903,3903,3903,1,29.9,29.9,29.9,No,0
3904,5206-XZZQI,3904,3904,3904,53,80.6,4348.1,82.03962264150944,No,0
3905,4803-LBYPN,3905,3905,3905,34,20.8,635.9,18.70294117647059,No,0
3906,5759-RCVCB,3906,3906,3906,3,35.2,108.95,36.31666666666667,Yes,1
3907,6372-RFVNS,3907,3907,3907,1,78.8,78.8,78.8,Yes,1
3908,2139-FQHLM,3908,3908,3908,19,89.95,1682.4,88.54736842105264,No,0
3909,8261-GWDBQ,3909,3909,3909,60,116.05,6925.9,115.43166666666666,No,0
3910,1093-YSWCA,3910,3910,3910,11,19.55,223.15,20.286363636363635,No,0
3911,8938-UMKPI,3911,3911,3911,47,106.4,5127.95,109.10531914893616,Yes,1
3912,0991-BRRFB,3912,3912,3912,18,49.4,874.8,48.599999999999994,Yes,1
3913,3882-IYOIJ,3913,3913,3913,60,115.25,6758.45,112.64083333333333,No,0
3914,8749-TZYEC,3914,3914,3914,72,24.8,1874.3,26.031944444444445,No,0
3915,1755-FZQEC,3915,3915,3915,39,19.9,791.15,20.285897435897436,No,0
3916,3115-JPJDD,3916,3916,3916,59,81.25,4639.45,78.63474576271186,No,0
3917,5600-KTXFM,3917,3917,3917,2,69.95,143.9,71.95,No,0
3918,3871-IKPYH,3918,3918,3918,1,69.1,69.1,69.1,Yes,1
3919,6319-IEJWJ,3919,3919,3919,20,90.2,1776.55,88.8275,Yes,1
3920,9025-AOMKI,3920,3920,3920,6,93.55,536.4,89.39999999999999,Yes,1
3921,6339-TBELP,3921,3921,3921,71,86.4,6172.0,86.92957746478874,No,0
3922,7964-YESJC,3922,3922,3922,24,66.3,1559.45,64.97708333333334,No,0
3923,6173-GOLSU,3923,3923,3923,67,94.65,6079.0,90.73134328358209,No,0
3924,5275-SQEIZ,3924,3924,3924,1,80.85,80.85,80.85,Yes,1
3925,7716-YTYHG,3925,3925,3925,48,82.05,4029.95,83.95729166666666,Yes,1
3926,9938-ZREHM,3926,3926,3926,37,72.1,2658.4,71.84864864864865,No,0
3927,7950-XWOVN,3927,3927,3927,11,34.7,383.55,34.86818181818182,No,0
3928,4390-KYULV,3928,3928,3928,3,20.55,51.15,17.05,Yes,1
3929,4647-MUZON,3929,3929,3929,18,95.95,1745.5,96.97222222222223,No,0
3930,9702-AIUJO,3930,3930,3930,50,44.8,2230.85,44.617,No,0
3931,8849-PRIQJ,3931,3931,3931,67,109.4,7281.6,108.68059701492538,No,0
3932,8851-RAGOV,3932,3932,3932,25,71.05,1837.7,73.508,No,0
3933,1304-NECVQ,3933,3933,3933,2,78.55,149.55,74.775,Yes,1
3934,5396-IZEPB,3934,3934,3934,9,19.7,180.7,20.077777777777776,No,0
3935,1729-VLAZJ,3935,3935,3935,10,40.25,411.45,41.144999999999996,No,0
3936,8285-ABVLB,3936,3936,3936,70,19.85,1328.35,18.97642857142857,No,0
3937,0701-TJSEF,3937,3937,3937,9,68.25,576.95,64.10555555555555,No,0
3938,5712-VBOXD,3938,3938,3938,4,20.15,68.45,17.1125,No,0
3939,6629-LADHQ,3939,3939,3939,2,50.95,123.05,61.525,No,0
3940,8945-GRKHX,3940,3940,3940,1,78.65,78.65,78.65,Yes,1
3941,1559-DTODC,3941,3941,3941,19,25.15,468.35,24.650000000000002,No,0
3942,4797-MIWUM,3942,3942,3942,7,20.25,174.7,24.957142857142856,No,0
3943,6959-UWKHF,3943,3943,3943,1,42.9,42.9,42.9,Yes,1
3944,8720-RQSBJ,3944,3944,3944,1,44.0,44.0,44.0,No,0
3945,4537-CIBHB,3945,3945,3945,9,20.25,172.35,19.15,No,0
3946,3815-SLMEF,3946,3946,3946,3,34.25,139.35,46.449999999999996,Yes,1
3947,5154-VEKBL,3947,3947,3947,9,58.5,539.85,59.983333333333334,Yes,1
3948,4324-AHJKS,3948,3948,3948,5,55.8,300.4,60.08,No,0
3949,4355-CVPVS,3949,3949,3949,56,88.9,4968.0,88.71428571428571,No,0
3950,4495-LHSSK,3950,3950,3950,18,57.65,992.7,55.150000000000006,No,0
3951,5655-JSMZM,3951,3951,3951,49,96.2,4718.25,96.29081632653062,Yes,1
3952,5915-ANOEI,3952,3952,3952,70,79.15,5536.5,79.09285714285714,No,0
3953,9861-PDSZP,3953,3953,3953,72,108.05,7806.6,108.42500000000001,No,0
3954,4505-EXZHB,3954,3954,3954,6,74.4,434.1,72.35000000000001,Yes,1
3955,7225-CBZPL,3955,3955,3955,17,94.8,1563.9,91.99411764705883,No,0
3956,6704-UTUKK,3956,3956,3956,29,45.9,1332.4,45.9448275862069,No,0
3957,4587-VVTOX,3957,3957,3957,6,105.3,545.2,90.86666666666667,Yes,1
3958,2019-HDCZY,3958,3958,3958,63,102.6,6296.75,99.9484126984127,No,0
3959,4652-NNHNY,3959,3959,3959,16,73.85,1284.2,80.2625,Yes,1
3960,8788-DOXSU,3960,3960,3960,59,61.35,3645.5,61.78813559322034,No,0
3961,7404-JLKQG,3961,3961,3961,3,57.55,161.45,53.81666666666666,No,0
3962,7421-ZLUPA,3962,3962,3962,8,29.25,226.95,28.36875,No,0
3963,8972-HJWNV,3963,3963,3963,7,84.55,646.85,92.40714285714286,Yes,1
3964,3274-NSDWE,3964,3964,3964,68,19.6,1441.65,21.20073529411765,No,0
3965,2632-IVXVF,3965,3965,3965,68,111.75,7511.3,110.46029411764707,No,0
3966,3692-JHONH,3966,3966,3966,52,106.5,5621.85,108.11250000000001,No,0
3967,8915-NNTRC,3967,3967,3967,72,107.7,7919.8,109.99722222222222,No,0
3968,5914-GXMDA,3968,3968,3968,32,19.3,593.2,18.5375,No,0
3969,7463-IFMQU,3969,3969,3969,72,20.05,1423.65,19.772916666666667,No,0
3970,2920-RNCEZ,3970,3970,3970,1,69.95,69.95,69.95,No,0
3971,2541-YGPKE,3971,3971,3971,42,63.7,2763.35,65.79404761904762,No,0
3972,8515-OCTJS,3972,3972,3972,25,24.75,692.1,27.684,Yes,1
3973,5382-TEMLV,3973,3973,3973,45,50.9,2298.55,51.07888888888889,No,0
3974,3441-CGZJH,3974,3974,3974,43,60.4,2640.55,61.40813953488372,No,0
3975,9592-ERDKV,3975,3975,3975,37,79.25,2911.8,78.6972972972973,No,0
3976,2860-RANUS,3976,3976,3976,20,85.8,1727.5,86.375,Yes,1
3977,5261-QSHQM,3977,3977,3977,4,24.45,86.6,21.65,Yes,1
3978,4778-IZARL,3978,3978,3978,63,110.1,6705.7,106.43968253968254,No,0
3979,0432-CAJZV,3979,3979,3979,3,90.7,237.65,79.21666666666667,No,0
3980,7008-LZVOZ,3980,3980,3980,66,25.3,1672.35,25.33863636363636,No,0
3981,8868-WOZGU,3981,3981,3981,28,105.7,2979.5,106.41071428571429,Yes,1
3982,1200-TUZHR,3982,3982,3982,8,85.2,695.75,86.96875,No,0
3983,9365-CSLBQ,3983,3983,3983,71,24.35,1654.6,23.304225352112674,No,0
3984,1334-FJSVR,3984,3984,3984,1,24.25,24.25,24.25,Yes,1
3985,5884-FBCTL,3985,3985,3985,72,25.1,1857.85,25.803472222222222,No,0
3986,7130-CTCUS,3986,3986,3986,16,54.55,825.1,51.56875,No,0
3987,6242-FEGFD,3987,3987,3987,66,96.6,6424.25,97.33712121212122,No,0
3988,7625-XCQRH,3988,3988,3988,11,76.5,837.95,76.17727272727274,Yes,1
3989,6194-HBGQN,3989,3989,3989,51,81.15,4126.2,80.90588235294118,No,0
3990,7634-WSWDB,3990,3990,3990,8,38.5,330.8,41.35,No,0
3991,6986-IXNDM,3991,3991,3991,14,92.9,1337.45,95.53214285714286,No,0
3992,1731-TVIUK,3992,3992,3992,4,93.5,362.2,90.55,Yes,1
3993,2987-BJXIK,3993,3993,3993,70,84.7,5991.05,85.58642857142857,No,0
3994,9769-TSBZE,3994,3994,3994,70,66.0,4891.5,69.87857142857143,No,0
3995,0406-BPDVR,3995,3995,3995,54,101.5,5373.1,99.50185185185185,Yes,1
3996,0618-XWMSS,3996,3996,3996,28,74.9,2068.55,73.87678571428572,Yes,1
3997,1395-WSWXR,3997,3997,3997,24,20.75,487.05,20.29375,No,0
3998,6023-GSSXW,3998,3998,3998,69,61.45,4131.2,59.87246376811594,No,0
3999,6752-APNJL,3999,3999,3999,42,54.5,2301.15,54.78928571428572,No,0
4000,5276-KQWHG,4000,4000,4000,2,69.6,131.65,65.825,Yes,1
4001,0420-HLGXF,4001,4001,4001,39,99.75,4036.0,103.48717948717949,No,0
4002,7446-KQISO,4002,4002,4002,45,109.75,4900.65,108.90333333333332,No,0
4003,9823-EALYC,4003,4003,4003,72,80.85,5727.45,79.54791666666667,No,0
4004,0582-AVCLN,4004,4004,4004,38,20.3,743.05,19.553947368421053,No,0
4005,5803-NQJZO,4005,4005,4005,72,67.8,4804.65,66.73124999999999,No,0
4006,2565-JSLRY,4006,4006,4006,1,24.05,24.05,24.05,Yes,1
4007,2607-DHDAK,4007,4007,4007,72,19.8,1414.65,19.647916666666667,No,0
4008,1073-XXCZD,4008,4008,4008,55,25.7,1443.65,26.24818181818182,No,0
4009,0743-HRVFF,4009,4009,4009,51,56.15,2898.95,56.84215686274509,No,0
4010,4006-HKYHO,4010,4010,4010,63,86.7,5309.5,84.27777777777777,No,0
4011,3727-JEZTU,4011,4011,4011,1,20.4,20.4,20.4,No,0
4012,8143-ETQTI,4012,4012,4012,23,19.65,451.55,19.632608695652173,No,0
4013,6689-KXGBO,4013,4013,4013,1,50.55,50.55,50.55,Yes,1
4014,9667-TKTVZ,4014,4014,4014,2,54.35,117.05,58.525,No,0
4015,3657-COGMW,4015,4015,4015,52,108.1,5839.3,112.29423076923078,No,0
4016,8570-KLJYJ,4016,4016,4016,36,54.45,1893.5,52.59722222222222,No,0
4017,7754-IXRMC,4017,4017,4017,1,45.35,45.35,45.35,No,0
4018,9473-CBZOP,4018,4018,4018,28,59.0,1654.45,59.0875,No,0
4019,2969-WGHQO,4019,4019,4019,7,69.45,477.05,68.15,No,0
4020,6615-NGGZJ,4020,4020,4020,14,100.55,1415.55,101.11071428571428,Yes,1
4021,4334-HOWRP,4021,4021,4021,72,64.95,4546.0,63.138888888888886,No,0
4022,4255-DDUOU,4022,4022,4022,1,20.5,20.5,20.5,Yes,1
4023,5863-OOKCL,4023,4023,4023,10,18.85,163.2,16.32,No,0
4024,1686-STUHN,4024,4024,4024,42,19.8,849.9,20.235714285714284,No,0
4025,1329-VHWNP,4025,4025,4025,7,25.05,189.95,27.135714285714283,No,0
4026,2984-MIIZL,4026,4026,4026,4,74.8,321.9,80.475,Yes,1
4027,0266-GMEAO,4027,4027,4027,72,114.3,8058.55,111.92430555555556,No,0
4028,5590-YRFJT,4028,4028,4028,20,24.45,482.8,24.14,Yes,1
4029,5574-NXZIU,4029,4029,4029,63,109.2,7049.75,111.90079365079364,No,0
4030,0019-GFNTW,4030,4030,4030,56,45.05,2560.1,45.716071428571425,No,0
4031,4256-ZWTZI,4031,4031,4031,5,51.0,286.8,57.36,No,0
4032,8309-PPCED,4032,4032,4032,72,110.45,7982.5,110.86805555555556,No,0
4033,4098-NAUKP,4033,4033,4033,68,84.65,5683.6,83.58235294117648,No,0
4034,5196-WPYOW,4034,4034,4034,67,60.05,3994.05,59.61268656716418,No,0
4035,4608-LCIMN,4035,4035,4035,8,44.65,369.15,46.14375,No,0
4036,1485-YDHMM,4036,4036,4036,52,93.25,4631.7,89.07115384615385,No,0
4037,4054-CUMIA,4037,4037,4037,18,20.25,401.95,22.330555555555556,No,0
4038,0603-TPMIB,4038,4038,4038,59,25.45,1534.05,26.000847457627117,No,0
4039,2525-GVKQU,4039,4039,4039,60,20.6,1093.0,18.216666666666665,No,0
4040,8161-QYMTT,4040,4040,4040,7,94.1,701.3,100.18571428571428,No,0
4041,9581-GVBXT,4041,4041,4041,59,34.8,1980.3,33.56440677966101,No,0
4042,5862-BRIXZ,4042,4042,4042,46,60.75,2893.4,62.9,No,0
4043,5404-GGUKR,4043,4043,4043,5,51.35,262.3,52.46,No,0
4044,3308-JSGML,4044,4044,4044,59,64.05,3886.85,65.87881355932203,No,0
4045,2126-GSEGL,4045,4045,4045,70,84.8,5917.55,84.53642857142857,No,0
4046,3677-TNKIO,4046,4046,4046,14,71.0,914.0,65.28571428571429,Yes,1
4047,0440-QEXBZ,4047,4047,4047,44,50.15,2139.1,48.61590909090909,No,0
4048,2434-EEVDB,4048,4048,4048,64,94.6,5948.7,92.9484375,No,0
4049,6762-QVYJO,4049,4049,4049,58,59.75,3624.35,62.48879310344827,No,0
4050,6199-IWKGC,4050,4050,4050,46,100.25,4753.85,103.3445652173913,No,0
4051,2675-DHUTR,4051,4051,4051,58,98.9,5780.7,99.66724137931034,No,0
4052,8152-VETUR,4052,4052,4052,72,97.7,6869.7,95.4125,No,0
4053,9667-EQRXU,4053,4053,4053,30,40.3,1172.95,39.098333333333336,Yes,1
4054,7446-YPODE,4054,4054,4054,11,60.25,662.95,60.26818181818182,No,0
4055,9522-BNTHX,4055,4055,4055,34,56.25,1765.95,51.93970588235294,No,0
4056,4676-WLUHT,4056,4056,4056,54,46.2,2431.95,45.036111111111104,No,0
4057,3329-WDIOK,4057,4057,4057,3,50.6,155.35,51.78333333333333,Yes,1
4058,7980-MHFLQ,4058,4058,4058,72,24.9,1859.2,25.822222222222223,No,0
4059,2873-ZLIWT,4059,4059,4059,40,84.85,3303.05,82.57625,Yes,1
4060,3415-TAILE,4060,4060,4060,2,65.7,134.35,67.175,Yes,1
4061,0757-WCUUZ,4061,4061,4061,54,63.35,3409.1,63.13148148148148,No,0
4062,1629-DQQVB,4062,4062,4062,14,50.1,709.5,50.67857142857143,No,0
4063,1915-IOFGU,4063,4063,4063,1,70.5,70.5,70.5,Yes,1
4064,3045-XETSH,4064,4064,4064,10,94.85,953.45,95.345,Yes,1
4065,0374-AACSZ,4065,4065,4065,1,50.15,50.15,50.15,No,0
4066,7239-HZZCX,4066,4066,4066,1,19.75,19.75,19.75,Yes,1
4067,4872-VXRIL,4067,4067,4067,56,64.65,3665.55,65.45625,No,0
4068,9140-CZQZZ,4068,4068,4068,68,79.6,5515.8,81.11470588235295,No,0
4069,3423-HHXAO,4069,4069,4069,14,19.5,272.0,19.428571428571427,No,0
4070,9938-TKDGL,4070,4070,4070,68,99.55,6668.0,98.05882352941177,No,0
4071,0531-ZZJWQ,4071,4071,4071,55,74.0,4052.4,73.68,No,0
4072,6537-QLGEX,4072,4072,4072,16,38.9,664.4,41.525,No,0
4073,2688-BHGOG,4073,4073,4073,9,79.55,718.55,79.83888888888889,No,0
4074,7683-CBDKJ,4074,4074,4074,14,65.45,937.6,66.97142857142858,Yes,1
4075,0946-CLJTI,4075,4075,4075,58,98.7,5812.6,100.21724137931035,Yes,1
4076,3160-TYXLT,4076,4076,4076,53,46.3,2546.85,48.053773584905656,No,0
4077,1325-USMEC,4077,4077,4077,70,99.35,6944.5,99.20714285714286,No,0
4078,0916-QOFDP,4078,4078,4078,14,95.8,1346.3,96.16428571428571,No,0
4079,0628-CNQRM,4079,4079,4079,22,67.5,1544.05,70.18409090909091,Yes,1
4080,5606-AMZBO,4080,4080,4080,10,78.15,765.15,76.515,No,0
4081,6199-IPCAO,4081,4081,4081,29,26.1,692.55,23.88103448275862,No,0
4082,7665-TOALD,4082,4082,4082,1,69.6,69.6,69.6,Yes,1
4083,0112-QWPNC,4083,4083,4083,49,84.35,4059.35,82.84387755102041,Yes,1
4084,0324-BRPCJ,4084,4084,4084,68,100.2,6851.65,100.7595588235294,Yes,1
4085,2777-PHDEI,4085,4085,4085,1,78.05,78.05,78.05,Yes,1
4086,5640-CAXOA,4086,4086,4086,30,40.35,1187.05,39.568333333333335,No,0
4087,2235-EZAIK,4087,4087,4087,72,79.2,5401.9,75.02638888888889,No,0
4088,3847-BAERP,4088,4088,4088,10,20.9,247.0,24.7,No,0
4089,1196-AMORA,4089,4089,4089,7,73.6,520.0,74.28571428571429,Yes,1
4090,4282-YMKNA,4090,4090,4090,9,74.75,706.6,78.51111111111112,Yes,1
4091,1453-RZFON,4091,4091,4091,1,49.9,49.9,49.9,No,0
4092,8263-OKETD,4092,4092,4092,20,68.9,1370.35,68.5175,No,0
4093,0670-KDOMA,4093,4093,4093,1,20.25,20.25,20.25,No,0
4094,2476-YGEFM,4094,4094,4094,29,76.0,2215.25,76.38793103448276,No,0
4095,8687-BAFGU,4095,4095,4095,1,74.0,74.0,74.0,No,0
4096,0641-EVBOJ,4096,4096,4096,3,82.3,214.4,71.46666666666667,No,0
4097,0829-XXPLX,4097,4097,4097,20,89.4,1871.15,93.5575,No,0
4098,9974-JFBHQ,4098,4098,4098,64,99.15,6171.2,96.425,No,0
4099,5356-RHIPP,4099,4099,4099,1,20.2,20.2,20.2,Yes,1
4100,6624-JDRDS,4100,4100,4100,6,29.45,161.45,26.90833333333333,No,0
4101,0608-JDVEC,4101,4101,4101,50,19.8,1013.2,20.264,No,0
4102,9780-FKVVF,4102,4102,4102,6,59.15,336.7,56.11666666666667,No,0
4103,1919-RTPQD,4103,4103,4103,7,44.75,333.65,47.66428571428571,No,0
4104,5214-NLTIT,4104,4104,4104,72,90.8,6511.8,90.44166666666666,No,0
4105,3345-PBBFH,4105,4105,4105,8,49.55,393.45,49.18125,No,0
4106,5055-BRMNE,4106,4106,4106,67,106.7,7009.5,104.61940298507463,No,0
4107,9189-JWSHV,4107,4107,4107,24,93.55,2264.05,94.33541666666667,Yes,1
4108,2190-PHBHR,4108,4108,4108,72,94.45,6921.7,96.13472222222222,No,0
4109,2650-GYRYL,4109,4109,4109,33,19.45,600.25,18.189393939393938,No,0
4110,0746-JTRFU,4110,4110,4110,2,25.05,56.35,28.175,Yes,1
4111,5208-FVQKB,4111,4111,4111,70,67.95,4664.15,66.63071428571428,No,0
4112,7184-LRUUR,4112,4112,4112,22,65.25,1441.8,65.53636363636363,No,0
4113,6627-CFOSN,4113,4113,4113,59,99.45,5623.7,95.31694915254236,No,0
4114,3982-JGSFD,4114,4114,4114,36,20.35,695.85,19.329166666666666,No,0
4115,1574-DYCWE,4115,4115,4115,51,19.95,1028.75,20.17156862745098,No,0
4116,7247-XOZPB,4116,4116,4116,53,77.4,4155.95,78.41415094339622,No,0
4117,2466-FCCPT,4117,4117,4117,20,19.7,395.6,19.78,No,0
4118,6211-WWLTF,4118,4118,4118,63,99.7,6330.4,100.48253968253968,No,0
4119,4826-TZEVA,4119,4119,4119,40,74.8,2971.7,74.29249999999999,No,0
4120,6016-NXBNJ,4120,4120,4120,35,19.15,638.0,18.228571428571428,No,0
4121,9138-EFSMO,4121,4121,4121,26,78.95,2034.25,78.24038461538461,No,0
4122,0576-WNXXC,4122,4122,4122,27,95.55,2510.2,92.97037037037036,Yes,1
4123,4632-XJMEX,4123,4123,4123,53,62.85,3419.5,64.51886792452831,No,0
4124,8910-LEDAG,4124,4124,4124,34,71.55,2427.35,71.39264705882353,No,0
4125,3452-GWUIN,4125,4125,4125,19,94.95,1760.25,92.64473684210526,No,0
4126,2716-GFZOR,4126,4126,4126,43,86.1,3551.65,82.59651162790698,No,0
4127,3724-UCSHY,4127,4127,4127,6,19.55,122.9,20.483333333333334,No,0
4128,8626-XHBIE,4128,4128,4128,56,24.8,1424.2,25.432142857142857,No,0
4129,4628-CTTLA,4129,4129,4129,57,39.3,2111.45,37.04298245614035,Yes,1
4130,3192-LNKRK,4130,4130,4130,34,84.05,2909.95,85.58676470588235,No,0
4131,4439-YRNVD,4131,4131,4131,10,36.25,374.0,37.4,No,0
4132,2876-VBBBL,4132,4132,4132,1,20.25,20.25,20.25,Yes,1
4133,6834-NXDCA,4133,4133,4133,13,23.9,300.8,23.138461538461538,Yes,1
4134,2208-UGTGR,4134,4134,4134,56,98.6,5581.05,99.66160714285715,No,0
4135,3005-TYFRD,4135,4135,4135,55,103.65,5676.65,103.21181818181817,No,0
4136,8670-MEFCP,4136,4136,4136,36,92.9,3379.25,93.86805555555556,No,0
4137,3079-BCHLN,4137,4137,4137,47,19.9,942.95,20.06276595744681,No,0
4138,7777-UNYHB,4138,4138,4138,12,20.1,232.4,19.366666666666667,No,0
4139,5597-GLBUC,4139,4139,4139,1,85.45,85.45,85.45,Yes,1
4140,7278-CKDNC,4140,4140,4140,24,80.5,2088.45,87.01875,No,0
4141,2748-MYRVK,4141,4141,4141,63,99.9,6137.0,97.41269841269842,Yes,1
4142,8450-UYIBU,4142,4142,4142,35,39.85,1434.6,40.988571428571426,No,0
4143,2969-VAPYH,4143,4143,4143,67,60.5,3870.0,57.76119402985075,No,0
4144,4822-YCXMX,4144,4144,4144,25,84.8,2043.45,81.738,Yes,1
4145,7181-OQCUT,4145,4145,4145,21,103.85,2215.0,105.47619047619048,No,0
4146,8474-UMLNT,4146,4146,4146,13,67.8,842.25,64.78846153846153,No,0
4147,9821-POOTN,4147,4147,4147,35,75.2,2576.2,73.60571428571428,Yes,1
4148,3836-FZSDJ,4148,4148,4148,71,24.85,1901.0,26.774647887323944,No,0
4149,9142-XMYJH,4149,4149,4149,29,19.35,601.6,20.7448275862069,No,0
4150,6559-ILWKJ,4150,4150,4150,71,49.35,3515.25,49.51056338028169,Yes,1
4151,0187-QSXOE,4151,4151,4151,7,89.0,605.45,86.49285714285715,No,0
4152,7733-UDMTP,4152,4152,4152,57,55.0,3094.05,54.28157894736842,No,0
4153,2649-HWLYB,4153,4153,4153,65,76.15,4929.55,75.83923076923077,No,0
4154,5214-CHIWJ,4154,4154,4154,27,20.3,595.05,22.038888888888888,No,0
4155,4229-CZMLL,4155,4155,4155,6,74.9,469.8,78.3,Yes,1
4156,6904-JLBGY,4156,4156,4156,72,117.35,8436.25,117.17013888888889,No,0
4157,2465-BLLEU,4157,4157,4157,1,19.75,19.75,19.75,No,0
4158,1685-VAYJF,4158,4158,4158,11,45.2,492.0,44.72727272727273,No,0
4159,8874-EJNSR,4159,4159,4159,39,25.2,987.95,25.33205128205128,No,0
4160,6917-YACBP,4160,4160,4160,59,89.75,5496.9,93.16779661016949,No,0
4161,5049-MUBWG,4161,4161,4161,26,75.0,1908.35,73.39807692307691,No,0
4162,4223-WOZCM,4162,4162,4162,2,49.95,107.1,53.55,No,0
4163,0769-MURVM,4163,4163,4163,72,65.7,4575.35,63.54652777777778,No,0
4164,9253-VIFJQ,4164,4164,4164,65,67.05,4309.55,66.30076923076923,No,0
4165,7030-FZTFM,4165,4165,4165,72,110.9,7922.75,110.03819444444444,No,0
4166,9741-YLNTD,4166,4166,4166,6,87.95,522.35,87.05833333333334,No,0
4167,5917-RYRMG,4167,4167,4167,32,19.8,587.7,18.365625,No,0
4168,5120-ZBLAI,4168,4168,4168,50,75.7,3876.2,77.524,No,0
4169,1194-BHJYC,4169,4169,4169,61,62.15,3778.85,61.9483606557377,No,0
4170,3663-MITLP,4170,4170,4170,15,101.25,1457.25,97.15,Yes,1
4171,0906-QVPMS,4171,4171,4171,72,115.15,8349.45,115.96458333333334,No,0
4172,9025-ZRPVR,4172,4172,4172,9,18.95,185.6,20.62222222222222,Yes,1
4173,1905-OEILC,4173,4173,4173,1,19.5,19.5,19.5,No,0
4174,7858-GTZSP,4174,4174,4174,12,86.55,1066.9,88.90833333333335,No,0
4175,3285-UCQVC,4175,4175,4175,37,28.6,973.55,26.31216216216216,Yes,1
4176,6248-BSHKG,4176,4176,4176,61,20.4,1226.45,20.105737704918035,No,0
4177,4685-TFLLS,4177,4177,4177,18,19.8,342.3,19.016666666666666,No,0
4178,3470-BTGQO,4178,4178,4178,21,45.65,985.05,46.90714285714286,No,0
4179,1209-VFFOC,4179,4179,4179,68,56.4,3948.45,58.065441176470586,No,0
4180,8224-DWCKX,4180,4180,4180,12,73.3,828.05,69.00416666666666,No,0
4181,5482-PLVPE,4181,4181,4181,2,24.35,41.85,20.925,Yes,1
4182,4553-DVPZG,4182,4182,4182,62,101.35,6164.7,99.43064516129031,No,0
4183,4902-OHLSK,4183,4183,4183,29,98.65,2862.75,98.71551724137932,Yes,1
4184,6917-IAYHD,4184,4184,4184,1,33.6,33.6,33.6,No,0
4185,0495-ZBNGW,4185,4185,4185,5,79.9,343.95,68.78999999999999,Yes,1
4186,8620-RJPZN,4186,4186,4186,1,20.7,20.7,20.7,No,0
4187,7572-KPVKK,4187,4187,4187,62,104.05,6590.5,106.29838709677419,No,0
4188,2642-MAWLJ,4188,4188,4188,36,20.25,717.95,19.943055555555556,No,0
4189,2357-COQEK,4189,4189,4189,28,103.3,2890.65,103.2375,Yes,1
4190,7103-ZGVNT,4190,4190,4190,69,73.7,4885.85,70.80942028985508,No,0
4191,3737-GCSPV,4191,4191,4191,11,96.2,1222.05,111.09545454545454,Yes,1
4192,2027-WKXMW,4192,4192,4192,63,108.75,6871.7,109.07460317460317,No,0
4193,7137-NAXML,4193,4193,4193,23,20.15,405.6,17.63478260869565,No,0
4194,2428-ZMCTB,4194,4194,4194,10,19.75,208.25,20.825,No,0
4195,2961-VNFKL,4195,4195,4195,71,25.95,1801.9,25.378873239436622,No,0
4196,1768-HNVGJ,4196,4196,4196,45,70.05,3062.45,68.05444444444444,No,0
4197,6963-KQYQB,4197,4197,4197,70,24.05,1764.75,25.210714285714285,No,0
4198,5934-RMPOV,4198,4198,4198,22,84.75,1816.75,82.57954545454545,No,0
4199,1207-BLKSA,4199,4199,4199,52,23.05,1255.1,24.13653846153846,No,0
4200,4088-YLDSU,4200,4200,4200,55,104.15,5743.05,104.41909090909091,Yes,1
4201,8316-BBQAY,4201,4201,4201,65,59.95,3921.1,60.324615384615385,No,0
4202,1166-PQLGG,4202,4202,4202,72,19.55,1463.45,20.325694444444444,No,0
4203,3146-JTQHR,4203,4203,4203,10,19.6,189.45,18.945,No,0
4204,4291-YZODP,4204,4204,4204,7,20.05,96.8,13.828571428571427,No,0
4205,4395-PZMSN,4205,4205,4205,5,85.55,408.5,81.7,No,0
4206,6427-FEFIG,4206,4206,4206,24,78.6,1846.65,76.94375000000001,No,0
4207,0017-IUDMW,4207,4207,4207,72,116.8,8456.75,117.45486111111111,No,0
4208,8706-HRADD,4208,4208,4208,21,43.55,1011.5,48.166666666666664,No,0
4209,9955-QOPOY,4209,4209,4209,69,60.8,4263.4,61.78840579710145,No,0
4210,4385-ZKVNW,4210,4210,4210,44,54.9,2549.1,57.934090909090905,No,0
4211,5446-DKWYW,4211,4211,4211,61,65.2,3965.05,65.00081967213114,No,0
4212,2034-CGRHZ,4212,4212,4212,24,102.95,2496.7,104.02916666666665,Yes,1
4213,5797-APWZC,4213,4213,4213,1,90.6,90.6,90.6,Yes,1
4214,3683-QKIUE,4214,4214,4214,6,50.8,288.05,48.00833333333333,Yes,1
4215,4228-ZGYUW,4215,4215,4215,4,90.05,368.1,92.025,Yes,1
4216,9031-ZVQPT,4216,4216,4216,72,108.2,7840.6,108.89722222222223,No,0
4217,2990-IAJSV,4217,4217,4217,72,92.0,6632.75,92.12152777777777,No,0
4218,8107-KNCIM,4218,4218,4218,14,75.1,1013.35,72.38214285714285,No,0
4219,9027-YFHQJ,4219,4219,4219,7,25.05,152.95,21.849999999999998,No,0
4220,5176-LDKUH,4220,4220,4220,48,75.15,3772.65,78.596875,No,0
4221,4644-OBGFZ,4221,4221,4221,55,19.5,1026.35,18.66090909090909,No,0
4222,7926-IJOOU,4222,4222,4222,1,19.3,19.3,19.3,No,0
4223,6480-YAGIY,4223,4223,4223,45,112.2,5031.85,111.81888888888889,No,0
4224,4029-HPFVY,4224,4224,4224,3,70.3,220.4,73.46666666666667,No,0
4225,7602-DBTOU,4225,4225,4225,71,19.6,1416.5,19.950704225352112,No,0
4226,5345-BMKWB,4226,4226,4226,8,20.25,158.35,19.79375,No,0
4227,3519-ZKXGG,4227,4227,4227,3,75.85,256.6,85.53333333333335,Yes,1
4228,5457-COLHT,4228,4228,4228,69,80.65,5542.55,80.3268115942029,No,0
4229,6416-TVAIH,4229,4229,4229,1,68.5,68.5,68.5,Yes,1
4230,5451-YHYPW,4230,4230,4230,72,115.75,8443.7,117.27361111111112,No,0
4231,5108-ADXWO,4231,4231,4231,11,73.5,791.75,71.97727272727273,Yes,1
4232,7998-WNZEM,4232,4232,4232,71,80.6,5708.2,80.39718309859154,No,0
4233,3066-RRJIO,4233,4233,4233,1,69.95,69.95,69.95,Yes,1
4234,4664-NJCMS,4234,4234,4234,33,59.55,2016.3,61.1,No,0
4235,0307-BCOPK,4235,4235,4235,16,19.05,326.65,20.415625,No,0
4236,7629-WFGLW,4236,4236,4236,56,95.65,5471.75,97.70982142857143,No,0
4237,2542-HYGIQ,4237,4237,4237,1,19.95,19.95,19.95,No,0
4238,6715-OFDBP,4238,4238,4238,5,70.05,346.4,69.28,Yes,1
4239,5016-LIPDW,4239,4239,4239,57,19.4,1061.6,18.62456140350877,No,0
4240,6481-LXPWL,4240,4240,4240,56,36.1,1971.5,35.205357142857146,No,0
4241,1567-DSCIC,4241,4241,4241,8,94.0,773.65,96.70625,Yes,1
4242,2150-UWTFY,4242,4242,4242,22,61.15,1422.05,64.63863636363637,Yes,1
4243,6124-ACRHJ,4243,4243,4243,1,19.75,19.75,19.75,No,0
4244,9362-MWODR,4244,4244,4244,40,64.1,2460.35,61.50875,No,0
4245,9975-GPKZU,4245,4245,4245,46,19.75,856.5,18.619565217391305,No,0
4246,9625-RZFUK,4246,4246,4246,63,19.7,1275.85,20.2515873015873,No,0
4247,5153-LXKDT,4247,4247,4247,68,110.2,7467.5,109.81617647058823,No,0
4248,5161-UBZXI,4248,4248,4248,69,106.35,7261.75,105.2427536231884,No,0
4249,1020-JPQOW,4249,4249,4249,56,90.55,5116.6,91.36785714285715,No,0
4250,7919-ZODZZ,4250,4250,4250,10,65.9,660.05,66.005,No,0
4251,0565-JUPYD,4251,4251,4251,63,104.5,6590.8,104.61587301587302,No,0
4252,6867-ACCZI,4252,4252,4252,24,52.5,1208.15,50.33958333333334,No,0
4253,5939-XAIXZ,4253,4253,4253,19,56.1,1033.9,54.415789473684214,No,0
4254,9054-FOWNV,4254,4254,4254,22,88.75,1885.15,85.68863636363636,No,0
4255,2683-BPJSO,4255,4255,4255,29,84.45,2467.1,85.07241379310345,Yes,1
4256,2157-MXBJS,4256,4256,4256,13,75.3,989.45,76.11153846153846,Yes,1
4257,8207-VVMYB,4257,4257,4257,70,26.0,2006.95,28.670714285714286,No,0
4258,9732-EQMWY,4258,4258,4258,49,99.4,5025.0,102.55102040816327,No,0
4259,9360-AHGNL,4259,4259,4259,43,109.55,4830.25,112.3313953488372,Yes,1
4260,1087-UDSIH,4260,4260,4260,3,19.6,59.75,19.916666666666668,Yes,1
4261,5269-NRGDP,4261,4261,4261,42,73.15,3088.25,73.5297619047619,No,0
4262,6195-MELTI,4262,4262,4262,57,54.65,3134.7,54.99473684210526,No,0
4263,5485-WUYWF,4263,4263,4263,2,66.4,94.55,47.275,Yes,1
4264,2121-JAFOM,4264,4264,4264,72,115.55,8312.4,115.44999999999999,No,0
4265,8818-DOPVL,4265,4265,4265,46,104.45,4863.85,105.7358695652174,No,0
4266,2632-UCGVD,4266,4266,4266,66,100.05,6871.9,104.11969696969696,Yes,1
4267,5445-PZWGX,4267,4267,4267,62,102.0,6529.25,105.31048387096774,Yes,1
4268,1227-UDMZR,4268,4268,4268,72,91.15,6637.9,92.19305555555555,No,0
4269,5198-HQAEN,4269,4269,4269,35,89.7,3165.6,90.44571428571429,No,0
4270,9170-CCKOU,4270,4270,4270,17,90.2,1454.15,85.53823529411765,Yes,1
4271,2167-FQSTQ,4271,4271,4271,72,92.4,6786.1,94.2513888888889,No,0
4272,2819-GWENI,4272,4272,4272,28,19.9,543.0,19.392857142857142,No,0
4273,1043-YCUTE,4273,4273,4273,56,25.15,1327.15,23.699107142857144,Yes,1
4274,3814-MLAXC,4274,4274,4274,31,79.85,2404.15,77.55322580645162,Yes,1
4275,3572-UUHRS,4275,4275,4275,45,18.85,867.3,19.273333333333333,No,0
4276,2692-PFYTJ,4276,4276,4276,1,25.75,25.75,25.75,No,0
4277,1226-UDFZR,4277,4277,4277,2,49.6,114.7,57.35,Yes,1
4278,5955-EPOAZ,4278,4278,4278,6,20.95,109.5,18.25,No,0
4279,6821-JPCDC,4279,4279,4279,48,97.05,4692.95,97.76979166666666,No,0
4280,8815-LMFLX,4280,4280,4280,25,25.4,546.85,21.874000000000002,No,0
4281,9135-HSWOC,4281,4281,4281,64,19.7,1274.05,19.90703125,No,0
4282,8582-KRHPJ,4282,4282,4282,50,35.0,1782.4,35.648,No,0
4283,5811-IWXYM,4283,4283,4283,52,101.25,5301.1,101.94423076923077,No,0
4284,7044-YAACC,4284,4284,4284,4,70.2,280.35,70.0875,No,0
4285,8189-XRIKE,4285,4285,4285,32,90.95,2897.95,90.5609375,No,0
4286,1506-YJTYT,4286,4286,4286,45,73.85,3371.0,74.91111111111111,No,0
4287,4123-DVHPH,4287,4287,4287,9,88.05,801.3,89.03333333333333,No,0
4288,6425-YQLLO,4288,4288,4288,66,105.95,6975.25,105.68560606060606,Yes,1
4289,5442-UTCVD,4289,4289,4289,3,91.85,257.05,85.68333333333334,Yes,1
4290,2228-BZDEE,4290,4290,4290,54,20.1,1079.45,19.989814814814817,No,0
4291,7734-DBOAI,4291,4291,4291,1,40.1,40.1,40.1,Yes,1
4292,2789-CZANW,4292,4292,4292,64,110.3,6997.3,109.3328125,No,0
4293,2091-RFFBA,4293,4293,4293,31,73.9,2217.15,71.5209677419355,Yes,1
4294,2114-MGINA,4294,4294,4294,14,89.8,1129.1,80.64999999999999,Yes,1
4295,7596-LDUXP,4295,4295,4295,12,85.15,979.05,81.58749999999999,No,0
4296,3740-RLMVT,4296,4296,4296,67,60.95,4119.4,61.483582089552236,No,0
4297,4489-SNOJF,4297,4297,4297,35,72.25,2568.55,73.38714285714286,Yes,1
4298,2192-OZITF,4298,4298,4298,45,73.55,3349.1,74.42444444444445,No,0
4299,5651-CPDND,4299,4299,4299,10,46.0,492.1,49.21,No,0
4300,2186-QZEYA,4300,4300,4300,29,58.55,1718.95,59.27413793103448,No,0
4301,1131-ALZWV,4301,4301,4301,24,24.6,605.25,25.21875,No,0
4302,7729-XBTWX,4302,4302,4302,66,19.75,1344.5,20.37121212121212,No,0
4303,9134-WYRVP,4303,4303,4303,51,86.35,4267.15,83.66960784313724,No,0
4304,3284-SVCRO,4304,4304,4304,45,25.5,1121.05,24.912222222222223,No,0
4305,9732-OUYRN,4305,4305,4305,49,19.0,918.7,18.748979591836736,No,0
4306,0559-CKHUS,4306,4306,4306,29,19.55,521.8,17.99310344827586,No,0
4307,2931-SVLTV,4307,4307,4307,40,110.1,4469.1,111.7275,No,0
4308,6899-PPEEA,4308,4308,4308,37,96.55,3580.3,96.76486486486488,Yes,1
4309,7504-UWHNB,4309,4309,4309,25,69.75,1729.35,69.17399999999999,No,0
4310,2582-FFFZR,4310,4310,4310,22,50.6,1073.3,48.78636363636363,No,0
4311,8908-NMQTX,4311,4311,4311,72,65.6,4566.5,63.423611111111114,No,0
4312,2187-LZGPL,4312,4312,4312,7,40.1,293.3,41.9,Yes,1
4313,1431-AIDJQ,4313,4313,4313,33,82.1,2603.1,78.88181818181818,No,0
4314,6288-LBEAR,4314,4314,4314,23,79.1,1783.75,77.55434782608695,No,0
4315,4597-NUCQV,4315,4315,4315,24,101.25,2440.15,101.67291666666667,Yes,1
4316,9019-QVLZD,4316,4316,4316,1,79.55,79.55,79.55,Yes,1
4317,8413-YNHNV,4317,4317,4317,69,90.65,6322.1,91.62463768115943,No,0
4318,5808-TOTXO,4318,4318,4318,3,20.55,57.4,19.133333333333333,No,0
4319,4369-NYSCF,4319,4319,4319,56,75.75,4284.65,76.51160714285713,No,0
4320,6333-YDVLT,4320,4320,4320,65,110.0,7138.65,109.8253846153846,No,0
4321,5324-KTGCG,4321,4321,4321,71,20.85,1539.75,21.68661971830986,No,0
4322,5599-HVLTW,4322,4322,4322,14,80.35,1058.1,75.57857142857142,No,0
4323,7394-LWLYN,4323,4323,4323,2,70.15,123.8,61.9,No,0
4324,3707-LRWZD,4324,4324,4324,32,84.05,2781.85,86.9328125,Yes,1
4325,6873-UDNLD,4325,4325,4325,40,67.45,2731.0,68.275,No,0
4326,2700-LUEVA,4326,4326,4326,1,20.75,20.75,20.75,No,0
4327,1455-ESIQH,4327,4327,4327,1,89.1,89.1,89.1,Yes,1
4328,0958-YHXGP,4328,4328,4328,7,69.9,497.3,71.04285714285714,No,0
4329,1101-SSWAG,4329,4329,4329,15,51.1,711.15,47.41,No,0
4330,2979-SXESE,4330,4330,4330,17,94.4,1607.2,94.54117647058824,Yes,1
4331,4013-TLDHQ,4331,4331,4331,19,78.25,1490.95,78.47105263157896,Yes,1
4332,5743-KHMNA,4332,4332,4332,71,25.55,1898.1,26.733802816901406,No,0
4333,4194-FJARJ,4333,4333,4333,54,60.0,3273.95,60.6287037037037,No,0
4334,5325-UWTWJ,4334,4334,4334,31,90.55,2929.75,94.50806451612904,No,0
4335,3969-GYXEL,4335,4335,4335,11,76.4,838.7,76.24545454545455,No,0
4336,9208-OLGAQ,4336,4336,4336,18,84.95,1443.65,80.20277777777778,No,0
4337,3244-CQPHU,4337,4337,4337,72,110.1,7746.7,107.59305555555555,No,0
4338,2674-MLXMN,4338,4338,4338,71,99.65,6951.15,97.90352112676055,No,0
4339,9708-HPXWZ,4339,4339,4339,5,45.4,214.75,42.95,No,0
4340,6992-TKNYO,4340,4340,4340,38,69.0,2669.45,70.2486842105263,No,0
4341,4468-YDOVK,4341,4341,4341,5,48.65,235.2,47.04,No,0
4342,3754-DXMRT,4342,4342,4342,2,44.15,92.65,46.325,Yes,1
4343,5792-JALQC,4343,4343,4343,52,59.85,3103.25,59.67788461538461,No,0
4344,7130-VTEWQ,4344,4344,4344,8,75.75,606.25,75.78125,Yes,1
4345,2200-DSAAL,4345,4345,4345,68,80.65,5330.2,78.38529411764705,No,0
4346,4302-ZYFEL,4346,4346,4346,69,20.55,1403.1,20.33478260869565,No,0
4347,9351-LZYGF,4347,4347,4347,42,66.4,2727.8,64.94761904761906,No,0
4348,4366-CTOUZ,4348,4348,4348,50,100.2,5038.45,100.76899999999999,No,0
4349,6121-VZNQB,4349,4349,4349,1,19.1,19.1,19.1,Yes,1
4350,7903-CMPEY,4350,4350,4350,1,80.3,80.3,80.3,Yes,1
4351,1518-OMDIK,4351,4351,4351,33,44.55,1462.6,44.32121212121212,No,0
4352,6671-NGWON,4352,4352,4352,7,20.35,150.6,21.514285714285712,No,0
4353,0595-ITUDF,4353,4353,4353,64,91.8,5960.5,93.1328125,No,0
4354,6996-KNSML,4354,4354,4354,1,74.9,74.9,74.9,Yes,1
4355,1955-IBMMB,4355,4355,4355,59,20.2,1192.3,20.208474576271186,No,0
4356,0096-BXERS,4356,4356,4356,6,50.35,314.55,52.425000000000004,No,0
4357,3806-YAZOV,4357,4357,4357,3,18.8,56.0,18.666666666666668,No,0
4358,7998-ZLXWN,4358,4358,4358,15,20.45,330.8,22.053333333333335,No,0
4359,6253-WRFHY,4359,4359,4359,13,64.75,877.35,67.48846153846154,No,0
4360,9133-AYJZG,4360,4360,4360,23,98.7,2249.1,97.78695652173913,No,0
4361,2675-OTVVJ,4361,4361,4361,31,89.45,2807.65,90.56935483870969,No,0
4362,8680-CGLTP,4362,4362,4362,29,58.75,1696.2,58.4896551724138,No,0
4363,8430-TWCBX,4363,4363,4363,49,20.7,1032.05,21.062244897959182,No,0
4364,5018-GWURO,4364,4364,4364,56,85.6,4902.8,87.55,No,0
4365,6741-QRLUP,4365,4365,4365,63,80.3,4995.35,79.29126984126985,No,0
4366,4737-HOBAX,4366,4366,4366,63,79.8,5034.05,79.90555555555555,No,0
4367,0537-QYZZN,4367,4367,4367,24,79.85,1857.75,77.40625,No,0
4368,3340-QBBFM,4368,4368,4368,36,54.1,1992.85,55.356944444444444,No,0
4369,1704-NRWYE,4369,4369,4369,9,80.85,751.65,83.51666666666667,Yes,1
4370,2592-SEIFQ,4370,4370,4370,3,24.75,66.95,22.316666666666666,Yes,1
4371,8200-KLNYW,4371,4371,4371,21,80.9,1714.95,81.66428571428571,No,0
4372,3372-CDXFJ,4372,4372,4372,13,24.5,343.6,26.430769230769233,No,0
4373,4781-ZXYGU,4373,4373,4373,1,20.15,20.15,20.15,No,0
4374,7632-YUTXB,4374,4374,4374,25,20.05,520.1,20.804000000000002,No,0
4375,2718-YSKCS,4375,4375,4375,71,19.6,1387.45,19.541549295774647,No,0
4376,9896-UYMIE,4376,4376,4376,66,114.3,7383.7,111.87424242424242,No,0
4377,0853-NWIFK,4377,4377,4377,45,100.3,4483.95,99.64333333333333,No,0
4378,8212-CRQXP,4378,4378,4378,22,80.0,1706.45,77.56590909090909,No,0
4379,6980-CDGFC,4379,4379,4379,67,20.85,1327.4,19.811940298507466,No,0
4380,7691-XVTZH,4380,4380,4380,68,89.95,5974.3,87.85735294117647,No,0
4381,2520-SGTTA,4381,4381,4381,0,20.0,,20.0,No,0
4382,7481-ATQQS,4382,4382,4382,49,90.85,4515.85,92.16020408163266,Yes,1
4383,2277-VWCNI,4383,4383,4383,4,48.75,179.85,44.9625,No,0
4384,1088-CNNKB,4384,4384,4384,63,80.0,5040.2,80.0031746031746,No,0
4385,8642-GVWRF,4385,4385,4385,2,79.7,165.0,82.5,Yes,1
4386,1930-BZLHI,4386,4386,4386,21,20.35,422.7,20.128571428571426,No,0
4387,3400-ESFUW,4387,4387,4387,55,57.55,3046.4,55.38909090909091,Yes,1
4388,5868-YTYKS,4388,4388,4388,1,20.25,20.25,20.25,No,0
4389,3525-DVKFN,4389,4389,4389,17,19.4,358.05,21.061764705882354,No,0
4390,1482-OXZSY,4390,4390,4390,30,100.4,2936.25,97.875,No,0
4391,0377-JBKKT,4391,4391,4391,22,57.95,1271.8,57.809090909090905,No,0
4392,5778-BVOFB,4392,4392,4392,9,59.5,530.05,58.89444444444444,No,0
4393,3373-YZZYM,4393,4393,4393,1,19.2,19.2,19.2,No,0
4394,2057-ZBLPD,4394,4394,4394,21,86.5,1808.7,86.12857142857143,Yes,1
4395,0228-MAUWC,4395,4395,4395,19,59.55,1144.6,60.24210526315789,No,0
4396,5502-RLUYV,4396,4396,4396,69,103.95,7446.9,107.92608695652173,Yes,1
4397,0023-HGHWL,4397,4397,4397,1,25.1,25.1,25.1,Yes,1
4398,7663-YJHSN,4398,4398,4398,72,103.95,7556.9,104.95694444444445,No,0
4399,4915-BFSXL,4399,4399,4399,70,68.95,4858.7,69.41,No,0
4400,3086-RUCRN,4400,4400,4400,66,103.1,6595.0,99.92424242424242,No,0
4401,5215-LNLDJ,4401,4401,4401,7,24.7,149.05,21.292857142857144,No,0
4402,7576-JMYWV,4402,4402,4402,46,110.2,4972.1,108.08913043478262,No,0
4403,9039-RBEEE,4403,4403,4403,39,48.95,1880.85,48.22692307692307,Yes,1
4404,0257-KXZGU,4404,4404,4404,32,62.45,2045.55,63.9234375,No,0
4405,1307-ATKGB,4405,4405,4405,24,89.55,2187.15,91.13125000000001,No,0
4406,8417-FMLZI,4406,4406,4406,6,83.55,477.55,79.59166666666667,Yes,1
4407,3714-XPXBW,4407,4407,4407,37,78.9,2976.95,80.4581081081081,No,0
4408,1850-AKQEP,4408,4408,4408,8,20.35,178.7,22.3375,No,0
4409,2824-DXNKN,4409,4409,4409,72,71.45,5025.85,69.80347222222223,No,0
4410,5227-JSCFE,4410,4410,4410,71,46.35,3353.4,47.23098591549296,No,0
4411,0848-ZGQIJ,4411,4411,4411,16,94.65,1461.15,91.321875,No,0
4412,3621-CHYVB,4412,4412,4412,57,49.9,2782.4,48.8140350877193,No,0
4413,8042-RNLKO,4413,4413,4413,66,25.45,1699.15,25.74469696969697,No,0
4414,1792-UXAFY,4414,4414,4414,17,89.15,1496.9,88.0529411764706,Yes,1
4415,5372-FBKBN,4415,4415,4415,21,20.75,452.2,21.53333333333333,No,0
4416,0420-TXVSG,4416,4416,4416,66,66.1,4428.45,67.09772727272727,No,0
4417,6217-TOWGS,4417,4417,4417,17,75.4,1322.55,77.79705882352941,No,0
4418,0515-YPMCW,4418,4418,4418,1,70.45,70.45,70.45,Yes,1
4419,0378-XSZPU,4419,4419,4419,58,60.3,3563.8,61.4448275862069,Yes,1
4420,1045-LTCYT,4420,4420,4420,8,21.05,139.75,17.46875,No,0
4421,1544-JJMYL,4421,4421,4421,27,69.35,1927.3,71.38148148148149,No,0
4422,4636-JGAAI,4422,4422,4422,34,88.85,3000.25,88.24264705882354,No,0
4423,6874-SGLHU,4423,4423,4423,30,97.0,3021.3,100.71000000000001,No,0
4424,5951-AOFIH,4424,4424,4424,33,66.4,2245.4,68.04242424242425,No,0
4425,4729-XKASR,4425,4425,4425,1,24.75,24.75,24.75,Yes,1
4426,3059-NGMXB,4426,4426,4426,14,69.2,944.65,67.475,No,0
4427,8652-YHIYU,4427,4427,4427,16,79.5,1264.2,79.0125,No,0
4428,5278-PNYOX,4428,4428,4428,49,100.65,4917.75,100.36224489795919,No,0
4429,5449-FIBXJ,4429,4429,4429,19,103.3,2012.7,105.93157894736842,Yes,1
4430,3486-HOOGQ,4430,4430,4430,70,79.7,5743.3,82.04714285714286,No,0
4431,5061-PBXFW,4431,4431,4431,32,61.4,1864.65,58.2703125,No,0
4432,8630-FJLIB,4432,4432,4432,18,69.8,1221.65,67.86944444444445,No,0
4433,3891-NLXJB,4433,4433,4433,37,40.55,1390.85,37.59054054054054,No,0
4434,4749-OJKQU,4434,4434,4434,4,75.65,302.35,75.5875,No,0
4435,0577-WHMEV,4435,4435,4435,16,90.7,1374.9,85.93125,No,0
4436,5453-AXEPF,4436,4436,4436,17,80.5,1336.9,78.64117647058823,No,0
4437,3639-XJHKQ,4437,4437,4437,19,60.6,1297.8,68.30526315789473,No,0
4438,3716-LRGXK,4438,4438,4438,60,101.15,6067.4,101.12333333333332,No,0
4439,2263-SFSQZ,4439,4439,4439,51,24.95,1222.25,23.965686274509803,No,0
4440,9950-MTGYX,4440,4440,4440,28,20.3,487.95,17.426785714285714,No,0
4441,3397-AVTKU,4441,4441,4441,43,60.0,2548.55,59.268604651162796,No,0
4442,4825-FUREZ,4442,4442,4442,42,20.25,835.5,19.892857142857142,No,0
4443,9837-BMCLM,4443,4443,4443,3,78.5,242.05,80.68333333333334,Yes,1
4444,2672-OJQZP,4444,4444,4444,1,44.75,44.75,44.75,No,0
4445,0137-UDEUO,4445,4445,4445,3,19.85,63.75,21.25,Yes,1
4446,3134-DSHVC,4446,4446,4446,63,98.0,6218.45,98.70555555555555,No,0
4447,6161-UUUTA,4447,4447,4447,3,79.9,260.9,86.96666666666665,Yes,1
4448,7821-DPRQE,4448,4448,4448,68,107.7,7320.9,107.66029411764706,No,0
4449,6543-XRMYR,4449,4449,4449,30,99.7,2967.35,98.91166666666666,Yes,1
4450,2001-EWBQU,4450,4450,4450,60,104.7,6333.8,105.56333333333333,No,0
4451,4925-LMHOK,4451,4451,4451,15,58.6,939.7,62.64666666666667,Yes,1
4452,1608-GMEWB,4452,4452,4452,45,93.9,4200.25,93.33888888888889,No,0
4453,6695-AMZUF,4453,4453,4453,70,86.45,5950.2,85.00285714285714,No,0
4454,1455-UGQVH,4454,4454,4454,10,98.5,1037.75,103.775,Yes,1
4455,8410-BGQXN,4455,4455,4455,4,19.4,93.4,23.35,No,0
4456,8280-MQRQN,4456,4456,4456,1,50.45,50.45,50.45,Yes,1
4457,1619-YWUBB,4457,4457,4457,68,24.95,1614.9,23.748529411764707,No,0
4458,7611-YKYTC,4458,4458,4458,22,75.0,1573.95,71.54318181818182,No,0
4459,2037-SGXHH,4459,4459,4459,38,94.65,3624.3,95.3763157894737,Yes,1
4460,3178-FESZO,4460,4460,4460,1,100.25,100.25,100.25,Yes,1
4461,0365-GXEZS,4461,4461,4461,18,78.2,1468.75,81.59722222222223,No,0
4462,0082-OQIQY,4462,4462,4462,29,94.2,2607.6,89.91724137931034,No,0
4463,6087-MVHJH,4463,4463,4463,16,88.45,1422.1,88.88125,Yes,1
4464,4603-JANFB,4464,4464,4464,1,69.85,69.85,69.85,Yes,1
4465,3018-TFTSU,4465,4465,4465,12,81.7,858.6,71.55,Yes,1
4466,3606-SBKRY,4466,4466,4466,31,50.05,1523.4,49.141935483870974,No,0
4467,4806-KEXQR,4467,4467,4467,4,79.9,324.3,81.075,Yes,1
4468,0667-NSRGI,4468,4468,4468,48,69.55,3435.6,71.575,No,0
4469,7083-YNSKY,4469,4469,4469,15,25.4,399.6,26.64,Yes,1
4470,6893-ODYYE,4470,4470,4470,50,90.1,4549.45,90.98899999999999,No,0
4471,8242-JSVBO,4471,4471,4471,7,44.65,322.5,46.07142857142857,No,0
4472,2479-BRAMR,4472,4472,4472,41,83.75,3273.55,79.84268292682927,Yes,1
4473,9541-ZPSEA,4473,4473,4473,68,80.35,5375.15,79.04632352941177,No,0
4474,2665-NPTGL,4474,4474,4474,26,98.1,2510.7,96.5653846153846,No,0
4475,1139-WUOAH,4475,4475,4475,57,53.35,3090.05,54.21140350877193,No,0
4476,4693-VWVBO,4476,4476,4476,3,19.55,61.05,20.349999999999998,No,0
4477,7434-SHXLS,4477,4477,4477,1,20.9,20.9,20.9,Yes,1
4478,6937-GCDGQ,4478,4478,4478,19,48.95,955.6,50.294736842105266,No,0
4479,0988-JRWWP,4479,4479,4479,3,54.2,140.4,46.800000000000004,No,0
4480,5075-JSDKI,4480,4480,4480,59,24.45,1493.1,25.306779661016947,No,0
4481,7908-QCBCA,4481,4481,4481,1,69.4,69.4,69.4,Yes,1
4482,8644-XYTSV,4482,4482,4482,42,40.15,1626.05,38.71547619047619,No,0
4483,6711-FLDFB,4483,4483,4483,7,74.9,541.15,77.30714285714285,Yes,1
4484,3873-WOSBC,4484,4484,4484,67,25.6,1784.9,26.64029850746269,No,0
4485,7465-ZZRVX,4485,4485,4485,1,70.35,70.35,70.35,No,0
4486,7975-JMZNT,4486,4486,4486,66,91.7,6075.9,92.0590909090909,No,0
4487,7251-XFOIL,4487,4487,4487,61,89.2,5500.6,90.17377049180328,No,0
4488,4116-IQRFR,4488,4488,4488,4,24.1,73.1,18.275,No,0
4489,3714-JTVOV,4489,4489,4489,42,74.15,3229.4,76.89047619047619,Yes,1
4490,8259-DZLIZ,4490,4490,4490,64,53.85,3399.85,53.12265625,No,0
4491,0442-ZXKVS,4491,4491,4491,54,115.6,6431.05,119.09351851851852,No,0
4492,7853-WNZSY,4492,4492,4492,1,19.75,19.75,19.75,No,0
4493,3120-FAZKD,4493,4493,4493,54,24.05,1230.9,22.794444444444448,No,0
4494,8606-OEGQZ,4494,4494,4494,18,25.3,454.65,25.258333333333333,No,0
4495,0225-ZORZP,4495,4495,4495,3,84.3,235.05,78.35000000000001,No,0
4496,4702-IOQDC,4496,4496,4496,1,70.1,70.1,70.1,Yes,1
4497,9489-JMTTN,4497,4497,4497,72,89.75,6595.9,91.60972222222222,No,0
4498,0575-CUQOV,4498,4498,4498,60,97.95,5867.0,97.78333333333333,No,0
4499,0967-BMLBD,4499,4499,4499,11,20.0,196.35,17.849999999999998,No,0
4500,6178-KFNHS,4500,4500,4500,12,78.3,909.25,75.77083333333333,Yes,1
4501,2830-LEWOA,4501,4501,4501,61,103.9,6449.15,105.72377049180328,No,0
4502,5006-MXVRN,4502,4502,4502,39,20.7,762.45,19.55,No,0
4503,1264-BYWMS,4503,4503,4503,55,96.8,5283.95,96.07181818181817,Yes,1
4504,9658-WYUFB,4504,4504,4504,17,94.4,1617.5,95.1470588235294,Yes,1
4505,8327-WKMIE,4505,4505,4505,37,20.15,785.75,21.236486486486488,No,0
4506,6917-FIJHC,4506,4506,4506,72,26.0,1776.0,24.666666666666668,No,0
4507,5329-KRDTM,4507,4507,4507,72,77.35,5396.25,74.94791666666667,No,0
4508,7797-EJMDP,4508,4508,4508,8,66.05,574.5,71.8125,No,0
4509,3530-VWVGU,4509,4509,4509,22,19.9,400.3,18.195454545454545,No,0
4510,2013-SGDXK,4510,4510,4510,1,84.3,84.3,84.3,Yes,1
4511,6368-NWMCE,4511,4511,4511,38,68.15,2656.3,69.90263157894738,No,0
4512,3633-CDBUW,4512,4512,4512,17,80.85,1445.95,85.05588235294118,No,0
4513,0707-HOVVN,4513,4513,4513,70,75.5,5212.65,74.46642857142857,No,0
4514,8580-QVLOC,4514,4514,4514,72,92.45,6440.25,89.44791666666667,Yes,1
4515,3956-MGXOG,4515,4515,4515,28,80.6,2244.95,80.17678571428571,No,0
4516,9274-UARKJ,4516,4516,4516,15,83.2,1130.0,75.33333333333333,No,0
4517,4077-HWUYD,4517,4517,4517,72,87.55,6463.15,89.76597222222222,No,0
4518,2012-NWRPA,4518,4518,4518,11,99.55,1131.2,102.83636363636364,Yes,1
4519,8808-ELEHO,4519,4519,4519,8,81.25,585.95,73.24375,Yes,1
4520,0103-CSITQ,4520,4520,4520,57,109.4,6252.7,109.69649122807017,No,0
4521,3506-LCJDC,4521,4521,4521,1,19.95,19.95,19.95,Yes,1
4522,8671-KKKOS,4522,4522,4522,46,45.55,2062.15,44.82934782608696,No,0
4523,7305-ZWMAJ,4523,4523,4523,30,20.7,587.1,19.57,No,0
4524,9518-XXBXE,4524,4524,4524,10,75.3,720.45,72.045,No,0
4525,3934-HXCFZ,4525,4525,4525,23,99.25,2186.4,95.0608695652174,Yes,1
4526,6578-KRMAW,4526,4526,4526,32,93.4,2979.3,93.103125,No,0
4527,4860-IJUDE,4527,4527,4527,13,73.75,956.65,73.58846153846153,No,0
4528,7666-WKRON,4528,4528,4528,39,80.45,3201.55,82.09102564102565,Yes,1
4529,9688-YGXVR,4529,4529,4529,44,88.15,3973.2,90.3,No,0
4530,0423-UDIJQ,4530,4530,4530,9,49.2,447.9,49.766666666666666,No,0
4531,1945-XISKS,4531,4531,4531,67,19.65,1335.2,19.928358208955224,No,0
4532,4910-AQFFX,4532,4532,4532,9,79.35,661.25,73.47222222222223,Yes,1
4533,2154-KVJFF,4533,4533,4533,15,79.75,1111.85,74.12333333333332,Yes,1
4534,5360-LJCNJ,4534,4534,4534,71,105.15,7555.0,106.40845070422536,No,0
4535,2607-FBDFF,4535,4535,4535,1,49.0,49.0,49.0,No,0
4536,9647-ERGBE,4536,4536,4536,30,100.05,3046.15,101.53833333333334,Yes,1
4537,3428-XZMAZ,4537,4537,4537,1,69.35,69.35,69.35,Yes,1
4538,1100-DDVRV,4538,4538,4538,17,49.8,836.35,49.19705882352941,No,0
4539,0378-TOVMS,4539,4539,4539,3,85.8,272.2,90.73333333333333,Yes,1
4540,4355-HBJHH,4540,4540,4540,67,79.7,5293.4,79.00597014925373,Yes,1
4541,6728-WYQBC,4541,4541,4541,1,20.95,20.95,20.95,No,0
4542,9058-CBREO,4542,4542,4542,1,50.55,50.55,50.55,Yes,1
4543,9029-FEGVJ,4543,4543,4543,32,79.3,2570.0,80.3125,No,0
4544,7216-KAOID,4544,4544,4544,41,19.5,798.2,19.46829268292683,No,0
4545,0318-QUUOB,4545,4545,4545,1,80.55,80.55,80.55,Yes,1
4546,6145-NNPNO,4546,4546,4546,1,44.15,44.15,44.15,No,0
4547,5520-FVEWJ,4547,4547,4547,12,84.5,916.9,76.40833333333333,Yes,1
4548,5339-TJFEK,4548,4548,4548,62,105.5,6487.2,104.63225806451612,No,0
4549,5572-ZDXHY,4549,4549,4549,22,84.3,1855.65,84.34772727272728,Yes,1
4550,2074-GUHPQ,4550,4550,4550,17,92.7,1556.85,91.57941176470588,No,0
4551,4625-XMOYM,4551,4551,4551,72,26.25,1988.05,27.611805555555556,No,0
4552,5827-MWCZK,4552,4552,4552,56,96.95,5432.2,97.00357142857142,No,0
4553,1385-TQOZW,4553,4553,4553,9,20.45,147.55,16.394444444444446,No,0
4554,5914-XRFQB,4554,4554,4554,72,115.8,8424.9,117.01249999999999,No,0
4555,4329-YPDDQ,4555,4555,4555,20,108.2,2203.7,110.18499999999999,No,0
4556,4804-NCPET,4556,4556,4556,19,20.2,387.4,20.389473684210525,No,0
4557,3750-CKVKH,4557,4557,4557,2,67.75,116.65,58.325,Yes,1
4558,5944-UGLLK,4558,4558,4558,53,54.9,3045.75,57.466981132075475,No,0
4559,8063-GBATB,4559,4559,4559,27,85.25,2287.25,84.71296296296296,Yes,1
4560,7787-BNTZM,4560,4560,4560,6,20.15,130.5,21.75,No,0
4561,2252-ISRNH,4561,4561,4561,9,90.35,767.9,85.32222222222222,No,0
4562,9415-TPKRV,4562,4562,4562,8,55.75,446.8,55.85,No,0
4563,5322-TEUJK,4563,4563,4563,71,114.6,8100.25,114.08802816901408,No,0
4564,4547-KQRTM,4564,4564,4564,10,80.05,830.7,83.07000000000001,Yes,1
4565,4877-EVATK,4565,4565,4565,1,20.0,20.0,20.0,Yes,1
4566,1866-DIOQZ,4566,4566,4566,71,66.8,4689.15,66.0443661971831,No,0
4567,8375-KVTHK,4567,4567,4567,68,100.3,6754.35,99.32867647058823,No,0
4568,2697-NQBPF,4568,4568,4568,34,105.35,3540.65,104.13676470588236,No,0
4569,3709-OIJEA,4569,4569,4569,26,85.2,2184.6,84.02307692307691,No,0
4570,7639-SUPCW,4570,4570,4570,22,48.8,1054.6,47.93636363636363,Yes,1
4571,1386-ZIKUV,4571,4571,4571,7,18.95,130.55,18.650000000000002,No,0
4572,0599-XNYDO,4572,4572,4572,20,69.8,1540.35,77.0175,No,0
4573,6377-WHAOX,4573,4573,4573,60,106.15,6411.25,106.85416666666667,No,0
4574,6855-VLGOS,4574,4574,4574,72,20.55,1432.55,19.896527777777777,No,0
4575,8999-XXGNS,4575,4575,4575,72,105.75,7629.85,105.9701388888889,No,0
4576,8746-OQQRW,4576,4576,4576,4,25.25,101.9,25.475,No,0
4577,3181-MIZBN,4577,4577,4577,16,19.75,313.4,19.5875,No,0
4578,0471-ARVMX,4578,4578,4578,62,104.85,6312.9,101.82096774193548,No,0
4579,7766-CLTIC,4579,4579,4579,10,60.95,629.55,62.955,No,0
4580,5650-YLIBA,4580,4580,4580,31,81.15,2640.55,85.17903225806452,No,0
4581,0825-CPPQH,4581,4581,4581,71,19.1,1372.45,19.330281690140847,No,0
4582,9084-OAYKL,4582,4582,4582,58,20.8,1212.25,20.900862068965516,No,0
4583,6122-LJADA,4583,4583,4583,70,90.15,6237.05,89.10071428571429,No,0
4584,2400-XIWIO,4584,4584,4584,71,90.1,6310.9,88.88591549295774,No,0
4585,7524-VRLPL,4585,4585,4585,69,74.1,5031.0,72.91304347826087,No,0
4586,1069-XAIEM,4586,4586,4586,1,85.05,85.05,85.05,Yes,1
4587,7569-NMZYQ,4587,4587,4587,72,118.75,8672.45,120.45069444444445,No,0
4588,5201-USSQZ,4588,4588,4588,26,85.9,2196.45,84.47884615384615,No,0
4589,2105-PHWON,4589,4589,4589,33,95.0,3008.15,91.1560606060606,No,0
4590,1494-EJZDW,4590,4590,4590,10,20.15,220.8,22.080000000000002,No,0
4591,4884-TVUQF,4591,4591,4591,57,101.3,5779.6,101.39649122807018,No,0
4592,8003-EWNDZ,4592,4592,4592,10,21.2,222.65,22.265,No,0
4593,1897-RCFUM,4593,4593,4593,39,24.2,914.6,23.451282051282053,No,0
4594,9256-JTBNZ,4594,4594,4594,11,20.3,246.3,22.39090909090909,No,0
4595,4658-HCOHW,4595,4595,4595,21,102.8,2110.15,100.48333333333333,Yes,1
4596,2211-RMNHO,4596,4596,4596,68,85.3,5560.0,81.76470588235294,No,0
4597,2432-TFSMK,4597,4597,4597,18,89.6,1633.0,90.72222222222223,No,0
4598,3440-JPSCL,4598,4598,4598,6,99.95,547.65,91.27499999999999,Yes,1
4599,4929-ROART,4599,4599,4599,18,56.25,969.85,53.88055555555556,No,0
4600,1834-ABKHQ,4600,4600,4600,52,50.95,2610.65,50.204807692307696,No,0
4601,1741-WTPON,4601,4601,4601,56,115.85,6567.9,117.28392857142856,No,0
4602,3932-IJWDZ,4602,4602,4602,45,103.65,4747.85,105.50777777777779,No,0
4603,1240-HCBOH,4603,4603,4603,67,26.1,1759.55,26.26194029850746,No,0
4604,3594-KADLU,4604,4604,4604,3,35.1,101.1,33.699999999999996,No,0
4605,8065-BVEPF,4605,4605,4605,65,99.1,6496.15,99.94076923076922,No,0
4606,3796-ENZGF,4606,4606,4606,63,67.25,4234.15,67.20873015873015,No,0
4607,1734-ZMNTZ,4607,4607,4607,11,25.0,300.7,27.336363636363636,No,0
4608,2853-CWQFQ,4608,4608,4608,1,59.55,59.55,59.55,No,0
4609,0813-TAXXS,4609,4609,4609,55,77.8,4323.35,78.60636363636364,No,0
4610,2519-TWKFS,4610,4610,4610,25,55.1,1466.1,58.644,No,0
4611,2889-FPWRM,4611,4611,4611,72,117.8,8684.8,120.6222222222222,Yes,1
4612,0626-QXNGV,4612,4612,4612,72,24.15,1776.45,24.672916666666666,No,0
4613,6723-CEGQI,4613,4613,4613,65,45.25,2933.95,45.137692307692305,No,0
4614,6987-XQSJT,4614,4614,4614,54,79.5,4370.25,80.93055555555556,Yes,1
4615,4732-RRJZC,4615,4615,4615,7,20.25,144.35,20.62142857142857,No,0
4616,9499-XPZXM,4616,4616,4616,72,64.75,4804.75,66.73263888888889,No,0
4617,4338-EYCER,4617,4617,4617,21,54.6,1125.2,53.58095238095238,No,0
4618,3007-FDPEA,4618,4618,4618,2,20.7,39.85,19.925,No,0
4619,6350-XFYGW,4619,4619,4619,4,94.75,422.4,105.6,No,0
4620,4290-BSXUX,4620,4620,4620,3,79.65,251.75,83.91666666666667,Yes,1
4621,8513-OLYGY,4621,4621,4621,72,115.8,8332.15,115.72430555555555,No,0
4622,0311-QYWSS,4622,4622,4622,6,49.45,314.6,52.43333333333334,No,0
4623,8705-DWKTI,4623,4623,4623,52,83.8,4331.4,83.29615384615384,No,0
4624,8755-IWJHN,4624,4624,4624,69,95.35,6382.0,92.4927536231884,No,0
4625,0325-XBFAC,4625,4625,4625,8,94.7,740.3,92.5375,Yes,1
4626,4480-QQRHC,4626,4626,4626,8,74.05,600.15,75.01875,No,0
4627,0929-PECLO,4627,4627,4627,63,89.6,5538.8,87.91746031746032,No,0
4628,3680-CTHUH,4628,4628,4628,60,116.6,7049.5,117.49166666666666,No,0
4629,1202-KKGFU,4629,4629,4629,12,54.2,690.5,57.541666666666664,No,0
4630,6112-KTHFQ,4630,4630,4630,13,19.3,279.3,21.484615384615385,No,0
4631,1852-XEMDW,4631,4631,4631,22,65.05,1427.55,64.88863636363637,No,0
4632,2462-XIIJB,4632,4632,4632,5,92.5,452.7,90.53999999999999,Yes,1
4633,4760-XOHVN,4633,4633,4633,1,19.45,19.45,19.45,Yes,1
4634,1820-DJFPH,4634,4634,4634,72,24.05,1709.15,23.738194444444446,No,0
4635,9426-SXNHE,4635,4635,4635,2,18.75,53.15,26.575,No,0
4636,9068-FHQHD,4636,4636,4636,40,20.15,777.35,19.43375,No,0
4637,1269-FOYWN,4637,4637,4637,44,20.0,860.85,19.56477272727273,No,0
4638,9470-YFUYI,4638,4638,4638,71,71.0,5012.1,70.59295774647887,No,0
4639,7817-BOQPW,4639,4639,4639,2,75.55,166.3,83.15,Yes,1
4640,7402-EYFXX,4640,4640,4640,26,93.6,2404.1,92.46538461538461,No,0
4641,1853-UDXBW,4641,4641,4641,1,70.0,70.0,70.0,Yes,1
4642,9895-VFOXH,4642,4642,4642,1,24.4,24.4,24.4,No,0
4643,5458-CQJTA,4643,4643,4643,65,74.8,4820.15,74.15615384615384,Yes,1
4644,1230-QAJDW,4644,4644,4644,3,65.25,209.9,69.96666666666667,No,0
4645,5701-ZIKJE,4645,4645,4645,13,50.55,610.75,46.98076923076923,No,0
4646,5219-YIPTK,4646,4646,4646,33,104.4,3409.6,103.32121212121211,Yes,1
4647,5032-MIYKT,4647,4647,4647,1,70.7,70.7,70.7,No,0
4648,7396-VJUZB,4648,4648,4648,4,45.25,155.35,38.8375,No,0
4649,9717-QEBGU,4649,4649,4649,2,70.3,144.0,72.0,No,0
4650,5172-RKOCB,4650,4650,4650,72,108.95,7875.0,109.375,No,0
4651,6509-TSGWN,4651,4651,4651,37,26.45,911.6,24.63783783783784,No,0
4652,3540-RZJYU,4652,4652,4652,15,86.2,1270.2,84.68,Yes,1
4653,3178-CIFOT,4653,4653,4653,23,19.65,478.1,20.786956521739132,No,0
4654,2091-MJTFX,4654,4654,4654,30,51.2,1561.5,52.05,Yes,1
4655,4530-NDRKU,4655,4655,4655,42,19.05,761.85,18.139285714285716,No,0
4656,5985-TBABQ,4656,4656,4656,32,74.75,2282.95,71.3421875,No,0
4657,9800-ONTFE,4657,4657,4657,22,75.8,1615.1,73.41363636363636,No,0
4658,6743-HHQPF,4658,4658,4658,42,25.1,1097.15,26.12261904761905,No,0
4659,8455-HIRAQ,4659,4659,4659,8,44.45,369.3,46.1625,No,0
4660,6616-AALSR,4660,4660,4660,65,104.3,6725.3,103.46615384615384,No,0
4661,0883-EIBTI,4661,4661,4661,2,19.5,31.55,15.775,Yes,1
4662,9415-ZNBSX,4662,4662,4662,70,89.0,6293.2,89.90285714285714,No,0
4663,4018-KJYUY,4663,4663,4663,22,20.15,432.5,19.65909090909091,No,0
4664,0722-TROQR,4664,4664,4664,4,74.9,321.75,80.4375,Yes,1
4665,7571-YXDAD,4665,4665,4665,2,74.9,147.15,73.575,Yes,1
4666,3884-UEBXB,4666,4666,4666,67,36.15,2434.45,36.33507462686567,No,0
4667,8780-RSYYU,4667,4667,4667,25,19.2,532.1,21.284000000000002,No,0
4668,5537-UXXVS,4668,4668,4668,20,19.25,375.25,18.7625,No,0
4669,1791-PQHBB,4669,4669,4669,2,61.2,125.95,62.975,No,0
4670,8701-DGLVH,4670,4670,4670,51,20.45,1042.65,20.444117647058825,No,0
4671,8741-LQOBK,4671,4671,4671,46,35.05,1620.25,35.22282608695652,No,0
4672,3393-FMZPV,4672,4672,4672,25,100.25,2387.75,95.51,Yes,1
4673,8082-GHXOP,4673,4673,4673,13,44.0,659.35,50.71923076923077,No,0
4674,6402-ZFPPI,4674,4674,4674,25,102.8,2660.2,106.40799999999999,Yes,1
4675,0980-FEXWF,4675,4675,4675,26,50.35,1285.8,49.45384615384615,No,0
4676,7486-KSRVI,4676,4676,4676,43,100.0,4211.55,97.94302325581396,Yes,1
4677,3011-WQKSZ,4677,4677,4677,19,20.0,377.55,19.871052631578948,No,0
4678,8443-WVPSS,4678,4678,4678,10,99.85,990.9,99.09,Yes,1
4679,3006-XIMLN,4679,4679,4679,2,94.2,193.8,96.9,Yes,1
4680,8218-FFJDS,4680,4680,4680,72,86.4,6058.95,84.15208333333334,No,0
4681,1986-PHGZF,4681,4681,4681,18,58.4,964.9,53.605555555555554,No,0
4682,9965-YOKZB,4682,4682,4682,9,83.85,790.15,87.79444444444444,Yes,1
4683,0504-HHAPI,4683,4683,4683,27,88.3,2467.75,91.39814814814815,Yes,1
4684,9360-OMDZZ,4684,4684,4684,24,94.1,2322.85,96.78541666666666,No,0
4685,6305-YLBMM,4685,4685,4685,69,104.05,7262.0,105.2463768115942,Yes,1
4686,0345-XMMUG,4686,4686,4686,46,108.9,4854.3,105.52826086956522,No,0
4687,8024-XNAFQ,4687,4687,4687,72,107.4,7748.75,107.62152777777777,No,0
4688,3647-GMGDH,4688,4688,4688,22,94.7,1914.9,87.0409090909091,Yes,1
4689,2988-GBIVW,4689,4689,4689,70,90.85,6470.1,92.43,No,0
4690,2832-SCUCO,4690,4690,4690,2,19.9,57.4,28.7,No,0
4691,7036-ZZKBD,4691,4691,4691,31,66.4,2019.8,65.15483870967742,No,0
4692,3791-LGQCY,4692,4692,4692,56,100.65,5688.05,101.57232142857143,Yes,1
4693,0265-PSUAE,4693,4693,4693,16,100.7,1522.7,95.16875,No,0
4694,0463-TXOAK,4694,4694,4694,52,25.6,1334.5,25.66346153846154,No,0
4695,0594-UFTUL,4695,4695,4695,13,19.85,252.0,19.384615384615383,No,0
4696,9509-MPYOD,4696,4696,4696,35,20.75,700.45,20.012857142857143,No,0
4697,9128-CPXKI,4697,4697,4697,59,95.8,5655.45,95.85508474576271,No,0
4698,0129-KPTWJ,4698,4698,4698,72,94.65,6747.35,93.71319444444445,No,0
4699,8166-ZZTFS,4699,4699,4699,66,80.55,5265.1,79.77424242424243,Yes,1
4700,5855-EIBDE,4700,4700,4700,49,106.65,5174.35,105.59897959183674,No,0
4701,5365-LLFYV,4701,4701,4701,2,45.85,105.6,52.8,No,0
4702,5956-YHHRX,4702,4702,4702,21,104.35,2271.85,108.18333333333332,No,0
4703,6008-NAIXK,4703,4703,4703,54,55.45,2966.95,54.943518518518516,No,0
4704,2956-GGUCQ,4704,4704,4704,24,78.85,1772.25,73.84375,Yes,1
4705,1928-BXYIV,4705,4705,4705,1,61.15,61.15,61.15,No,0
4706,5760-FXFVO,4706,4706,4706,6,78.95,494.95,82.49166666666666,No,0
4707,6595-COKXZ,4707,4707,4707,1,44.45,44.45,44.45,Yes,1
4708,0961-ZWLVI,4708,4708,4708,49,109.2,5290.45,107.96836734693878,No,0
4709,5181-OABFK,4709,4709,4709,56,61.3,3346.8,59.76428571428572,No,0
4710,4007-NHVHI,4710,4710,4710,56,96.85,5219.65,93.20803571428571,No,0
4711,7816-VGHTO,4711,4711,4711,6,40.55,217.5,36.25,No,0
4712,5871-DGTXZ,4712,4712,4712,32,19.8,607.7,18.990625,No,0
4713,7550-WIQVA,4713,4713,4713,50,108.25,5431.4,108.62799999999999,No,0
4714,7544-ZVIKX,4714,4714,4714,58,105.05,6004.85,103.53189655172415,No,0
4715,0016-QLJIS,4715,4715,4715,65,90.45,5957.9,91.66,No,0
4716,7508-DQAKK,4716,4716,4716,64,86.4,5442.05,85.03203125,No,0
4717,5176-OLSKT,4717,4717,4717,66,66.9,4370.25,66.2159090909091,No,0
4718,9356-AXGMP,4718,4718,4718,38,110.7,4428.6,116.54210526315791,No,0
4719,3556-BVQGL,4719,4719,4719,20,20.0,416.45,20.822499999999998,No,0
4720,0362-ZBZWJ,4720,4720,4720,36,84.9,3067.2,85.19999999999999,Yes,1
4721,8979-CAMGB,4721,4721,4721,64,102.1,6688.1,104.5015625,No,0
4722,4211-MMAZN,4722,4722,4722,1,20.25,20.25,20.25,Yes,1
4723,7581-EBBOU,4723,4723,4723,60,70.15,4224.7,70.41166666666666,No,0
4724,4274-OWWYO,4724,4724,4724,1,74.35,74.35,74.35,Yes,1
4725,5073-RZGBK,4725,4725,4725,50,80.05,4042.2,80.844,No,0
4726,1541-ETJZO,4726,4726,4726,1,62.05,62.05,62.05,Yes,1
4727,2192-CKRLV,4727,4727,4727,72,49.2,3580.95,49.735416666666666,No,0
4728,3154-HMWUU,4728,4728,4728,60,20.5,1198.8,19.98,No,0
4729,6119-SPUDB,4729,4729,4729,46,38.25,1755.35,38.15978260869565,No,0
4730,6522-OIQSX,4730,4730,4730,69,54.95,3772.5,54.67391304347826,No,0
4731,7813-ZGGAW,4731,4731,4731,31,96.6,2877.95,92.83709677419354,No,0
4732,8748-HFWBO,4732,4732,4732,19,19.9,357.7,18.826315789473682,No,0
4733,1052-QJIBV,4733,4733,4733,71,19.9,1397.3,19.680281690140845,No,0
4734,1319-YLZJG,4734,4734,4734,12,84.6,959.9,79.99166666666666,No,0
4735,4106-HADHQ,4735,4735,4735,39,80.0,3182.95,81.61410256410257,Yes,1
4736,0723-FDLAY,4736,4736,4736,44,85.25,3704.15,84.18522727272727,No,0
4737,3050-RLLXC,4737,4737,4737,56,81.25,4620.4,82.50714285714285,No,0
4738,9298-WGMRW,4738,4738,4738,72,115.5,8312.75,115.45486111111111,No,0
4739,2369-UAPKZ,4739,4739,4739,5,104.1,541.9,108.38,Yes,1
4740,3088-LHEFH,4740,4740,4740,11,79.0,929.3,84.48181818181818,No,0
4741,2778-OCLGR,4741,4741,4741,24,39.1,971.3,40.47083333333333,Yes,1
4742,6583-KQJLK,4742,4742,4742,15,94.65,1285.05,85.67,No,0
4743,8544-JNBOX,4743,4743,4743,72,20.8,1521.2,21.12777777777778,No,0
4744,6681-ZSEXG,4744,4744,4744,56,59.5,3389.25,60.52232142857143,No,0
4745,6139-ZZRBQ,4745,4745,4745,64,20.05,1198.05,18.71953125,No,0
4746,6116-RFVHN,4746,4746,4746,34,100.45,3414.65,100.43088235294118,No,0
4747,0637-KVDLV,4747,4747,4747,2,76.5,162.45,81.225,Yes,1
4748,8884-FEEWR,4748,4748,4748,35,20.6,754.0,21.542857142857144,No,0
4749,3125-RAHBV,4749,4749,4749,22,20.3,467.15,21.23409090909091,No,0
4750,6633-MPWBS,4750,4750,4750,5,49.2,216.9,43.38,Yes,1
4751,0373-AIVNJ,4751,4751,4751,9,39.55,373.0,41.44444444444444,No,0
4752,8785-EPNCG,4752,4752,4752,11,23.15,245.2,22.29090909090909,Yes,1
4753,1682-VCOIO,4753,4753,4753,23,20.45,481.1,20.917391304347827,No,0
4754,5729-KLZAR,4754,4754,4754,4,80.85,302.75,75.6875,Yes,1
4755,2072-ZVJJX,4755,4755,4755,68,25.25,1728.2,25.41470588235294,No,0
4756,8849-AYPTR,4756,4756,4756,33,91.25,2964.05,89.81969696969698,No,0
4757,9518-IMLHK,4757,4757,4757,31,72.45,2156.25,69.55645161290323,No,0
4758,1582-RAFML,4758,4758,4758,1,60.1,60.1,60.1,Yes,1
4759,3646-ITDGM,4759,4759,4759,56,19.7,1051.9,18.78392857142857,No,0
4760,8740-CRYFY,4760,4760,4760,1,78.95,78.95,78.95,Yes,1
4761,3569-VLDHH,4761,4761,4761,66,75.1,5013.0,75.95454545454545,No,0
4762,8224-KDLKN,4762,4762,4762,72,25.0,1738.9,24.15138888888889,No,0
4763,7594-LZNWR,4763,4763,4763,34,69.15,2275.1,66.91470588235293,No,0
4764,4001-TSBTV,4764,4764,4764,58,91.55,5511.65,95.02844827586206,No,0
4765,2962-XPMCQ,4765,4765,4765,2,45.15,98.5,49.25,Yes,1
4766,8727-XDPUD,4766,4766,4766,37,35.8,1316.9,35.5918918918919,No,0
4767,1043-UXOVO,4767,4767,4767,71,113.15,7993.3,112.58169014084507,No,0
4768,1064-FBXNK,4768,4768,4768,1,19.85,19.85,19.85,No,0
4769,3996-ZNWYK,4769,4769,4769,71,19.8,1388.45,19.555633802816903,No,0
4770,2878-DHMIN,4770,4770,4770,35,19.9,666.0,19.02857142857143,No,0
4771,7762-ONLJY,4771,4771,4771,6,19.7,94.45,15.741666666666667,No,0
4772,1678-FYZOW,4772,4772,4772,3,79.4,244.65,81.55,Yes,1
4773,5795-BKOYE,4773,4773,4773,69,59.1,4134.7,59.9231884057971,No,0
4774,8627-EHGIP,4774,4774,4774,44,53.95,2375.4,53.98636363636364,Yes,1
4775,7402-PWYJJ,4775,4775,4775,53,91.15,4862.5,91.74528301886792,No,0
4776,5480-TBGPH,4776,4776,4776,24,99.3,2431.35,101.30624999999999,Yes,1
4777,0018-NYROU,4777,4777,4777,5,68.95,351.5,70.3,No,0
4778,7501-VTYLJ,4778,4778,4778,2,51.55,106.2,53.1,No,0
4779,7608-RGIRO,4779,4779,4779,62,24.4,1413.0,22.79032258064516,No,0
4780,0480-BIXDE,4780,4780,4780,19,96.8,1743.05,91.73947368421052,No,0
4781,5895-QSXOD,4781,4781,4781,9,70.05,657.5,73.05555555555556,No,0
4782,9814-AOUDH,4782,4782,4782,53,19.5,1050.5,19.82075471698113,No,0
4783,6175-IRFIT,4783,4783,4783,5,78.75,426.35,85.27000000000001,No,0
4784,8760-ZRHKE,4784,4784,4784,71,69.2,4982.5,70.17605633802818,No,0
4785,1622-HSHSF,4785,4785,4785,1,19.55,19.55,19.55,No,0
4786,8854-CCVSQ,4786,4786,4786,18,80.65,1451.9,80.66111111111111,Yes,1
4787,6749-UTDVX,4787,4787,4787,72,103.65,7634.8,106.03888888888889,No,0
4788,5542-DHSXL,4788,4788,4788,4,54.7,235.05,58.7625,No,0
4789,9102-OXKFY,4789,4789,4789,59,54.15,3116.15,52.816101694915254,No,0
4790,0511-JTEOY,4790,4790,4790,1,71.1,71.1,71.1,Yes,1
4791,5216-WASFJ,4791,4791,4791,31,84.85,2633.4,84.9483870967742,No,0
4792,7808-DVWEP,4792,4792,4792,3,20.0,49.65,16.55,No,0
4793,7067-KSAZT,4793,4793,4793,65,106.25,6979.8,107.38153846153847,Yes,1
4794,2284-VFLKH,4794,4794,4794,49,99.25,4920.8,100.42448979591838,No,0
4795,0366-NQSHS,4795,4795,4795,2,19.35,46.35,23.175,No,0
4796,6532-YLWSI,4796,4796,4796,53,20.8,1021.8,19.279245283018867,Yes,1
4797,3807-BPOMJ,4797,4797,4797,55,94.75,5276.1,95.92909090909092,No,0
4798,3892-NXAZG,4798,4798,4798,72,114.05,8289.2,115.1277777777778,No,0
4799,4948-WBBKL,4799,4799,4799,36,74.9,2659.45,73.8736111111111,No,0
4800,4182-BGSIQ,4800,4800,4800,10,19.8,196.75,19.675,No,0
4801,9300-AGZNL,4801,4801,4801,1,94.0,94.0,94.0,Yes,1
4802,0988-AADSA,4802,4802,4802,72,80.85,5824.75,80.89930555555556,No,0
4803,9972-NKTFD,4803,4803,4803,28,54.65,1517.5,54.19642857142857,No,0
4804,3717-LNXKW,4804,4804,4804,38,91.7,3479.05,91.55394736842106,No,0
4805,5734-EJKXG,4805,4805,4805,61,118.6,7365.7,120.74918032786886,No,0
4806,2207-RYYRL,4806,4806,4806,52,24.55,1331.05,25.597115384615385,No,0
4807,6729-FZWSY,4807,4807,4807,67,19.45,1195.95,17.85,No,0
4808,9695-IDRZR,4808,4808,4808,34,116.15,3946.9,116.08529411764707,No,0
4809,8144-DGHXP,4809,4809,4809,54,80.6,4299.95,79.6287037037037,No,0
4810,7814-LEEVE,4810,4810,4810,1,20.3,20.3,20.3,No,0
4811,1112-CUNAO,4811,4811,4811,15,89.85,1424.95,94.99666666666667,Yes,1
4812,5175-AOBHI,4812,4812,4812,4,46.0,193.6,48.4,Yes,1
4813,5174-RNGBH,4813,4813,4813,9,66.25,620.55,68.94999999999999,Yes,1
4814,8631-WUXGY,4814,4814,4814,46,99.8,4391.25,95.46195652173913,No,0
4815,7270-BDIOA,4815,4815,4815,22,90.0,1993.8,90.62727272727273,Yes,1
4816,9565-JSNFM,4816,4816,4816,38,70.45,2597.6,68.3578947368421,Yes,1
4817,5906-DVAPM,4817,4817,4817,55,75.0,4213.9,76.61636363636363,No,0
4818,6654-QGBZZ,4818,4818,4818,1,19.9,19.9,19.9,No,0
4819,8348-JLBUG,4819,4819,4819,64,80.3,5017.7,78.4015625,No,0
4820,0607-DAAHE,4820,4820,4820,53,19.75,1052.35,19.85566037735849,Yes,1
4821,5641-DMBFJ,4821,4821,4821,58,84.3,4916.4,84.7655172413793,No,0
4822,9200-NLNPD,4822,4822,4822,56,54.05,2959.8,52.853571428571435,No,0
4823,2664-XJZNO,4823,4823,4823,72,104.9,7559.55,104.99375,No,0
4824,9732-KPKBW,4824,4824,4824,1,53.95,53.95,53.95,Yes,1
4825,3339-EAQNV,4825,4825,4825,72,97.25,7133.1,99.07083333333334,No,0
4826,0921-OHLVP,4826,4826,4826,22,83.05,1799.3,81.78636363636363,No,0
4827,3389-YGYAI,4827,4827,4827,8,105.5,829.55,103.69375,Yes,1
4828,9560-ARGQJ,4828,4828,4828,16,81.0,1312.15,82.009375,Yes,1
4829,8350-NYMVI,4829,4829,4829,39,41.1,1597.05,40.949999999999996,No,0
4830,1600-DILPE,4830,4830,4830,12,45.0,524.35,43.69583333333333,No,0
4831,0536-ESJEP,4831,4831,4831,54,74.55,4191.45,77.61944444444444,No,0
4832,4654-GGUII,4832,4832,4832,18,40.2,711.95,39.55277777777778,No,0
4833,6478-HRRCZ,4833,4833,4833,32,70.5,2201.75,68.8046875,No,0
4834,8510-BBWMU,4834,4834,4834,41,19.75,806.95,19.681707317073172,No,0
4835,6857-TKDJV,4835,4835,4835,67,24.65,1620.45,24.18582089552239,No,0
4836,2360-RDGRO,4836,4836,4836,65,104.25,6812.95,104.81461538461538,No,0
4837,0584-BJQGZ,4837,4837,4837,25,78.35,1837.9,73.516,No,0
4838,5134-IKDAY,4838,4838,4838,1,69.8,69.8,69.8,Yes,1
4839,1360-XFJMR,4839,4839,4839,67,109.7,7344.45,109.6186567164179,No,0
4840,3070-DVEYC,4840,4840,4840,7,73.75,545.15,77.87857142857142,Yes,1
4841,5730-RIITO,4841,4841,4841,43,33.45,1500.25,34.88953488372093,No,0
4842,9058-MJLZC,4842,4842,4842,24,94.6,2283.15,95.13125000000001,No,0
4843,5707-ORNDZ,4843,4843,4843,9,54.55,494.05,54.894444444444446,Yes,1
4844,0902-XKXPN,4844,4844,4844,69,20.2,1376.5,19.94927536231884,No,0
4845,5177-RVZNU,4845,4845,4845,37,20.3,755.4,20.416216216216217,No,0
4846,0056-EPFBG,4846,4846,4846,20,39.4,825.4,41.269999999999996,No,0
4847,8993-IZEUX,4847,4847,4847,7,69.15,488.65,69.80714285714285,No,0
4848,8696-JKZNU,4848,4848,4848,37,76.25,2841.55,76.79864864864865,Yes,1
4849,5380-AFSSK,4849,4849,4849,5,93.9,486.85,97.37,Yes,1
4850,8190-ZTQFB,4850,4850,4850,41,51.35,2075.1,50.61219512195122,No,0
4851,0931-MHTEM,4851,4851,4851,54,100.05,5299.65,98.14166666666667,No,0
4852,2055-PDADH,4852,4852,4852,3,70.4,204.7,68.23333333333333,Yes,1
4853,7515-LODFU,4853,4853,4853,69,20.3,1356.3,19.656521739130433,No,0
4854,0440-UEDAI,4854,4854,4854,53,94.45,5042.75,95.14622641509433,No,0
4855,1337-BOZWO,4855,4855,4855,18,46.4,812.4,45.13333333333333,No,0
4856,0868-VJRDR,4856,4856,4856,64,104.05,6605.55,103.21171875,No,0
4857,8714-EUHJO,4857,4857,4857,31,91.15,2995.45,96.62741935483871,Yes,1
4858,6344-SFJVH,4858,4858,4858,20,24.9,505.95,25.2975,No,0
4859,3950-VPYJB,4859,4859,4859,57,59.6,3509.4,61.56842105263158,No,0
4860,8041-TMEID,4860,4860,4860,63,108.5,6991.9,110.98253968253968,No,0
4861,7321-ZNSLA,4861,4861,4861,13,40.55,590.35,45.41153846153846,No,0
4862,6941-KXRRV,4862,4862,4862,48,58.95,2789.7,58.11875,No,0
4863,3721-CNEYS,4863,4863,4863,2,70.95,137.95,68.975,Yes,1
4864,8727-JQFHV,4864,4864,4864,57,20.75,1123.15,19.704385964912284,No,0
4865,9475-NNDGC,4865,4865,4865,71,113.15,7953.25,112.01760563380282,No,0
4866,1355-KUSBG,4866,4866,4866,7,48.8,349.8,49.971428571428575,No,0
4867,3688-FTHLT,4867,4867,4867,16,63.05,1067.05,66.690625,No,0
4868,0899-LIIBW,4868,4868,4868,34,100.85,3527.3,103.74411764705883,No,0
4869,2568-OIADY,4869,4869,4869,37,99.5,3762.0,101.67567567567568,Yes,1
4870,1384-RCUXW,4870,4870,4870,16,80.55,1248.9,78.05625,No,0
4871,5825-XJOCM,4871,4871,4871,48,64.4,3035.35,63.23645833333333,No,0
4872,6848-YLDFR,4872,4872,4872,58,75.2,4300.8,74.15172413793104,No,0
4873,8125-QPFJD,4873,4873,4873,72,84.9,6065.3,84.24027777777778,No,0
4874,2320-YKQBO,4874,4874,4874,7,19.3,144.95,20.707142857142856,No,0
4875,1193-RTSLK,4875,4875,4875,38,83.9,3233.6,85.09473684210526,Yes,1
4876,2302-ANTDP,4876,4876,4876,48,117.45,5438.9,113.31041666666665,Yes,1
4877,5923-GXUOC,4877,4877,4877,10,104.4,1081.45,108.14500000000001,Yes,1
4878,4973-RLZVI,4878,4878,4878,30,74.65,2308.6,76.95333333333333,No,0
4879,7869-ZYDST,4879,4879,4879,31,59.05,1882.8,60.73548387096774,No,0
4880,4501-UYKBC,4880,4880,4880,46,69.1,3255.35,70.76847826086956,No,0
4881,1215-EXRMO,4881,4881,4881,50,20.55,1067.65,21.353,No,0
4882,2305-MRGLV,4882,4882,4882,28,76.55,2065.4,73.76428571428572,No,0
4883,8404-VIOMB,4883,4883,4883,66,62.5,4136.4,62.672727272727265,No,0
4884,5233-GEEAX,4884,4884,4884,8,29.4,221.9,27.7375,Yes,1
4885,2359-KLTEK,4885,4885,4885,41,94.9,3848.0,93.85365853658537,No,0
4886,5304-EFJLP,4886,4886,4886,72,111.65,8022.85,111.42847222222223,No,0
4887,2673-ZALNP,4887,4887,4887,7,19.9,173.15,24.735714285714288,No,0
4888,9184-GALIL,4888,4888,4888,38,20.45,781.25,20.55921052631579,No,0
4889,4393-RYCRE,4889,4889,4889,44,106.05,4510.8,102.51818181818182,No,0
4890,9746-MDMBK,4890,4890,4890,47,113.45,5317.8,113.14468085106384,No,0
4891,3162-ZJZFU,4891,4891,4891,53,92.55,4779.45,90.17830188679245,No,0
4892,8404-GFGCZ,4892,4892,4892,4,65.6,250.1,62.525,No,0
4893,8875-AKBYH,4893,4893,4893,20,84.35,1745.2,87.26,No,0
4894,4432-ADRLB,4894,4894,4894,2,44.65,74.9,37.45,Yes,1
4895,0533-UCAAU,4895,4895,4895,57,71.1,4140.1,72.63333333333334,No,0
4896,1394-SUIUH,4896,4896,4896,44,85.15,3670.5,83.42045454545455,No,0
4897,3521-MNKLV,4897,4897,4897,24,49.7,1167.8,48.65833333333333,No,0
4898,2533-TIBIX,4898,4898,4898,15,30.2,469.65,31.31,No,0
4899,8993-PHFWD,4899,4899,4899,3,25.25,58.9,19.633333333333333,Yes,1
4900,1565-RHDJD,4900,4900,4900,4,84.05,333.55,83.3875,Yes,1
4901,7137-RYLPP,4901,4901,4901,37,85.7,3171.15,85.70675675675676,Yes,1
4902,3765-JXVKY,4902,4902,4902,1,74.7,74.7,74.7,Yes,1
4903,5092-STPKP,4903,4903,4903,24,56.35,1381.2,57.550000000000004,No,0
4904,7330-WZLNC,4904,4904,4904,5,90.8,455.5,91.1,Yes,1
4905,0114-PEGZZ,4905,4905,4905,33,107.55,3645.5,110.46969696969697,No,0
4906,3359-DSRKA,4906,4906,4906,58,19.85,1158.85,19.980172413793102,No,0
4907,8639-NHQEI,4907,4907,4907,72,95.9,6954.15,96.58541666666666,No,0
4908,7161-DFHUF,4908,4908,4908,71,23.85,1672.1,23.55070422535211,No,0
4909,3957-LXOLK,4909,4909,4909,28,106.15,3152.5,112.58928571428571,Yes,1
4910,3720-DBRWL,4910,4910,4910,51,83.85,4307.1,84.45294117647059,No,0
4911,6635-MYYYZ,4911,4911,4911,30,85.35,2530.4,84.34666666666666,Yes,1
4912,8565-WUXZU,4912,4912,4912,72,84.8,6141.65,85.30069444444445,No,0
4913,5281-BUZGT,4913,4913,4913,36,90.85,3186.7,88.51944444444445,Yes,1
4914,4994-OBRSZ,4914,4914,4914,14,76.1,1054.8,75.34285714285714,No,0
4915,0562-FGDCR,4915,4915,4915,72,74.55,5430.65,75.42569444444445,No,0
4916,2436-QBZFP,4916,4916,4916,22,39.2,849.9,38.63181818181818,No,0
4917,3420-YJLQT,4917,4917,4917,2,79.55,151.75,75.875,No,0
4918,6040-CGACY,4918,4918,4918,15,19.6,299.4,19.959999999999997,No,0
4919,6582-PLFUU,4919,4919,4919,51,19.55,1086.75,21.308823529411764,No,0
4920,8242-PDSGJ,4920,4920,4920,70,39.15,2692.75,38.46785714285714,No,0
4921,0264-CNITK,4921,4921,4921,71,20.1,1389.6,19.57183098591549,No,0
4922,0089-IIQKO,4922,4922,4922,39,99.95,3767.4,96.60000000000001,No,0
4923,7839-NUIAA,4923,4923,4923,61,59.8,3641.5,59.69672131147541,No,0
4924,6075-QMNRR,4924,4924,4924,52,49.75,2535.55,48.760576923076925,No,0
4925,5378-IKEEG,4925,4925,4925,1,35.75,35.75,35.75,Yes,1
4926,5966-EMAZU,4926,4926,4926,64,108.5,6880.85,107.51328125,No,0
4927,0440-EKDCF,4927,4927,4927,62,60.15,3753.2,60.53548387096774,No,0
4928,4774-HHGGS,4928,4928,4928,30,19.05,637.55,21.251666666666665,No,0
4929,2718-GAXQD,4929,4929,4929,4,46.0,181.6,45.4,Yes,1
4930,2055-BFOCC,4930,4930,4930,63,84.0,5329.55,84.59603174603176,No,0
4931,8180-AKMJV,4931,4931,4931,1,44.55,44.55,44.55,No,0
4932,4298-OYIFC,4932,4932,4932,15,103.45,1539.8,102.65333333333334,No,0
4933,5566-SOEZD,4933,4933,4933,27,80.65,2209.75,81.8425925925926,No,0
4934,9842-EFSYY,4934,4934,4934,4,57.2,223.75,55.9375,No,0
4935,2272-WUSPA,4935,4935,4935,72,110.75,7751.7,107.6625,No,0
4936,4584-LBNMK,4936,4936,4936,45,24.7,1174.35,26.096666666666664,No,0
4937,3898-GUYTS,4937,4937,4937,45,97.05,4385.05,97.44555555555556,No,0
4938,0930-EHUZA,4938,4938,4938,36,76.35,2606.35,72.39861111111111,No,0
4939,6413-XKKPU,4939,4939,4939,17,89.4,1539.45,90.55588235294118,Yes,1
4940,9975-SKRNR,4940,4940,4940,1,18.9,18.9,18.9,No,0
4941,3703-KBKZP,4941,4941,4941,16,74.45,1261.35,78.834375,No,0
4942,1449-XQEMT,4942,4942,4942,3,19.8,58.15,19.383333333333333,Yes,1
4943,2626-URJFX,4943,4943,4943,4,50.9,225.6,56.4,Yes,1
4944,4973-MGTON,4944,4944,4944,71,84.4,5969.3,84.07464788732395,No,0
4945,3682-YEUWS,4945,4945,4945,10,24.4,253.9,25.39,No,0
4946,1223-UNPKS,4946,4946,4946,20,20.05,400.0,20.0,No,0
4947,2612-RRIDN,4947,4947,4947,4,81.0,340.85,85.2125,Yes,1
4948,4735-ASGMA,4948,4948,4948,26,98.35,2515.3,96.7423076923077,Yes,1
4949,3446-QDSZF,4949,4949,4949,4,55.5,227.35,56.8375,No,0
4950,3669-LVWZB,4950,4950,4950,5,51.0,305.95,61.19,Yes,1
4951,6892-EZDTG,4951,4951,4951,4,91.65,365.4,91.35,Yes,1
4952,5117-IFGPS,4952,4952,4952,29,84.3,2357.75,81.30172413793103,No,0
4953,7379-FNIUJ,4953,4953,4953,2,100.2,198.5,99.25,No,0
4954,1627-AFWVJ,4954,4954,4954,29,19.4,554.25,19.112068965517242,No,0
4955,9725-SCPZG,4955,4955,4955,1,90.85,90.85,90.85,Yes,1
4956,5884-GCYMI,4956,4956,4956,1,69.4,69.4,69.4,Yes,1
4957,3217-FZDMN,4957,4957,4957,8,94.45,742.95,92.86875,Yes,1
4958,4486-EFAEB,4958,4958,4958,13,20.4,251.65,19.357692307692307,No,0
4959,0060-FUALY,4959,4959,4959,59,94.75,5597.65,94.87542372881356,No,0
4960,7853-GVUDZ,4960,4960,4960,1,20.15,20.15,20.15,Yes,1
4961,7480-QNVZJ,4961,4961,4961,50,95.7,4816.7,96.334,Yes,1
4962,6954-OOYZZ,4962,4962,4962,18,44.35,768.05,42.669444444444444,No,0
4963,7088-FBAWU,4963,4963,4963,17,74.55,1215.8,71.51764705882353,No,0
4964,8313-AFGBW,4964,4964,4964,47,73.6,3522.65,74.95,No,0
4965,3943-KDREE,4965,4965,4965,26,74.95,1834.95,70.575,Yes,1
4966,9239-ZBZZV,4966,4966,4966,6,47.95,305.1,50.85,Yes,1
4967,3097-IDVPU,4967,4967,4967,19,50.1,910.45,47.91842105263158,No,0
4968,4398-HSCJH,4968,4968,4968,3,63.6,155.65,51.88333333333333,Yes,1
4969,2197-OMWGI,4969,4969,4969,68,53.0,3656.25,53.768382352941174,No,0
4970,2303-PJYHN,4970,4970,4970,2,19.85,52.0,26.0,No,0
4971,9795-VOWON,4971,4971,4971,7,24.35,150.85,21.55,No,0
4972,1237-WIYYZ,4972,4972,4972,18,19.55,389.25,21.625,No,0
4973,1987-AUELQ,4973,4973,4973,71,25.05,1873.7,26.390140845070423,No,0
4974,7852-LECYP,4974,4974,4974,13,93.8,1261.0,97.0,No,0
4975,4430-UZIPO,4975,4975,4975,3,36.85,108.7,36.233333333333334,Yes,1
4976,4822-LPTYJ,4976,4976,4976,72,103.75,7346.2,102.03055555555555,No,0
4977,8165-CBKXO,4977,4977,4977,66,56.75,3708.4,56.18787878787879,No,0
4978,6527-PZFPV,4978,4978,4978,24,20.8,469.65,19.568749999999998,No,0
4979,4855-SNKMY,4979,4979,4979,1,44.1,44.1,44.1,Yes,1
4980,9593-CVZKR,4980,4980,4980,56,24.45,1385.85,24.74732142857143,No,0
4981,8595-SIZNC,4981,4981,4981,22,25.6,548.8,24.94545454545454,No,0
4982,8008-HAWED,4982,4982,4982,14,50.75,712.75,50.910714285714285,Yes,1
4983,7124-UGSUR,4983,4983,4983,61,104.4,6405.0,105.0,Yes,1
4984,1862-SKORY,4984,4984,4984,40,39.3,1637.4,40.935,Yes,1
4985,5236-XMZJY,4985,4985,4985,42,59.65,2536.55,60.394047619047626,No,0
4986,4827-DPADN,4986,4986,4986,72,83.3,6042.7,83.92638888888888,No,0
4987,2694-CIUMO,4987,4987,4987,12,79.55,958.25,79.85416666666667,No,0
4988,5846-ABOBJ,4988,4988,4988,71,24.45,1730.65,24.375352112676058,No,0
4989,1439-LCGVL,4989,4989,4989,26,19.2,459.6,17.676923076923078,No,0
4990,0909-SDHNU,4990,4990,4990,7,29.8,201.95,28.849999999999998,No,0
4991,4647-XXZAM,4991,4991,4991,6,45.5,285.2,47.53333333333333,No,0
4992,1502-XFCVR,4992,4992,4992,58,106.45,6145.85,105.96293103448276,Yes,1
4993,7740-KKCXF,4993,4993,4993,51,30.05,1529.45,29.98921568627451,No,0
4994,5360-XGYAZ,4994,4994,4994,72,65.65,4664.5,64.78472222222223,No,0
4995,9692-TUSXH,4995,4995,4995,18,96.05,1740.7,96.70555555555556,Yes,1
4996,7912-SYRQT,4996,4996,4996,7,75.1,552.95,78.99285714285715,Yes,1
4997,3557-HTYWR,4997,4997,4997,47,74.05,3496.3,74.38936170212766,No,0
4998,4816-JBHOV,4998,4998,4998,2,44.7,93.7,46.85,Yes,1
4999,8920-NAVAY,4999,4999,4999,62,110.75,7053.35,113.76370967741936,No,0
5000,1699-TLDLZ,5000,5000,5000,16,19.7,301.55,18.846875,No,0
5001,5600-PDUJF,5001,5001,5001,6,49.5,312.7,52.11666666666667,No,0
5002,8292-TYSPY,5002,5002,5002,19,55.0,1046.5,55.078947368421055,Yes,1
5003,0567-XRHCU,5003,5003,5003,69,43.95,2960.1,42.9,No,0
5004,1867-BDVFH,5004,5004,5004,11,74.35,834.2,75.83636363636364,Yes,1
5005,2067-QYTCF,5005,5005,5005,64,111.15,6953.4,108.646875,No,0
5006,2359-QWQUL,5006,5006,5006,39,104.7,4134.85,106.02179487179488,Yes,1
5007,9103-TCIHJ,5007,5007,5007,15,55.7,899.8,59.986666666666665,Yes,1
5008,7407-SUJIZ,5008,5008,5008,25,20.6,541.5,21.66,No,0
5009,9150-KPBJQ,5009,5009,5009,6,19.65,116.85,19.474999999999998,No,0
5010,0052-DCKON,5010,5010,5010,66,115.8,7942.15,120.33560606060605,No,0
5011,3654-ARMGP,5011,5011,5011,61,88.65,5321.25,87.23360655737704,No,0
5012,9699-UBQFS,5012,5012,5012,43,94.5,4156.8,96.66976744186047,No,0
5013,9367-TCUYN,5013,5013,5013,12,20.1,223.6,18.633333333333333,No,0
5014,1261-FWTTE,5014,5014,5014,23,34.65,768.45,33.410869565217396,No,0
5015,3528-HFRIQ,5015,5015,5015,71,52.3,3765.05,53.02887323943662,No,0
5016,0708-SJDIS,5016,5016,5016,34,65.0,2157.5,63.455882352941174,No,0
5017,4140-WJAWW,5017,5017,5017,5,19.85,108.05,21.61,Yes,1
5018,2073-QBVBI,5018,5018,5018,41,35.45,1391.65,33.94268292682927,No,0
5019,6928-ONTRW,5019,5019,5019,72,19.7,1379.8,19.163888888888888,No,0
5020,3320-VEOYC,5020,5020,5020,14,95.6,1273.3,90.95,No,0
5021,5231-FIQPA,5021,5021,5021,41,19.85,810.45,19.76707317073171,No,0
5022,6617-WLBQC,5022,5022,5022,23,81.85,1810.85,78.73260869565217,No,0
5023,2599-CIPQE,5023,5023,5023,71,109.3,7782.85,109.61760563380282,No,0
5024,6653-CBBOM,5024,5024,5024,1,70.3,70.3,70.3,Yes,1
5025,8774-GSBUN,5025,5025,5025,72,25.4,1797.1,24.959722222222222,No,0
5026,7326-RIGQZ,5026,5026,5026,6,69.8,377.85,62.975,No,0
5027,1401-FTHFQ,5027,5027,5027,23,20.0,445.3,19.360869565217392,No,0
5028,3247-ZVOUO,5028,5028,5028,10,85.55,851.75,85.175,Yes,1
5029,0254-FNMCI,5029,5029,5029,72,109.9,7624.2,105.89166666666667,No,0
5030,1848-LBZHY,5030,5030,5030,7,50.3,355.1,50.728571428571435,No,0
5031,6101-IMRMM,5031,5031,5031,6,94.5,575.45,95.90833333333335,Yes,1
5032,8118-TJAFG,5032,5032,5032,9,101.5,906.85,100.76111111111112,No,0
5033,5429-LWCMV,5033,5033,5033,12,89.15,1057.55,88.12916666666666,No,0
5034,7298-IZWLY,5034,5034,5034,1,19.4,19.4,19.4,No,0
5035,9758-MFWGD,5035,5035,5035,48,29.9,1388.75,28.932291666666668,No,0
5036,3955-JBZZM,5036,5036,5036,20,78.8,1641.3,82.065,No,0
5037,1268-ASBGA,5037,5037,5037,16,85.35,1375.15,85.946875,Yes,1
5038,8943-URTMR,5038,5038,5038,2,79.65,152.7,76.35,Yes,1
5039,4815-TUMEQ,5039,5039,5039,10,19.3,185.2,18.52,No,0
5040,4713-LZDRV,5040,5040,5040,2,79.6,195.05,97.525,Yes,1
5041,9909-IDLEK,5041,5041,5041,20,96.8,1826.7,91.33500000000001,No,0
5042,4092-OFQZS,5042,5042,5042,20,20.65,417.5,20.875,No,0
5043,1561-BWHIN,5043,5043,5043,19,19.8,344.5,18.13157894736842,No,0
5044,4325-NFSKC,5044,5044,5044,19,90.6,1660.0,87.36842105263158,Yes,1
5045,9927-DSWDF,5045,5045,5045,22,104.6,2180.55,99.1159090909091,No,0
5046,9500-LTVBP,5046,5046,5046,35,80.05,2835.9,81.02571428571429,No,0
5047,7252-NTGSS,5047,5047,5047,1,45.15,45.15,45.15,No,0
5048,8149-AIQCG,5048,5048,5048,39,73.15,2730.85,70.02179487179487,No,0
5049,1360-JYXKQ,5049,5049,5049,54,99.1,5437.1,100.68703703703704,No,0
5050,2955-PSXOE,5050,5050,5050,1,20.2,20.2,20.2,Yes,1
5051,7762-URZQH,5051,5051,5051,66,106.05,6981.35,105.7780303030303,Yes,1
5052,0899-WZRSD,5052,5052,5052,56,105.35,5794.45,103.47232142857142,No,0
5053,3255-GRXMG,5053,5053,5053,18,45.65,747.2,41.51111111111111,No,0
5054,4828-FAZPK,5054,5054,5054,16,79.95,1267.95,79.246875,No,0
5055,6094-ZIVKX,5055,5055,5055,68,54.45,3674.95,54.04338235294117,No,0
5056,6925-BAYGL,5056,5056,5056,53,25.1,1275.6,24.067924528301884,No,0
5057,3262-EIDHV,5057,5057,5057,72,84.7,5893.9,81.85972222222222,No,0
5058,7354-OIJLX,5058,5058,5058,9,75.85,724.65,80.51666666666667,No,0
5059,1376-HHBDV,5059,5059,5059,30,48.8,1536.75,51.225,No,0
5060,6907-NZZIJ,5060,5060,5060,36,99.15,3615.6,100.43333333333334,Yes,1
5061,6133-OZILE,5061,5061,5061,18,35.2,607.3,33.73888888888889,No,0
5062,4135-FRWKJ,5062,5062,5062,55,76.25,4154.55,75.53727272727274,No,0
5063,2911-UREFD,5063,5063,5063,39,55.9,2184.35,56.008974358974356,Yes,1
5064,3744-ZRRDZ,5064,5064,5064,21,82.35,1852.85,88.23095238095237,Yes,1
5065,5673-TIYIB,5065,5065,5065,2,40.4,77.15,38.575,Yes,1
5066,6551-ZCOTS,5066,5066,5066,33,24.9,847.8,25.690909090909088,No,0
5067,7191-ADRGF,5067,5067,5067,44,54.3,2390.45,54.32840909090908,No,0
5068,5018-LXQQG,5068,5068,5068,30,66.3,1923.5,64.11666666666666,No,0
5069,6892-BOGQE,5069,5069,5069,71,20.9,1493.2,21.03098591549296,No,0
5070,1602-IJQQE,5070,5070,5070,4,75.35,338.1,84.525,Yes,1
5071,4628-WQCQQ,5071,5071,5071,35,85.15,3030.6,86.58857142857143,Yes,1
5072,1746-TGTWV,5072,5072,5072,1,75.35,75.35,75.35,No,0
5073,5995-SNNEW,5073,5073,5073,23,104.45,2184.85,94.99347826086957,No,0
5074,8050-WYBND,5074,5074,5074,22,49.45,1031.4,46.88181818181818,No,0
5075,2821-WARNZ,5075,5075,5075,49,19.45,921.3,18.802040816326528,No,0
5076,4879-GZLFH,5076,5076,5076,42,92.15,3875.4,92.27142857142857,No,0
5077,1644-IRKSF,5077,5077,5077,33,93.8,3124.5,94.68181818181819,Yes,1
5078,8314-HTWVE,5078,5078,5078,7,19.85,144.15,20.592857142857145,No,0
5079,9402-ROUMJ,5079,5079,5079,67,100.25,6689.0,99.83582089552239,No,0
5080,2507-QZPQS,5080,5080,5080,15,95.7,1451.1,96.74,No,0
5081,7159-NOKYQ,5081,5081,5081,67,93.15,6368.2,95.04776119402985,No,0
5082,5707-ZMDJP,5082,5082,5082,53,69.7,3729.6,70.36981132075472,No,0
5083,8779-YIQQA,5083,5083,5083,21,19.8,350.1,16.67142857142857,No,0
5084,7136-IHZJA,5084,5084,5084,40,71.35,2847.2,71.17999999999999,No,0
5085,8966-OIQHG,5085,5085,5085,22,20.75,452.35,20.561363636363637,No,0
5086,7074-STDCN,5086,5086,5086,39,40.6,1494.5,38.32051282051282,No,0
5087,3705-PSNGL,5087,5087,5087,45,20.4,930.45,20.67666666666667,Yes,1
5088,8739-QOTTN,5088,5088,5088,2,20.35,41.85,20.925,No,0
5089,1399-OUPJN,5089,5089,5089,57,19.75,1272.05,22.316666666666666,No,0
5090,0277-BKSQP,5090,5090,5090,8,54.4,475.1,59.3875,No,0
5091,6502-HCJTI,5091,5091,5091,7,94.7,673.1,96.15714285714286,Yes,1
5092,2606-RMDHZ,5092,5092,5092,6,30.5,208.7,34.78333333333333,Yes,1
5093,5774-XZTQC,5093,5093,5093,7,20.45,150.75,21.535714285714285,No,0
5094,2676-SSLTO,5094,5094,5094,49,66.15,3199.0,65.28571428571429,No,0
5095,6266-QHOJZ,5095,5095,5095,65,89.85,5844.65,89.9176923076923,No,0
5096,7269-JISCY,5096,5096,5096,55,45.05,2462.6,44.77454545454545,No,0
5097,0363-SVHYR,5097,5097,5097,71,86.85,6263.8,88.22253521126761,No,0
5098,8547-NSBBO,5098,5098,5098,35,96.75,3403.4,97.24000000000001,No,0
5099,8258-GSTJK,5099,5099,5099,3,77.0,237.75,79.25,Yes,1
5100,6861-OKBCE,5100,5100,5100,11,20.1,221.35,20.12272727272727,Yes,1
5101,9940-RHLFB,5101,5101,5101,1,75.3,75.3,75.3,Yes,1
5102,6591-QGOYB,5102,5102,5102,17,106.65,1672.1,98.35882352941177,No,0
5103,9070-BCKQP,5103,5103,5103,72,110.15,7881.2,109.46111111111111,No,0
5104,6421-SZVEM,5104,5104,5104,28,82.85,2320.8,82.88571428571429,No,0
5105,1328-EUZHC,5105,5105,5105,18,20.1,370.5,20.583333333333332,No,0
5106,2995-UPRYS,5106,5106,5106,40,99.2,4062.2,101.55499999999999,Yes,1
5107,8878-RYUKI,5107,5107,5107,52,59.45,3043.7,58.5326923076923,No,0
5108,9633-DENPU,5108,5108,5108,47,58.6,2723.4,57.94468085106383,No,0
5109,7811-JIVPF,5109,5109,5109,23,49.7,1081.25,47.01086956521739,No,0
5110,7113-HIPFI,5110,5110,5110,66,65.85,4097.05,62.07651515151515,No,0
5111,8541-QVFKM,5111,5111,5111,8,73.5,632.2,79.025,No,0
5112,6686-YPGHK,5112,5112,5112,47,85.5,4042.3,86.00638297872341,Yes,1
5113,1383-EZRWL,5113,5113,5113,7,20.05,164.85,23.55,Yes,1
5114,9258-CNWAC,5114,5114,5114,71,113.65,8166.8,115.02535211267606,No,0
5115,5371-VYLSX,5115,5115,5115,50,83.4,4113.7,82.274,No,0
5116,6374-AFWOX,5116,5116,5116,46,65.65,3047.15,66.24239130434783,No,0
5117,4759-TRPLW,5117,5117,5117,1,70.4,70.4,70.4,Yes,1
5118,5317-FLPJF,5118,5118,5118,66,61.35,4193.4,63.53636363636363,No,0
5119,7621-VPNET,5119,5119,5119,42,85.9,3729.75,88.80357142857143,No,0
5120,6034-YMTOB,5120,5120,5120,5,75.65,399.45,79.89,No,0
5121,8563-IIOXK,5121,5121,5121,7,49.75,331.3,47.32857142857143,Yes,1
5122,4903-CNOZC,5122,5122,5122,29,70.9,1964.6,67.7448275862069,No,0
5123,4353-HYOJD,5123,5123,5123,27,49.85,1336.15,49.48703703703704,No,0
5124,8020-BWHYL,5124,5124,5124,15,75.3,1147.45,76.49666666666667,Yes,1
5125,7267-FRMJW,5125,5125,5125,25,20.1,486.05,19.442,No,0
5126,2982-VPSGI,5126,5126,5126,11,94.0,1078.9,98.08181818181819,Yes,1
5127,4188-FRABG,5127,5127,5127,57,103.05,5925.75,103.96052631578948,No,0
5128,8199-ZLLSA,5128,5128,5128,67,118.35,7804.15,116.47985074626865,Yes,1
5129,4128-ETESU,5129,5129,5129,47,99.7,4747.2,101.00425531914894,No,0
5130,0620-DLSLK,5130,5130,5130,13,81.9,1028.9,79.14615384615385,No,0
5131,4625-EWPTF,5131,5131,5131,8,30.45,226.45,28.30625,Yes,1
5132,5980-NOPLP,5132,5132,5132,44,96.1,4364.1,99.18409090909091,Yes,1
5133,3850-OKINF,5133,5133,5133,71,66.2,4692.55,66.09225352112676,No,0
5134,6892-XPFPU,5134,5134,5134,24,104.25,2433.9,101.41250000000001,Yes,1
5135,8010-EZLOU,5135,5135,5135,15,80.2,1217.25,81.15,Yes,1
5136,1156-ZFYDO,5136,5136,5136,1,19.75,19.75,19.75,No,0
5137,3295-YVUSR,5137,5137,5137,2,72.6,154.3,77.15,No,0
5138,8016-NCFVO,5138,5138,5138,55,116.5,6382.55,116.04636363636364,No,0
5139,4119-ZYPZY,5139,5139,5139,71,106.8,7623.2,107.36901408450704,No,0
5140,5549-ZGHFB,5140,5140,5140,50,24.95,1261.45,25.229,No,0
5141,7577-SWIFR,5141,5141,5141,1,89.25,89.25,89.25,No,0
5142,0303-WMMRN,5142,5142,5142,5,19.25,86.05,17.21,No,0
5143,6408-OTUBZ,5143,5143,5143,66,104.55,6779.05,102.7128787878788,No,0
5144,5204-HMGYF,5144,5144,5144,49,87.2,4345.0,88.6734693877551,No,0
5145,1078-TDCRN,5145,5145,5145,3,30.75,82.85,27.616666666666664,No,0
5146,3727-OVPRY,5146,5146,5146,66,25.7,1714.55,25.9780303030303,No,0
5147,3797-FKOGQ,5147,5147,5147,11,86.2,893.2,81.2,No,0
5148,7622-NXQZR,5148,5148,5148,28,30.1,810.85,28.958928571428572,No,0
5149,6196-HBOBZ,5149,5149,5149,65,99.35,6347.55,97.65461538461538,No,0
5150,3970-XGJDU,5150,5150,5150,62,19.2,1123.65,18.123387096774195,No,0
5151,7017-VFULY,5151,5151,5151,2,20.1,43.15,21.575,No,0
5152,5562-YJQGT,5152,5152,5152,2,20.35,35.1,17.55,No,0
5153,8807-OPMBM,5153,5153,5153,55,25.65,1388.0,25.236363636363638,No,0
5154,5439-WIKXB,5154,5154,5154,41,94.55,3851.45,93.93780487804878,No,0
5155,9874-QLCLH,5155,5155,5155,17,104.2,1743.5,102.55882352941177,Yes,1
5156,8294-UIMBA,5156,5156,5156,30,94.4,2638.1,87.93666666666667,No,0
5157,8109-YUOHE,5157,5157,5157,17,56.1,946.95,55.70294117647059,No,0
5158,5840-NVDCG,5158,5158,5158,16,68.25,1114.85,69.678125,No,0
5159,8092-NLTGF,5159,5159,5159,72,24.75,1777.6,24.688888888888886,No,0
5160,5928-QLDHB,5160,5160,5160,9,76.25,684.85,76.09444444444445,No,0
5161,9840-EFJQB,5161,5161,5161,1,74.35,74.35,74.35,No,0
5162,0696-UKTOX,5162,5162,5162,23,54.15,1312.45,57.06304347826087,No,0
5163,4801-KFYKL,5163,5163,5163,8,19.45,159.2,19.9,No,0
5164,3472-OAOOR,5164,5164,5164,19,34.95,610.2,32.11578947368421,No,0
5165,6135-OZQVA,5165,5165,5165,7,53.65,404.35,57.76428571428572,No,0
5166,8062-YBDOE,5166,5166,5166,1,69.65,69.65,69.65,Yes,1
5167,2252-JHJGE,5167,5167,5167,61,104.0,6363.45,104.31885245901638,No,0
5168,4188-PCPIG,5168,5168,5168,57,70.35,4124.65,72.36228070175439,No,0
5169,6000-APYLU,5169,5169,5169,9,80.8,713.1,79.23333333333333,Yes,1
5170,7105-BENQF,5170,5170,5170,15,64.85,950.75,63.38333333333333,No,0
5171,7721-DVEKZ,5171,5171,5171,1,19.65,19.65,19.65,No,0
5172,3566-VVORZ,5172,5172,5172,12,45.9,505.95,42.1625,No,0
5173,9507-HSMMZ,5173,5173,5173,54,20.0,1149.65,21.289814814814818,No,0
5174,2480-SQIOB,5174,5174,5174,4,44.8,169.65,42.4125,No,0
5175,0947-IDHRQ,5175,5175,5175,7,80.3,526.7,75.24285714285715,Yes,1
5176,7813-TKCVO,5176,5176,5176,20,20.35,393.15,19.6575,No,0
5177,0128-MKWSG,5177,5177,5177,26,45.8,1147.0,44.11538461538461,No,0
5178,3672-YITQD,5178,5178,5178,36,84.1,3021.6,83.93333333333334,Yes,1
5179,4350-ZTLPI,5179,5179,5179,53,108.95,5718.2,107.89056603773585,No,0
5180,9048-JVYVF,5180,5180,5180,3,69.35,191.35,63.78333333333333,Yes,1
5181,0361-HJRDX,5181,5181,5181,68,64.35,4539.6,66.75882352941177,No,0
5182,5727-MYATE,5182,5182,5182,72,90.8,6397.6,88.85555555555555,No,0
5183,3823-KYNQY,5183,5183,5183,12,24.95,280.4,23.366666666666664,No,0
5184,8988-ECPJR,5184,5184,5184,34,79.6,2718.3,79.95,Yes,1
5185,7570-WELNY,5185,5185,5185,68,84.7,5711.05,83.9860294117647,No,0
5186,3021-VLNRJ,5186,5186,5186,50,70.8,3478.15,69.563,No,0
5187,3776-EKTKM,5187,5187,5187,1,36.45,36.45,36.45,Yes,1
5188,2080-CAZNM,5188,5188,5188,41,104.4,4133.95,100.8280487804878,No,0
5189,1028-FFNJK,5189,5189,5189,30,101.5,2917.65,97.25500000000001,No,0
5190,6907-FLBER,5190,5190,5190,1,54.3,54.3,54.3,No,0
5191,3001-UNBTL,5191,5191,5191,29,103.95,2964.8,102.2344827586207,No,0
5192,5982-PSMKW,5192,5192,5192,23,91.1,2198.3,95.57826086956523,No,0
5193,3507-GASNP,5193,5193,5193,60,19.95,1189.9,19.831666666666667,No,0
5194,7096-ZNBZI,5194,5194,5194,72,26.45,1914.5,26.59027777777778,No,0
5195,1902-XBTFB,5195,5195,5195,22,89.4,2001.5,90.97727272727273,Yes,1
5196,1676-MQAOA,5196,5196,5196,72,75.1,5336.35,74.11597222222223,No,0
5197,0786-IVLAW,5197,5197,5197,66,108.1,7238.6,109.67575757575759,No,0
5198,7566-DSRLQ,5198,5198,5198,72,110.15,7998.8,111.09444444444445,No,0
5199,0643-OKLRP,5199,5199,5199,47,80.35,3825.85,81.40106382978723,Yes,1
5200,7245-JMTTQ,5200,5200,5200,51,111.5,5703.25,111.82843137254902,No,0
5201,6050-IJRHS,5201,5201,5201,70,106.5,7397.0,105.67142857142858,No,0
5202,6202-JVYEU,5202,5202,5202,9,19.9,164.6,18.288888888888888,No,0
5203,8591-TKMZH,5203,5203,5203,59,111.1,6555.2,111.10508474576271,No,0
5204,0734-OXWBT,5204,5204,5204,3,70.7,225.65,75.21666666666667,No,0
5205,4282-ACRXS,5205,5205,5205,38,24.85,955.75,25.151315789473685,No,0
5206,0365-TRTPY,5206,5206,5206,37,91.2,3382.3,91.41351351351352,No,0
5207,7349-ALMUX,5207,5207,5207,37,65.6,2313.8,62.53513513513514,No,0
5208,9381-NDKME,5208,5208,5208,24,40.65,933.3,38.887499999999996,Yes,1
5209,6502-KUGLL,5209,5209,5209,14,59.45,780.85,55.775,No,0
5210,1841-YSJGV,5210,5210,5210,72,109.95,7852.4,109.0611111111111,No,0
5211,2794-XIMMO,5211,5211,5211,53,60.45,3184.25,60.08018867924528,Yes,1
5212,8382-SHQEH,5212,5212,5212,8,84.9,764.95,95.61875,Yes,1
5213,3511-BFTJW,5213,5213,5213,72,38.5,2763.0,38.375,No,0
5214,7668-XCFYV,5214,5214,5214,17,92.55,1614.7,94.98235294117647,No,0
5215,2983-ZANRP,5215,5215,5215,2,73.55,145.4,72.7,Yes,1
5216,7845-URHJN,5216,5216,5216,8,20.15,156.25,19.53125,Yes,1
5217,3034-ZBEQN,5217,5217,5217,48,34.7,1604.5,33.427083333333336,Yes,1
5218,5018-HEKFO,5218,5218,5218,10,24.5,270.15,27.014999999999997,No,0
5219,2923-ARZLG,5219,5219,5219,0,19.7,,19.7,No,0
5220,3976-NLDEZ,5220,5220,5220,1,20.6,20.6,20.6,No,0
5221,2282-YGNOR,5221,5221,5221,29,58.0,1734.5,59.810344827586206,No,0
5222,5336-UFNZP,5222,5222,5222,65,107.45,7047.5,108.42307692307692,No,0
5223,6854-EXGSF,5223,5223,5223,8,65.5,573.15,71.64375,No,0
5224,1241-EZFMJ,5224,5224,5224,61,25.45,1538.6,25.22295081967213,No,0
5225,9233-PSYHO,5225,5225,5225,45,100.15,4459.8,99.10666666666667,No,0
5226,5376-PCKNB,5226,5226,5226,72,104.45,7459.0,103.59722222222223,No,0
5227,8044-BGWPI,5227,5227,5227,12,21.15,306.05,25.504166666666666,No,0
5228,4060-LDNLU,5228,5228,5228,7,96.2,639.7,91.38571428571429,No,0
5229,3589-PPVKW,5229,5229,5229,9,44.4,348.15,38.68333333333333,No,0
5230,8327-LZKAS,5230,5230,5230,43,107.55,4533.9,105.43953488372092,Yes,1
5231,5887-IKKYO,5231,5231,5231,58,94.35,5563.65,95.925,No,0
5232,1075-BGWOH,5232,5232,5232,16,98.75,1587.55,99.221875,Yes,1
5233,1755-RMCXH,5233,5233,5233,2,20.3,40.25,20.125,No,0
5234,0302-JOIVN,5234,5234,5234,8,101.15,842.9,105.3625,Yes,1
5235,3858-XHYJO,5235,5235,5235,40,105.75,4228.55,105.71375,No,0
5236,4299-SIMNS,5236,5236,5236,9,81.15,784.45,87.16111111111111,No,0
5237,7025-IWFHT,5237,5237,5237,41,89.55,3729.75,90.96951219512195,No,0
5238,6261-LHRTG,5238,5238,5238,26,54.75,1406.9,54.111538461538466,No,0
5239,7841-FCRQD,5239,5239,5239,33,53.75,1857.3,56.28181818181818,No,0
5240,2056-EVGZL,5240,5240,5240,68,105.75,7322.5,107.68382352941177,No,0
5241,8777-MBMTS,5241,5241,5241,65,105.85,6725.5,103.46923076923076,No,0
5242,7753-USQYQ,5242,5242,5242,55,64.2,3627.3,65.9509090909091,No,0
5243,5366-IJEQJ,5243,5243,5243,20,88.7,1761.45,88.0725,Yes,1
5244,7661-CPURM,5244,5244,5244,19,87.7,1725.95,90.83947368421053,No,0
5245,6233-HXJMX,5245,5245,5245,45,89.3,4192.15,93.15888888888888,No,0
5246,5902-WBLSE,5246,5246,5246,70,20.15,1411.2,20.16,No,0
5247,1981-INRFU,5247,5247,5247,2,79.75,164.5,82.25,Yes,1
5248,4971-PUYQO,5248,5248,5248,27,94.55,2724.6,100.91111111111111,Yes,1
5249,3239-TPHPZ,5249,5249,5249,12,20.05,264.55,22.045833333333334,No,0
5250,5115-GZDEL,5250,5250,5250,72,67.2,4671.7,64.88472222222222,No,0
5251,3338-CVVEH,5251,5251,5251,12,94.55,1173.55,97.79583333333333,No,0
5252,8485-GJCDN,5252,5252,5252,5,69.05,318.5,63.7,Yes,1
5253,2615-YVMYX,5253,5253,5253,71,107.5,7713.55,108.64154929577465,No,0
5254,2851-STERV,5254,5254,5254,35,73.0,2471.25,70.60714285714286,No,0
5255,4393-GEADV,5255,5255,5255,70,114.75,7842.3,112.03285714285714,No,0
5256,8486-AYEQH,5256,5256,5256,31,76.05,2227.8,71.86451612903227,No,0
5257,1527-SXDPN,5257,5257,5257,52,96.25,4990.25,95.96634615384616,Yes,1
5258,6029-WTIPC,5258,5258,5258,37,101.1,3744.05,101.19054054054054,Yes,1
5259,8634-CILSZ,5259,5259,5259,69,104.7,7220.35,104.64275362318841,Yes,1
5260,5419-JKZNQ,5260,5260,5260,30,77.9,2351.45,78.38166666666666,No,0
5261,2495-KZNFB,5261,5261,5261,33,90.65,2989.6,90.5939393939394,No,0
5262,1409-PHXTF,5262,5262,5262,54,110.45,6077.75,112.55092592592592,No,0
5263,4560-WQAQW,5263,5263,5263,59,68.7,4070.95,68.99915254237288,No,0
5264,9591-YVTEB,5264,5264,5264,55,44.85,2479.05,45.07363636363637,No,0
5265,9309-BZGNT,5265,5265,5265,69,29.8,2134.3,30.93188405797102,No,0
5266,4274-DRSQT,5266,5266,5266,66,88.9,6000.1,90.91060606060607,No,0
5267,2027-DNKIV,5267,5267,5267,37,58.75,2203.1,59.54324324324324,No,0
5268,8075-GXIUB,5268,5268,5268,9,19.85,183.15,20.35,No,0
5269,2885-HIJDH,5269,5269,5269,69,86.9,6194.1,89.7695652173913,No,0
5270,5424-RLQLC,5270,5270,5270,10,59.65,638.95,63.895,No,0
5271,6682-QJDGB,5271,5271,5271,40,55.25,2139.2,53.48,Yes,1
5272,6507-DTJZV,5272,5272,5272,13,66.4,831.75,63.98076923076923,No,0
5273,8780-IXSTS,5273,5273,5273,6,90.1,521.3,86.88333333333333,Yes,1
5274,7673-BQGKU,5274,5274,5274,69,20.15,1337.5,19.384057971014492,No,0
5275,6723-WSNTY,5275,5275,5275,66,108.1,7181.95,108.81742424242424,No,0
5276,9530-EHPOH,5276,5276,5276,11,53.75,608.0,55.27272727272727,Yes,1
5277,2725-IWWBA,5277,5277,5277,46,56.9,2560.1,55.654347826086955,No,0
5278,0345-HKJVM,5278,5278,5278,6,89.3,577.6,96.26666666666667,Yes,1
5279,1061-PNTHC,5279,5279,5279,56,109.6,5953.0,106.30357142857143,No,0
5280,0394-YONDK,5280,5280,5280,70,25.15,1790.15,25.57357142857143,No,0
5281,6574-MCOEH,5281,5281,5281,33,79.15,2531.4,76.70909090909092,No,0
5282,7399-QHBJS,5282,5282,5282,72,66.75,4760.3,66.11527777777778,No,0
5283,3049-SOLAY,5283,5283,5283,3,95.2,292.85,97.61666666666667,Yes,1
5284,0997-YTLNY,5284,5284,5284,19,48.8,953.65,50.19210526315789,No,0
5285,3317-HRTNN,5285,5285,5285,5,45.7,198.0,39.6,Yes,1
5286,9479-HYNYL,5286,5286,5286,71,80.7,5705.05,80.35281690140846,No,0
5287,3235-ETOOB,5287,5287,5287,8,74.5,609.9,76.2375,Yes,1
5288,9708-KFDBY,5288,5288,5288,1,20.55,20.55,20.55,No,0
5289,8058-INTPH,5289,5289,5289,1,79.65,79.65,79.65,Yes,1
5290,3642-GKTCT,5290,5290,5290,61,115.1,6993.65,114.64999999999999,No,0
5291,0774-RMNUW,5291,5291,5291,71,59.7,4122.65,58.06549295774647,No,0
5292,1334-PDUKM,5292,5292,5292,68,86.45,5762.95,84.74926470588235,No,0
5293,0756-MPZRL,5293,5293,5293,46,33.7,1537.85,33.43152173913043,No,0
5294,2242-MFOTG,5294,5294,5294,33,80.1,2603.3,78.88787878787879,No,0
5295,2927-CVULT,5295,5295,5295,53,104.05,5566.4,105.02641509433961,No,0
5296,2144-BFDSO,5296,5296,5296,50,108.75,5431.9,108.63799999999999,No,0
5297,8745-PVESG,5297,5297,5297,57,41.1,2258.25,39.61842105263158,No,0
5298,7647-GYYKX,5298,5298,5298,54,20.35,1092.35,20.2287037037037,No,0
5299,5647-FXOTP,5299,5299,5299,60,105.9,6401.25,106.6875,No,0
5300,5569-OUICF,5300,5300,5300,28,101.3,2812.2,100.43571428571428,Yes,1
5301,8821-XNHVZ,5301,5301,5301,1,80.05,80.05,80.05,Yes,1
5302,2082-OJVTK,5302,5302,5302,29,89.2,2698.35,93.04655172413793,Yes,1
5303,9700-ISPUP,5303,5303,5303,10,65.5,616.9,61.69,No,0
5304,9839-ETQOE,5304,5304,5304,43,40.45,1912.85,44.48488372093023,No,0
5305,6078-VESFR,5305,5305,5305,13,70.45,849.1,65.31538461538462,No,0
5306,9027-TMATR,5306,5306,5306,43,78.8,3460.3,80.47209302325582,No,0
5307,5940-NFXKV,5307,5307,5307,19,83.65,1465.75,77.14473684210526,Yes,1
5308,1941-HOSAM,5308,5308,5308,1,90.1,90.1,90.1,No,0
5309,9110-HSGTV,5309,5309,5309,69,82.45,5555.3,80.51159420289855,No,0
5310,0704-VCUMB,5310,5310,5310,61,20.25,1278.8,20.963934426229507,No,0
5311,6171-ZTVYB,5311,5311,5311,43,66.25,2907.35,67.61279069767441,No,0
5312,8053-WWDRO,5312,5312,5312,6,19.5,146.3,24.383333333333336,Yes,1
5313,9564-KCLHR,5313,5313,5313,1,51.25,51.25,51.25,Yes,1
5314,1935-IMVBB,5314,5314,5314,56,89.7,4952.95,88.44553571428571,No,0
5315,2535-PBCGC,5315,5315,5315,70,64.55,4504.9,64.35571428571428,No,0
5316,2082-CEFLT,5316,5316,5316,1,45.6,45.6,45.6,Yes,1
5317,1470-PSXNM,5317,5317,5317,49,93.65,4520.15,92.24795918367346,No,0
5318,1213-NGCUN,5318,5318,5318,6,49.65,267.35,44.55833333333334,Yes,1
5319,2498-XLDZR,5319,5319,5319,32,73.6,2316.85,72.4015625,No,0
5320,9866-OCCKE,5320,5320,5320,72,109.75,8075.35,112.1576388888889,No,0
5321,5338-YHWYT,5321,5321,5321,37,61.45,2302.35,62.225675675675674,No,0
5322,7718-UPSKJ,5322,5322,5322,69,106.4,7251.9,105.1,No,0
5323,8731-WBBMB,5323,5323,5323,26,81.9,2078.55,79.94423076923077,No,0
5324,1448-CYWKC,5324,5324,5324,58,105.2,6225.4,107.33448275862068,No,0
5325,7901-IIDQV,5325,5325,5325,24,54.6,1242.25,51.760416666666664,No,0
5326,2690-DVRVK,5326,5326,5326,5,20.55,99.45,19.89,No,0
5327,5688-KZTSN,5327,5327,5327,15,20.0,288.05,19.203333333333333,Yes,1
5328,1270-XKUCC,5328,5328,5328,30,19.7,599.25,19.975,No,0
5329,0334-ZFJSR,5329,5329,5329,55,66.05,3462.1,62.947272727272725,No,0
5330,2894-QOJRX,5330,5330,5330,25,34.0,853.0,34.12,Yes,1
5331,5747-PMBSQ,5331,5331,5331,10,92.5,934.1,93.41,Yes,1
5332,5583-EJXRD,5332,5332,5332,44,54.05,2375.2,53.98181818181818,No,0
5333,4565-EVZMJ,5333,5333,5333,47,58.9,2813.05,59.85212765957447,No,0
5334,3143-JQEGI,5334,5334,5334,13,88.35,1222.8,94.06153846153846,Yes,1
5335,6386-SZZKH,5335,5335,5335,49,107.95,5293.2,108.02448979591837,Yes,1
5336,3327-YBAKM,5336,5336,5336,64,96.9,6314.35,98.66171875,No,0
5337,9441-QHEVC,5337,5337,5337,1,19.1,19.1,19.1,No,0
5338,6705-LNMDD,5338,5338,5338,20,50.0,1003.05,50.152499999999996,No,0
5339,2580-ASVVY,5339,5339,5339,37,45.4,1593.1,43.056756756756755,No,0
5340,3370-GQEAL,5340,5340,5340,30,85.45,2509.95,83.66499999999999,No,0
5341,5032-USPKF,5341,5341,5341,38,84.1,3187.65,83.88552631578948,No,0
5342,2982-IHMFT,5342,5342,5342,1,74.45,74.45,74.45,Yes,1
5343,3521-SYVOR,5343,5343,5343,37,64.75,2345.2,63.38378378378378,Yes,1
5344,4254-QPEDE,5344,5344,5344,52,66.25,3330.1,64.04038461538461,No,0
5345,6283-GITPX,5345,5345,5345,71,76.9,5522.7,77.78450704225352,No,0
5346,9526-JAWYF,5346,5346,5346,26,89.8,2335.3,89.81923076923077,Yes,1
5347,0771-CHWSK,5347,5347,5347,66,74.6,4798.4,72.7030303030303,No,0
5348,9788-HNGUT,5348,5348,5348,72,116.95,8594.4,119.36666666666666,No,0
5349,9495-REDIY,5349,5349,5349,25,40.65,970.55,38.821999999999996,No,0
5350,5375-XLDOF,5350,5350,5350,69,114.35,7665.8,111.09855072463769,No,0
5351,1172-VIYBP,5351,5351,5351,53,69.7,3686.05,69.54811320754717,No,0
5352,5649-VUKMC,5352,5352,5352,12,95.5,1115.15,92.92916666666667,Yes,1
5353,6559-PDZLR,5353,5353,5353,26,98.65,2537.0,97.57692307692308,No,0
5354,8992-OBVDG,5354,5354,5354,21,61.65,1393.6,66.36190476190475,No,0
5355,4273-MBHYA,5355,5355,5355,1,89.35,89.35,89.35,No,0
5356,4724-WXVWF,5356,5356,5356,48,95.4,4445.3,92.61041666666667,No,0
5357,5701-GUXDC,5357,5357,5357,26,35.4,978.6,37.63846153846154,No,0
5358,1460-UZPRJ,5358,5358,5358,60,19.95,1258.15,20.96916666666667,No,0
5359,6082-GLJIX,5359,5359,5359,18,19.25,331.35,18.408333333333335,No,0
5360,5143-EGQFK,5360,5360,5360,10,29.65,291.4,29.139999999999997,Yes,1
5361,4919-IKATY,5361,5361,5361,5,84.5,453.75,90.75,Yes,1
5362,2495-TTHBQ,5362,5362,5362,4,20.4,84.75,21.1875,No,0
5363,0485-ZBSLN,5363,5363,5363,65,24.75,1715.1,26.386153846153846,No,0
5364,3810-PJUHR,5364,5364,5364,70,25.35,1715.15,24.502142857142857,No,0
5365,9050-QLROH,5365,5365,5365,18,90.7,1597.25,88.73611111111111,Yes,1
5366,0847-HGRML,5366,5366,5366,62,20.0,1250.1,20.16290322580645,No,0
5367,8232-CTLKO,5367,5367,5367,66,59.75,3996.8,60.55757575757576,No,0
5368,9227-YBAXE,5368,5368,5368,65,82.5,5215.1,80.2323076923077,No,0
5369,6168-WFVVF,5369,5369,5369,3,70.3,235.5,78.5,Yes,1
5370,9860-LISIZ,5370,5370,5370,34,20.35,673.2,19.8,No,0
5371,0112-QAWRZ,5371,5371,5371,16,90.8,1442.2,90.1375,No,0
5372,0877-SDMBN,5372,5372,5372,54,103.95,5639.05,104.42685185185185,Yes,1
5373,2786-GCDPI,5373,5373,5373,50,104.95,5222.35,104.447,No,0
5374,4043-MKDTV,5374,5374,5374,71,105.25,7291.75,102.70070422535211,No,0
5375,8065-YKXKD,5375,5375,5375,10,74.75,799.65,79.965,Yes,1
5376,9637-EIHEQ,5376,5376,5376,1,50.8,50.8,50.8,Yes,1
5377,9229-RQABD,5377,5377,5377,18,23.75,424.5,23.583333333333332,No,0
5378,8313-KTIHG,5378,5378,5378,4,61.3,249.4,62.35,No,0
5379,5320-BRKGK,5379,5379,5379,58,75.8,4415.75,76.13362068965517,No,0
5380,6284-KMNUF,5380,5380,5380,56,98.0,5270.6,94.11785714285715,No,0
5381,9689-PTNPG,5381,5381,5381,2,80.25,144.55,72.275,Yes,1
5382,9465-RWMXL,5382,5382,5382,32,78.9,2447.95,76.4984375,Yes,1
5383,6229-UOLQL,5383,5383,5383,56,52.0,2884.9,51.51607142857143,No,0
5384,2362-IBOOY,5384,5384,5384,36,84.75,3050.15,84.72638888888889,Yes,1
5385,3137-LUPIX,5385,5385,5385,4,64.4,253.0,63.25,No,0
5386,0843-WTBXE,5386,5386,5386,53,85.45,4517.25,85.23113207547169,Yes,1
5387,6143-JQKEA,5387,5387,5387,10,45.8,436.2,43.62,No,0
5388,8676-OOQEJ,5388,5388,5388,4,30.5,118.4,29.6,No,0
5389,5515-IDEJJ,5389,5389,5389,1,19.9,19.9,19.9,Yes,1
5390,9701-CDXHR,5390,5390,5390,51,69.15,3649.6,71.56078431372549,No,0
5391,7450-NWRTR,5391,5391,5391,12,99.45,1200.15,100.0125,Yes,1
5392,8124-NZVGJ,5392,5392,5392,6,49.25,255.6,42.6,No,0
5393,2162-FRZAA,5393,5393,5393,63,39.35,2395.05,38.01666666666667,No,0
5394,5376-DEQCP,5394,5394,5394,1,70.6,70.6,70.6,Yes,1
5395,5118-MUEYH,5395,5395,5395,48,105.1,5083.55,105.90729166666667,No,0
5396,9095-HFAFX,5396,5396,5396,5,81.0,389.6,77.92,Yes,1
5397,5627-TVBPP,5397,5397,5397,35,20.1,644.5,18.414285714285715,No,0
5398,2379-ENZGV,5398,5398,5398,6,84.85,523.5,87.25,Yes,1
5399,3936-QQFLL,5399,5399,5399,2,19.75,39.3,19.65,No,0
5400,2589-AYCRP,5400,5400,5400,50,19.75,989.05,19.781,No,0
5401,4067-HLYQI,5401,5401,5401,33,70.4,2406.1,72.9121212121212,No,0
5402,5124-EOGYE,5402,5402,5402,31,20.45,638.55,20.598387096774193,No,0
5403,5057-RKGLH,5403,5403,5403,9,20.35,191.1,21.233333333333334,No,0
5404,0292-WEGCH,5404,5404,5404,54,86.2,4524.05,83.77870370370371,No,0
5405,8910-ICHIU,5405,5405,5405,46,95.65,4664.2,101.39565217391304,No,0
5406,4097-YODCF,5406,5406,5406,34,103.8,3470.8,102.08235294117648,No,0
5407,9715-WZCLW,5407,5407,5407,71,97.2,6910.3,97.32816901408451,No,0
5408,9786-YWNHU,5408,5408,5408,63,63.55,4014.2,63.717460317460315,No,0
5409,6407-GSJNL,5409,5409,5409,51,24.95,1288.0,25.254901960784313,No,0
5410,6005-OBZPH,5410,5410,5410,26,89.15,2277.65,87.60192307692309,Yes,1
5411,4049-ZPALD,5411,5411,5411,64,99.0,6375.8,99.621875,No,0
5412,7932-WPTDS,5412,5412,5412,1,24.8,24.8,24.8,Yes,1
5413,3733-UOCWF,5413,5413,5413,61,85.55,5251.75,86.09426229508196,No,0
5414,6833-JMZYP,5414,5414,5414,15,94.0,1505.45,100.36333333333333,No,0
5415,2722-VOJQL,5415,5415,5415,64,105.65,6903.1,107.8609375,Yes,1
5416,1310-QRITU,5416,5416,5416,18,50.3,913.3,50.73888888888889,No,0
5417,8961-QDZZJ,5417,5417,5417,57,95.0,5535.8,97.11929824561403,No,0
5418,9715-SBVSU,5418,5418,5418,14,61.4,815.55,58.253571428571426,No,0
5419,8490-BXHEO,5419,5419,5419,18,80.55,1411.65,78.42500000000001,No,0
5420,7173-TETGO,5420,5420,5420,72,78.5,5602.25,77.80902777777777,No,0
5421,7929-SKFGK,5421,5421,5421,70,114.3,8244.3,117.77571428571427,No,0
5422,2300-RQGOI,5422,5422,5422,38,20.05,741.5,19.513157894736842,No,0
5423,3563-SVYLG,5423,5423,5423,68,62.65,4375.8,64.35000000000001,No,0
5424,5228-EXCET,5424,5424,5424,13,80.85,1008.7,77.5923076923077,Yes,1
5425,6435-VWCCY,5425,5425,5425,65,92.7,5968.4,91.82153846153845,No,0
5426,4998-IKFSE,5426,5426,5426,30,100.45,3096.9,103.23,No,0
5427,8630-QSGXK,5427,5427,5427,51,75.2,3901.25,76.49509803921569,No,0
5428,2455-USLMV,5428,5428,5428,31,84.75,2613.4,84.30322580645162,No,0
5429,7394-FKDNK,5429,5429,5429,9,89.45,853.1,94.78888888888889,Yes,1
5430,9488-FVZCC,5430,5430,5430,72,79.5,5661.7,78.63472222222222,No,0
5431,6331-LWDTQ,5431,5431,5431,10,72.15,794.25,79.425,Yes,1
5432,5995-WWKKG,5432,5432,5432,37,19.8,695.05,18.785135135135135,No,0
5433,1597-FZREH,5433,5433,5433,2,76.4,160.8,80.4,Yes,1
5434,7879-CGSFV,5434,5434,5434,55,100.9,5552.05,100.94636363636364,No,0
5435,9921-EZKBY,5435,5435,5435,33,95.3,3275.15,99.2469696969697,No,0
5436,7432-FFVAR,5436,5436,5436,46,90.95,4236.6,92.10000000000001,No,0
5437,7246-ZGQDF,5437,5437,5437,1,54.5,54.5,54.5,No,0
5438,7000-WCEVQ,5438,5438,5438,20,61.6,1174.35,58.717499999999994,Yes,1
5439,0727-IWKVK,5439,5439,5439,9,79.9,741.7,82.41111111111111,Yes,1
5440,5959-BELXA,5440,5440,5440,32,96.15,3019.25,94.3515625,Yes,1
5441,4456-RHSNB,5441,5441,5441,19,49.6,962.9,50.67894736842105,No,0
5442,3512-IZIKN,5442,5442,5442,70,65.3,4759.75,67.99642857142857,Yes,1
5443,2481-SBOYW,5443,5443,5443,61,25.0,1498.35,24.563114754098358,No,0
5444,7109-MFBYV,5444,5444,5444,26,45.45,1233.15,47.42884615384616,No,0
5445,1833-TCXKK,5445,5445,5445,45,107.75,4882.8,108.50666666666667,No,0
5446,1832-PEUTS,5446,5446,5446,62,89.1,5411.65,87.28467741935484,No,0
5447,6141-OOXUQ,5447,5447,5447,1,19.65,19.65,19.65,Yes,1
5448,8660-BUETV,5448,5448,5448,3,44.75,148.05,49.35,No,0
5449,0580-PIQHM,5449,5449,5449,41,101.6,3930.55,95.86707317073171,No,0
5450,5696-CEIQJ,5450,5450,5450,67,103.15,6895.5,102.91791044776119,No,0
5451,7503-ZGUZJ,5451,5451,5451,1,84.65,84.65,84.65,Yes,1
5452,1696-HXOWK,5452,5452,5452,71,95.65,6856.95,96.57676056338028,No,0
5453,3026-ATZYV,5453,5453,5453,37,75.1,2658.8,71.85945945945946,No,0
5454,4012-YCFAI,5454,5454,5454,60,61.35,3766.2,62.769999999999996,No,0
5455,2506-TNFCO,5455,5455,5455,1,69.55,69.55,69.55,Yes,1
5456,9970-QBCDA,5456,5456,5456,6,19.7,129.55,21.59166666666667,No,0
5457,8718-PTMEZ,5457,5457,5457,13,31.05,347.25,26.71153846153846,Yes,1
5458,9496-IVVRP,5458,5458,5458,11,51.0,581.7,52.88181818181818,No,0
5459,2207-OBZNX,5459,5459,5459,7,51.0,354.05,50.57857142857143,Yes,1
5460,2657-VPXTA,5460,5460,5460,10,88.85,929.45,92.94500000000001,No,0
5461,6551-VLJMV,5461,5461,5461,34,20.05,679.0,19.970588235294116,No,0
5462,1221-GHZEP,5462,5462,5462,62,65.1,3846.75,62.04435483870968,No,0
5463,9289-LBQVU,5463,5463,5463,64,70.15,4480.7,70.0109375,No,0
5464,6142-VSJQO,5464,5464,5464,1,44.35,44.35,44.35,Yes,1
5465,3458-IDMFK,5465,5465,5465,25,20.75,499.4,19.976,No,0
5466,6933-FHBZC,5466,5466,5466,26,56.05,1553.2,59.73846153846154,No,0
5467,0221-NAUXK,5467,5467,5467,10,19.95,219.5,21.95,No,0
5468,9770-KXGQU,5468,5468,5468,53,98.6,5311.85,100.22358490566039,No,0
5469,6437-UKHMV,5469,5469,5469,7,79.7,586.05,83.72142857142856,Yes,1
5470,6538-POCHL,5470,5470,5470,33,79.0,2576.8,78.0848484848485,No,0
5471,6726-NNFWD,5471,5471,5471,71,89.45,6435.25,90.63732394366197,No,0
5472,3002-WQZWT,5472,5472,5472,29,74.2,1993.25,68.73275862068965,No,0
5473,4277-UDIEF,5473,5473,5473,24,81.0,1923.85,80.16041666666666,No,0
5474,1208-NBVFH,5474,5474,5474,20,49.6,939.8,46.989999999999995,No,0
5475,4912-PIGUY,5475,5475,5475,1,84.6,84.6,84.6,No,0
5476,1114-CENIM,5476,5476,5476,54,55.0,3092.65,57.2712962962963,Yes,1
5477,6060-DRTNL,5477,5477,5477,5,84.85,415.55,83.11,Yes,1
5478,2725-TTRIQ,5478,5478,5478,72,84.2,5986.55,83.14652777777778,No,0
5479,3374-TTZTK,5479,5479,5479,52,106.3,5487.0,105.51923076923077,No,0
5480,8990-ZXLSU,5480,5480,5480,9,69.05,651.5,72.38888888888889,No,0
5481,2275-RBYQS,5481,5481,5481,1,45.4,45.4,45.4,No,0
5482,8473-VUVJN,5482,5482,5482,1,73.65,73.65,73.65,Yes,1
5483,6289-CPNLD,5483,5483,5483,33,73.9,2405.05,72.88030303030304,Yes,1
5484,5536-SLHPM,5484,5484,5484,55,77.75,4458.15,81.05727272727272,Yes,1
5485,4419-UJMUS,5485,5485,5485,69,99.35,6856.45,99.36884057971014,No,0
5486,7794-JASDG,5486,5486,5486,1,50.75,50.75,50.75,No,0
5487,7609-YBPXG,5487,5487,5487,54,87.1,4735.2,87.68888888888888,No,0
5488,5519-TEEUH,5488,5488,5488,33,20.15,682.15,20.671212121212122,No,0
5489,7856-GANIL,5489,5489,5489,45,98.7,4525.8,100.57333333333334,No,0
5490,0804-XBFBV,5490,5490,5490,11,25.2,321.05,29.186363636363637,No,0
5491,2676-OXPPQ,5491,5491,5491,6,55.7,335.65,55.94166666666666,No,0
5492,3703-TTEPD,5492,5492,5492,21,65.35,1424.4,67.82857142857144,No,0
5493,2799-TSLAG,5493,5493,5493,65,25.3,1748.55,26.90076923076923,No,0
5494,0196-VULGZ,5494,5494,5494,6,84.35,474.9,79.14999999999999,Yes,1
5495,8837-VVWLQ,5495,5495,5495,8,84.95,668.4,83.55,Yes,1
5496,2696-NARTR,5496,5496,5496,11,73.85,926.25,84.20454545454545,Yes,1
5497,2208-NKVVH,5497,5497,5497,43,24.25,1077.95,25.06860465116279,No,0
5498,7614-QVWQL,5498,5498,5498,49,51.8,2541.25,51.86224489795919,Yes,1
5499,1976-CFOCS,5499,5499,5499,1,46.0,46.0,46.0,Yes,1
5500,4631-OACRM,5500,5500,5500,15,79.4,1156.1,77.07333333333332,Yes,1
5501,7139-JZFVG,5501,5501,5501,60,60.5,3694.45,61.57416666666666,No,0
5502,4987-GQWPO,5502,5502,5502,17,25.1,382.8,22.51764705882353,No,0
5503,3755-JBMNH,5503,5503,5503,16,71.8,1167.8,72.9875,Yes,1
5504,1757-TCATG,5504,5504,5504,35,20.05,746.75,21.335714285714285,No,0
5505,6345-ULYRW,5505,5505,5505,44,88.4,3912.9,88.92954545454546,Yes,1
5506,4776-XSKYQ,5506,5506,5506,12,30.25,368.85,30.7375,No,0
5507,8048-DSDFQ,5507,5507,5507,1,20.2,20.2,20.2,No,0
5508,5753-QQWPW,5508,5508,5508,28,59.9,1654.7,59.096428571428575,No,0
5509,6010-DDPPW,5509,5509,5509,70,25.15,1940.85,27.72642857142857,No,0
5510,1809-DMJHQ,5510,5510,5510,5,46.0,221.7,44.339999999999996,Yes,1
5511,6693-FRIRW,5511,5511,5511,18,101.3,1794.65,99.70277777777778,No,0
5512,6586-MYGKD,5512,5512,5512,70,76.95,5289.8,75.56857142857143,No,0
5513,3173-NVMPX,5513,5513,5513,9,55.3,501.2,55.68888888888889,No,0
5514,0248-PGHBZ,5514,5514,5514,67,92.45,6140.85,91.65447761194031,No,0
5515,0623-GDISB,5515,5515,5515,1,48.45,48.45,48.45,No,0
5516,2892-GESUL,5516,5516,5516,18,19.35,309.25,17.180555555555557,No,0
5517,6923-EFPNL,5517,5517,5517,4,51.75,201.1,50.275,Yes,1
5518,7472-EQOAV,5518,5518,5518,71,86.7,6179.35,87.0330985915493,No,0
5519,9574-RKJIF,5519,5519,5519,30,94.4,2838.7,94.62333333333332,Yes,1
5520,2043-WVTQJ,5520,5520,5520,1,55.7,55.7,55.7,No,0
5521,8034-RYTVV,5521,5521,5521,55,84.25,4589.85,83.45181818181818,No,0
5522,3863-QSTYI,5522,5522,5522,59,64.65,3735.45,63.31271186440678,No,0
5523,2619-WFQWU,5523,5523,5523,1,70.15,70.15,70.15,Yes,1
5524,5044-LRQAQ,5524,5524,5524,7,69.2,477.55,68.22142857142858,No,0
5525,1716-LSAMB,5525,5525,5525,45,54.65,2553.7,56.748888888888885,No,0
5526,1333-PBMXB,5526,5526,5526,54,24.75,1342.15,24.85462962962963,No,0
5527,6546-OPBBH,5527,5527,5527,51,23.95,1216.35,23.849999999999998,No,0
5528,5985-BEHZK,5528,5528,5528,72,105.0,7578.05,105.25069444444445,No,0
5529,9127-QRZMH,5529,5529,5529,44,59.85,2603.95,59.18068181818182,No,0
5530,5919-VCZYM,5530,5530,5530,2,20.05,42.7,21.35,No,0
5531,9644-KVCNC,5531,5531,5531,66,92.15,6056.9,91.77121212121212,No,0
5532,2137-DQMEV,5532,5532,5532,68,44.8,2983.65,43.87720588235294,No,0
5533,8174-LNWMW,5533,5533,5533,31,20.9,689.35,22.23709677419355,No,0
5534,9279-CJEOJ,5534,5534,5534,21,95.4,2025.1,96.43333333333332,No,0
5535,7964-VEXDG,5535,5535,5535,21,80.35,1747.2,83.2,No,0
5536,2404-JIBFC,5536,5536,5536,55,85.1,4657.95,84.69,No,0
5537,0778-NELLA,5537,5537,5537,9,34.7,296.1,32.900000000000006,Yes,1
5538,8029-XYPWT,5538,5538,5538,71,115.05,8016.6,112.90985915492958,No,0
5539,4614-NUVZD,5539,5539,5539,1,81.1,81.1,81.1,Yes,1
5540,4632-PAOYU,5540,5540,5540,22,19.95,433.5,19.704545454545453,No,0
5541,3803-KMQFW,5541,5541,5541,1,20.55,20.55,20.55,Yes,1
5542,6804-GDMOI,5542,5542,5542,61,106.6,6428.4,105.38360655737705,Yes,1
5543,2990-OGYTD,5543,5543,5543,67,86.15,5883.85,87.81865671641792,No,0
5544,6646-JPPHA,5544,5544,5544,14,78.85,1043.8,74.55714285714285,No,0
5545,9572-MTILT,5545,5545,5545,59,106.75,6252.9,105.98135593220339,Yes,1
5546,7658-UYUQS,5546,5546,5546,21,86.55,1857.25,88.44047619047619,No,0
5547,7880-XSOJX,5547,5547,5547,4,42.4,146.4,36.6,No,0
5548,9611-CTWIH,5548,5548,5548,3,89.45,240.45,80.14999999999999,Yes,1
5549,4589-IUAJB,5549,5549,5549,70,24.25,1724.15,24.630714285714287,No,0
5550,0329-GTIAJ,5550,5550,5550,3,97.9,315.3,105.10000000000001,Yes,1
5551,8746-BFOAJ,5551,5551,5551,21,20.5,429.55,20.454761904761906,No,0
5552,8457-XIGKN,5552,5552,5552,20,19.6,356.15,17.807499999999997,No,0
5553,6072-NUQCB,5553,5553,5553,22,20.25,488.25,22.193181818181817,No,0
5554,6629-CZTTH,5554,5554,5554,1,55.7,55.7,55.7,Yes,1
5555,8838-GPHZP,5555,5555,5555,63,20.6,1298.7,20.614285714285714,No,0
5556,8750-QWZAJ,5556,5556,5556,70,19.8,1378.75,19.696428571428573,No,0
5557,5364-EVNIB,5557,5557,5557,13,79.8,973.45,74.88076923076923,Yes,1
5558,6918-UMQCG,5558,5558,5558,5,80.2,384.25,76.85,No,0
5559,0675-NCDYU,5559,5559,5559,72,116.4,8543.25,118.65625,No,0
5560,6339-DKLMK,5560,5560,5560,13,31.65,389.95,29.996153846153845,No,0
5561,1346-PJWTK,5561,5561,5561,61,94.15,5731.85,93.96475409836066,No,0
5562,5088-QZLRL,5562,5562,5562,1,20.65,20.65,20.65,No,0
5563,8023-QHAIO,5563,5563,5563,56,76.85,4275.75,76.35267857142857,No,0
5564,4397-FRLTA,5564,5564,5564,4,20.15,84.5,21.125,No,0
5565,3057-VJJQE,5565,5565,5565,35,55.25,1924.1,54.97428571428571,No,0
5566,5087-SUURX,5566,5566,5566,18,39.05,669.85,37.21388888888889,Yes,1
5567,2302-OUZXB,5567,5567,5567,72,82.15,5784.3,80.3375,No,0
5568,8133-ANHHJ,5568,5568,5568,49,103.0,5166.2,105.43265306122449,No,0
5569,2270-CHBFN,5569,5569,5569,44,95.1,4060.55,92.28522727272728,No,0
5570,0013-EXCHZ,5570,5570,5570,3,83.9,267.4,89.13333333333333,Yes,1
5571,5982-FPVQN,5571,5571,5571,37,95.15,3532.85,95.48243243243243,No,0
5572,9107-UKCKY,5572,5572,5572,61,79.8,4914.8,80.57049180327868,No,0
5573,4654-ULTTN,5573,5573,5573,70,74.8,5315.8,75.94,No,0
5574,5550-VFRLC,5574,5574,5574,1,69.85,69.85,69.85,Yes,1
5575,5546-BYZSM,5575,5575,5575,41,20.45,775.6,18.917073170731708,No,0
5576,1492-KGETH,5576,5576,5576,70,78.35,5445.95,77.79928571428572,No,0
5577,4929-BSTRX,5577,5577,5577,1,53.55,53.55,53.55,Yes,1
5578,4163-HFTUK,5578,5578,5578,51,19.1,1007.8,19.76078431372549,No,0
5579,8215-NGSPE,5579,5579,5579,42,20.0,833.55,19.84642857142857,No,0
5580,2225-ZRGSG,5580,5580,5580,70,93.9,6579.05,93.98642857142858,Yes,1
5581,8859-YSTWS,5581,5581,5581,48,19.95,1004.5,20.927083333333332,No,0
5582,5271-YNWVR,5582,5582,5582,68,113.15,7856.0,115.52941176470588,Yes,1
5583,7601-DHFWZ,5583,5583,5583,48,24.0,1183.05,24.646874999999998,No,0
5584,2657-ALMWY,5584,5584,5584,26,84.95,2169.75,83.45192307692308,Yes,1
5585,6330-JKLPC,5585,5585,5585,11,80.5,896.9,81.53636363636363,Yes,1
5586,4667-OHGKG,5586,5586,5586,1,19.3,19.3,19.3,Yes,1
5587,1998-VHJHK,5587,5587,5587,27,19.15,501.35,18.56851851851852,No,0
5588,1707-HABPF,5588,5588,5588,46,91.3,4126.35,89.70326086956523,No,0
5589,1660-HSOOQ,5589,5589,5589,1,49.65,49.65,49.65,Yes,1
5590,7253-UVNDW,5590,5590,5590,46,54.35,2460.15,53.481521739130436,Yes,1
5591,0487-VVUVK,5591,5591,5591,25,19.15,477.6,19.104,No,0
5592,7228-OMTPN,5592,5592,5592,4,88.45,370.65,92.6625,Yes,1
5593,5063-IUOKK,5593,5593,5593,13,19.75,265.75,20.442307692307693,No,0
5594,4508-OEBEY,5594,5594,5594,31,75.5,2424.45,78.20806451612903,No,0
5595,0027-KWYKW,5595,5595,5595,23,83.75,1849.95,80.43260869565218,No,0
5596,2308-STERM,5596,5596,5596,2,19.4,61.05,30.525,No,0
5597,5982-XMDEX,5597,5597,5597,65,26.5,1698.55,26.13153846153846,No,0
5598,6284-AHOOQ,5598,5598,5598,22,90.5,1910.6,86.84545454545454,Yes,1
5599,6051-PTVNS,5599,5599,5599,55,19.15,998.1,18.14727272727273,No,0
5600,2344-JMOGN,5600,5600,5600,9,94.85,890.6,98.95555555555556,Yes,1
5601,3799-ISUZQ,5601,5601,5601,7,69.95,529.5,75.64285714285714,Yes,1
5602,2877-VDUER,5602,5602,5602,35,40.9,1383.6,39.53142857142857,No,0
5603,9152-AMKAK,5603,5603,5603,6,80.25,493.4,82.23333333333333,No,0
5604,1794-HBQTJ,5604,5604,5604,1,48.6,48.6,48.6,Yes,1
5605,9432-VOFYX,5605,5605,5605,17,70.8,1207.0,71.0,No,0
5606,8049-WJCLQ,5606,5606,5606,10,60.2,563.5,56.35,No,0
5607,6586-PSJOX,5607,5607,5607,15,55.2,864.55,57.63666666666666,No,0
5608,2460-FPSYH,5608,5608,5608,40,55.8,2109.35,52.73375,Yes,1
5609,9705-ZJBCG,5609,5609,5609,13,54.15,701.05,53.926923076923075,No,0
5610,4818-DRBQT,5610,5610,5610,29,80.15,2265.25,78.11206896551724,Yes,1
5611,1320-HTRDR,5611,5611,5611,3,75.5,220.6,73.53333333333333,Yes,1
5612,6847-KJLTS,5612,5612,5612,58,100.4,5749.8,99.13448275862069,No,0
5613,9670-BPNXF,5613,5613,5613,45,62.55,2796.45,62.14333333333333,No,0
5614,3913-FCUUW,5614,5614,5614,72,70.45,5165.7,71.74583333333334,No,0
5615,3301-VKTGC,5615,5615,5615,68,85.5,5696.6,83.77352941176471,No,0
5616,1493-AMTIE,5616,5616,5616,1,20.2,20.2,20.2,Yes,1
5617,9555-SAHUZ,5617,5617,5617,38,54.5,2076.05,54.63289473684211,No,0
5618,0816-TSPHQ,5618,5618,5618,2,20.75,44.2,22.1,No,0
5619,9932-WBWIK,5619,5619,5619,11,20.35,215.25,19.568181818181817,No,0
5620,4619-EVPHY,5620,5620,5620,20,91.0,1859.5,92.975,No,0
5621,5286-YHCVC,5621,5621,5621,72,104.8,7470.1,103.7513888888889,No,0
5622,6424-ELEYH,5622,5622,5622,3,74.75,229.5,76.5,Yes,1
5623,4391-RESHN,5623,5623,5623,23,104.05,2470.1,107.39565217391304,Yes,1
5624,9115-YQHGA,5624,5624,5624,40,51.1,2092.9,52.322500000000005,No,0
5625,4462-CYWMH,5625,5625,5625,62,89.8,5629.55,90.7991935483871,No,0
5626,8963-MQVYN,5626,5626,5626,22,20.55,469.85,21.356818181818184,No,0
5627,2458-EOMRE,5627,5627,5627,11,64.05,733.95,66.72272727272728,No,0
5628,9334-GWGOW,5628,5628,5628,7,74.85,485.25,69.32142857142857,No,0
5629,6821-BUXUX,5629,5629,5629,13,96.65,1244.5,95.73076923076923,Yes,1
5630,5028-HTLJB,5630,5630,5630,1,20.05,20.05,20.05,Yes,1
5631,9801-GDWGV,5631,5631,5631,39,103.45,3994.45,102.42179487179487,Yes,1
5632,6542-LWGXJ,5632,5632,5632,3,25.0,78.25,26.083333333333332,No,0
5633,5567-GZKQY,5633,5633,5633,58,20.3,1131.5,19.50862068965517,No,0
5634,1222-LRYKO,5634,5634,5634,6,26.35,184.05,30.675,No,0
5635,2320-JRSDE,5635,5635,5635,1,19.9,19.9,19.9,Yes,1
5636,2087-QAREY,5636,5636,5636,22,54.7,1178.75,53.57954545454545,No,0
5637,0601-WZHJF,5637,5637,5637,14,46.35,667.7,47.69285714285714,Yes,1
5638,4423-JWZJN,5638,5638,5638,64,90.25,5629.15,87.95546875,No,0
5639,5143-WMWOG,5639,5639,5639,1,19.95,19.95,19.95,Yes,1
5640,6490-FGZAT,5640,5640,5640,6,20.65,109.3,18.216666666666665,No,0
5641,5393-RXQSZ,5641,5641,5641,1,79.6,79.6,79.6,Yes,1
5642,7452-FOLON,5642,5642,5642,39,25.45,958.45,24.575641025641026,No,0
5643,2320-TZRRH,5643,5643,5643,20,19.5,403.15,20.1575,No,0
5644,0231-LXVAP,5644,5644,5644,1,75.9,75.9,75.9,Yes,1
5645,9444-JTXHZ,5645,5645,5645,1,76.2,76.2,76.2,Yes,1
5646,4942-VZZOM,5646,5646,5646,64,66.15,4392.5,68.6328125,No,0
5647,5510-BOIUJ,5647,5647,5647,1,19.25,19.25,19.25,Yes,1
5648,7502-BNYGS,5648,5648,5648,46,69.1,3168.0,68.8695652173913,No,0
5649,4291-HYEBC,5649,5649,5649,28,39.1,1096.6,39.16428571428571,No,0
5650,6147-CBCRA,5650,5650,5650,33,20.05,669.45,20.28636363636364,No,0
5651,6047-SUHPR,5651,5651,5651,39,59.8,2343.85,60.09871794871795,No,0
5652,4471-KXAUH,5652,5652,5652,42,84.3,3588.4,85.43809523809524,Yes,1
5653,9752-ZNQUT,5653,5653,5653,1,48.6,48.6,48.6,No,0
5654,7638-QVMVY,5654,5654,5654,7,79.0,522.95,74.70714285714287,Yes,1
5655,1576-PFZIW,5655,5655,5655,70,105.35,7511.9,107.31285714285714,No,0
5656,5666-MBJPT,5656,5656,5656,65,25.1,1725.0,26.53846153846154,No,0
5657,7312-XSBAT,5657,5657,5657,1,49.75,49.75,49.75,No,0
5658,3096-GKWEB,5658,5658,5658,18,94.75,1691.9,93.99444444444445,No,0
5659,2371-JQHZZ,5659,5659,5659,24,93.0,2248.05,93.66875,No,0
5660,0674-GCDXG,5660,5660,5660,63,71.9,4479.2,71.0984126984127,No,0
5661,1121-QSIVB,5661,5661,5661,44,77.55,3471.1,78.88863636363637,No,0
5662,4396-KLSEH,5662,5662,5662,4,19.85,63.0,15.75,No,0
5663,3244-DCJWY,5663,5663,5663,1,70.25,70.25,70.25,Yes,1
5664,2824-MYYBN,5664,5664,5664,37,95.25,3314.15,89.57162162162163,No,0
5665,0875-CABNR,5665,5665,5665,10,84.6,865.55,86.55499999999999,Yes,1
5666,6345-HOVES,5666,5666,5666,34,25.05,852.7,25.079411764705885,No,0
5667,8318-LCNBW,5667,5667,5667,35,53.15,1930.9,55.16857142857143,No,0
5668,6469-QJKZW,5668,5668,5668,4,20.15,91.4,22.85,No,0
5669,0147-ESWWR,5669,5669,5669,39,101.25,3949.15,101.26025641025642,No,0
5670,1217-VASWC,5670,5670,5670,43,100.55,4304.0,100.09302325581395,No,0
5671,7812-FZHPE,5671,5671,5671,17,24.1,409.9,24.11176470588235,Yes,1
5672,6370-ZVHDV,5672,5672,5672,61,25.3,1554.9,25.49016393442623,No,0
5673,5915-DGNVC,5673,5673,5673,49,71.8,3472.05,70.85816326530613,No,0
5674,6260-XLACS,5674,5674,5674,4,19.7,117.8,29.45,No,0
5675,3566-CAAYU,5675,5675,5675,64,49.85,3210.35,50.16171875,No,0
5676,4983-CCWMC,5676,5676,5676,3,69.6,207.4,69.13333333333334,No,0
5677,9103-CXVOK,5677,5677,5677,1,19.75,19.75,19.75,No,0
5678,2896-TBNBE,5678,5678,5678,40,80.8,3132.75,78.31875,No,0
5679,4797-AXPXK,5679,5679,5679,1,60.0,60.0,60.0,Yes,1
5680,5229-PRWKT,5680,5680,5680,8,86.55,649.65,81.20625,Yes,1
5681,6982-UQZLY,5681,5681,5681,1,20.85,20.85,20.85,Yes,1
5682,2522-WLNSF,5682,5682,5682,34,64.2,2106.3,61.95,No,0
5683,3841-CONLJ,5683,5683,5683,1,35.0,35.0,35.0,No,0
5684,5057-LCOUI,5684,5684,5684,39,50.75,2011.4,51.57435897435898,Yes,1
5685,0193-ESZXP,5685,5685,5685,58,105.5,6205.5,106.99137931034483,Yes,1
5686,4475-NVTLU,5686,5686,5686,45,19.2,903.7,20.082222222222224,No,0
5687,4369-HTUIF,5687,5687,5687,6,85.15,503.6,83.93333333333334,Yes,1
5688,9386-LDCZR,5688,5688,5688,43,90.65,3882.3,90.28604651162792,No,0
5689,9585-KKMFD,5689,5689,5689,41,20.0,879.8,21.458536585365852,No,0
5690,5399-ZIMKF,5690,5690,5690,5,74.65,383.65,76.72999999999999,No,0
5691,0336-KXKFK,5691,5691,5691,72,61.2,4390.25,60.97569444444444,No,0
5692,5619-XZZKR,5692,5692,5692,4,19.95,68.2,17.05,No,0
5693,3948-FVVRP,5693,5693,5693,9,54.8,452.8,50.31111111111111,No,0
5694,5327-XOKKY,5694,5694,5694,72,73.45,5329.0,74.01388888888889,No,0
5695,0983-TATYJ,5695,5695,5695,33,51.45,1758.9,53.300000000000004,No,0
5696,1813-JYWTO,5696,5696,5696,72,80.45,5737.6,79.6888888888889,No,0
5697,0156-FVPTA,5697,5697,5697,22,54.2,1152.7,52.39545454545455,Yes,1
5698,1984-FCOWB,5698,5698,5698,70,109.5,7674.55,109.63642857142857,Yes,1
5699,0654-HMSHN,5699,5699,5699,21,104.4,2157.95,102.7595238095238,Yes,1
5700,6719-OXYBR,5700,5700,5700,15,85.3,1219.85,81.32333333333332,No,0
5701,3312-ZWLGF,5701,5701,5701,29,79.3,2414.55,83.26034482758621,No,0
5702,6476-YHMGA,5702,5702,5702,15,76.5,1155.6,77.03999999999999,No,0
5703,5287-QWLKY,5703,5703,5703,71,105.1,7548.1,106.3112676056338,Yes,1
5704,0795-XCCTE,5704,5704,5704,72,25.4,1809.35,25.12986111111111,No,0
5705,0168-XZKBB,5705,5705,5705,19,86.85,1564.4,82.33684210526316,No,0
5706,3785-NRHYR,5706,5706,5706,1,19.65,19.65,19.65,No,0
5707,5196-SGOAK,5707,5707,5707,1,75.7,75.7,75.7,Yes,1
5708,4537-DKTAL,5708,5708,5708,2,45.55,84.4,42.2,No,0
5709,7072-MBHEV,5709,5709,5709,11,78.1,864.85,78.62272727272727,No,0
5710,5602-BVFMK,5710,5710,5710,12,19.3,228.75,19.0625,No,0
5711,6297-NOOPG,5711,5711,5711,70,110.5,7752.05,110.74357142857143,No,0
5712,1891-UAWWU,5712,5712,5712,20,90.8,1951.0,97.55,Yes,1
5713,8204-TIFGJ,5713,5713,5713,23,20.3,470.6,20.460869565217394,No,0
5714,8050-DVOJX,5714,5714,5714,49,81.35,4060.9,82.87551020408164,No,0
5715,6108-OQZDQ,5715,5715,5715,4,97.95,384.5,96.125,Yes,1
5716,0363-QJVFX,5716,5716,5716,32,108.15,3432.9,107.278125,Yes,1
5717,8903-XEBGX,5717,5717,5717,2,55.3,108.65,54.325,No,0
5718,8169-SAEJD,5718,5718,5718,69,56.55,3952.65,57.28478260869565,No,0
5719,9840-DVNDC,5719,5719,5719,6,80.5,463.05,77.175,Yes,1
5720,1089-XZWHH,5720,5720,5720,24,19.7,494.05,20.585416666666667,No,0
5721,2325-WINES,5721,5721,5721,32,104.05,3416.85,106.7765625,No,0
5722,6064-ZATLR,5722,5722,5722,27,52.85,1498.65,55.50555555555556,No,0
5723,3096-JRDSO,5723,5723,5723,27,104.3,2867.75,106.21296296296296,Yes,1
5724,7824-PANSQ,5724,5724,5724,58,80.65,4807.35,82.88534482758621,No,0
5725,8042-JVNFH,5725,5725,5725,1,71.35,71.35,71.35,Yes,1
5726,9648-BCHKM,5726,5726,5726,18,24.65,471.35,26.186111111111114,No,0
5727,2888-ADFAO,5727,5727,5727,47,21.3,1041.8,22.16595744680851,No,0
5728,8707-HOEDG,5728,5728,5728,70,110.2,7689.8,109.85428571428572,No,0
5729,3374-LXDEV,5729,5729,5729,13,89.4,1132.35,87.10384615384615,Yes,1
5730,4072-IPYLT,5730,5730,5730,36,51.05,1815.0,50.416666666666664,No,0
5731,7167-PCEYD,5731,5731,5731,67,19.8,1311.3,19.571641791044776,No,0
5732,4936-YPJNK,5732,5732,5732,10,19.9,199.45,19.945,No,0
5733,1580-BMCMR,5733,5733,5733,19,87.3,1637.3,86.17368421052632,No,0
5734,4817-KEQSP,5734,5734,5734,71,19.85,1326.35,18.680985915492958,No,0
5735,6408-WHTEF,5735,5735,5735,72,89.4,6376.55,88.56319444444445,No,0
5736,9251-AWQGT,5736,5736,5736,48,20.0,935.9,19.497916666666665,No,0
5737,8749-CLJXC,5737,5737,5737,1,20.05,20.05,20.05,No,0
5738,7989-VCQOH,5738,5738,5738,18,83.25,1611.15,89.50833333333334,No,0
5739,5049-GLYVG,5739,5739,5739,1,20.6,20.6,20.6,Yes,1
5740,4199-QHJNM,5740,5740,5740,67,102.9,6989.7,104.32388059701492,No,0
5741,8882-TLVRW,5741,5741,5741,69,39.1,2779.5,40.28260869565217,No,0
5742,5883-GTGVD,5742,5742,5742,19,99.95,1931.75,101.67105263157895,Yes,1
5743,5135-GRQJV,5743,5743,5743,72,114.5,8331.95,115.7215277777778,No,0
5744,2384-OVPSA,5744,5744,5744,38,20.2,735.9,19.36578947368421,No,0
5745,1371-WEPDS,5745,5745,5745,40,55.8,2283.3,57.0825,No,0
5746,3580-GICBM,5746,5746,5746,61,24.2,1445.2,23.691803278688525,No,0
5747,4817-QRJSX,5747,5747,5747,10,81.0,818.05,81.80499999999999,Yes,1
5748,9730-DRTMJ,5748,5748,5748,32,72.8,2333.05,72.9078125,No,0
5749,4686-UXDML,5749,5749,5749,21,99.85,1992.55,94.88333333333333,No,0
5750,3349-ANQNH,5750,5750,5750,59,99.5,5890.0,99.83050847457628,No,0
5751,2398-YPMUR,5751,5751,5751,13,70.15,916.75,70.51923076923077,Yes,1
5752,0932-YIXYU,5752,5752,5752,47,20.25,1029.8,21.91063829787234,No,0
5753,7480-SPLEF,5753,5753,5753,69,26.0,1796.55,26.03695652173913,No,0
5754,7636-XUHWW,5754,5754,5754,2,19.9,33.7,16.85,No,0
5755,1431-CYWMH,5755,5755,5755,22,19.05,454.05,20.638636363636365,No,0
5756,5937-EORGB,5756,5756,5756,15,96.5,1392.25,92.81666666666666,No,0
5757,6349-JDHQP,5757,5757,5757,53,19.85,1049.6,19.80377358490566,No,0
5758,5539-HIVAK,5758,5758,5758,28,25.7,734.6,26.235714285714288,No,0
5759,5847-MXBEO,5759,5759,5759,22,20.3,475.1,21.595454545454547,No,0
5760,9985-MWVIX,5760,5760,5760,1,70.15,70.15,70.15,Yes,1
5761,4583-PARNH,5761,5761,5761,16,91.55,1540.05,96.253125,No,0
5762,1116-FRYVH,5762,5762,5762,48,39.4,1978.65,41.221875000000004,No,0
5763,1421-HCERK,5763,5763,5763,30,105.7,3181.8,106.06,No,0
5764,9633-XQABV,5764,5764,5764,3,70.25,229.7,76.56666666666666,No,0
5765,0716-BQNDX,5765,5765,5765,57,93.75,5625.55,98.69385964912281,No,0
5766,1265-XTECC,5766,5766,5766,68,96.55,6581.9,96.79264705882352,Yes,1
5767,1183-CANVH,5767,5767,5767,23,60.0,1347.15,58.571739130434786,No,0
5768,1972-XMUWV,5768,5768,5768,65,59.8,3808.2,58.58769230769231,No,0
5769,8679-LZBMD,5769,5769,5769,44,90.65,3974.15,90.32159090909092,No,0
5770,3407-JMJQQ,5770,5770,5770,71,109.0,7661.8,107.91267605633803,No,0
5771,6252-DFGTK,5771,5771,5771,37,68.1,2479.25,67.00675675675676,No,0
5772,1539-LNKHM,5772,5772,5772,12,20.4,266.6,22.21666666666667,No,0
5773,8645-KOMJQ,5773,5773,5773,69,81.95,5601.4,81.17971014492753,No,0
5774,0289-IVARM,5774,5774,5774,35,60.55,1982.6,56.645714285714284,No,0
5775,9761-XUJWD,5775,5775,5775,5,65.6,339.9,67.97999999999999,No,0
5776,4057-FKCZK,5776,5776,5776,58,82.5,4828.05,83.24224137931034,No,0
5777,4291-TPNFG,5777,5777,5777,72,82.3,5980.55,83.06319444444445,No,0
5778,6087-YPWHO,5778,5778,5778,72,68.15,4808.7,66.7875,No,0
5779,3090-QFUVD,5779,5779,5779,1,20.3,20.3,20.3,No,0
5780,2237-ZFSMY,5780,5780,5780,39,95.55,3692.85,94.68846153846154,Yes,1
5781,1722-LDZJS,5781,5781,5781,53,20.2,1068.15,20.15377358490566,No,0
5782,1818-ESQMW,5782,5782,5782,27,89.2,2383.6,88.28148148148148,No,0
5783,4871-JTKJF,5783,5783,5783,1,69.65,69.65,69.65,Yes,1
5784,1415-YFWLT,5784,5784,5784,1,89.3,89.3,89.3,Yes,1
5785,7401-RUBNK,5785,5785,5785,18,74.8,1438.05,79.89166666666667,No,0
5786,0506-YLVKJ,5786,5786,5786,46,20.2,917.45,19.944565217391304,No,0
5787,8661-BOYNW,5787,5787,5787,72,84.4,6096.45,84.67291666666667,No,0
5788,6711-VTNRE,5788,5788,5788,36,87.55,3078.1,85.50277777777778,Yes,1
5789,4815-GBTCD,5789,5789,5789,4,25.15,99.95,24.9875,No,0
5790,2805-AUFQN,5790,5790,5790,25,19.8,475.2,19.008,No,0
5791,0980-PVMRC,5791,5791,5791,40,50.85,2036.55,50.91375,No,0
5792,7233-DRTRF,5792,5792,5792,63,102.4,6444.05,102.28650793650795,No,0
5793,3500-RMZLT,5793,5793,5793,15,96.3,1426.75,95.11666666666666,Yes,1
5794,3873-NFTGI,5794,5794,5794,14,55.5,767.55,54.824999999999996,No,0
5795,1162-ECVII,5795,5795,5795,72,109.75,7932.5,110.17361111111111,No,0
5796,7048-GXDAY,5796,5796,5796,39,106.4,4040.65,103.60641025641026,No,0
5797,8571-ZCMCX,5797,5797,5797,47,60.0,2768.65,58.90744680851064,No,0
5798,1169-WCVAK,5798,5798,5798,19,88.8,1672.35,88.01842105263158,No,0
5799,4548-SDBKE,5799,5799,5799,5,85.2,474.8,94.96000000000001,Yes,1
5800,8066-POXGX,5800,5800,5800,13,35.1,446.1,34.315384615384616,Yes,1
5801,7129-CAKJW,5801,5801,5801,17,80.05,1345.65,79.15588235294118,No,0
5802,8695-ARGXZ,5802,5802,5802,34,75.55,2425.4,71.33529411764707,No,0
5803,3570-YUEKJ,5803,5803,5803,42,49.55,2077.95,49.474999999999994,No,0
5804,4143-OOBWZ,5804,5804,5804,5,81.3,416.3,83.26,Yes,1
5805,1555-HAPSU,5805,5805,5805,71,23.9,1663.5,23.429577464788732,No,0
5806,1697-NVVGY,5806,5806,5806,19,66.4,1286.05,67.68684210526315,No,0
5807,7854-EKTJL,5807,5807,5807,2,19.6,35.85,17.925,Yes,1
5808,8464-EETCQ,5808,5808,5808,57,18.8,1094.35,19.19912280701754,No,0
5809,2419-FSORS,5809,5809,5809,72,108.4,7719.5,107.21527777777777,No,0
5810,8132-YPVBX,5810,5810,5810,6,85.95,514.6,85.76666666666667,No,0
5811,9102-IAYHT,5811,5811,5811,17,85.45,1451.6,85.38823529411764,Yes,1
5812,6754-LZUKA,5812,5812,5812,61,80.9,4932.5,80.86065573770492,No,0
5813,3422-LYEPQ,5813,5813,5813,1,71.0,71.0,71.0,Yes,1
5814,8099-MZPUJ,5814,5814,5814,48,111.8,5443.65,113.409375,No,0
5815,0787-LHDYT,5815,5815,5815,16,20.6,330.25,20.640625,No,0
5816,2642-DTVCO,5816,5816,5816,9,85.05,746.5,82.94444444444444,Yes,1
5817,0374-IOEGQ,5817,5817,5817,3,44.6,122.7,40.9,No,0
5818,4361-JEIVL,5818,5818,5818,1,44.4,44.4,44.4,Yes,1
5819,3197-NNYNB,5819,5819,5819,65,105.1,6631.85,102.02846153846154,No,0
5820,3396-DKDEL,5820,5820,5820,70,115.15,8250.0,117.85714285714286,No,0
5821,1752-OZXFY,5821,5821,5821,60,59.8,3561.15,59.3525,No,0
5822,9066-QRSDU,5822,5822,5822,69,26.3,1763.55,25.558695652173913,No,0
5823,9112-WSNPU,5823,5823,5823,35,70.55,2419.0,69.11428571428571,No,0
5824,9867-NNXLC,5824,5824,5824,22,20.05,470.2,21.37272727272727,No,0
5825,5321-NTRKC,5825,5825,5825,66,79.85,5234.95,79.31742424242424,No,0
5826,1363-TXLSL,5826,5826,5826,1,70.3,70.3,70.3,Yes,1
5827,9507-EXLTT,5827,5827,5827,1,79.35,79.35,79.35,Yes,1
5828,3161-GETRM,5828,5828,5828,34,90.05,3097.0,91.08823529411765,No,0
5829,0402-OAMEN,5829,5829,5829,72,24.45,1709.1,23.737499999999997,No,0
5830,6933-VLYFX,5830,5830,5830,31,59.95,1848.8,59.63870967741936,No,0
5831,6754-WKSHP,5831,5831,5831,30,25.35,723.3,24.11,No,0
5832,9846-GKXAS,5832,5832,5832,9,90.8,809.75,89.97222222222223,Yes,1
5833,6017-PPLPX,5833,5833,5833,20,70.45,1470.95,73.5475,Yes,1
5834,4976-LNFVV,5834,5834,5834,19,34.3,577.15,30.376315789473683,No,0
5835,5055-MGMGF,5835,5835,5835,65,105.05,6914.95,106.38384615384615,No,0
5836,4641-FROLU,5836,5836,5836,30,19.3,602.9,20.096666666666668,No,0
5837,2862-JVEOY,5837,5837,5837,6,19.15,124.4,20.733333333333334,No,0
5838,2969-QWUBZ,5838,5838,5838,2,51.4,96.8,48.4,No,0
5839,9822-BIIGN,5839,5839,5839,53,71.85,3827.9,72.22452830188679,No,0
5840,2077-MPJQO,5840,5840,5840,7,75.4,533.05,76.14999999999999,No,0
5841,1534-OULXE,5841,5841,5841,61,49.7,2961.4,48.54754098360656,No,0
5842,7136-RVDTZ,5842,5842,5842,70,45.25,3264.45,46.635,Yes,1
5843,2971-SGAFL,5843,5843,5843,13,78.75,995.35,76.56538461538462,No,0
5844,1480-IVEVR,5844,5844,5844,35,81.6,2815.25,80.43571428571428,No,0
5845,2905-KFQUV,5845,5845,5845,2,70.4,154.8,77.4,No,0
5846,4581-SSPWD,5846,5846,5846,3,75.8,246.3,82.10000000000001,Yes,1
5847,3370-HXOPH,5847,5847,5847,3,76.1,257.6,85.86666666666667,No,0
5848,9391-YZEJW,5848,5848,5848,62,94.0,5757.2,92.85806451612903,No,0
5849,9958-MEKUC,5849,5849,5849,72,103.95,7517.7,104.4125,No,0
5850,0281-CNTZX,5850,5850,5850,63,19.95,1234.8,19.599999999999998,No,0
5851,6927-WTFIV,5851,5851,5851,20,71.3,1389.2,69.46000000000001,Yes,1
5852,4118-CEVPF,5852,5852,5852,35,110.8,3836.3,109.60857142857144,No,0
5853,3398-ZOUAA,5853,5853,5853,21,69.1,1474.75,70.22619047619048,Yes,1
5854,9114-VEPUF,5854,5854,5854,62,96.1,6001.45,96.79758064516129,No,0
5855,7876-BEUTG,5855,5855,5855,15,48.8,720.1,48.00666666666667,No,0
5856,2338-BQEZT,5856,5856,5856,55,50.55,2832.75,51.50454545454546,No,0
5857,9873-MNDKV,5857,5857,5857,11,44.65,472.25,42.93181818181818,No,0
5858,0378-NHQXU,5858,5858,5858,17,88.25,1460.65,85.92058823529412,Yes,1
5859,8241-JUIQO,5859,5859,5859,61,19.45,1336.35,21.907377049180326,No,0
5860,2194-IIQOF,5860,5860,5860,71,89.3,6388.65,89.98098591549295,No,0
5861,4512-ZUIYL,5861,5861,5861,2,70.0,153.05,76.525,Yes,1
5862,9631-RXVJM,5862,5862,5862,35,19.25,677.9,19.36857142857143,No,0
5863,9584-EXCDZ,5863,5863,5863,17,70.5,1165.6,68.56470588235294,No,0
5864,7969-AULMZ,5864,5864,5864,21,97.35,2119.5,100.92857142857143,Yes,1
5865,5093-FEGLU,5865,5865,5865,47,19.65,921.55,19.607446808510637,No,0
5866,2621-UDNLU,5866,5866,5866,3,20.85,72.0,24.0,No,0
5867,7526-IVLYU,5867,5867,5867,3,19.65,68.35,22.78333333333333,No,0
5868,2428-HYUNX,5868,5868,5868,44,19.35,847.25,19.255681818181817,No,0
5869,9214-EKVXR,5869,5869,5869,1,44.0,44.0,44.0,No,0
5870,3410-MHHUM,5870,5870,5870,44,94.4,4295.35,97.62159090909091,No,0
5871,0568-ONFPC,5871,5871,5871,5,25.9,135.0,27.0,Yes,1
5872,0733-VUNUW,5872,5872,5872,24,55.65,1400.55,58.356249999999996,Yes,1
5873,4550-EVXNY,5873,5873,5873,1,69.65,69.65,69.65,Yes,1
5874,2122-YWVYA,5874,5874,5874,18,75.4,1380.4,76.6888888888889,No,0
5875,2968-SSGAA,5875,5875,5875,10,100.6,1060.2,106.02000000000001,Yes,1
5876,2296-DKZFP,5876,5876,5876,65,71.0,4386.2,67.48,No,0
5877,4844-JJWUY,5877,5877,5877,1,86.0,86.0,86.0,Yes,1
5878,6777-TGHTM,5878,5878,5878,53,106.95,5785.5,109.16037735849056,Yes,1
5879,8909-BOLNL,5879,5879,5879,3,21.2,52.05,17.349999999999998,No,0
5880,6603-YRDCJ,5880,5880,5880,33,61.05,2018.4,61.163636363636364,No,0
5881,3538-WZPHD,5881,5881,5881,3,29.6,79.45,26.483333333333334,Yes,1
5882,3229-USWAR,5882,5882,5882,34,79.95,2727.3,80.21470588235294,No,0
5883,2138-VFAPZ,5883,5883,5883,14,19.7,263.65,18.832142857142856,No,0
5884,6131-JLWZM,5884,5884,5884,13,20.3,275.4,21.184615384615384,No,0
5885,4785-QRJHC,5885,5885,5885,46,59.9,2816.65,61.231521739130436,Yes,1
5886,0269-XFESX,5886,5886,5886,23,24.35,538.5,23.41304347826087,No,0
5887,1709-EJDOX,5887,5887,5887,47,19.75,948.9,20.18936170212766,No,0
5888,4316-XCSLJ,5888,5888,5888,17,50.3,846.8,49.811764705882354,No,0
5889,8610-WFCJF,5889,5889,5889,49,95.6,4783.5,97.62244897959184,Yes,1
5890,9693-XMUOB,5890,5890,5890,59,50.25,2997.45,50.80423728813559,No,0
5891,0383-CLDDA,5891,5891,5891,69,85.35,5897.4,85.4695652173913,No,0
5892,4905-JEFDW,5892,5892,5892,11,41.6,470.6,42.78181818181818,Yes,1
5893,2709-UQGNP,5893,5893,5893,10,51.65,524.5,52.45,No,0
5894,3549-ZTMNH,5894,5894,5894,12,24.0,269.65,22.47083333333333,No,0
5895,7881-INRLC,5895,5895,5895,45,100.85,4740.0,105.33333333333333,Yes,1
5896,8033-ATFAS,5896,5896,5896,39,59.85,2341.5,60.03846153846154,No,0
5897,1635-NZATJ,5897,5897,5897,71,25.45,1789.65,25.206338028169014,No,0
5898,0562-HKHML,5898,5898,5898,71,23.9,1626.4,22.907042253521126,No,0
5899,8277-RVRSV,5899,5899,5899,33,24.15,800.3,24.25151515151515,No,0
5900,9943-VSZUV,5900,5900,5900,67,75.7,5060.85,75.53507462686568,No,0
5901,0117-LFRMW,5901,5901,5901,37,40.2,1448.8,39.15675675675676,Yes,1
5902,6172-FECYY,5902,5902,5902,49,84.5,4254.85,86.83367346938776,Yes,1
5903,7054-ENNGU,5903,5903,5903,9,50.85,466.6,51.84444444444445,No,0
5904,1455-HFBXA,5904,5904,5904,52,91.6,4627.8,88.99615384615385,No,0
5905,9402-CXWPL,5905,5905,5905,70,98.9,6838.6,97.69428571428573,No,0
5906,1628-BIZYP,5906,5906,5906,1,85.0,85.0,85.0,No,0
5907,1965-AKTSX,5907,5907,5907,14,78.95,1101.85,78.70357142857142,Yes,1
5908,0082-LDZUE,5908,5908,5908,1,44.3,44.3,44.3,No,0
5909,4786-UKSNZ,5909,5909,5909,1,20.2,20.2,20.2,Yes,1
5910,5343-SGUBI,5910,5910,5910,52,80.2,4297.6,82.64615384615385,No,0
5911,0856-NAOES,5911,5911,5911,6,60.9,414.1,69.01666666666667,No,0
5912,1976-AZZPJ,5912,5912,5912,7,34.2,256.6,36.65714285714286,No,0
5913,7248-VZQLC,5913,5913,5913,47,85.2,3969.35,84.45425531914893,Yes,1
5914,6156-UZDLF,5914,5914,5914,26,87.15,2274.1,87.46538461538461,No,0
5915,3099-OONVS,5915,5915,5915,25,54.3,1296.8,51.872,No,0
5916,9500-WBGRP,5916,5916,5916,69,19.1,1268.85,18.389130434782608,No,0
5917,5183-KLYEM,5917,5917,5917,72,112.75,8192.6,113.78611111111111,No,0
5918,5144-PQCDZ,5918,5918,5918,4,19.95,59.25,14.8125,No,0
5919,8514-VZHEB,5919,5919,5919,59,19.5,1147.85,19.45508474576271,No,0
5920,6625-IUTTT,5920,5920,5920,67,65.55,4361.55,65.09776119402986,No,0
5921,9355-NPPFS,5921,5921,5921,26,78.8,2006.1,77.1576923076923,No,0
5922,0068-FIGTF,5922,5922,5922,27,78.2,2078.95,76.99814814814815,No,0
5923,5965-GGPRW,5923,5923,5923,72,105.25,7609.75,105.69097222222223,No,0
5924,8035-PWSEV,5924,5924,5924,6,89.25,487.05,81.175,No,0
5925,2236-HILPA,5925,5925,5925,62,20.65,1218.45,19.65241935483871,No,0
5926,1840-BIUOG,5926,5926,5926,20,68.7,1416.2,70.81,No,0
5927,1356-MKYSK,5927,5927,5927,6,78.65,483.3,80.55,No,0
5928,6080-LNESI,5928,5928,5928,51,24.75,1234.6,24.2078431372549,No,0
5929,1830-IPXVJ,5929,5929,5929,61,19.75,1311.6,21.501639344262294,No,0
5930,5828-DWPIL,5930,5930,5930,62,89.1,5618.3,90.61774193548388,No,0
5931,8398-TBIYD,5931,5931,5931,72,84.7,6185.15,85.9048611111111,No,0
5932,0011-IGKFF,5932,5932,5932,13,98.0,1237.85,95.21923076923076,Yes,1
5933,4192-GORJT,5933,5933,5933,5,94.45,498.1,99.62,Yes,1
5934,6496-SLWHQ,5934,5934,5934,3,105.0,294.45,98.14999999999999,Yes,1
5935,9912-GVSEQ,5935,5935,5935,26,93.85,2381.55,91.59807692307693,Yes,1
5936,2931-FSOHN,5936,5936,5936,13,59.9,788.35,60.642307692307696,No,0
5937,9418-RUKPH,5937,5937,5937,38,19.95,756.4,19.905263157894737,No,0
5938,5383-MMTWC,5938,5938,5938,8,84.0,613.4,76.675,Yes,1
5939,9971-ZWPBF,5939,5939,5939,34,108.9,3625.2,106.62352941176471,No,0
5940,4712-AUQZO,5940,5940,5940,18,33.6,550.35,30.575000000000003,No,0
5941,9711-FJTBX,5941,5941,5941,56,85.85,4793.8,85.60357142857143,No,0
5942,2908-ZTPNF,5942,5942,5942,36,34.85,1267.2,35.2,No,0
5943,7240-ETPTR,5943,5943,5943,9,48.75,442.2,49.13333333333333,Yes,1
5944,2202-CUYXZ,5944,5944,5944,1,84.85,84.85,84.85,Yes,1
5945,5995-OIGLP,5945,5945,5945,12,56.65,654.85,54.57083333333333,Yes,1
5946,8421-WZOOW,5946,5946,5946,57,95.3,5567.45,97.67456140350878,No,0
5947,6261-RCVNS,5947,5947,5947,42,73.9,3160.55,75.25119047619049,Yes,1
5948,7951-QKZPL,5948,5948,5948,33,24.5,740.3,22.433333333333334,Yes,1
5949,1414-YADCW,5949,5949,5949,70,84.6,5706.2,81.51714285714286,No,0
5950,8756-RDDLT,5950,5950,5950,68,44.95,3085.35,45.37279411764706,No,0
5951,2862-PFNIK,5951,5951,5951,1,24.7,24.7,24.7,No,0
5952,5816-QVHRX,5952,5952,5952,37,100.3,3541.4,95.71351351351352,No,0
5953,4430-YHXGG,5953,5953,5953,4,25.45,84.2,21.05,No,0
5954,6888-SBYAI,5954,5954,5954,1,50.7,50.7,50.7,No,0
5955,7395-XWZOY,5955,5955,5955,20,55.0,1165.55,58.277499999999996,No,0
5956,7169-YWAMK,5956,5956,5956,72,68.4,4855.35,67.43541666666667,No,0
5957,3640-PHQXK,5957,5957,5957,31,89.9,2806.9,90.54516129032258,Yes,1
5958,6877-LGWXO,5958,5958,5958,18,78.55,1422.65,79.03611111111111,Yes,1
5959,6859-RKMZJ,5959,5959,5959,11,55.05,608.15,55.28636363636363,No,0
5960,2729-VNVAP,5960,5960,5960,33,19.8,641.35,19.434848484848487,No,0
5961,2957-JIRMN,5961,5961,5961,62,84.45,4959.15,79.98629032258064,No,0
5962,2049-BAFNW,5962,5962,5962,1,35.9,35.9,35.9,No,0
5963,3842-QTGDL,5963,5963,5963,16,80.75,1321.3,82.58125,No,0
5964,7163-OCEQI,5964,5964,5964,22,78.65,1663.75,75.625,No,0
5965,9782-LGXMC,5965,5965,5965,49,61.75,3024.15,61.71734693877551,No,0
5966,5975-BAICR,5966,5966,5966,36,63.7,2188.5,60.791666666666664,No,0
5967,8019-ENHXU,5967,5967,5967,42,99.45,4138.05,98.525,Yes,1
5968,5167-GBFRE,5968,5968,5968,4,25.2,102.5,25.625,Yes,1
5969,9033-EOXWV,5969,5969,5969,12,74.05,872.65,72.72083333333333,Yes,1
5970,4673-KKSLS,5970,5970,5970,31,87.6,2724.25,87.87903225806451,No,0
5971,4853-OITSN,5971,5971,5971,5,89.15,413.25,82.65,No,0
5972,9800-OUIGR,5972,5972,5972,66,20.0,1374.2,20.82121212121212,No,0
5973,1324-NLTJE,5973,5973,5973,15,55.0,757.1,50.473333333333336,Yes,1
5974,2324-EFHVG,5974,5974,5974,64,104.4,6692.65,104.57265625,No,0
5975,7094-MSZAO,5975,5975,5975,10,20.05,218.5,21.85,No,0
5976,1522-VVDMG,5976,5976,5976,7,89.75,608.8,86.97142857142856,Yes,1
5977,6907-CQGPN,5977,5977,5977,29,34.3,1004.75,34.64655172413793,No,0
5978,0780-XNZFN,5978,5978,5978,57,20.65,1125.6,19.74736842105263,No,0
5979,0239-OXEXL,5979,5979,5979,46,84.25,3847.6,83.64347826086956,No,0
5980,2675-IJRGJ,5980,5980,5980,53,19.65,978.0,18.452830188679247,No,0
5981,7049-GKVZY,5981,5981,5981,17,79.85,1387.35,81.60882352941177,No,0
5982,8577-QSOCG,5982,5982,5982,38,20.2,746.05,19.632894736842104,No,0
5983,3721-CNZHX,5983,5983,5983,15,19.8,304.6,20.30666666666667,No,0
5984,0212-ISBBF,5984,5984,5984,22,50.35,1098.85,49.94772727272727,No,0
5985,9185-TQCVP,5985,5985,5985,14,85.15,1139.2,81.37142857142858,Yes,1
5986,3585-YNADK,5986,5986,5986,57,74.6,4368.95,76.64824561403509,No,0
5987,5271-DBYSJ,5987,5987,5987,11,79.15,827.7,75.24545454545455,No,0
5988,1099-GODLO,5988,5988,5988,1,20.35,20.35,20.35,No,0
5989,6828-HMKWP,5989,5989,5989,12,21.05,262.05,21.837500000000002,No,0
5990,5567-WSELE,5990,5990,5990,3,94.6,279.55,93.18333333333334,Yes,1
5991,1472-TNCWL,5991,5991,5991,36,94.7,3512.5,97.56944444444444,No,0
5992,8063-RJYNF,5992,5992,5992,16,94.25,1483.25,92.703125,Yes,1
5993,0687-ZVTHB,5993,5993,5993,65,72.45,4653.85,71.59769230769231,Yes,1
5994,2080-GKCWQ,5994,5994,5994,2,74.95,151.75,75.875,No,0
5995,9661-ACXBS,5995,5995,5995,42,105.2,4400.75,104.7797619047619,Yes,1
5996,2193-SFWQW,5996,5996,5996,72,111.95,8033.1,111.57083333333334,No,0
5997,5656-JAMLX,5997,5997,5997,62,19.85,1253.65,20.220161290322583,No,0
5998,3462-BJQQA,5998,5998,5998,6,89.75,552.65,92.10833333333333,No,0
5999,0442-TDYUO,5999,5999,5999,48,20.05,1036.0,21.583333333333332,No,0
6000,6733-LRIZX,6000,6000,6000,35,108.95,4025.5,115.01428571428572,No,0
6001,9503-XJUME,6001,6001,6001,52,19.65,928.4,17.853846153846153,No,0
6002,4367-NHWMM,6002,6002,6002,1,24.9,24.9,24.9,No,0
6003,3727-RJMEO,6003,6003,6003,6,82.85,460.25,76.70833333333333,Yes,1
6004,3779-OSWCF,6004,6004,6004,71,93.2,6506.15,91.63591549295774,No,0
6005,6736-DHUQI,6005,6005,6005,67,84.8,5598.3,83.55671641791045,No,0
6006,3915-ODIYG,6006,6006,6006,60,71.75,4374.55,72.90916666666666,No,0
6007,1360-RCYRT,6007,6007,6007,23,30.35,678.75,29.51086956521739,No,0
6008,2724-FJDYW,6008,6008,6008,39,54.85,2191.7,56.197435897435895,No,0
6009,4451-RWASJ,6009,6009,6009,15,19.5,239.75,15.983333333333333,No,0
6010,6646-VRFOL,6010,6010,6010,53,103.85,5485.5,103.5,Yes,1
6011,3460-TJBWI,6011,6011,6011,24,24.2,609.05,25.37708333333333,No,0
6012,5917-HBSDW,6012,6012,6012,37,19.35,683.75,18.47972972972973,No,0
6013,5685-IIXLY,6013,6013,6013,5,83.6,404.2,80.84,Yes,1
6014,5671-UUNXD,6014,6014,6014,50,100.65,5189.75,103.795,No,0
6015,0956-ACVZC,6015,6015,6015,54,94.1,5060.9,93.72037037037036,No,0
6016,2325-NBPZG,6016,6016,6016,3,74.55,233.65,77.88333333333334,No,0
6017,4250-ZBWLV,6017,6017,6017,68,108.45,7176.55,105.53750000000001,Yes,1
6018,4482-FTFFX,6018,6018,6018,5,56.15,291.45,58.29,No,0
6019,8859-DZTGQ,6019,6019,6019,33,20.35,689.75,20.901515151515152,No,0
6020,0440-MOGPM,6020,6020,6020,41,80.55,3263.9,79.60731707317073,No,0
6021,0020-JDNXP,6021,6021,6021,34,61.25,1993.2,58.62352941176471,No,0
6022,3752-CQSJI,6022,6022,6022,13,20.45,254.5,19.576923076923077,No,0
6023,5025-GOOKI,6023,6023,6023,20,18.9,347.65,17.3825,No,0
6024,4698-KVLLG,6024,6024,6024,51,19.6,967.9,18.978431372549018,No,0
6025,5095-AESKG,6025,6025,6025,3,91.5,242.95,80.98333333333333,Yes,1
6026,2887-JPYLU,6026,6026,6026,41,45.2,1841.9,44.924390243902444,No,0
6027,4770-QAZXN,6027,6027,6027,13,19.45,232.1,17.853846153846153,No,0
6028,4896-CPRPF,6028,6028,6028,35,25.45,809.25,23.12142857142857,No,0
6029,1871-MOWRM,6029,6029,6029,12,80.85,866.45,72.20416666666667,Yes,1
6030,9714-EDSUC,6030,6030,6030,4,94.9,360.55,90.1375,No,0
6031,2027-OAQQC,6031,6031,6031,43,49.05,2076.2,48.283720930232555,Yes,1
6032,0282-NVSJS,6032,6032,6032,12,29.3,355.9,29.65833333333333,No,0
6033,9090-SGQXL,6033,6033,6033,68,105.3,7299.65,107.34779411764706,Yes,1
6034,6595-YGXIT,6034,6034,6034,25,88.95,2291.2,91.648,Yes,1
6035,7353-YOWFP,6035,6035,6035,7,20.25,129.15,18.45,No,0
6036,9835-ZIITK,6036,6036,6036,66,110.85,7491.75,113.51136363636364,Yes,1
6037,8008-ESFLK,6037,6037,6037,53,110.5,5835.5,110.10377358490567,No,0
6038,7537-CBQUZ,6038,6038,6038,63,109.4,7031.45,111.61031746031746,No,0
6039,1555-DJEQW,6039,6039,6039,70,114.2,7723.9,110.34142857142857,Yes,1
6040,5649-TJHOV,6040,6040,6040,27,36.5,1032.0,38.22222222222222,Yes,1
6041,0519-XUZJU,6041,6041,6041,1,70.75,70.75,70.75,Yes,1
6042,3363-EWLGO,6042,6042,6042,5,19.95,109.6,21.919999999999998,No,0
6043,4750-UKWJK,6043,6043,6043,37,19.6,727.8,19.67027027027027,No,0
6044,6338-AVWCY,6044,6044,6044,3,40.15,130.75,43.583333333333336,Yes,1
6045,1689-YQBYY,6045,6045,6045,12,76.6,893.0,74.41666666666667,No,0
6046,4487-ZYJZK,6046,6046,6046,38,19.6,763.1,20.08157894736842,No,0
6047,2959-FENLU,6047,6047,6047,9,85.3,781.4,86.82222222222222,No,0
6048,0708-LGSMF,6048,6048,6048,13,65.85,902.25,69.40384615384616,No,0
6049,9253-QXKBE,6049,6049,6049,29,94.45,2653.65,91.5051724137931,Yes,1
6050,7634-HLQJR,6050,6050,6050,47,20.05,1016.7,21.631914893617022,No,0
6051,0487-RPVUM,6051,6051,6051,61,99.4,5943.65,97.43688524590164,No,0
6052,4079-ULGFR,6052,6052,6052,16,20.0,275.7,17.23125,No,0
6053,2516-XSJKX,6053,6053,6053,41,78.45,3126.45,76.25487804878048,No,0
6054,0057-QBUQH,6054,6054,6054,43,25.1,1070.15,24.887209302325584,No,0
6055,9445-SZLCH,6055,6055,6055,36,97.35,3457.9,96.05277777777778,Yes,1
6056,6599-SFQVE,6056,6056,6056,6,55.0,340.4,56.73333333333333,No,0
6057,8331-ZXFOE,6057,6057,6057,58,71.1,4299.2,74.12413793103448,No,0
6058,4003-FUSHP,6058,6058,6058,19,61.55,1093.2,57.53684210526316,No,0
6059,0356-ERHVT,6059,6059,6059,11,45.9,521.9,47.445454545454545,No,0
6060,7325-ENZFI,6060,6060,6060,39,40.3,1630.4,41.805128205128206,No,0
6061,4884-ZTHVF,6061,6061,6061,8,87.1,713.6,89.2,No,0
6062,3920-HIHMQ,6062,6062,6062,26,49.5,1265.65,48.67884615384616,No,0
6063,3055-OYMSE,6063,6063,6063,53,73.8,4003.85,75.5443396226415,No,0
6064,0613-WUXUM,6064,6064,6064,70,19.2,1401.4,20.02,No,0
6065,7568-PODML,6065,6065,6065,1,45.3,45.3,45.3,Yes,1
6066,4458-KVRBJ,6066,6066,6066,59,25.0,1510.5,25.60169491525424,No,0
6067,5349-IECLD,6067,6067,6067,2,94.95,178.1,89.05,Yes,1
6068,1397-XKKWR,6068,6068,6068,7,35.3,264.8,37.82857142857143,No,0
6069,3945-GFWQL,6069,6069,6069,12,44.55,480.6,40.050000000000004,Yes,1
6070,8097-OMULG,6070,6070,6070,59,76.75,4541.9,76.98135593220339,No,0
6071,6013-BHCAW,6071,6071,6071,61,81.0,4976.15,81.57622950819672,No,0
6072,0401-WDBXM,6072,6072,6072,72,105.55,7542.25,104.75347222222223,No,0
6073,3387-PLKUI,6073,6073,6073,13,18.8,251.25,19.326923076923077,No,0
6074,6096-EGVTU,6074,6074,6074,64,24.9,1595.5,24.9296875,No,0
6075,3797-VTIDR,6075,6075,6075,1,23.45,23.45,23.45,Yes,1
6076,5081-NWSUP,6076,6076,6076,10,64.9,685.55,68.55499999999999,No,0
6077,2580-ATZSQ,6077,6077,6077,65,61.35,3874.1,59.60153846153846,No,0
6078,8085-MSNLK,6078,6078,6078,62,113.95,6891.4,111.1516129032258,No,0
6079,9691-HKOVS,6079,6079,6079,55,90.15,4916.95,89.3990909090909,No,0
6080,9881-VCZEP,6080,6080,6080,25,54.1,1373.0,54.92,No,0
6081,9526-BIHHD,6081,6081,6081,1,29.7,29.7,29.7,Yes,1
6082,8757-TFHHJ,6082,6082,6082,1,49.8,49.8,49.8,No,0
6083,4523-WXCEF,6083,6083,6083,59,101.1,6039.9,102.37118644067796,Yes,1
6084,1468-DEFNC,6084,6084,6084,64,24.4,1548.65,24.19765625,No,0
6085,5119-KEPFY,6085,6085,6085,36,95.0,3440.25,95.5625,No,0
6086,8364-TRMMK,6086,6086,6086,3,50.65,151.3,50.43333333333334,Yes,1
6087,0916-KNFAJ,6087,6087,6087,61,69.9,4226.7,69.29016393442623,No,0
6088,8319-QBEHW,6088,6088,6088,26,39.95,1023.75,39.375,No,0
6089,3063-QFSZL,6089,6089,6089,1,55.4,55.4,55.4,Yes,1
6090,8775-LHDJH,6090,6090,6090,1,90.6,90.6,90.6,Yes,1
6091,9625-QNLUX,6091,6091,6091,68,103.25,7074.4,104.03529411764706,No,0
6092,3097-NQYSN,6092,6092,6092,2,86.85,156.35,78.175,Yes,1
6093,4024-CSNBY,6093,6093,6093,72,94.25,6849.75,95.13541666666667,No,0
6094,7110-BDTWG,6094,6094,6094,71,47.05,3263.6,45.96619718309859,No,0
6095,7493-GVFIO,6095,6095,6095,57,20.55,1252.85,21.979824561403507,No,0
6096,0690-SRQID,6096,6096,6096,4,19.65,67.55,16.8875,No,0
6097,9605-WGJVW,6097,6097,6097,1,70.2,70.2,70.2,No,0
6098,9114-DPSIA,6098,6098,6098,72,81.0,5750.0,79.86111111111111,No,0
6099,4700-UBQMV,6099,6099,6099,21,75.9,1549.75,73.79761904761905,No,0
6100,7711-GQBZC,6100,6100,6100,71,24.7,1810.55,25.500704225352113,No,0
6101,3565-UNOCC,6101,6101,6101,29,99.05,2952.85,101.82241379310345,Yes,1
6102,4627-MIHJH,6102,6102,6102,69,110.25,7467.55,108.22536231884058,No,0
6103,9795-NREXC,6103,6103,6103,64,85.0,5484.4,85.69375,No,0
6104,8573-CGOCC,6104,6104,6104,16,19.75,294.9,18.43125,No,0
6105,7356-AYNJP,6105,6105,6105,4,23.9,97.5,24.375,No,0
6106,9249-FXSCK,6106,6106,6106,52,111.25,5916.45,113.77788461538461,Yes,1
6107,5493-SDRDQ,6107,6107,6107,2,55.1,113.35,56.675,Yes,1
6108,6286-SUUWT,6108,6108,6108,1,19.95,19.95,19.95,No,0
6109,4819-HJPIW,6109,6109,6109,18,25.15,476.8,26.48888888888889,No,0
6110,8654-DHAOW,6110,6110,6110,2,54.15,101.65,50.825,No,0
6111,5438-QMDDL,6111,6111,6111,19,59.8,1130.85,59.518421052631574,No,0
6112,9812-GHVRI,6112,6112,6112,40,83.85,3532.25,88.30625,No,0
6113,5553-AOINX,6113,6113,6113,66,104.9,6891.45,104.41590909090908,No,0
6114,1228-ZLNBX,6114,6114,6114,21,75.3,1570.7,74.79523809523809,No,0
6115,4226-KKDON,6115,6115,6115,8,66.65,520.95,65.11875,No,0
6116,3831-YCPUO,6116,6116,6116,72,109.5,7854.9,109.09583333333333,No,0
6117,7445-WMRBW,6117,6117,6117,48,73.85,3581.4,74.6125,No,0
6118,3308-DGHKL,6118,6118,6118,69,19.3,1447.9,20.984057971014494,No,0
6119,9924-JPRMC,6119,6119,6119,72,118.2,8547.15,118.71041666666666,No,0
6120,0080-EMYVY,6120,6120,6120,14,51.45,727.85,51.989285714285714,No,0
6121,6218-KNUBD,6121,6121,6121,6,59.45,357.6,59.6,No,0
6122,7337-CINUD,6122,6122,6122,8,19.5,159.35,19.91875,No,0
6123,7609-NRNCA,6123,6123,6123,17,19.55,280.85,16.52058823529412,No,0
6124,0623-EJQEG,6124,6124,6124,65,93.55,6069.25,93.37307692307692,No,0
6125,7153-CHRBV,6125,6125,6125,57,59.3,3274.35,57.444736842105264,No,0
6126,0871-URUWO,6126,6126,6126,13,102.25,1359.0,104.53846153846153,Yes,1
6127,9190-MFJLN,6127,6127,6127,19,95.9,1777.9,93.57368421052632,Yes,1
6128,6198-PNNSZ,6128,6128,6128,56,109.8,6109.65,109.10089285714285,No,0
6129,3317-VLGQT,6129,6129,6129,14,78.1,1122.4,80.17142857142858,No,0
6130,4132-POCZS,6130,6130,6130,52,39.9,2020.9,38.86346153846154,No,0
6131,5614-DNZCE,6131,6131,6131,58,64.9,3795.45,65.43879310344828,No,0
6132,1095-JUDTC,6132,6132,6132,47,95.05,4504.55,95.84148936170213,Yes,1
6133,3896-RCYYE,6133,6133,6133,67,53.4,3579.15,53.420149253731346,No,0
6134,9638-JIQYA,6134,6134,6134,2,24.9,49.7,24.85,No,0
6135,3258-SANFR,6135,6135,6135,6,44.7,276.5,46.083333333333336,No,0
6136,3726-TBHQT,6136,6136,6136,71,114.0,8175.9,115.15352112676055,No,0
6137,3190-ITQXP,6137,6137,6137,46,20.25,890.35,19.355434782608697,No,0
6138,0870-VEMYL,6138,6138,6138,5,53.85,259.8,51.96,Yes,1
6139,4833-QTJNO,6139,6139,6139,67,83.85,5588.8,83.41492537313434,No,0
6140,3039-MJSLN,6140,6140,6140,3,20.2,50.6,16.866666666666667,No,0
6141,0178-CIIKR,6141,6141,6141,3,19.95,58.0,19.333333333333332,No,0
6142,5385-SUIRI,6142,6142,6142,52,104.2,5568.35,107.08365384615385,Yes,1
6143,3982-XWFZQ,6143,6143,6143,42,50.25,2203.65,52.46785714285714,Yes,1
6144,5774-QPLTF,6144,6144,6144,50,20.35,938.95,18.779,No,0
6145,2322-VCZHZ,6145,6145,6145,23,90.0,2024.1,88.00434782608696,No,0
6146,5010-IPEAQ,6146,6146,6146,67,54.2,3623.95,54.08880597014925,No,0
6147,4009-ALQFH,6147,6147,6147,25,99.5,2369.05,94.762,Yes,1
6148,6383-ZTSIW,6148,6148,6148,39,99.1,3877.95,99.43461538461538,No,0
6149,8990-YOZLV,6149,6149,6149,69,66.9,4577.9,66.3463768115942,No,0
6150,3069-SSVSN,6150,6150,6150,1,25.85,25.85,25.85,No,0
6151,5222-IMUKT,6151,6151,6151,32,91.05,2871.5,89.734375,No,0
6152,3627-FCRDW,6152,6152,6152,9,71.0,672.55,74.72777777777777,Yes,1
6153,7562-GSUHK,6153,6153,6153,16,93.2,1573.7,98.35625,Yes,1
6154,6685-XSHHU,6154,6154,6154,60,20.95,1270.55,21.175833333333333,No,0
6155,8901-UPRHR,6155,6155,6155,72,109.2,7711.45,107.10347222222222,No,0
6156,4903-UYAVB,6156,6156,6156,5,19.35,126.05,25.21,Yes,1
6157,0118-JPNOY,6157,6157,6157,26,85.8,2193.65,84.37115384615385,No,0
6158,6776-TLWOI,6158,6158,6158,3,19.85,64.55,21.516666666666666,Yes,1
6159,3845-FXCYS,6159,6159,6159,2,19.65,31.2,15.6,No,0
6160,5857-XRECV,6160,6160,6160,2,20.5,38.25,19.125,No,0
6161,0725-CXOTM,6161,6161,6161,36,89.65,3348.1,93.00277777777778,No,0
6162,4343-EJVQB,6162,6162,6162,7,74.35,533.6,76.22857142857143,No,0
6163,9000-PLFUZ,6163,6163,6163,60,49.45,2907.55,48.45916666666667,No,0
6164,3427-GGZZI,6164,6164,6164,19,89.1,1620.8,85.30526315789473,No,0
6165,7779-ORAEL,6165,6165,6165,45,75.15,3480.35,77.3411111111111,No,0
6166,0644-OQMDK,6166,6166,6166,4,70.65,293.85,73.4625,No,0
6167,4077-CROMM,6167,6167,6167,31,104.2,3243.45,104.62741935483871,Yes,1
6168,3154-CFSZG,6168,6168,6168,47,90.05,4137.2,88.02553191489362,No,0
6169,2868-MZAGQ,6169,6169,6169,1,79.25,79.25,79.25,Yes,1
6170,4847-QNOKA,6170,6170,6170,1,44.9,44.9,44.9,Yes,1
6171,2220-IAHLS,6171,6171,6171,1,19.4,19.4,19.4,No,0
6172,1658-XUHBX,6172,6172,6172,59,88.75,5348.65,90.65508474576271,No,0
6173,6379-RXJRQ,6173,6173,6173,10,70.1,659.65,65.965,Yes,1
6174,2378-HTWFW,6174,6174,6174,35,91.0,3180.5,90.87142857142857,No,0
6175,8650-RHRKE,6175,6175,6175,4,29.65,118.5,29.625,Yes,1
6176,4377-VDHYI,6176,6176,6176,32,90.8,3023.85,94.4953125,No,0
6177,0475-RIJEP,6177,6177,6177,43,77.85,3365.85,78.27558139534884,Yes,1
6178,1260-TTRXI,6178,6178,6178,4,54.3,195.3,48.825,Yes,1
6179,3719-TDVQB,6179,6179,6179,54,18.95,1031.1,19.09444444444444,No,0
6180,6328-ZPBGN,6180,6180,6180,11,95.15,997.65,90.69545454545454,Yes,1
6181,0201-MIBOL,6181,6181,6181,66,102.4,6471.85,98.05833333333334,No,0
6182,4937-QPZPO,6182,6182,6182,61,99.9,6241.35,102.31721311475411,No,0
6183,2925-VDZHY,6183,6183,6183,72,88.7,6501.35,90.29652777777778,No,0
6184,6981-TDRFT,6184,6184,6184,44,54.3,2317.1,52.66136363636363,No,0
6185,3413-CSSTH,6185,6185,6185,41,55.7,2237.55,54.57439024390244,No,0
6186,8033-VCZGH,6186,6186,6186,50,103.95,5231.3,104.626,No,0
6187,4789-KWMXN,6187,6187,6187,47,110.85,5275.8,112.25106382978724,Yes,1
6188,0224-NIJLP,6188,6188,6188,8,20.15,165.5,20.6875,No,0
6189,7542-CYDDM,6189,6189,6189,18,20.05,358.5,19.916666666666668,No,0
6190,4718-WXBGI,6190,6190,6190,72,91.95,6614.9,91.8736111111111,No,0
6191,2867-UIMSS,6191,6191,6191,1,80.5,80.5,80.5,Yes,1
6192,8495-PRWFH,6192,6192,6192,42,55.65,2421.75,57.660714285714285,No,0
6193,0439-IFYUN,6193,6193,6193,18,74.7,1294.6,71.92222222222222,No,0
6194,5716-LIBJC,6194,6194,6194,13,104.15,1299.1,99.93076923076923,No,0
6195,2868-LLSKM,6195,6195,6195,68,83.65,5733.4,84.31470588235294,No,0
6196,8111-RKSPX,6196,6196,6196,4,72.2,305.55,76.3875,Yes,1
6197,2988-QRAJY,6197,6197,6197,69,110.05,7430.75,107.69202898550725,No,0
6198,1585-MQSSU,6198,6198,6198,17,51.5,900.5,52.970588235294116,Yes,1
6199,0071-NDAFP,6199,6199,6199,25,25.5,630.6,25.224,No,0
6200,2856-NNASM,6200,6200,6200,43,89.55,3856.75,89.69186046511628,Yes,1
6201,7328-ZJAJO,6201,6201,6201,59,19.5,1222.65,20.722881355932206,No,0
6202,6458-CYIDZ,6202,6202,6202,5,80.7,374.8,74.96000000000001,No,0
6203,8559-CIZFV,6203,6203,6203,21,77.5,1625.0,77.38095238095238,Yes,1
6204,1090-PYKCI,6204,6204,6204,69,105.1,7234.8,104.85217391304349,No,0
6205,3058-WQDRE,6205,6205,6205,13,25.15,331.85,25.52692307692308,No,0
6206,7547-EKNFS,6206,6206,6206,42,95.25,3959.35,94.2702380952381,Yes,1
6207,2279-AXJJK,6207,6207,6207,52,95.65,5088.4,97.85384615384615,No,0
6208,6769-DYBQN,6208,6208,6208,46,85.0,3969.4,86.29130434782608,Yes,1
6209,0909-SELIE,6209,6209,6209,61,80.8,4860.85,79.68606557377049,No,0
6210,3417-TSCIC,6210,6210,6210,29,24.85,788.05,27.17413793103448,No,0
6211,1042-HFUCW,6211,6211,6211,25,54.75,1266.35,50.653999999999996,No,0
6212,4439-JMPMT,6212,6212,6212,5,85.75,470.95,94.19,Yes,1
6213,6537-OTKMY,6213,6213,6213,15,50.75,688.2,45.88,No,0
6214,8999-EXMNO,6214,6214,6214,19,20.15,387.7,20.405263157894737,No,0
6215,6725-TPKJO,6215,6215,6215,44,20.05,845.25,19.210227272727273,No,0
6216,2446-BEGGB,6216,6216,6216,6,98.25,560.6,93.43333333333334,Yes,1
6217,7162-WPHPM,6217,6217,6217,58,71.6,4230.25,72.9353448275862,No,0
6218,1599-MMYRQ,6218,6218,6218,62,81.45,4983.05,80.37177419354839,No,0
6219,8821-KVZKQ,6219,6219,6219,70,58.4,4113.15,58.75928571428571,No,0
6220,1496-GGSUK,6220,6220,6220,1,25.7,25.7,25.7,Yes,1
6221,6434-TTGJP,6221,6221,6221,10,53.7,521.0,52.1,No,0
6222,0042-JVWOJ,6222,6222,6222,26,19.6,471.85,18.148076923076925,No,0
6223,0130-SXOUN,6223,6223,6223,66,89.4,5976.9,90.5590909090909,No,0
6224,2575-GFSOE,6224,6224,6224,7,69.0,506.9,72.41428571428571,Yes,1
6225,2330-PQGDQ,6225,6225,6225,51,84.2,4299.75,84.30882352941177,No,0
6226,1452-UZOSF,6226,6226,6226,72,106.1,7548.6,104.84166666666667,No,0
6227,2097-YVPKN,6227,6227,6227,65,25.75,1654.75,25.45769230769231,No,0
6228,2842-JTCCU,6228,6228,6228,2,46.05,80.35,40.175,Yes,1
6229,8597-CTXVJ,6229,6229,6229,70,64.95,4551.5,65.02142857142857,No,0
6230,6631-HMANX,6230,6230,6230,72,85.45,6227.5,86.49305555555556,No,0
6231,9962-BFPDU,6231,6231,6231,1,20.05,20.05,20.05,No,0
6232,3296-SILRA,6232,6232,6232,1,76.4,76.4,76.4,Yes,1
6233,9681-OXGVC,6233,6233,6233,5,100.5,514.0,102.8,Yes,1
6234,6394-HHHZM,6234,6234,6234,3,20.7,57.5,19.166666666666668,No,0
6235,5995-LFTLE,6235,6235,6235,58,25.3,1474.35,25.419827586206896,No,0
6236,5180-UCIIQ,6236,6236,6236,22,40.05,880.2,40.00909090909091,Yes,1
6237,1932-UEDCX,6237,6237,6237,33,100.6,3270.25,99.09848484848484,No,0
6238,7153-OANIO,6238,6238,6238,1,69.95,69.95,69.95,Yes,1
6239,5188-HGMLP,6239,6239,6239,54,74.0,3919.15,72.57685185185186,No,0
6240,0665-XHDJU,6240,6240,6240,72,99.4,7285.7,101.19027777777778,No,0
6241,6521-YYTYI,6241,6241,6241,1,93.3,93.3,93.3,Yes,1
6242,8878-HMWBV,6242,6242,6242,3,49.15,169.05,56.35,Yes,1
6243,8265-HKSOW,6243,6243,6243,72,107.45,7658.3,106.36527777777778,No,0
6244,3544-FBCAS,6244,6244,6244,72,83.6,5959.3,82.76805555555556,No,0
6245,5331-RGMTT,6245,6245,6245,54,99.05,5295.7,98.06851851851852,No,0
6246,4759-PXTAN,6246,6246,6246,59,80.1,4693.2,79.5457627118644,No,0
6247,7054-DMVAS,6247,6247,6247,54,65.3,3512.9,65.0537037037037,No,0
6248,3428-MMGUB,6248,6248,6248,60,89.55,5231.2,87.18666666666667,No,0
6249,6549-BTYPG,6249,6249,6249,60,60.8,3603.45,60.0575,No,0
6250,7823-JSOAG,6250,6250,6250,3,74.5,217.45,72.48333333333333,No,0
6251,3705-RHRFR,6251,6251,6251,69,99.15,6875.35,99.64275362318841,No,0
6252,9374-YOLBJ,6252,6252,6252,1,19.25,19.25,19.25,No,0
6253,9074-KGVOX,6253,6253,6253,50,39.45,2021.35,40.427,No,0
6254,6128-DAFVY,6254,6254,6254,56,44.85,2564.95,45.802678571428565,No,0
6255,9933-QRGTX,6255,6255,6255,60,97.2,5611.75,93.52916666666667,No,0
6256,4476-OSWTN,6256,6256,6256,69,110.55,7610.1,110.2913043478261,No,0
6257,3751-KTZEL,6257,6257,6257,1,35.05,35.05,35.05,Yes,1
6258,1977-STDKI,6258,6258,6258,1,73.0,73.0,73.0,Yes,1
6259,5066-GFJMM,6259,6259,6259,3,19.9,45.75,15.25,No,0
6260,2661-GKBTK,6260,6260,6260,60,76.95,4543.95,75.7325,No,0
6261,0458-HEUZG,6261,6261,6261,13,35.4,450.4,34.646153846153844,No,0
6262,7268-WNTCP,6262,6262,6262,62,20.45,1297.35,20.924999999999997,No,0
6263,0824-VWDPO,6263,6263,6263,45,96.75,4442.75,98.72777777777777,No,0
6264,8409-WQJUX,6264,6264,6264,25,54.2,1423.15,56.926,No,0
6265,2578-JQPHZ,6265,6265,6265,44,100.1,4378.35,99.50795454545455,No,0
6266,3278-FSIXX,6266,6266,6266,2,45.25,74.2,37.1,No,0
6267,5813-UECBU,6267,6267,6267,33,83.85,2716.3,82.31212121212121,Yes,1
6268,0328-GRPMV,6268,6268,6268,1,70.1,70.1,70.1,Yes,1
6269,9746-UGFAC,6269,6269,6269,22,20.85,450.65,20.48409090909091,No,0
6270,2946-KIQSP,6270,6270,6270,35,33.45,1175.85,33.59571428571428,No,0
6271,0625-AFOHS,6271,6271,6271,29,20.2,558.8,19.268965517241377,No,0
6272,6726-WEXXK,6272,6272,6272,27,85.9,2220.1,82.22592592592592,No,0
6273,4636-OLWOE,6273,6273,6273,54,61.0,3283.05,60.797222222222224,No,0
6274,4342-HENTK,6274,6274,6274,2,70.65,142.35,71.175,Yes,1
6275,4685-ERGHK,6275,6275,6275,57,86.9,4939.25,86.65350877192982,No,0
6276,0885-HMGPY,6276,6276,6276,62,69.4,4237.5,68.34677419354838,No,0
6277,5003-OKNNK,6277,6277,6277,15,20.35,335.95,22.396666666666665,No,0
6278,4195-SMMNX,6278,6278,6278,2,20.35,33.2,16.6,Yes,1
6279,7208-PSIHR,6279,6279,6279,70,104.3,7188.5,102.69285714285714,No,0
6280,4012-ZTHBR,6280,6280,6280,21,44.95,926.25,44.107142857142854,No,0
6281,0489-WMEMG,6281,6281,6281,23,49.45,1119.35,48.667391304347824,No,0
6282,7435-ZNUYY,6282,6282,6282,6,20.6,116.6,19.433333333333334,No,0
6283,1354-YZFNB,6283,6283,6283,4,19.55,68.8,17.2,No,0
6284,6956-SMUCM,6284,6284,6284,3,99.0,287.4,95.8,Yes,1
6285,2985-FMWYF,6285,6285,6285,23,93.5,2341.55,101.80652173913045,No,0
6286,2812-ENYMO,6286,6286,6286,26,54.55,1362.85,52.41730769230769,No,0
6287,2717-HVIZY,6287,6287,6287,8,20.05,163.6,20.45,No,0
6288,3223-WZWJM,6288,6288,6288,26,83.95,2254.2,86.69999999999999,Yes,1
6289,3422-GALYP,6289,6289,6289,2,79.45,145.15,72.575,No,0
6290,9053-JZFKV,6290,6290,6290,67,116.2,7752.3,115.70597014925373,Yes,1
6291,2530-ENDWQ,6291,6291,6291,71,93.7,6585.35,92.75140845070423,Yes,1
6292,2890-WFBHU,6292,6292,6292,59,79.85,4786.1,81.12033898305086,No,0
6293,0327-WFZSY,6293,6293,6293,39,100.0,3835.55,98.3474358974359,No,0
6294,7977-HXJKU,6294,6294,6294,21,19.6,397.0,18.904761904761905,No,0
6295,6615-ZGEDR,6295,6295,6295,1,19.7,19.7,19.7,Yes,1
6296,7033-CLAMM,6296,6296,6296,48,20.2,1027.25,21.401041666666668,No,0
6297,4023-RTIQM,6297,6297,6297,31,50.4,1580.1,50.97096774193548,No,0
6298,0864-FVJNJ,6298,6298,6298,64,113.35,7222.75,112.85546875,No,0
6299,7356-IWLFW,6299,6299,6299,46,80.0,3769.7,81.95,No,0
6300,9541-PWTWO,6300,6300,6300,52,80.95,4233.95,81.42211538461538,No,0
6301,3967-VQOGC,6301,6301,6301,67,24.9,1680.25,25.078358208955223,No,0
6302,7872-RDDLZ,6302,6302,6302,67,54.9,3725.5,55.6044776119403,No,0
6303,9250-WYPLL,6303,6303,6303,5,75.55,413.65,82.72999999999999,Yes,1
6304,6308-CQRBU,6304,6304,6304,71,109.25,7707.7,108.55915492957746,No,0
6305,2754-XBHTB,6305,6305,6305,9,77.65,714.15,79.35,Yes,1
6306,1597-LHYNC,6306,6306,6306,26,95.0,2497.2,96.04615384615384,Yes,1
6307,0186-CAERR,6307,6307,6307,71,116.3,8309.55,117.03591549295774,No,0
6308,3043-SUDUA,6308,6308,6308,32,19.9,601.55,18.7984375,No,0
6309,5442-BHQNG,6309,6309,6309,2,70.35,139.25,69.625,No,0
6310,2169-RRLFW,6310,6310,6310,71,25.6,1888.25,26.595070422535212,No,0
6311,5872-OEQNH,6311,6311,6311,60,44.45,2773.9,46.23166666666667,No,0
6312,3162-KKZXO,6312,6312,6312,55,100.15,5409.75,98.35909090909091,No,0
6313,7055-VKGDA,6313,6313,6313,54,105.4,5643.4,104.5074074074074,Yes,1
6314,0754-UKWQP,6314,6314,6314,2,95.85,197.7,98.85,Yes,1
6315,8873-GLDMH,6315,6315,6315,6,73.85,401.3,66.88333333333334,No,0
6316,5696-JVVQY,6316,6316,6316,48,70.1,3238.4,67.46666666666667,No,0
6317,8946-BFWSG,6317,6317,6317,63,25.25,1573.05,24.96904761904762,No,0
6318,7493-TPUWZ,6318,6318,6318,1,79.15,79.15,79.15,Yes,1
6319,0547-HURJB,6319,6319,6319,12,21.05,235.8,19.650000000000002,No,0
6320,8904-OPDCK,6320,6320,6320,54,24.95,1364.75,25.27314814814815,No,0
6321,8845-LWKGE,6321,6321,6321,30,64.5,1985.15,66.17166666666667,No,0
6322,1577-HKTFG,6322,6322,6322,30,19.65,655.85,21.861666666666668,Yes,1
6323,8752-STIVR,6323,6323,6323,4,79.0,303.15,75.7875,Yes,1
6324,0691-NIKRI,6324,6324,6324,40,105.95,4335.2,108.38,No,0
6325,5022-JNQEQ,6325,6325,6325,9,75.85,647.5,71.94444444444444,No,0
6326,4558-FANTW,6326,6326,6326,17,91.85,1574.45,92.61470588235295,Yes,1
6327,3249-VHRIP,6327,6327,6327,62,43.6,2748.7,44.33387096774193,No,0
6328,3736-BLEPA,6328,6328,6328,28,91.25,2483.65,88.70178571428572,No,0
6329,4701-LKOZD,6329,6329,6329,70,89.75,6367.2,90.96,No,0
6330,6603-QWSPR,6330,6330,6330,46,104.4,4904.2,106.61304347826086,No,0
6331,9921-QFQUL,6331,6331,6331,23,90.15,2044.95,88.9108695652174,No,0
6332,1929-ZCBHE,6332,6332,6332,47,40.3,1794.8,38.18723404255319,No,0
6333,4378-MYPGO,6333,6333,6333,68,105.25,7173.15,105.4875,No,0
6334,8651-ENBZX,6334,6334,6334,60,106.0,6441.4,107.35666666666665,Yes,1
6335,4129-LYCOI,6335,6335,6335,67,104.0,7039.05,105.06044776119403,No,0
6336,7798-JVXYM,6336,6336,6336,14,69.65,921.4,65.81428571428572,No,0
6337,8647-SDTWQ,6337,6337,6337,57,74.3,4018.35,70.49736842105263,No,0
6338,2696-ECXKC,6338,6338,6338,55,100.9,5448.6,99.06545454545456,No,0
6339,2081-KJSQF,6339,6339,6339,1,20.25,20.25,20.25,No,0
6340,7623-TRNQN,6340,6340,6340,1,49.9,49.9,49.9,Yes,1
6341,3323-CPBWR,6341,6341,6341,23,96.9,2085.45,90.67173913043477,No,0
6342,9330-IJWIO,6342,6342,6342,13,100.35,1358.85,104.52692307692307,Yes,1
6343,3384-CTMSF,6343,6343,6343,47,104.1,5135.15,109.25851063829786,No,0
6344,0902-RFHOF,6344,6344,6344,38,20.1,730.1,19.21315789473684,No,0
6345,9286-DOJGF,6345,6345,6345,38,74.95,2869.85,75.52236842105263,Yes,1
6346,6048-QBXKL,6346,6346,6346,2,56.55,118.25,59.125,No,0
6347,9661-MHUMO,6347,6347,6347,1,49.25,49.25,49.25,Yes,1
6348,7718-RXDGG,6348,6348,6348,15,68.6,1108.6,73.90666666666667,No,0
6349,1025-FALIX,6349,6349,6349,26,69.05,1815.65,69.83269230769231,No,0
6350,3451-VAWLI,6350,6350,6350,35,19.7,730.4,20.86857142857143,No,0
6351,3407-QGWLG,6351,6351,6351,3,20.05,75.45,25.150000000000002,No,0
6352,1842-EZJMK,6352,6352,6352,50,103.7,5071.05,101.421,Yes,1
6353,2347-WKKAE,6353,6353,6353,42,94.4,4014.6,95.58571428571429,No,0
6354,8735-DCXNF,6354,6354,6354,10,54.95,568.85,56.885000000000005,No,0
6355,3214-IYUUQ,6355,6355,6355,61,93.7,5860.7,96.07704918032786,No,0
6356,1936-UAFEH,6356,6356,6356,68,110.25,7279.35,107.04926470588236,No,0
6357,3587-PMCOY,6357,6357,6357,10,98.9,1064.95,106.495,No,0
6358,8079-XRJRS,6358,6358,6358,65,89.75,5769.6,88.76307692307692,Yes,1
6359,1027-LKKQQ,6359,6359,6359,72,80.45,5886.85,81.76180555555555,No,0
6360,7148-XZPHA,6360,6360,6360,55,79.4,4238.45,77.06272727272727,No,0
6361,8073-IJDCM,6361,6361,6361,1,20.3,20.3,20.3,Yes,1
6362,5309-TAIKL,6362,6362,6362,7,62.8,418.3,59.75714285714286,No,0
6363,6856-RAURS,6363,6363,6363,2,74.9,136.05,68.025,No,0
6364,8778-LMWTJ,6364,6364,6364,9,74.85,708.2,78.6888888888889,No,0
6365,9717-IOAAF,6365,6365,6365,27,25.85,788.55,29.205555555555552,No,0
6366,8884-ADFVN,6366,6366,6366,7,101.95,700.85,100.12142857142858,Yes,1
6367,2845-KDHVX,6367,6367,6367,64,68.3,4378.8,68.41875,No,0
6368,0848-SOMKO,6368,6368,6368,70,48.4,3442.8,49.182857142857145,No,0
6369,2720-WGKHP,6369,6369,6369,2,94.0,181.7,90.85,Yes,1
6370,6734-FQAJX,6370,6370,6370,67,105.05,7171.7,107.04029850746268,No,0
6371,2869-ADAWR,6371,6371,6371,45,89.3,4016.85,89.26333333333334,Yes,1
6372,1535-VTJOQ,6372,6372,6372,24,25.15,553.0,23.041666666666668,No,0
6373,6368-TZZDT,6373,6373,6373,4,19.5,96.85,24.2125,No,0
6374,0943-ZQPXH,6374,6374,6374,44,92.95,4122.9,93.70227272727271,No,0
6375,1293-BSEUN,6375,6375,6375,72,20.7,1482.3,20.5875,No,0
6376,9894-EZEWG,6376,6376,6376,1,74.3,74.3,74.3,Yes,1
6377,1302-TPUBN,6377,6377,6377,66,19.35,1240.8,18.8,No,0
6378,7851-FLGGQ,6378,6378,6378,1,44.65,44.65,44.65,Yes,1
6379,0637-UBJRP,6379,6379,6379,13,84.05,1095.3,84.25384615384615,Yes,1
6380,0940-OUQEC,6380,6380,6380,10,80.7,788.8,78.88,Yes,1
6381,2378-VTKDH,6381,6381,6381,65,104.35,6578.55,101.20846153846153,No,0
6382,0927-CNGRH,6382,6382,6382,1,19.55,19.55,19.55,No,0
6383,8608-OZTLB,6383,6383,6383,38,74.05,2802.3,73.74473684210527,No,0
6384,2335-GSODA,6384,6384,6384,23,40.1,857.75,37.29347826086956,No,0
6385,1952-DVVSW,6385,6385,6385,10,20.1,184.4,18.44,No,0
6386,0702-PGIBZ,6386,6386,6386,4,101.7,364.55,91.1375,Yes,1
6387,6656-GULJQ,6387,6387,6387,72,83.55,6093.3,84.62916666666666,No,0
6388,9853-JFZDU,6388,6388,6388,35,56.85,1861.1,53.17428571428571,No,0
6389,1963-VAUKV,6389,6389,6389,1,20.4,20.4,20.4,Yes,1
6390,3777-XROBG,6390,6390,6390,58,19.55,1079.65,18.614655172413794,No,0
6391,6994-FGRHH,6391,6391,6391,70,106.15,7475.1,106.78714285714287,No,0
6392,4000-VGMQP,6392,6392,6392,38,78.95,2862.55,75.33026315789475,No,0
6393,3999-WRNGR,6393,6393,6393,60,49.75,3069.45,51.1575,No,0
6394,3466-RITXD,6394,6394,6394,26,92.4,2349.8,90.37692307692308,No,0
6395,2680-XKKNJ,6395,6395,6395,8,58.2,469.25,58.65625,No,0
6396,3058-HJCUY,6396,6396,6396,41,102.6,4213.35,102.76463414634148,Yes,1
6397,2974-GGUXS,6397,6397,6397,36,91.95,3301.05,91.69583333333334,No,0
6398,7994-XIRTR,6398,6398,6398,54,65.25,3529.95,65.36944444444444,No,0
6399,3259-FDWOY,6399,6399,6399,71,106.0,7723.7,108.78450704225352,Yes,1
6400,2101-RANCD,6400,6400,6400,55,73.1,4144.9,75.36181818181818,No,0
6401,7921-BEPCI,6401,6401,6401,72,59.75,4265.0,59.236111111111114,No,0
6402,0807-ZABDG,6402,6402,6402,3,55.1,154.65,51.550000000000004,Yes,1
6403,8510-TMWYB,6403,6403,6403,54,59.8,3246.45,60.11944444444444,No,0
6404,3258-ZKPAI,6404,6404,6404,72,116.6,8337.45,115.79791666666668,No,0
6405,1428-IEDPR,6405,6405,6405,52,109.3,5731.4,110.21923076923076,No,0
6406,5298-GSTLM,6406,6406,6406,60,101.4,6176.6,102.94333333333334,No,0
6407,4450-YOOHP,6407,6407,6407,39,50.65,1905.4,48.85641025641026,No,0
6408,6728-CZFEI,6408,6408,6408,15,56.15,931.9,62.126666666666665,No,0
6409,5748-RNCJT,6409,6409,6409,69,106.5,7348.8,106.50434782608696,Yes,1
6410,3653-NCRDJ,6410,6410,6410,43,19.2,776.25,18.052325581395348,No,0
6411,6121-TNHBO,6411,6411,6411,63,83.0,5243.05,83.22301587301588,No,0
6412,5119-NZPTV,6412,6412,6412,2,70.1,141.65,70.825,No,0
6413,6519-ZHPXP,6413,6413,6413,72,108.3,7679.65,106.66180555555555,No,0
6414,7739-LAXOG,6414,6414,6414,32,91.05,2954.5,92.328125,Yes,1
6415,3472-QPRCH,6415,6415,6415,40,25.25,1006.9,25.1725,No,0
6416,8224-UAXBZ,6416,6416,6416,58,45.35,2540.1,43.79482758620689,No,0
6417,9610-WCESF,6417,6417,6417,67,43.9,3097.2,46.22686567164179,No,0
6418,9776-CLUJA,6418,6418,6418,51,77.5,3807.35,74.65392156862745,Yes,1
6419,2486-WYVVE,6419,6419,6419,31,79.3,2484.0,80.12903225806451,No,0
6420,3865-ZYKAD,6420,6420,6420,69,84.9,5785.65,83.85,No,0
6421,1422-DGUBX,6421,6421,6421,32,79.25,2619.15,81.8484375,No,0
6422,2999-AANRQ,6422,6422,6422,21,71.05,1524.85,72.61190476190475,No,0
6423,8668-KNZTI,6423,6423,6423,52,53.75,2790.65,53.666346153846156,No,0
6424,0480-KYJVA,6424,6424,6424,72,24.25,1784.5,24.78472222222222,No,0
6425,6034-ZRYCV,6425,6425,6425,72,54.2,3937.45,54.68680555555555,Yes,1
6426,9746-YKGXB,6426,6426,6426,52,44.25,2276.1,43.771153846153844,No,0
6427,3926-YZVVX,6427,6427,6427,41,50.05,2029.05,49.4890243902439,No,0
6428,6000-UKLWI,6428,6428,6428,41,20.15,802.35,19.569512195121952,No,0
6429,2079-FBMZK,6429,6429,6429,6,69.25,418.4,69.73333333333333,Yes,1
6430,6332-FBZRI,6430,6430,6430,67,69.35,4653.25,69.45149253731343,No,0
6431,2096-XOTMO,6431,6431,6431,16,19.35,275.9,17.24375,No,0
6432,3266-FTKHB,6432,6432,6432,17,19.15,343.45,20.20294117647059,No,0
6433,8221-EQDGL,6433,6433,6433,35,61.0,2130.45,60.87,No,0
6434,2346-LOCWC,6434,6434,6434,58,20.5,1191.4,20.54137931034483,No,0
6435,6608-QQLVK,6435,6435,6435,1,50.5,50.5,50.5,Yes,1
6436,0298-XACET,6436,6436,6436,52,50.2,2554.0,49.11538461538461,No,0
6437,7560-QJAVJ,6437,6437,6437,70,79.6,5589.45,79.84928571428571,No,0
6438,2995-YWTCD,6438,6438,6438,19,24.9,467.7,24.61578947368421,No,0
6439,3551-HUAZH,6439,6439,6439,1,74.4,74.4,74.4,Yes,1
6440,9137-UIYPG,6440,6440,6440,35,106.9,3756.45,107.32714285714285,No,0
6441,2809-ZMYOQ,6441,6441,6441,32,101.35,3334.9,104.215625,No,0
6442,5084-OOVCJ,6442,6442,6442,17,55.35,920.5,54.14705882352941,No,0
6443,0254-WWRKD,6443,6443,6443,67,50.55,3431.75,51.22014925373134,No,0
6444,7727-SHVZV,6444,6444,6444,9,19.5,150.35,16.705555555555556,No,0
6445,6302-JGYRJ,6445,6445,6445,31,79.45,2587.7,83.47419354838709,Yes,1
6446,5339-PXDVH,6446,6446,6446,4,90.65,367.95,91.9875,No,0
6447,2205-LPVGL,6447,6447,6447,58,89.85,5125.75,88.375,No,0
6448,8782-NUUOL,6448,6448,6448,60,79.0,4801.1,80.01833333333335,No,0
6449,3685-YLCMQ,6449,6449,6449,58,104.65,6219.6,107.2344827586207,Yes,1
6450,7601-WFVZV,6450,6450,6450,1,19.55,19.55,19.55,No,0
6451,4609-KNNWG,6451,6451,6451,27,19.9,550.1,20.374074074074073,No,0
6452,4868-AADLV,6452,6452,6452,66,116.25,7862.25,119.125,No,0
6453,9529-OFXHY,6453,6453,6453,15,87.75,1242.2,82.81333333333333,No,0
6454,8634-MPHTR,6454,6454,6454,47,100.05,4871.05,103.63936170212766,Yes,1
6455,2669-QVCRG,6455,6455,6455,41,81.3,3190.65,77.82073170731708,No,0
6456,2478-EEWWM,6456,6456,6456,59,44.3,2666.75,45.19915254237288,No,0
6457,9174-IHETN,6457,6457,6457,50,70.35,3533.6,70.672,No,0
6458,2233-TXSIU,6458,6458,6458,17,44.45,792.15,46.59705882352941,No,0
6459,9644-UMGQA,6459,6459,6459,6,49.15,295.65,49.275,No,0
6460,3256-EZDBI,6460,6460,6460,51,29.45,1459.35,28.61470588235294,No,0
6461,8761-NSOBC,6461,6461,6461,44,100.55,4398.15,99.95795454545454,Yes,1
6462,0419-YAAPX,6462,6462,6462,49,85.3,4297.95,87.71326530612245,No,0
6463,8413-VONUO,6463,6463,6463,2,95.65,167.3,83.65,Yes,1
6464,0872-CASZJ,6464,6464,6464,59,69.1,4096.9,69.43898305084745,No,0
6465,4726-DLWQN,6465,6465,6465,50,70.35,3454.6,69.092,No,0
6466,8164-OCKUJ,6466,6466,6466,59,20.6,1286.0,21.796610169491526,No,0
6467,3094-JOJAI,6467,6467,6467,18,74.15,1387.0,77.05555555555556,No,0
6468,9494-MRNYX,6468,6468,6468,10,75.05,786.3,78.63,No,0
6469,2599-CZABP,6469,6469,6469,14,44.6,641.25,45.80357142857143,No,0
6470,7945-PRBVF,6470,6470,6470,35,21.45,705.45,20.155714285714286,No,0
6471,4544-RXFMG,6471,6471,6471,8,43.45,345.5,43.1875,No,0
6472,0859-YGKFW,6472,6472,6472,18,20.05,345.9,19.216666666666665,No,0
6473,1150-FTQGN,6473,6473,6473,60,94.15,5811.8,96.86333333333333,No,0
6474,9223-UCPVT,6474,6474,6474,1,94.4,94.4,94.4,Yes,1
6475,7196-LIWRH,6475,6475,6475,6,19.55,124.45,20.741666666666667,No,0
6476,5448-VWNAM,6476,6476,6476,19,75.9,1375.6,72.39999999999999,No,0
6477,1177-XZBJL,6477,6477,6477,53,64.15,3491.55,65.87830188679246,No,0
6478,3518-FSTWG,6478,6478,6478,72,109.55,7920.7,110.00972222222222,No,0
6479,9330-VOFSZ,6479,6479,6479,60,110.8,6640.7,110.67833333333333,No,0
6480,4351-QLCSU,6480,6480,6480,1,55.0,55.0,55.0,Yes,1
6481,0939-EREMR,6481,6481,6481,13,53.45,718.1,55.23846153846154,No,0
6482,9389-ACWBI,6482,6482,6482,5,69.95,320.4,64.08,No,0
6483,5419-JPRRN,6483,6483,6483,1,101.45,101.45,101.45,Yes,1
6484,3644-QXEHN,6484,6484,6484,13,97.0,1334.45,102.65,No,0
6485,2911-IJORQ,6485,6485,6485,37,90.6,3358.65,90.77432432432433,No,0
6486,5921-NGYRH,6486,6486,6486,64,73.55,4764.0,74.4375,No,0
6487,2100-BDNSN,6487,6487,6487,5,67.95,350.3,70.06,Yes,1
6488,5998-DZLYR,6488,6488,6488,61,94.35,5703.0,93.49180327868852,No,0
6489,0488-GSLFR,6489,6489,6489,1,69.5,69.5,69.5,Yes,1
6490,9318-NKNFC,6490,6490,6490,1,18.85,18.85,18.85,Yes,1
6491,3985-HOYPM,6491,6491,6491,26,19.4,525.55,20.213461538461537,No,0
6492,9728-FTTVZ,6492,6492,6492,1,69.2,69.2,69.2,Yes,1
6493,9548-LERKT,6493,6493,6493,24,19.75,483.15,20.131249999999998,No,0
6494,6576-FBXOJ,6494,6494,6494,17,54.6,934.8,54.98823529411764,No,0
6495,4310-KEDTB,6495,6495,6495,26,29.8,786.5,30.25,No,0
6496,7254-IQWOZ,6496,6496,6496,1,69.65,69.65,69.65,Yes,1
6497,2474-BRUCM,6497,6497,6497,40,101.85,4086.3,102.1575,Yes,1
6498,4062-HBMOS,6498,6498,6498,52,103.05,5364.8,103.16923076923078,No,0
6499,0742-NXBGR,6499,6499,6499,1,82.3,82.3,82.3,Yes,1
6500,2676-ISHSF,6500,6500,6500,1,20.3,20.3,20.3,No,0
6501,9236-NDUCW,6501,6501,6501,21,35.1,770.4,36.68571428571428,No,0
6502,4753-PADAS,6502,6502,6502,67,105.7,6816.95,101.7455223880597,No,0
6503,6103-QCKFX,6503,6503,6503,44,56.25,2419.55,54.98977272727273,No,0
6504,7781-EWARA,6504,6504,6504,70,60.35,4138.7,59.12428571428571,No,0
6505,6110-OHIHY,6505,6505,6505,3,79.25,267.6,89.2,Yes,1
6506,7018-FPXHH,6506,6506,6506,56,59.8,3457.45,61.740178571428565,No,0
6507,5889-LFOLL,6507,6507,6507,13,84.6,1115.2,85.78461538461539,Yes,1
6508,5708-EVONK,6508,6508,6508,58,93.4,5435.6,93.71724137931035,Yes,1
6509,8708-XPXHZ,6509,6509,6509,42,94.2,4186.3,99.67380952380952,Yes,1
6510,0616-ATFGB,6510,6510,6510,1,25.05,25.05,25.05,Yes,1
6511,0572-ZJKLT,6511,6511,6511,46,99.65,4630.2,100.65652173913043,No,0
6512,5135-RDDQL,6512,6512,6512,63,50.65,3221.25,51.13095238095238,No,0
6513,1353-LJWEM,6513,6513,6513,11,60.9,688.5,62.59090909090909,No,0
6514,1794-SWWKL,6514,6514,6514,15,59.65,867.1,57.806666666666665,No,0
6515,6166-YIPFO,6515,6515,6515,72,64.7,4746.05,65.91736111111112,No,0
6516,7016-BPGEU,6516,6516,6516,29,25.1,712.85,24.58103448275862,Yes,1
6517,6876-ADESB,6517,6517,6517,1,48.95,48.95,48.95,Yes,1
6518,9332-GYWLO,6518,6518,6518,6,54.85,355.1,59.18333333333334,No,0
6519,1963-SVUCV,6519,6519,6519,1,45.3,45.3,45.3,Yes,1
6520,4184-VODJZ,6520,6520,6520,63,91.35,5764.7,91.5031746031746,No,0
6521,0220-EBGCE,6521,6521,6521,2,85.85,167.3,83.65,Yes,1
6522,1092-WPIVQ,6522,6522,6522,18,25.1,428.45,23.802777777777777,No,0
6523,7233-IOQNP,6523,6523,6523,43,34.0,1505.35,35.00813953488372,No,0
6524,2834-JKOOW,6524,6524,6524,15,45.9,693.45,46.230000000000004,No,0
6525,2754-VDLTR,6525,6525,6525,10,95.2,930.4,93.03999999999999,Yes,1
6526,2400-FEQME,6526,6526,6526,55,20.5,1177.95,21.417272727272728,No,0
6527,3190-XFANI,6527,6527,6527,49,100.6,5069.65,103.46224489795918,Yes,1
6528,7551-DACSP,6528,6528,6528,6,55.3,324.25,54.041666666666664,Yes,1
6529,4957-SREEC,6529,6529,6529,70,20.35,1458.1,20.83,No,0
6530,7235-NXZCP,6530,6530,6530,2,74.85,156.4,78.2,Yes,1
6531,0230-UBYPQ,6531,6531,6531,63,36.1,2298.9,36.490476190476194,No,0
6532,4923-ADWXJ,6532,6532,6532,25,65.8,1679.65,67.186,No,0
6533,1763-KUAAW,6533,6533,6533,18,20.35,369.6,20.533333333333335,No,0
6534,1104-TNLZA,6534,6534,6534,28,105.8,2998.0,107.07142857142857,No,0
6535,5195-KPUNQ,6535,6535,6535,53,96.75,5206.55,98.23679245283019,No,0
6536,0520-FDVVT,6536,6536,6536,35,102.35,3626.1,103.60285714285715,Yes,1
6537,3439-GVUSX,6537,6537,6537,1,24.4,24.4,24.4,No,0
6538,1444-VVSGW,6538,6538,6538,70,115.65,7968.85,113.84071428571428,Yes,1
6539,5712-PTIWW,6539,6539,6539,2,79.85,152.45,76.225,Yes,1
6540,5949-HGVJL,6540,6540,6540,26,73.05,1959.5,75.36538461538461,No,0
6541,5203-XEHAX,6541,6541,6541,34,64.35,2053.05,60.38382352941177,No,0
6542,1635-HDGFT,6542,6542,6542,19,20.5,398.55,20.976315789473684,No,0
6543,3315-TOTBP,6543,6543,6543,15,76.0,1130.85,75.39,Yes,1
6544,8050-XGRVL,6544,6544,6544,62,54.75,3425.35,55.247580645161285,No,0
6545,6661-HBGWL,6545,6545,6545,42,104.75,4323.45,102.93928571428572,Yes,1
6546,1518-VOWAV,6546,6546,6546,9,74.65,703.55,78.17222222222222,Yes,1
6547,9828-QHFBK,6547,6547,6547,24,51.15,1275.7,53.15416666666667,No,0
6548,3908-MKIMJ,6548,6548,6548,68,41.95,2965.75,43.6139705882353,No,0
6549,5012-YSPJJ,6549,6549,6549,31,54.35,1647.0,53.12903225806452,No,0
6550,5909-ECHUI,6550,6550,6550,1,56.25,56.25,56.25,Yes,1
6551,1309-BXVOQ,6551,6551,6551,21,106.1,2249.95,107.14047619047618,Yes,1
6552,6728-VOIFY,6552,6552,6552,63,96.0,6109.75,96.98015873015873,No,0
6553,9317-WZPGV,6553,6553,6553,2,79.75,159.4,79.7,Yes,1
6554,4891-NLUBA,6554,6554,6554,61,61.45,3751.15,61.49426229508197,No,0
6555,2856-HYAPG,6555,6555,6555,1,68.65,68.65,68.65,Yes,1
6556,8969-PRHFK,6556,6556,6556,18,19.65,411.25,22.84722222222222,No,0
6557,0661-KQHNK,6557,6557,6557,6,19.0,105.5,17.583333333333332,No,0
6558,8709-KRDVL,6558,6558,6558,33,100.0,3320.6,100.62424242424242,No,0
6559,4488-PSYCG,6559,6559,6559,16,20.25,327.45,20.465625,Yes,1
6560,1427-VERSM,6560,6560,6560,56,98.7,5669.5,101.24107142857143,No,0
6561,9801-NOSHQ,6561,6561,6561,23,19.8,465.45,20.23695652173913,No,0
6562,6339-YPSAH,6562,6562,6562,9,73.8,704.3,78.25555555555555,No,0
6563,3621-CEOVK,6563,6563,6563,14,100.2,1369.8,97.84285714285714,Yes,1
6564,6906-ANDWJ,6564,6564,6564,15,74.9,1107.25,73.81666666666666,Yes,1
6565,2159-TURXX,6565,6565,6565,5,20.05,95.55,19.11,No,0
6566,1548-FEHVL,6566,6566,6566,61,106.2,6375.2,104.51147540983607,No,0
6567,3795-CAWEX,6567,6567,6567,70,116.55,8152.3,116.46142857142857,No,0
6568,6215-NQCPY,6568,6568,6568,15,99.7,1566.75,104.45,No,0
6569,5647-URDKA,6569,6569,6569,8,19.7,130.25,16.28125,No,0
6570,2229-DPMBI,6570,6570,6570,8,19.5,162.15,20.26875,No,0
6571,9626-WEQRM,6571,6571,6571,4,29.15,110.05,27.5125,No,0
6572,2188-SXWVT,6572,6572,6572,34,55.0,1885.15,55.44558823529412,No,0
6573,6258-PVZWJ,6573,6573,6573,68,90.8,6302.85,92.68897058823529,No,0
6574,1094-BKOSX,6574,6574,6574,45,51.0,2264.5,50.32222222222222,No,0
6575,6969-MVBAI,6575,6575,6575,9,90.1,816.8,90.75555555555555,No,0
6576,2978-XXSOG,6576,6576,6576,22,59.05,1253.5,56.97727272727273,No,0
6577,2342-CKIAO,6577,6577,6577,2,20.3,41.2,20.6,No,0
6578,6953-PBDIN,6578,6578,6578,70,72.95,5265.55,75.22214285714286,No,0
6579,3898-BSJYF,6579,6579,6579,10,73.55,693.3,69.33,No,0
6580,3938-YFPXD,6580,6580,6580,72,84.3,5997.1,83.29305555555555,No,0
6581,7696-AMHOD,6581,6581,6581,49,78.0,3824.2,78.04489795918367,No,0
6582,2453-SAFNS,6582,6582,6582,54,72.1,3886.05,71.96388888888889,No,0
6583,9558-IHEZX,6583,6583,6583,71,106.75,7283.25,102.58098591549296,No,0
6584,9617-UDPEU,6584,6584,6584,22,19.25,412.55,18.75227272727273,No,0
6585,6340-DACFT,6585,6585,6585,50,20.55,1070.25,21.405,No,0
6586,4955-VCWBI,6586,6586,6586,43,20.0,817.95,19.022093023255817,No,0
6587,6813-GZQCG,6587,6587,6587,45,24.65,1171.3,26.028888888888886,No,0
6588,7426-GSWPO,6588,6588,6588,64,103.5,6548.65,102.32265625,No,0
6589,3389-KTRXV,6589,6589,6589,23,23.85,625.65,27.202173913043477,No,0
6590,3118-UHVVQ,6590,6590,6590,68,25.8,1911.5,28.110294117647058,No,0
6591,1031-IIDEO,6591,6591,6591,1,70.85,70.85,70.85,Yes,1
6592,5832-XKAES,6592,6592,6592,2,69.8,134.7,67.35,Yes,1
6593,3205-MXZRA,6593,6593,6593,26,59.45,1507.0,57.96153846153846,No,0
6594,4701-AHWMW,6594,6594,6594,55,54.55,2978.3,54.150909090909096,Yes,1
6595,8317-BVKSO,6595,6595,6595,14,20.05,299.3,21.37857142857143,No,0
6596,5702-KVQRD,6596,6596,6596,71,82.55,5832.65,82.14999999999999,No,0
6597,0083-PIVIK,6597,6597,6597,64,81.25,5567.55,86.99296875,No,0
6598,9210-IAHGH,6598,6598,6598,7,70.75,450.8,64.4,Yes,1
6599,6169-PGNCD,6599,6599,6599,57,74.3,4166.35,73.09385964912282,No,0
6600,0023-XUOPT,6600,6600,6600,13,94.1,1215.6,93.5076923076923,Yes,1
6601,4592-IWTJI,6601,6601,6601,3,29.7,91.7,30.566666666666666,Yes,1
6602,4909-JOUPP,6602,6602,6602,72,109.7,7898.45,109.70069444444444,No,0
6603,4657-FWVFY,6603,6603,6603,40,96.35,3915.4,97.885,No,0
6604,2257-BOVXD,6604,6604,6604,14,66.6,979.5,69.96428571428571,No,0
6605,7729-JTEEC,6605,6605,6605,2,44.5,90.05,45.025,No,0
6606,7632-MNYOY,6606,6606,6606,66,110.9,7432.05,112.60681818181818,Yes,1
6607,6518-LGAOV,6607,6607,6607,38,105.0,4026.4,105.9578947368421,Yes,1
6608,7242-QZLXF,6608,6608,6608,1,25.3,25.3,25.3,Yes,1
6609,4576-CSAJH,6609,6609,6609,22,55.15,1193.05,54.22954545454545,Yes,1
6610,1000-AJSLD,6610,6610,6610,1,20.1,20.1,20.1,Yes,1
6611,9696-RMYBA,6611,6611,6611,5,80.1,398.55,79.71000000000001,No,0
6612,8690-UPCZI,6612,6612,6612,29,69.05,1958.45,67.53275862068966,No,0
6613,1062-LHZOD,6613,6613,6613,1,69.9,69.9,69.9,Yes,1
6614,9770-LXDBK,6614,6614,6614,3,20.4,63.15,21.05,No,0
6615,4086-WITJG,6615,6615,6615,71,19.7,1301.1,18.325352112676054,No,0
6616,8344-WFMFH,6616,6616,6616,9,50.1,484.05,53.78333333333333,No,0
6617,9600-NAXZN,6617,6617,6617,43,101.4,4528.0,105.30232558139535,Yes,1
6618,8822-KNBHV,6618,6618,6618,48,83.45,3887.85,80.996875,No,0
6619,8404-FYDIB,6619,6619,6619,26,86.65,2208.75,84.95192307692308,No,0
6620,2791-SFVEW,6620,6620,6620,9,20.15,238.15,26.461111111111112,No,0
6621,6457-USBER,6621,6621,6621,1,80.8,80.8,80.8,Yes,1
6622,6762-NSODU,6622,6622,6622,46,19.4,958.15,20.829347826086956,No,0
6623,4662-EKDPQ,6623,6623,6623,2,62.05,118.3,59.15,Yes,1
6624,9248-OJYKK,6624,6624,6624,1,76.45,76.45,76.45,Yes,1
6625,9888-ZCUMM,6625,6625,6625,64,60.05,3845.45,60.08515625,No,0
6626,3398-FSHON,6626,6626,6626,12,91.3,1094.5,91.20833333333333,Yes,1
6627,3319-DWOEP,6627,6627,6627,6,95.75,573.75,95.625,Yes,1
6628,1074-WVEVG,6628,6628,6628,59,20.35,1267.0,21.47457627118644,No,0
6629,9979-RGMZT,6629,6629,6629,7,94.05,633.45,90.49285714285715,No,0
6630,6437-UDQJM,6630,6630,6630,72,84.1,6129.65,85.13402777777777,No,0
6631,1226-IENZN,6631,6631,6631,16,78.75,1218.25,76.140625,No,0
6632,2108-GLPQB,6632,6632,6632,25,55.55,1405.3,56.211999999999996,No,0
6633,9259-PACGQ,6633,6633,6633,34,62.65,2274.9,66.90882352941176,Yes,1
6634,4415-IJZTP,6634,6634,6634,1,74.5,74.5,74.5,Yes,1
6635,1465-VINDH,6635,6635,6635,10,102.1,1068.85,106.88499999999999,Yes,1
6636,5474-LAMUQ,6636,6636,6636,24,20.1,533.9,22.245833333333334,No,0
6637,3468-DRVQJ,6637,6637,6637,10,70.3,676.15,67.615,No,0
6638,1122-YJBCS,6638,6638,6638,69,53.65,3804.4,55.13623188405797,No,0
6639,4990-ALDGW,6639,6639,6639,57,20.75,1118.8,19.628070175438594,No,0
6640,4816-OKWNX,6640,6640,6640,50,103.4,5236.4,104.728,No,0
6641,3315-IKYZQ,6641,6641,6641,28,50.8,1386.8,49.528571428571425,No,0
6642,2810-FTLEM,6642,6642,6642,16,50.15,762.25,47.640625,Yes,1
6643,4747-LCAQL,6643,6643,6643,25,79.0,1902.0,76.08,No,0
6644,3411-WLRSQ,6644,6644,6644,3,74.6,239.05,79.68333333333334,No,0
6645,0898-XCGTF,6645,6645,6645,61,96.5,5673.7,93.01147540983607,No,0
6646,8006-PYCSW,6646,6646,6646,2,20.1,39.8,19.9,No,0
6647,8249-THVEC,6647,6647,6647,51,19.4,997.75,19.563725490196077,No,0
6648,8722-PRFDV,6648,6648,6648,71,77.55,5574.35,78.51197183098591,No,0
6649,2164-SOQXL,6649,6649,6649,20,20.05,406.05,20.302500000000002,No,0
6650,4020-KIUDI,6650,6650,6650,6,19.85,138.85,23.141666666666666,No,0
6651,5850-BDWCY,6651,6651,6651,6,20.2,123.65,20.608333333333334,No,0
6652,2038-YSEZE,6652,6652,6652,29,67.45,1801.1,62.106896551724134,No,0
6653,0827-ITJPH,6653,6653,6653,36,18.55,689.0,19.13888888888889,No,0
6654,8799-OXZMD,6654,6654,6654,28,29.75,790.7,28.239285714285717,No,0
6655,1925-TIBLE,6655,6655,6655,7,86.5,582.5,83.21428571428571,Yes,1
6656,1705-GUHPV,6656,6656,6656,63,24.2,1618.2,25.685714285714287,No,0
6657,4779-ZGICK,6657,6657,6657,48,23.55,1173.35,24.444791666666664,No,0
6658,0048-PIHNL,6658,6658,6658,49,20.45,900.9,18.385714285714286,No,0
6659,0818-OCPZO,6659,6659,6659,27,81.45,2122.05,78.59444444444445,Yes,1
6660,3967-KXAPS,6660,6660,6660,72,92.3,6719.9,93.33194444444445,No,0
6661,1447-GIQMR,6661,6661,6661,1,69.15,69.15,69.15,Yes,1
6662,3704-IEAXF,6662,6662,6662,72,53.65,3784.0,52.55555555555556,No,0
6663,6810-VCAEX,6663,6663,6663,47,39.65,1798.65,38.26914893617022,No,0
6664,0674-EYYZV,6664,6664,6664,1,54.65,54.65,54.65,No,0
6665,4480-MBMLB,6665,6665,6665,36,104.8,3886.45,107.95694444444445,No,0
6666,1395-OFUWC,6666,6666,6666,43,29.3,1224.05,28.46627906976744,No,0
6667,0822-QGCXA,6667,6667,6667,27,83.85,2310.2,85.56296296296296,No,0
6668,0872-NXJYS,6668,6668,6668,9,79.55,723.4,80.37777777777778,Yes,1
6669,2832-KJCRD,6669,6669,6669,38,103.65,3988.5,104.96052631578948,No,0
6670,3588-WSTTJ,6670,6670,6670,35,99.05,3554.6,101.56,No,0
6671,4075-WKNIU,6671,6671,6671,0,73.35,,73.35,No,0
6672,5090-EMGTC,6672,6672,6672,59,100.05,6034.85,102.285593220339,No,0
6673,2346-CZYIL,6673,6673,6673,27,20.35,531.6,19.68888888888889,No,0
6674,3798-EPWRR,6674,6674,6674,2,43.95,85.1,42.55,No,0
6675,6258-NGCNG,6675,6675,6675,7,23.5,173.0,24.714285714285715,No,0
6676,4186-ZBUEW,6676,6676,6676,36,70.7,2511.95,69.77638888888889,No,0
6677,5274-XHAKY,6677,6677,6677,41,94.3,3893.6,94.96585365853659,No,0
6678,1442-BQPVU,6678,6678,6678,13,29.15,357.15,27.47307692307692,No,0
6679,3978-YNKDD,6679,6679,6679,19,20.85,467.5,24.605263157894736,No,0
6680,4940-KHCWD,6680,6680,6680,60,37.7,2288.7,38.144999999999996,No,0
6681,9412-ARGBX,6681,6681,6681,48,95.5,4627.85,96.41354166666667,Yes,1
6682,1389-CXMLU,6682,6682,6682,3,91.05,289.1,96.36666666666667,Yes,1
6683,9589-ABEPT,6683,6683,6683,69,92.45,6460.55,93.63115942028986,No,0
6684,9388-ZEYVT,6684,6684,6684,43,44.15,1931.3,44.913953488372094,No,0
6685,0305-SQECB,6685,6685,6685,11,36.05,402.6,36.6,No,0
6686,7605-SNLQG,6686,6686,6686,45,50.25,2221.55,49.36777777777778,No,0
6687,4670-TABXH,6687,6687,6687,72,109.75,7758.9,107.76249999999999,No,0
6688,5561-NWEVX,6688,6688,6688,2,79.2,172.85,86.425,Yes,1
6689,0064-SUDOG,6689,6689,6689,12,20.3,224.5,18.708333333333332,No,0
6690,8561-NMTBD,6690,6690,6690,67,112.35,7388.45,110.27537313432836,No,0
6691,5161-XEUVX,6691,6691,6691,37,94.3,3460.95,93.53918918918919,No,0
6692,8292-FRFZQ,6692,6692,6692,39,41.15,1700.9,43.61282051282051,No,0
6693,8591-NXRCV,6693,6693,6693,41,74.65,3090.65,75.38170731707318,No,0
6694,7895-VONWT,6694,6694,6694,25,48.25,1293.8,51.751999999999995,No,0
6695,4526-RMTLL,6695,6695,6695,8,76.15,645.8,80.725,No,0
6696,6253-GNHWH,6696,6696,6696,71,71.1,5224.95,73.59084507042253,No,0
6697,4566-NECEV,6697,6697,6697,5,96.55,500.1,100.02000000000001,No,0
6698,8080-POTJR,6698,6698,6698,30,79.3,2427.1,80.90333333333334,No,0
6699,6906-MPARY,6699,6699,6699,40,89.6,3488.15,87.20375,No,0
6700,3662-FXJFO,6700,6700,6700,54,20.5,1035.7,19.17962962962963,No,0
6701,8107-RZLNV,6701,6701,6701,72,106.3,7565.35,105.07430555555555,No,0
6702,0516-OOHAR,6702,6702,6702,28,100.35,2799.0,99.96428571428571,No,0
6703,2027-CWDNU,6703,6703,6703,18,85.6,1601.5,88.97222222222223,No,0
6704,2737-WFVYW,6704,6704,6704,2,45.25,85.5,42.75,Yes,1
6705,9912-OMZDS,6705,6705,6705,59,106.15,6256.2,106.03728813559322,No,0
6706,3733-ZEECP,6706,6706,6706,22,51.1,1232.9,56.040909090909096,No,0
6707,7878-RTCZG,6707,6707,6707,1,19.9,19.9,19.9,No,0
6708,2452-MRMZF,6708,6708,6708,72,25.7,1937.4,26.908333333333335,No,0
6709,2272-QAGFO,6709,6709,6709,14,74.3,1096.25,78.30357142857143,Yes,1
6710,7103-IPXPJ,6710,6710,6710,50,99.4,5059.75,101.195,No,0
6711,4342-HFXWS,6711,6711,6711,48,69.7,3023.65,62.99270833333333,No,0
6712,3545-CNWRG,6712,6712,6712,49,98.35,4889.2,99.7795918367347,No,0
6713,1785-BPHTP,6713,6713,6713,28,85.45,2289.9,81.78214285714286,No,0
6714,4989-LIXVT,6714,6714,6714,68,95.9,6503.2,95.63529411764705,No,0
6715,7315-WYOAW,6715,6715,6715,13,100.75,1313.25,101.01923076923077,No,0
6716,1173-XZPYF,6716,6716,6716,11,89.2,990.3,90.02727272727272,No,0
6717,9850-OWRHQ,6717,6717,6717,3,74.1,228.0,76.0,Yes,1
6718,3768-NLUBH,6718,6718,6718,57,100.6,5746.15,100.80964912280702,Yes,1
6719,8676-TRMJS,6719,6719,6719,3,75.0,209.1,69.7,Yes,1
6720,2509-TFPJU,6720,6720,6720,72,25.75,1864.2,25.891666666666666,No,0
6721,9530-GRMJG,6721,6721,6721,70,84.1,5979.7,85.42428571428572,No,0
6722,6898-RBTLU,6722,6722,6722,49,79.3,3902.45,79.64183673469387,No,0
6723,5481-NTDOH,6723,6723,6723,67,107.05,7142.5,106.6044776119403,No,0
6724,2068-WWXQZ,6724,6724,6724,46,20.05,902.0,19.608695652173914,No,0
6725,7359-SSBJK,6725,6725,6725,64,70.2,4481.0,70.015625,Yes,1
6726,2061-VVFST,6726,6726,6726,37,19.5,805.2,21.762162162162163,No,0
6727,0685-MLYYM,6727,6727,6727,2,70.75,154.85,77.425,Yes,1
6728,0749-IRGQE,6728,6728,6728,13,45.3,528.45,40.650000000000006,No,0
6729,2380-DAMQP,6729,6729,6729,72,115.15,8349.7,115.96805555555557,No,0
6730,2256-YLYLP,6730,6730,6730,68,72.95,4953.25,72.84191176470588,No,0
6731,1272-ILHFG,6731,6731,6731,15,19.65,332.65,22.176666666666666,No,0
6732,0164-XAIRP,6732,6732,6732,24,19.55,470.2,19.591666666666665,No,0
6733,5666-CYCYZ,6733,6733,6733,24,89.55,2259.35,94.13958333333333,No,0
6734,4011-ARPHK,6734,6734,6734,27,50.35,1411.35,52.27222222222222,No,0
6735,8182-PNAGI,6735,6735,6735,12,50.25,593.75,49.479166666666664,Yes,1
6736,6365-HITVU,6736,6736,6736,71,87.25,6328.7,89.13661971830986,No,0
6737,7558-IMLMT,6737,6737,6737,67,20.8,1411.9,21.07313432835821,No,0
6738,9488-FYQAU,6738,6738,6738,63,109.25,6841.4,108.59365079365078,No,0
6739,3590-TCXTB,6739,6739,6739,1,20.35,20.35,20.35,No,0
6740,6994-KERXL,6740,6740,6740,4,55.9,238.5,59.625,No,0
6741,7957-RYHQD,6741,6741,6741,40,79.2,3233.85,80.84625,Yes,1
6742,2180-DXNEG,6742,6742,6742,12,96.0,1062.1,88.50833333333333,Yes,1
6743,1960-UOTYM,6743,6743,6743,52,79.2,4016.3,77.23653846153846,No,0
6744,2740-JFBOK,6744,6744,6744,10,24.0,226.55,22.655,No,0
6745,6500-JVEGC,6745,6745,6745,68,101.35,7110.75,104.56985294117646,No,0
6746,5515-AKOAJ,6746,6746,6746,54,100.1,5440.9,100.7574074074074,Yes,1
6747,8976-OQHGT,6747,6747,6747,4,56.5,235.1,58.775,Yes,1
6748,5245-VDBUR,6748,6748,6748,52,35.45,1958.95,37.67211538461539,No,0
6749,6230-BSUXY,6749,6749,6749,1,85.0,85.0,85.0,Yes,1
6750,8469-SNFFH,6750,6750,6750,70,79.4,5528.9,78.9842857142857,No,0
6751,2144-ESWKO,6751,6751,6751,43,35.2,1463.7,34.03953488372093,No,0
6752,1241-FPMOF,6752,6752,6752,52,19.65,1025.05,19.7125,No,0
6753,9928-BZVLZ,6753,6753,6753,12,49.85,552.1,46.00833333333333,No,0
6754,4114-QMKVN,6754,6754,6754,56,68.75,3815.4,68.13214285714285,No,0
6755,2775-SEFEE,6755,6755,6755,0,61.9,,61.9,No,0
6756,9003-CPATH,6756,6756,6756,42,79.9,3313.4,78.89047619047619,No,0
6757,1754-GKYPY,6757,6757,6757,22,89.75,1938.9,88.13181818181819,No,0
6758,5294-CDGWY,6758,6758,6758,51,59.3,3014.65,59.11078431372549,Yes,1
6759,7956-XQWGU,6759,6759,6759,27,19.4,460.25,17.046296296296298,No,0
6760,1591-MQJTP,6760,6760,6760,51,93.65,4839.15,94.88529411764705,No,0
6761,5295-PCJOO,6761,6761,6761,4,49.4,184.4,46.1,Yes,1
6762,2369-FEVNO,6762,6762,6762,1,19.9,19.9,19.9,No,0
6763,9863-JZAIC,6763,6763,6763,35,55.0,2010.55,57.44428571428571,Yes,1
6764,7471-MQPOS,6764,6764,6764,71,72.9,5139.65,72.38943661971831,No,0
6765,7660-HDPJV,6765,6765,6765,1,69.2,69.2,69.2,Yes,1
6766,5115-SQAAU,6766,6766,6766,69,25.6,1673.4,24.252173913043478,No,0
6767,9845-QOMAD,6767,6767,6767,14,19.75,309.35,22.09642857142857,No,0
6768,7672-VFMXZ,6768,6768,6768,57,55.7,3171.6,55.642105263157895,No,0
6769,9739-JLPQJ,6769,6769,6769,72,117.5,8670.1,120.41805555555555,No,0
6770,9916-AYHTC,6770,6770,6770,48,19.85,916.0,19.083333333333332,No,0
6771,3855-ONCAR,6771,6771,6771,4,78.9,299.75,74.9375,No,0
6772,1488-SYSFC,6772,6772,6772,31,20.65,702.05,22.646774193548385,No,0
6773,7931-PXHFC,6773,6773,6773,38,62.3,2354.8,61.968421052631584,Yes,1
6774,3990-QYKBE,6774,6774,6774,37,92.5,3473.4,93.87567567567568,Yes,1
6775,0970-QXPXW,6775,6775,6775,1,19.65,19.65,19.65,No,0
6776,3259-KNMRR,6776,6776,6776,57,79.75,4438.2,77.86315789473684,No,0
6777,6120-RJKLU,6777,6777,6777,62,79.95,4819.75,77.73790322580645,No,0
6778,9572-WUKSB,6778,6778,6778,3,29.9,92.25,30.75,No,0
6779,5893-KCLGT,6779,6779,6779,72,19.75,1567.0,21.76388888888889,No,0
6780,0076-LVEPS,6780,6780,6780,29,45.0,1242.45,42.84310344827586,No,0
6781,3640-JQGJG,6781,6781,6781,13,44.8,559.2,43.01538461538462,No,0
6782,4919-MOAVT,6782,6782,6782,3,69.65,220.1,73.36666666666666,Yes,1
6783,1596-OQSPS,6783,6783,6783,11,51.1,531.15,48.28636363636363,No,0
6784,9867-XOBQA,6784,6784,6784,21,53.15,1183.2,56.34285714285714,No,0
6785,9546-KDTRB,6785,6785,6785,19,24.7,465.85,24.51842105263158,No,0
6786,3090-HAWSU,6786,6786,6786,61,111.6,6876.05,112.72213114754099,Yes,1
6787,9820-RMCQV,6787,6787,6787,11,48.55,501.0,45.54545454545455,Yes,1
6788,3174-RKMOW,6788,6788,6788,35,109.95,3782.4,108.06857142857143,No,0
6789,1760-CAZHT,6789,6789,6789,25,20.8,460.2,18.408,No,0
6790,7839-QRKXN,6790,6790,6790,1,20.2,20.2,20.2,Yes,1
6791,8441-SHIPE,6791,6791,6791,67,25.6,1790.35,26.721641791044775,No,0
6792,5204-QZXPU,6792,6792,6792,19,39.65,733.35,38.597368421052636,Yes,1
6793,4597-ELFTS,6793,6793,6793,56,24.9,1334.0,23.821428571428573,Yes,1
6794,1320-GVNHT,6794,6794,6794,72,108.4,7767.25,107.87847222222223,No,0
6795,1047-RNXZV,6795,6795,6795,43,19.55,876.15,20.375581395348835,No,0
6796,3541-ZNUHK,6796,6796,6796,55,85.1,4600.95,83.65363636363637,No,0
6797,8450-JOVAH,6797,6797,6797,2,56.7,113.55,56.775,Yes,1
6798,8725-JEDFD,6798,6798,6798,27,69.05,1793.25,66.41666666666667,No,0
6799,7562-UXTPG,6799,6799,6799,13,70.15,886.7,68.20769230769231,No,0
6800,8071-SBTRN,6800,6800,6800,70,111.15,7737.55,110.53642857142857,No,0
6801,1113-IUJYX,6801,6801,6801,14,105.95,1348.9,96.35000000000001,Yes,1
6802,6668-CNMFP,6802,6802,6802,19,89.35,1686.85,88.78157894736842,No,0
6803,5626-MGTUK,6803,6803,6803,20,89.1,1879.25,93.9625,No,0
6804,5681-LLOEI,6804,6804,6804,43,91.25,4013.8,93.34418604651164,No,0
6805,8212-DJRCH,6805,6805,6805,5,90.35,434.5,86.9,No,0
6806,4323-OHFOW,6806,6806,6806,70,105.55,7195.35,102.79071428571429,No,0
6807,4933-BSAIP,6807,6807,6807,40,19.1,780.1,19.5025,No,0
6808,2030-BTZRO,6808,6808,6808,6,20.4,107.6,17.933333333333334,No,0
6809,1116-DXXDF,6809,6809,6809,39,100.45,3801.7,97.47948717948718,No,0
6810,9274-CNFMO,6810,6810,6810,4,74.95,308.7,77.175,Yes,1
6811,7758-XKCBS,6811,6811,6811,15,29.7,438.25,29.216666666666665,Yes,1
6812,8992-JQYUN,6812,6812,6812,1,50.35,50.35,50.35,Yes,1
6813,6563-VNPMN,6813,6813,6813,45,85.7,3778.1,83.95777777777778,No,0
6814,0617-AQNWT,6814,6814,6814,64,47.85,3147.5,49.1796875,Yes,1
6815,2267-WTPYD,6815,6815,6815,57,94.0,5438.95,95.42017543859649,No,0
6816,0270-THENM,6816,6816,6816,72,69.85,5102.35,70.86597222222223,No,0
6817,2446-PLQVO,6817,6817,6817,1,70.3,70.3,70.3,Yes,1
6818,4707-MAXGU,6818,6818,6818,72,25.85,1872.2,26.00277777777778,No,0
6819,2710-WYVXG,6819,6819,6819,3,71.1,213.35,71.11666666666666,No,0
6820,3005-NFMTA,6820,6820,6820,55,98.8,5617.75,102.14090909090909,Yes,1
6821,6300-BWMJX,6821,6821,6821,59,93.35,5386.5,91.29661016949153,No,0
6822,8784-CGILN,6822,6822,6822,18,99.85,1776.95,98.71944444444445,Yes,1
6823,5389-FFVKB,6823,6823,6823,32,80.3,2483.05,77.5953125,Yes,1
6824,7009-LGECI,6824,6824,6824,4,50.55,235.65,58.9125,No,0
6825,8444-WRIDW,6825,6825,6825,66,80.45,5224.35,79.15681818181818,Yes,1
6826,5022-KVDQT,6826,6826,6826,27,81.3,2272.8,84.17777777777779,No,0
6827,7976-CICYS,6827,6827,6827,4,20.7,83.75,20.9375,No,0
6828,1036-GUDCL,6828,6828,6828,60,79.05,4663.4,77.72333333333333,No,0
6829,2005-DWQZJ,6829,6829,6829,8,19.05,201.7,25.2125,No,0
6830,8148-WOCMK,6830,6830,6830,8,19.6,125.0,15.625,No,0
6831,7815-PDTHL,6831,6831,6831,35,20.2,684.4,19.554285714285715,No,0
6832,9451-LPGOO,6832,6832,6832,7,86.8,620.35,88.62142857142858,Yes,1
6833,9173-IVZVP,6833,6833,6833,53,20.9,1146.05,21.623584905660376,No,0
6834,9129-UXERG,6834,6834,6834,18,103.6,1806.35,100.35277777777777,No,0
6835,3635-JBPSG,6835,6835,6835,15,38.8,603.0,40.2,No,0
6836,7964-ZRKKG,6836,6836,6836,67,88.4,5798.3,86.54179104477612,No,0
6837,5868-YWPDW,6837,6837,6837,6,84.2,519.15,86.52499999999999,Yes,1
6838,6229-LSCKB,6838,6838,6838,6,79.7,497.6,82.93333333333334,No,0
6839,2025-JKFWI,6839,6839,6839,13,99.0,1301.7,100.13076923076923,Yes,1
6840,4078-SAYYN,6840,6840,6840,11,100.75,1129.75,102.70454545454545,Yes,1
6841,1724-IQWNM,6841,6841,6841,1,19.3,19.3,19.3,No,0
6842,8217-QYOHV,6842,6842,6842,5,55.75,266.95,53.39,No,0
6843,5546-QUERU,6843,6843,6843,13,19.95,257.0,19.76923076923077,No,0
6844,9940-HPQPG,6844,6844,6844,9,91.75,865.8,96.19999999999999,Yes,1
6845,6897-UUBNU,6845,6845,6845,29,89.65,2623.65,90.47068965517242,No,0
6846,6127-IYJOZ,6846,6846,6846,1,45.85,45.85,45.85,No,0
6847,6618-RYATB,6847,6847,6847,1,79.55,79.55,79.55,Yes,1
6848,8930-XOTDP,6848,6848,6848,18,55.95,1082.8,60.15555555555555,No,0
6849,5916-QEWPT,6849,6849,6849,2,69.0,147.8,73.9,No,0
6850,5060-TQUQN,6850,6850,6850,30,83.55,2570.2,85.67333333333333,No,0
6851,0531-XBKMM,6851,6851,6851,66,65.7,4378.9,66.3469696969697,No,0
6852,8465-SBRXP,6852,6852,6852,38,94.9,3616.25,95.16447368421052,No,0
6853,2408-PSJVE,6853,6853,6853,44,61.9,2924.05,66.45568181818182,No,0
6854,9079-YEXQJ,6854,6854,6854,54,111.1,6014.85,111.38611111111112,Yes,1
6855,9700-ZCLOT,6855,6855,6855,2,20.0,32.7,16.35,No,0
6856,8738-JOKAR,6856,6856,6856,42,67.7,2882.25,68.625,No,0
6857,4534-WGCIR,6857,6857,6857,58,25.15,1509.9,26.032758620689656,No,0
6858,1930-WNXSB,6858,6858,6858,58,92.85,5305.05,91.46637931034483,No,0
6859,2685-SREOM,6859,6859,6859,25,89.1,2368.4,94.736,Yes,1
6860,3508-CFVZL,6860,6860,6860,71,111.3,7985.9,112.47746478873239,No,0
6861,0402-CQAJN,6861,6861,6861,37,101.9,3545.35,95.82027027027027,Yes,1
6862,6692-UDPJC,6862,6862,6862,14,91.65,1301.0,92.92857142857143,Yes,1
6863,1273-MTETI,6863,6863,6863,4,88.85,372.45,93.1125,Yes,1
6864,0657-DOGUM,6864,6864,6864,48,60.6,2985.25,62.192708333333336,No,0
6865,5480-HPRRX,6865,6865,6865,3,25.3,77.75,25.916666666666668,Yes,1
6866,8792-AOROI,6866,6866,6866,8,65.5,564.35,70.54375,No,0
6867,0295-PPHDO,6867,6867,6867,1,95.45,95.45,95.45,Yes,1
6868,5146-YYFRZ,6868,6868,6868,67,19.95,1311.75,19.578358208955223,No,0
6869,1195-OIYEJ,6869,6869,6869,13,91.1,1135.7,87.36153846153846,Yes,1
6870,5906-CVLHP,6870,6870,6870,45,54.15,2319.8,51.55111111111111,Yes,1
6871,3452-SRFEG,6871,6871,6871,49,74.6,3720.35,75.92551020408163,No,0
6872,4070-OKWVH,6872,6872,6872,52,94.6,5025.8,96.65,No,0
6873,5297-MDOIR,6873,6873,6873,63,81.15,5224.5,82.92857142857143,No,0
6874,6369-MCAKO,6874,6874,6874,68,89.05,6185.8,90.96764705882353,No,0
6875,4926-UMJZD,6875,6875,6875,31,49.2,1498.55,48.34032258064516,No,0
6876,6848-HJTXY,6876,6876,6876,64,19.45,1208.6,18.884375,No,0
6877,6341-AEVKX,6877,6877,6877,62,104.3,6613.65,106.67177419354839,No,0
6878,4501-EQDRN,6878,6878,6878,1,69.7,69.7,69.7,Yes,1
6879,2990-HWIML,6879,6879,6879,6,89.5,573.3,95.55,Yes,1
6880,0682-USIXD,6880,6880,6880,21,86.05,1818.9,86.61428571428571,No,0
6881,6976-BWGLQ,6881,6881,6881,72,25.2,1787.35,24.824305555555554,No,0
6882,7078-NVFAM,6882,6882,6882,32,35.15,1051.05,32.8453125,No,0
6883,8065-QBYTO,6883,6883,6883,71,99.65,7181.25,101.1443661971831,No,0
6884,2133-TSRRM,6884,6884,6884,34,105.35,3688.6,108.48823529411764,No,0
6885,7384-GHBPI,6885,6885,6885,3,35.15,99.75,33.25,Yes,1
6886,7603-USHJS,6886,6886,6886,12,73.75,871.4,72.61666666666666,Yes,1
6887,7234-FECYN,6887,6887,6887,8,101.35,780.5,97.5625,Yes,1
6888,2511-ALLCS,6888,6888,6888,35,24.3,821.6,23.474285714285713,No,0
6889,3191-CSNMG,6889,6889,6889,3,80.7,239.45,79.81666666666666,No,0
6890,7952-OBOYL,6890,6890,6890,3,89.85,244.45,81.48333333333333,No,0
6891,7470-DYNOE,6891,6891,6891,53,61.1,3357.9,63.35660377358491,No,0
6892,7853-OETYL,6892,6892,6892,4,29.05,129.6,32.4,No,0
6893,1545-ACTAS,6893,6893,6893,48,99.7,4977.2,103.69166666666666,No,0
6894,5876-HZVZM,6894,6894,6894,6,55.9,365.35,60.89166666666667,Yes,1
6895,1400-MMYXY,6895,6895,6895,3,105.9,334.65,111.55,Yes,1
6896,5126-RCXYW,6896,6896,6896,54,46.0,2424.05,44.88981481481482,No,0
6897,3085-QUOZK,6897,6897,6897,1,43.95,43.95,43.95,Yes,1
6898,2363-BJLSL,6898,6898,6898,62,80.4,4981.15,80.34112903225805,No,0
6899,1956-YIFGE,6899,6899,6899,22,100.05,2090.25,95.01136363636364,No,0
6900,3926-CUQZX,6900,6900,6900,1,45.1,45.1,45.1,Yes,1
6901,7921-LMDFQ,6901,6901,6901,51,94.0,4905.75,96.19117647058823,No,0
6902,2925-MXLSX,6902,6902,6902,30,68.95,2038.7,67.95666666666666,No,0
6903,5820-PTRYM,6903,6903,6903,56,68.45,4014.0,71.67857142857143,No,0
6904,9609-BENEA,6904,6904,6904,35,69.0,2441.7,69.76285714285714,No,0
6905,6211-WHMYA,6905,6905,6905,64,43.85,2751.0,42.984375,No,0
6906,4459-BBGHE,6906,6906,6906,30,44.5,1307.8,43.593333333333334,No,0
6907,9945-PSVIP,6907,6907,6907,25,18.7,383.65,15.345999999999998,No,0
6908,1041-RXHRA,6908,6908,6908,41,70.25,2868.05,69.95243902439024,Yes,1
6909,1750-CSKKM,6909,6909,6909,9,55.35,449.75,49.97222222222222,Yes,1
6910,9108-EJFJP,6910,6910,6910,1,53.55,53.55,53.55,No,0
6911,0530-IJVDB,6911,6911,6911,70,114.6,7882.5,112.60714285714286,No,0
6912,0508-SQWPL,6912,6912,6912,57,20.1,1087.7,19.082456140350878,No,0
6913,2215-ZAFGX,6913,6913,6913,9,85.5,791.7,87.96666666666667,No,0
6914,8213-TAZPM,6914,6914,6914,69,108.75,7493.05,108.59492753623189,No,0
6915,7142-HVGBG,6915,6915,6915,43,103.0,4414.3,102.65813953488373,Yes,1
6916,1304-SEGFY,6916,6916,6916,72,97.85,6841.3,95.01805555555556,No,0
6917,7242-EDTYC,6917,6917,6917,44,19.55,819.95,18.635227272727274,No,0
6918,2904-GGUAZ,6918,6918,6918,72,84.05,6052.25,84.05902777777777,No,0
6919,8267-ZNYVZ,6919,6919,6919,33,103.75,3361.05,101.85000000000001,Yes,1
6920,5136-GFPMB,6920,6920,6920,54,89.4,4869.5,90.17592592592592,No,0
6921,2595-KIWPV,6921,6921,6921,27,19.7,509.3,18.862962962962964,No,0
6922,5243-SAOTC,6922,6922,6922,54,79.85,4308.25,79.7824074074074,No,0
6923,9398-MMQTO,6923,6923,6923,3,74.45,221.1,73.7,No,0
6924,7619-PLRLP,6924,6924,6924,53,74.1,3833.95,72.33867924528302,No,0
6925,6457-GIRWB,6925,6925,6925,1,69.35,69.35,69.35,Yes,1
6926,6508-NJYRO,6926,6926,6926,15,18.8,294.95,19.663333333333334,No,0
6927,1450-SKCVI,6927,6927,6927,56,73.85,4092.85,73.08660714285715,Yes,1
6928,4710-NKCAW,6928,6928,6928,5,64.4,316.9,63.379999999999995,No,0
6929,5306-BVTKJ,6929,6929,6929,48,55.8,2651.2,55.23333333333333,No,0
6930,0357-NVCRI,6930,6930,6930,25,20.05,471.7,18.868,No,0
6931,5570-PTWEH,6931,6931,6931,3,75.15,216.75,72.25,Yes,1
6932,2371-KFUOG,6932,6932,6932,58,99.15,5720.95,98.63706896551724,No,0
6933,0463-ZSDNT,6933,6933,6933,10,56.75,503.25,50.325,No,0
6934,6502-MJQAE,6934,6934,6934,1,69.6,69.6,69.6,Yes,1
6935,6257-DTAYD,6935,6935,6935,71,104.15,7365.3,103.73661971830987,No,0
6936,4616-ULAOA,6936,6936,6936,65,110.8,7245.9,111.47538461538461,No,0
6937,7693-LCKZL,6937,6937,6937,5,80.15,385.0,77.0,Yes,1
6938,7746-AWNQW,6938,6938,6938,28,35.75,961.4,34.33571428571428,No,0
6939,5996-EBTKM,6939,6939,6939,67,69.9,4615.9,68.89402985074626,No,0
6940,2758-RNWXS,6940,6940,6940,35,89.2,3251.3,92.89428571428572,No,0
6941,2314-TNDJQ,6941,6941,6941,72,55.65,3880.05,53.889583333333334,No,0
6942,2405-LBMUW,6942,6942,6942,61,50.7,3088.75,50.635245901639344,No,0
6943,3454-JFUBC,6943,6943,6943,68,20.0,1396.0,20.529411764705884,No,0
6944,0032-PGELS,6944,6944,6944,1,30.5,30.5,30.5,Yes,1
6945,9039-ZVJDC,6945,6945,6945,3,19.1,53.05,17.683333333333334,No,0
6946,6797-LNAQX,6946,6946,6946,70,98.3,6859.5,97.99285714285715,Yes,1
6947,9013-AQORL,6947,6947,6947,48,45.55,2108.35,43.92395833333333,No,0
6948,2898-MRKPI,6948,6948,6948,68,101.05,6770.5,99.56617647058823,No,0
6949,2750-BJLSB,6949,6949,6949,47,103.7,4730.6,100.65106382978725,No,0
6950,3648-GZPHF,6950,6950,6950,32,36.25,1151.05,35.9703125,No,0
6951,2075-RMJIK,6951,6951,6951,5,49.4,232.55,46.510000000000005,No,0
6952,9588-YRFHY,6952,6952,6952,49,19.9,1022.6,20.869387755102043,No,0
6953,6394-MFYNG,6953,6953,6953,48,107.4,5121.3,106.69375000000001,Yes,1
6954,1564-NTYXF,6954,6954,6954,13,82.0,1127.2,86.70769230769231,Yes,1
6955,9364-YKUVW,6955,6955,6955,15,19.8,309.4,20.626666666666665,No,0
6956,5392-AKEMH,6956,6956,6956,12,45.05,523.1,43.59166666666667,No,0
6957,2451-YMUXS,6957,6957,6957,67,64.55,4250.1,63.43432835820896,No,0
6958,3914-FDRHP,6958,6958,6958,9,86.25,770.5,85.61111111111111,No,0
6959,3078-ZKNTS,6959,6959,6959,13,19.75,246.7,18.976923076923075,No,0
6960,1024-KPRBB,6960,6960,6960,38,89.1,3342.0,87.94736842105263,No,0
6961,4690-PKDQG,6961,6961,6961,42,95.55,3930.6,93.58571428571429,No,0
6962,8155-IBNHG,6962,6962,6962,24,75.4,1747.85,72.82708333333333,Yes,1
6963,0886-QGENL,6963,6963,6963,27,101.25,2754.45,102.01666666666667,Yes,1
6964,9547-ITEFG,6964,6964,6964,9,102.6,897.75,99.75,No,0
6965,1264-FUHCX,6965,6965,6965,49,56.3,2780.6,56.7469387755102,No,0
6966,7789-CRUVC,6966,6966,6966,61,94.2,5895.45,96.6467213114754,No,0
6967,6598-KELSS,6967,6967,6967,50,43.05,2208.05,44.161,No,0
6968,8739-WWKDU,6968,6968,6968,25,89.5,2196.15,87.846,Yes,1
6969,8685-WHQPW,6969,6969,6969,22,74.4,1692.6,76.93636363636364,Yes,1
6970,4745-LSPLO,6970,6970,6970,1,20.5,20.5,20.5,Yes,1
6971,8083-YTZES,6971,6971,6971,4,74.35,265.35,66.3375,Yes,1
6972,7240-FQLHE,6972,6972,6972,18,99.75,1836.25,102.01388888888889,Yes,1
6973,6664-FPDAC,6973,6973,6973,56,111.95,6418.9,114.62321428571428,Yes,1
6974,9972-VAFJJ,6974,6974,6974,53,94.0,4871.45,91.91415094339622,No,0
6975,0422-UXFAP,6975,6975,6975,51,98.85,4947.55,97.0107843137255,No,0
6976,1904-WAJAA,6976,6976,6976,24,64.35,1558.65,64.94375000000001,No,0
6977,5130-YPIRV,6977,6977,6977,62,72.0,4284.2,69.1,No,0
6978,2843-CQMEG,6978,6978,6978,24,49.7,1218.25,50.760416666666664,No,0
6979,6439-PKTRR,6979,6979,6979,70,80.7,5617.95,80.25642857142857,No,0
6980,5351-QESIO,6980,6980,6980,1,24.2,24.2,24.2,No,0
6981,0786-VSSUD,6981,6981,6981,16,39.0,679.85,42.490625,Yes,1
6982,5568-DMXZS,6982,6982,6982,8,65.45,554.45,69.30625,No,0
6983,8468-FZTOE,6983,6983,6983,72,74.35,5237.4,72.74166666666666,No,0
6984,6633-SYEUS,6984,6984,6984,23,83.2,2032.3,88.36086956521739,No,0
6985,6447-GORXK,6985,6985,6985,31,25.0,789.2,25.458064516129035,No,0
6986,6967-PEJLL,6986,6986,6986,37,40.2,1525.35,41.225675675675674,No,0
6987,3976-BWUCK,6987,6987,6987,30,94.1,2804.45,93.48166666666665,Yes,1
6988,5981-ZVXOT,6988,6988,6988,35,108.35,3726.15,106.46142857142857,No,0
6989,1684-FLBGS,6989,6989,6989,23,69.5,1652.1,71.83043478260869,No,0
6990,1389-WNUIB,6990,6990,6990,20,76.0,1588.75,79.4375,No,0
6991,0376-OIWME,6991,6991,6991,36,93.6,3366.05,93.5013888888889,No,0
6992,3585-ISXZP,6992,6992,6992,8,95.65,778.1,97.2625,Yes,1
6993,0218-QNVAS,6993,6993,6993,71,100.55,7113.75,100.19366197183099,No,0
6994,6583-QGCSI,6994,6994,6994,50,88.05,4367.35,87.34700000000001,Yes,1
6995,0804-YGEQV,6995,6995,6995,43,24.45,993.15,23.096511627906978,No,0
6996,7164-BPTUT,6996,6996,6996,57,89.55,5012.35,87.93596491228071,No,0
6997,4174-LPGTI,6997,6997,6997,41,66.5,2728.6,66.55121951219512,Yes,1
6998,2523-EWWZL,6998,6998,6998,27,76.1,2093.4,77.53333333333333,No,0
6999,0928-XUTSN,6999,6999,6999,13,80.5,1011.8,77.83076923076922,No,0
7000,2108-XWMPY,7000,7000,7000,3,35.45,106.85,35.61666666666667,Yes,1
7001,0052-YNYOT,7001,7001,7001,67,20.55,1343.4,20.050746268656717,No,0
7002,6304-IJFSQ,7002,7002,7002,3,49.9,130.1,43.36666666666667,Yes,1
7003,9586-JGQKH,7003,7003,7003,64,105.4,6794.75,106.16796875,No,0
7004,4501-VCPFK,7004,7004,7004,26,35.75,1022.5,39.32692307692308,No,0
7005,6075-SLNIL,7005,7005,7005,38,95.1,3691.2,97.13684210526316,No,0
7006,9347-AERRL,7006,7006,7006,23,19.3,486.2,21.139130434782608,No,0
7007,0093-XWZFY,7007,7007,7007,40,104.5,4036.85,100.92125,Yes,1
7008,2274-XUATA,7008,7008,7008,72,63.1,4685.55,65.07708333333333,No,0
7009,1980-KXVPM,7009,7009,7009,3,75.05,256.25,85.41666666666667,Yes,1
7010,7703-ZEKEF,7010,7010,7010,23,81.0,1917.1,83.35217391304347,Yes,1
7011,0723-DRCLG,7011,7011,7011,1,74.45,74.45,74.45,Yes,1
7012,5482-NUPNA,7012,7012,7012,4,60.4,272.15,68.0375,Yes,1
7013,6691-CCIHA,7013,7013,7013,62,84.95,5150.55,83.0733870967742,No,0
7014,1685-BQULA,7014,7014,7014,40,93.4,3756.4,93.91,No,0
7015,9053-EJUNL,7015,7015,7015,41,89.2,3645.75,88.92073170731707,No,0
7016,0666-UXTJO,7016,7016,7016,34,85.2,2874.45,84.54264705882352,No,0
7017,1471-GIQKQ,7017,7017,7017,1,49.95,49.95,49.95,No,0
7018,4807-IZYOZ,7018,7018,7018,51,20.65,1020.75,20.014705882352942,No,0
7019,1122-JWTJW,7019,7019,7019,1,70.65,70.65,70.65,Yes,1
7020,9710-NJERN,7020,7020,7020,39,20.15,826.0,21.17948717948718,No,0
7021,9837-FWLCH,7021,7021,7021,12,19.2,239.0,19.916666666666668,No,0
7022,1699-HPSBG,7022,7022,7022,12,59.8,727.8,60.65,Yes,1
7023,7203-OYKCT,7023,7023,7023,72,104.95,7544.3,104.78194444444445,No,0
7024,1035-IPQPU,7024,7024,7024,63,103.5,6479.4,102.84761904761905,No,0
7025,7398-LXGYX,7025,7025,7025,44,84.8,3626.35,82.41704545454546,No,0
7026,2823-LKABH,7026,7026,7026,18,95.05,1679.4,93.30000000000001,No,0
7027,8775-CEBBJ,7027,7027,7027,9,44.2,403.35,44.81666666666667,Yes,1
7028,0550-DCXLH,7028,7028,7028,13,73.35,931.55,71.6576923076923,No,0
7029,9281-CEDRU,7029,7029,7029,68,64.1,4326.25,63.62132352941177,No,0
7030,2235-DWLJU,7030,7030,7030,6,44.4,263.05,43.84166666666667,No,0
7031,0871-OPBXW,7031,7031,7031,2,20.05,39.25,19.625,No,0
7032,3605-JISKB,7032,7032,7032,55,60.0,3316.1,60.29272727272727,No,0
7033,6894-LFHLY,7033,7033,7033,1,75.75,75.75,75.75,Yes,1
7034,9767-FFLEM,7034,7034,7034,38,69.5,2625.25,69.08552631578948,No,0
7035,0639-TSIQW,7035,7035,7035,67,102.95,6886.25,102.77985074626865,Yes,1
7036,8456-QDAVC,7036,7036,7036,19,78.7,1495.1,78.68947368421053,No,0
7037,7750-EYXWZ,7037,7037,7037,12,60.65,743.3,61.94166666666666,No,0
7038,2569-WGERO,7038,7038,7038,72,21.15,1419.4,19.71388888888889,No,0
7039,6840-RESVB,7039,7039,7039,24,84.8,1990.5,82.9375,No,0
7040,2234-XADUH,7040,7040,7040,72,103.2,7362.9,102.26249999999999,No,0
7041,4801-JZAZL,7041,7041,7041,11,29.6,346.45,31.495454545454546,No,0
7042,8361-LTMKD,7042,7042,7042,4,74.4,306.6,76.65,Yes,1
7043,3186-AJIEK,7043,7043,7043,66,105.65,6844.5,103.70454545454545,No,0
